track,meeting_date,race_number,race_name,distance,race_class,prize_money,starters,is_resulted,number,barrier,weight,jockey_weight,horse,age,sex,sire,dam,jockey,trainer,career_runs,career_wins,career_seconds,career_thirds,career_winrate,win_pct,place_pct,roi,trainer_jockey_win,days_since_last_run,last_run_finish,last_run_sp,avgL200,avgL400,avgL600,avgL800,avgRT,form_letters,has_blinkers,best_win_odds,n_flucs,fluc_open,fluc_last,finish_position,won
Ffos Las,2026-09-27,1,Alex And Salvo Welcome You To The Bridge Handicap,1207.0,"3YO+, Class 6, Handicap, Class 6, Handicap",13359.0,12.0,True,1.0,4.0,61.25,,The Bear Of Saints,4.0,Gelding,Yafta,Aalsmeer,William Carson,J G M O'Shea,7,0,1,1,0.0,0.0,29.0,-100.0,9.0,33.0,7.0,29.0,,,,,,,False,11.0,45,11.0,9.5,3.0,0.0
Ffos Las,2026-09-27,1,Alex And Salvo Welcome You To The Bridge Handicap,1207.0,"3YO+, Class 6, Handicap, Class 6, Handicap",13359.0,12.0,True,2.0,6.0,60.75,,Up The Anti,4.0,Filly,Holy Roman Emperor,Katiywa,Myla Coppins,A W Carroll,22,3,2,1,0.13636363636363635,14.0,27.0,176.0,20.0,25.0,9.0,5.0,,,,,,dson,False,8.5,32,12.0,8.0,2.0,0.0
Ffos Las,2026-09-27,1,Alex And Salvo Welcome You To The Bridge Handicap,1207.0,"3YO+, Class 6, Handicap, Class 6, Handicap",13359.0,12.0,True,3.0,9.0,60.75,,Sub Thirteen,5.0,Gelding,Territories,So Refined,Callum Hutchinson,J Scott,32,4,3,4,0.125,13.0,34.0,-27.0,0.0,14.0,3.0,8.0,,,,,,dsn,False,3.5,39,2.2,3.2,4.0,0.0
Ffos Las,2026-09-27,1,Alex And Salvo Welcome You To The Bridge Handicap,1207.0,"3YO+, Class 6, Handicap, Class 6, Handicap",13359.0,12.0,True,4.0,8.0,60.25,,Macarone,5.0,Gelding,Havana Grey,Multi Quest,Ben Ffrench-davis,G Harris,32,6,3,1,0.1875,19.0,31.0,-9.0,22.0,15.0,1.0,7.0,,,,,,tcdn,False,4.0,50,2.8,3.6,1.0,1.0
Ffos Las,2026-09-27,1,Alex And Salvo Welcome You To The Bridge Handicap,1207.0,"3YO+, Class 6, Handicap, Class 6, Handicap",13359.0,12.0,True,5.0,1.0,58.5,,Shush A Minute,3.0,Filly,Mayson,Jeany,Paddy Bradley,J Ryan,4,0,0,0,0.0,0.0,0.0,-100.0,0.0,305.0,5.0,21.0,,,,,,,False,11.0,22,7.0,8.0,9.0,0.0
Ffos Las,2026-09-27,1,Alex And Salvo Welcome You To The Bridge Handicap,1207.0,"3YO+, Class 6, Handicap, Class 6, Handicap",13359.0,12.0,True,6.0,3.0,58.5,,Great Success,3.0,Gelding,Iffraaj,Beautiful News,K T O'Neill,S Dixon,10,0,0,1,0.0,0.0,10.0,-100.0,9.0,27.0,11.0,26.0,,,,,,o,False,21.0,27,34.0,20.0,,
Ffos Las,2026-09-27,1,Alex And Salvo Welcome You To The Bridge Handicap,1207.0,"3YO+, Class 6, Handicap, Class 6, Handicap",13359.0,12.0,True,7.0,7.0,57.25,,Blue Point Express,4.0,Filly,Blue Point,Miss Fay,Finley Marsh,A Wintle,17,1,0,2,0.058823529411764705,6.0,18.0,-71.0,12.0,27.0,3.0,17.0,,,,,,sn,False,5.5,24,5.0,5.0,7.0,0.0
Ffos Las,2026-09-27,1,Alex And Salvo Welcome You To The Bridge Handicap,1207.0,"3YO+, Class 6, Handicap, Class 6, Handicap",13359.0,12.0,True,8.0,11.0,57.25,,Pacific Prince,5.0,Gelding,Australia,Vasilia,Laura Coughlan,J Bennett,11,0,0,0,0.0,0.0,0.0,-100.0,2.0,20.0,8.0,51.0,,,,,,,False,51.0,22,34.0,34.0,5.0,0.0
Ffos Las,2026-09-27,1,Alex And Salvo Welcome You To The Bridge Handicap,1207.0,"3YO+, Class 6, Handicap, Class 6, Handicap",13359.0,12.0,True,9.0,10.0,57.25,,Lochaber,5.0,Gelding,Havana Grey,Yolo Star,K T O'Neill,S Dixon,29,1,3,0,0.034482758620689655,3.0,14.0,-95.0,9.0,14.0,13.0,41.0,,,,,,on,False,71.0,21,41.0,51.0,11.0,0.0
Ffos Las,2026-09-27,1,Alex And Salvo Welcome You To The Bridge Handicap,1207.0,"3YO+, Class 6, Handicap, Class 6, Handicap",13359.0,12.0,True,10.0,12.0,56.25,,Savvi Row,3.0,Gelding,Tasleet,Kindia,Tyler Heard,B R Millman,5,0,0,0,0.0,0.0,0.0,-100.0,0.0,15.0,14.0,41.0,,,,,,o,False,51.0,29,41.0,34.0,10.0,0.0
Ffos Las,2026-09-27,1,Alex And Salvo Welcome You To The Bridge Handicap,1207.0,"3YO+, Class 6, Handicap, Class 6, Handicap",13359.0,12.0,True,11.0,5.0,56.25,,Music And Song,3.0,Filly,Space Blues,Music And Dance,David Probert,D Flood,11,0,0,0,0.0,0.0,0.0,-100.0,9.0,4.0,6.0,81.0,,,,,,(D/A),False,9.5,44,15.0,8.5,6.0,0.0
Ffos Las,2026-09-27,1,Alex And Salvo Welcome You To The Bridge Handicap,1207.0,"3YO+, Class 6, Handicap, Class 6, Handicap",13359.0,12.0,True,12.0,2.0,56.25,,Miss Gold,3.0,Filly,Havana Gold,Mrs Ivy,Benoit D L Sayette,D Flood,5,0,0,0,0.0,0.0,0.0,-100.0,0.0,45.0,8.0,201.0,,,,,,,False,251.0,29,61.0,101.0,8.0,0.0
Curragh,2026-09-27,1,Army Equitation Centenary Irish European Breeders Fund Maiden,1408.0,"2YO, Maiden",35689.0,16.0,True,1.0,3.0,60.25,,Activity,2.0,Gelding,Gleneagles,Punakha,Nathan Crosse,J Harrington,1,0,0,0,0.0,0.0,0.0,-100.0,7.0,51.0,8.0,15.0,,,,,,,False,101.0,23,34.0,41.0,6.0,0.0
Curragh,2026-09-27,1,Army Equitation Centenary Irish European Breeders Fund Maiden,1408.0,"2YO, Maiden",35689.0,16.0,True,2.0,10.0,60.25,,Ah Sure Look,2.0,Gelding,Saxon Warrior,Minnie Haha,J M Sheridan,M Hassett,0,0,0,0,,0.0,0.0,0.0,0.0,,,,,,,,,,False,101.0,22,61.0,51.0,10.0,0.0
Curragh,2026-09-27,1,Army Equitation Centenary Irish European Breeders Fund Maiden,1408.0,"2YO, Maiden",35689.0,16.0,True,3.0,9.0,60.25,,Golden Idol,2.0,Colt,No Nay Never,Jeremy's Legacy,Billy Lee,H De Bromhead,0,0,0,0,,0.0,0.0,0.0,15.0,,,,,,,,,,False,10.0,32,8.0,8.0,3.0,0.0
Curragh,2026-09-27,1,Army Equitation Centenary Irish European Breeders Fund Maiden,1408.0,"2YO, Maiden",35689.0,16.0,True,4.0,15.0,60.25,,Hmas Perth,2.0,Colt,Justify,Stars At Night,Wayne Lordan,A P O'Brien,2,0,1,1,0.0,0.0,100.0,-100.0,16.0,15.0,2.0,5.0,,,,,,,False,1.95,11,2.0,1.7,,
Curragh,2026-09-27,1,Army Equitation Centenary Irish European Breeders Fund Maiden,1408.0,"2YO, Maiden",35689.0,16.0,True,5.0,5.0,60.25,,Johntom,2.0,Gelding,Cracksman,Caprella,Gary Carroll,G P Cromwell,1,0,0,0,0.0,0.0,0.0,-100.0,9.0,10.0,8.0,34.0,,,,,,,False,201.0,23,51.0,71.0,12.0,0.0
Curragh,2026-09-27,1,Army Equitation Centenary Irish European Breeders Fund Maiden,1408.0,"2YO, Maiden",35689.0,16.0,True,6.0,1.0,60.25,,Maximilien Luce,2.0,Colt,St Mark's Basilica,Sweet Molly Malone,Wayne Lordan,A P O'Brien,0,0,0,0,,0.0,0.0,0.0,16.0,,,,,,,,,,False,7.5,38,13.0,5.0,11.0,0.0
Curragh,2026-09-27,1,Army Equitation Centenary Irish European Breeders Fund Maiden,1408.0,"2YO, Maiden",35689.0,16.0,True,7.0,13.0,60.25,,Muscogee Nation,2.0,Colt,Golden Pal,Tulsa,Colin Keane,M O'Callaghan,1,0,0,0,0.0,0.0,0.0,-100.0,22.0,66.0,7.0,5.5,,,,,,,False,11.0,14,13.0,9.5,,
Curragh,2026-09-27,1,Army Equitation Centenary Irish European Breeders Fund Maiden,1408.0,"2YO, Maiden",35689.0,16.0,True,8.0,16.0,60.25,,Normanton,2.0,Gelding,Ghaiyyath,Allez Sophia,Luke McAteer,D Marnane,0,0,0,0,,0.0,0.0,0.0,12.0,,,,,,,,,,False,16.0,24,26.0,12.0,4.0,0.0
Curragh,2026-09-27,1,Army Equitation Centenary Irish European Breeders Fund Maiden,1408.0,"2YO, Maiden",35689.0,16.0,True,9.0,11.0,60.25,,One Flash,2.0,Colt,Mehmas,Taawfan,Wesley Joyce,A Sexton,0,0,0,0,,0.0,0.0,0.0,0.0,,,,,,,,,,False,61.0,37,101.0,41.0,8.0,0.0
Curragh,2026-09-27,1,Army Equitation Centenary Irish European Breeders Fund Maiden,1408.0,"2YO, Maiden",35689.0,16.0,True,10.0,14.0,60.25,,Overhead Drive,2.0,Colt,Ghaiyyath,Parisienne Ways,Seamie Heffernan,J J Murphy,0,0,0,0,,0.0,0.0,0.0,7.0,,,,,,,,,,False,18.0,27,51.0,13.0,2.0,0.0
Curragh,2026-09-27,1,Army Equitation Centenary Irish European Breeders Fund Maiden,1408.0,"2YO, Maiden",35689.0,16.0,True,11.0,6.0,60.25,,Raging Bull,2.0,Colt,Wootton Bassett,Way To My Heart,R L Moore,A P O'Brien,1,0,0,0,0.0,0.0,0.0,-100.0,27.0,49.0,7.0,19.0,,,,,,,False,1.5,38,3.0,1.32,1.0,1.0
Curragh,2026-09-27,1,Army Equitation Centenary Irish European Breeders Fund Maiden,1408.0,"2YO, Maiden",35689.0,16.0,True,12.0,2.0,60.25,,Silk Twist,2.0,Colt,Churchill,Black Silk,Scott McCullagh,T Mullins,1,0,0,0,0.0,0.0,0.0,-100.0,0.0,10.0,13.0,26.0,,,,,,o,False,301.0,29,151.0,126.0,7.0,0.0
Curragh,2026-09-27,1,Army Equitation Centenary Irish European Breeders Fund Maiden,1408.0,"2YO, Maiden",35689.0,16.0,True,13.0,7.0,60.25,,Soho Dragon,2.0,Colt,Showcasing,Dansky,D W O'connor,J J Murphy,0,0,0,0,,0.0,0.0,0.0,0.0,,,,,,,,,,False,151.0,28,61.0,91.0,13.0,0.0
Curragh,2026-09-27,1,Army Equitation Centenary Irish European Breeders Fund Maiden,1408.0,"2YO, Maiden",35689.0,16.0,True,14.0,8.0,60.25,,Tsali,2.0,Colt,Lucky Vega,Highest Praise,Chris Hayes,Kevin Coleman,0,0,0,0,,0.0,0.0,0.0,0.0,,,,,,,,,,False,41.0,26,17.0,26.0,9.0,0.0
Curragh,2026-09-27,1,Army Equitation Centenary Irish European Breeders Fund Maiden,1408.0,"2YO, Maiden",35689.0,16.0,True,15.0,12.0,60.25,,Yellow Sky,2.0,Colt,Night Of Thunder,Hoorreya,Ben Coen,J P Murtagh,2,0,0,0,0.0,0.0,0.0,-100.0,13.0,61.0,6.0,9.5,,,,,,,False,8.5,28,13.0,6.5,5.0,0.0
Curragh,2026-09-27,1,Army Equitation Centenary Irish European Breeders Fund Maiden,1408.0,"2YO, Maiden",35689.0,16.0,True,16.0,4.0,58.0,,Alpha Betty,2.0,Filly,Nando Parrado,Alphabetique,Rory Cleary,C W J Farrell,0,0,0,0,,0.0,0.0,0.0,5.0,,,,,,,,,(D/A),False,41.0,12,101.0,27.0,,
Brighton,2026-09-28,4,Bet 20 Pound Get 40 Pound In Free Bets At Matchbook.com Handicap,1606.0,"3YO+, Class 5, Handicap, Class 5, Handicap",14848.0,10.0,False,1.0,6.0,63.5,,Marsh Benham,7.0,Gelding,Galileo Gold,Zelie Martin,Patrick Cosgrave,George Baker,61,10,6,7,0.16393442622950818,16.0,38.0,79.0,13.0,14.0,7.0,5.5,,,,,,tcdsh,False,9.5,8,7.5,9.0,,
Brighton,2026-09-28,4,Bet 20 Pound Get 40 Pound In Free Bets At Matchbook.com Handicap,1606.0,"3YO+, Class 5, Handicap, Class 5, Handicap",14848.0,10.0,False,2.0,8.0,62.25,,Newfangled,5.0,Gelding,New Bay,Dangle,Rob Hornby,J G Portman,35,7,5,6,0.2,20.0,51.0,-19.0,10.0,14.0,3.0,5.5,,,,,,tcd,False,3.2,14,3.7,3.1,,
Brighton,2026-09-28,4,Bet 20 Pound Get 40 Pound In Free Bets At Matchbook.com Handicap,1606.0,"3YO+, Class 5, Handicap, Class 5, Handicap",14848.0,10.0,False,3.0,10.0,61.75,,Dion Baker,7.0,Gelding,Ribchester,Tiga Tuan,Darragh Keenan,M Wigham,74,9,12,7,0.12162162162162163,12.0,38.0,-51.0,18.0,26.0,4.0,6.0,,,,,,ts,False,15.0,8,10.0,12.0,,
Brighton,2026-09-28,4,Bet 20 Pound Get 40 Pound In Free Bets At Matchbook.com Handicap,1606.0,"3YO+, Class 5, Handicap, Class 5, Handicap",14848.0,10.0,False,4.0,4.0,61.25,,Danehill Star,5.0,Gelding,Ten Sovereigns,Rockshine,Rossa Ryan,A W Carroll,45,8,7,7,0.17777777777777778,18.0,49.0,48.0,18.0,15.0,1.0,9.0,,,,,,tcd,False,4.5,8,3.9,4.2,,
Brighton,2026-09-28,4,Bet 20 Pound Get 40 Pound In Free Bets At Matchbook.com Handicap,1606.0,"3YO+, Class 5, Handicap, Class 5, Handicap",14848.0,10.0,False,5.0,1.0,60.75,,On The Inlet,3.0,Gelding,New Bay,Sound Of Guns,Kieran Shoemark,Dr R Newland,10,2,0,2,0.2,20.0,40.0,-28.0,8.0,17.0,13.0,51.0,,,,,,do,False,11.0,14,21.0,9.0,,
Brighton,2026-09-28,4,Bet 20 Pound Get 40 Pound In Free Bets At Matchbook.com Handicap,1606.0,"3YO+, Class 5, Handicap, Class 5, Handicap",14848.0,10.0,False,6.0,5.0,60.75,,Gone Rogue,5.0,Gelding,Gustav Klimt,Assault On Rome,T P Queally,G & J Moore,30,5,7,1,0.16666666666666666,17.0,43.0,-31.0,11.0,30.0,6.0,6.0,,,,,,tcds,False,7.0,6,6.0,6.75,,
Brighton,2026-09-28,4,Bet 20 Pound Get 40 Pound In Free Bets At Matchbook.com Handicap,1606.0,"3YO+, Class 5, Handicap, Class 5, Handicap",14848.0,10.0,False,7.0,3.0,60.25,,Alterity,3.0,Filly,Bobby's Kitten,Alta Moda,Cieren Fallon,C Johnston,5,1,0,2,0.2,20.0,60.0,-56.0,19.0,67.0,6.0,8.5,,,,,,do,False,14.0,8,13.0,11.0,,
Brighton,2026-09-28,4,Bet 20 Pound Get 40 Pound In Free Bets At Matchbook.com Handicap,1606.0,"3YO+, Class 5, Handicap, Class 5, Handicap",14848.0,10.0,False,8.0,7.0,59.75,,Hamda's Joy,3.0,Filly,Kodi Bear,Lost Control,Jack Callan,Tom Clover,7,0,2,4,0.0,0.0,86.0,-100.0,15.0,26.0,2.0,17.0,,,,,,,False,8.5,7,7.0,8.0,,
Brighton,2026-09-28,4,Bet 20 Pound Get 40 Pound In Free Bets At Matchbook.com Handicap,1606.0,"3YO+, Class 5, Handicap, Class 5, Handicap",14848.0,10.0,False,9.0,9.0,59.75,,Darvel,8.0,Gelding,Dark Angel,Anthem Alexander,David Probert,P R Chamings,56,8,5,8,0.14285714285714285,14.0,38.0,10.0,13.0,37.0,5.0,4.33,,,,,,tcdsb,False,9.0,7,8.0,8.0,,
Brighton,2026-09-28,4,Bet 20 Pound Get 40 Pound In Free Bets At Matchbook.com Handicap,1606.0,"3YO+, Class 5, Handicap, Class 5, Handicap",14848.0,10.0,False,10.0,2.0,58.0,,Pints In Peace,3.0,Gelding,Bated Breath,Pinpointed,Finley Marsh,J & S Best,18,2,1,3,0.1111111111111111,11.0,33.0,-63.0,5.0,18.0,6.0,81.0,,,,,,,False,51.0,3,34.0,34.0,,
Epsom Downs,2026-09-27,5,Betfred 'Bet Builder' Handicap (Gbbplus Race),2027.0,"3YO+, Class 3, Handicap, Class 3, Handicap",37117.0,5.0,True,1.0,2.0,62.25,,Matins,3.0,Colt,Frankel,Sacre Caroline,Cieren Fallon,W J Haggas,2,2,0,0,1.0,100.0,100.0,77.0,23.0,44.0,1.0,1.03,,,,,,n,False,1.6,28,1.8,1.52,1.0,1.0
Epsom Downs,2026-09-27,5,Betfred 'Bet Builder' Handicap (Gbbplus Race),2027.0,"3YO+, Class 3, Handicap, Class 3, Handicap",37117.0,5.0,True,2.0,3.0,59.75,,Rajeko,4.0,Gelding,Kameko,Rajar,Hector Crouch,M L W Bell,12,2,2,0,0.16666666666666666,17.0,33.0,6.0,21.0,22.0,9.0,9.0,,,,,,n,False,18.0,19,23.0,15.0,5.0,0.0
Epsom Downs,2026-09-27,5,Betfred 'Bet Builder' Handicap (Gbbplus Race),2027.0,"3YO+, Class 3, Handicap, Class 3, Handicap",37117.0,5.0,True,3.0,4.0,58.5,,Cogitate,5.0,Gelding,Churchill,Damaniyat Girl,Charles Bishop,Eve Johnson Houghton,24,2,4,1,0.08333333333333333,8.0,29.0,-29.0,12.0,45.0,4.0,4.5,,,,,,n,False,9.0,16,5.5,7.5,4.0,0.0
Epsom Downs,2026-09-27,5,Betfred 'Bet Builder' Handicap (Gbbplus Race),2027.0,"3YO+, Class 3, Handicap, Class 3, Handicap",37117.0,5.0,True,4.0,5.0,56.75,,Echalar,4.0,Gelding,Too Darn Hot,Rocana,Billy Loughnane,Ian Williams,19,2,1,3,0.10526315789473684,11.0,32.0,-16.0,19.0,12.0,2.0,6.0,,,,,,dn,False,6.0,19,4.5,5.5,3.0,0.0
Epsom Downs,2026-09-27,5,Betfred 'Bet Builder' Handicap (Gbbplus Race),2027.0,"3YO+, Class 3, Handicap, Class 3, Handicap",37117.0,5.0,True,5.0,1.0,56.25,,Carnival Day,5.0,Gelding,Invincible Spirit,Mardie Gras,Patrick Cosgrave,J R Boyle,31,6,3,7,0.1935483870967742,19.0,52.0,-34.0,11.0,17.0,1.0,3.5,,,,,,tcdsn,False,7.0,12,5.0,6.0,2.0,0.0
Epsom Downs,2026-09-27,2,Betfred Derby 'Wild Card' Ebf Conditions Stakes (Gbb/gbbplus Race),1713.0,"2YO, Class 2, Class 2",37117.0,5.0,True,1.0,2.0,59.5,,Sword Salute,2.0,Colt,Masar,Victory Wave,Rowan Scott,C Johnston,8,3,0,2,0.375,38.0,63.0,416.0,25.0,14.0,7.0,13.0,,,,,,n,False,14.0,42,5.0,12.0,2.0,0.0
Epsom Downs,2026-09-27,2,Betfred Derby 'Wild Card' Ebf Conditions Stakes (Gbb/gbbplus Race),1713.0,"2YO, Class 2, Class 2",37117.0,5.0,True,2.0,4.0,58.5,,Al Wathba,2.0,Colt,Wootton Bassett,Hidden Breeze,Billy Loughnane,C Appleby,4,1,2,0,0.25,25.0,75.0,-61.0,41.0,17.0,4.0,2.75,,,,,,bn,False,4.5,32,3.9,4.0,3.0,0.0
Epsom Downs,2026-09-27,2,Betfred Derby 'Wild Card' Ebf Conditions Stakes (Gbb/gbbplus Race),1713.0,"2YO, Class 2, Class 2",37117.0,5.0,True,3.0,3.0,58.5,,Bincimbal,2.0,Colt,Too Darn Hot,Silk Romance,Lewis Edmunds,Harry Charlton,5,3,0,1,0.6,60.0,80.0,485.0,17.0,31.0,1.0,3.25,,,,,,tn,False,19.0,29,7.0,15.0,5.0,0.0
Epsom Downs,2026-09-27,2,Betfred Derby 'Wild Card' Ebf Conditions Stakes (Gbb/gbbplus Race),1713.0,"2YO, Class 2, Class 2",37117.0,5.0,True,4.0,1.0,58.5,,Quite Cheeky,2.0,Colt,Teofilo,Examinee,Cieren Fallon,W J Haggas,2,2,0,0,1.0,100.0,100.0,700.0,23.0,17.0,1.0,8.0,,,,,,tsn,False,4.5,25,3.9,4.2,1.0,1.0
Epsom Downs,2026-09-27,2,Betfred Derby 'Wild Card' Ebf Conditions Stakes (Gbb/gbbplus Race),1713.0,"2YO, Class 2, Class 2",37117.0,5.0,True,5.0,5.0,58.5,,Rose Moon,2.0,Colt,Sea The Moon,Rosenart,Rossa Ryan,R M Beckett,1,1,0,0,1.0,100.0,100.0,250.0,21.0,24.0,1.0,3.5,,,,,,n,False,1.9,42,2.9,1.8,4.0,0.0
Epsom Downs,2026-09-27,7,Betfred 'Follow Us On X' Handicap,1411.0,"3YO+, Class 4, Handicap, Class 4, Handicap",24126.0,10.0,True,1.0,1.0,63.5,,Musical Angel,4.0,Filly,Dark Angel,Gift Of Music,Harry Davies,S Dow,20,3,4,5,0.15,15.0,60.0,-8.0,13.0,17.0,2.0,11.0,,,,,,tcdsn,False,4.8,29,3.1,4.2,8.0,0.0
Epsom Downs,2026-09-27,7,Betfred 'Follow Us On X' Handicap,1411.0,"3YO+, Class 4, Handicap, Class 4, Handicap",24126.0,10.0,True,2.0,3.0,63.0,,Bridget's View,4.0,Filly,Sergei Prokofiev,Samasana,Rossa Ryan,S C Williams,13,2,1,0,0.15384615384615385,15.0,23.0,-6.0,15.0,31.0,5.0,11.0,,,,,,dn,False,12.0,13,8.0,9.5,4.0,0.0
Epsom Downs,2026-09-27,7,Betfred 'Follow Us On X' Handicap,1411.0,"3YO+, Class 4, Handicap, Class 4, Handicap",24126.0,10.0,True,3.0,9.0,61.75,,Wreck It Ryley,6.0,Gelding,Gutaifan,Bucks Frizz,Hector Crouch,A D Brown,53,6,8,8,0.11320754716981132,11.0,42.0,-34.0,100.0,22.0,11.0,34.0,,,,,,dson,False,10.0,18,23.0,8.5,7.0,0.0
Epsom Downs,2026-09-27,7,Betfred 'Follow Us On X' Handicap,1411.0,"3YO+, Class 4, Handicap, Class 4, Handicap",24126.0,10.0,True,4.0,5.0,61.75,,Silver Trumpet,5.0,Gelding,Advertise,Cherubic,Charles Bishop,Eve Johnson Houghton,37,7,6,3,0.1891891891891892,19.0,43.0,-6.0,12.0,17.0,5.0,4.0,,,,,,tcdn,False,5.0,35,5.0,4.8,2.0,0.0
Epsom Downs,2026-09-27,7,Betfred 'Follow Us On X' Handicap,1411.0,"3YO+, Class 4, Handicap, Class 4, Handicap",24126.0,10.0,True,5.0,10.0,60.25,,Velvet Rhythm,3.0,Filly,Awtaad,Tea Dancing,Rowan Scott,C Johnston,15,4,0,5,0.26666666666666666,27.0,60.0,75.0,25.0,8.0,3.0,8.5,,,,,,dsn,False,7.5,23,3.7,6.5,5.0,0.0
Epsom Downs,2026-09-27,7,Betfred 'Follow Us On X' Handicap,1411.0,"3YO+, Class 4, Handicap, Class 4, Handicap",24126.0,10.0,True,6.0,8.0,59.75,,Havana Smile,3.0,Gelding,Havana Grey,Abundant Moon,Toby Moore,G & J Moore,10,1,1,1,0.1,10.0,30.0,50.0,0.0,16.0,3.0,7.5,,,,,,n,False,8.5,21,8.0,6.75,3.0,0.0
Epsom Downs,2026-09-27,7,Betfred 'Follow Us On X' Handicap,1411.0,"3YO+, Class 4, Handicap, Class 4, Handicap",24126.0,10.0,True,7.0,6.0,59.5,,Eazy On The Eye,4.0,Filly,Expert Eye,Yaa Mous,George Wood,H Main,21,2,3,2,0.09523809523809523,10.0,33.0,233.0,9.0,23.0,7.0,8.0,,,,,,n,False,4.5,21,7.0,4.2,1.0,1.0
Epsom Downs,2026-09-27,7,Betfred 'Follow Us On X' Handicap,1411.0,"3YO+, Class 4, Handicap, Class 4, Handicap",24126.0,10.0,True,8.0,7.0,58.0,,Fresh Fade,3.0,Gelding,Cotai Glory,Julienne,Kieren Fox,M J Attwater,17,1,1,3,0.058823529411764705,6.0,29.0,-75.0,6.0,27.0,5.0,19.0,,,,,,n,False,29.0,23,19.0,23.0,6.0,0.0
Epsom Downs,2026-09-27,7,Betfred 'Follow Us On X' Handicap,1411.0,"3YO+, Class 4, Handicap, Class 4, Handicap",24126.0,10.0,True,9.0,4.0,56.75,,Our Guy,3.0,Gelding,Zoustar,Felissa,George Bass,D J Coakley,5,1,0,0,0.2,20.0,20.0,580.0,11.0,86.0,9.0,19.0,,,,,,n,False,101.0,32,29.0,71.0,10.0,0.0
Epsom Downs,2026-09-27,7,Betfred 'Follow Us On X' Handicap,1411.0,"3YO+, Class 4, Handicap, Class 4, Handicap",24126.0,10.0,True,10.0,2.0,55.75,,Middleton View,4.0,Gelding,Bated Breath,Tested,S M Levey,S C Williams,13,1,1,0,0.07692307692307693,8.0,15.0,-62.0,13.0,10.0,8.0,34.0,,,,,,n,False,26.0,21,19.0,17.0,9.0,0.0
Epsom Downs,2026-09-27,4,Betfred 'Nifty 50' Jump Jockeys Derby Handicap (Professional Jump Jockeys) (Gbbplus Race),2420.0,"4YO+, Class 4, Handicap, Class 4, Handicap",37117.0,13.0,True,1.0,10.0,74.75,,Marnier,4.0,Gelding,Saxon Warrior,Manzanilla,Caoilin Quinn,G & J Moore,13,2,3,2,0.15384615384615385,15.0,54.0,-53.0,18.0,28.0,6.0,21.0,,,,,,dn,False,10.0,24,11.0,9.0,11.0,0.0
Epsom Downs,2026-09-27,4,Betfred 'Nifty 50' Jump Jockeys Derby Handicap (Professional Jump Jockeys) (Gbbplus Race),2420.0,"4YO+, Class 4, Handicap, Class 4, Handicap",37117.0,13.0,True,2.0,8.0,74.0,,Tiger,4.0,Gelding,Wooded,Edya,Harry Cobden,Ian Williams,14,2,2,1,0.14285714285714285,14.0,36.0,0.0,0.0,28.0,8.0,4.33,,,,,,n,False,6.0,19,7.5,5.5,12.0,0.0
Epsom Downs,2026-09-27,4,Betfred 'Nifty 50' Jump Jockeys Derby Handicap (Professional Jump Jockeys) (Gbbplus Race),2420.0,"4YO+, Class 4, Handicap, Class 4, Handicap",37117.0,13.0,True,3.0,5.0,73.5,,Gordon Grey,6.0,Gelding,Australia,Lady Aquitaine,Tom Cannon,George Baker,41,9,6,2,0.21951219512195122,22.0,41.0,-8.0,27.0,17.0,4.0,8.0,,,,,,tcdn,False,15.0,12,10.0,13.0,10.0,0.0
Epsom Downs,2026-09-27,4,Betfred 'Nifty 50' Jump Jockeys Derby Handicap (Professional Jump Jockeys) (Gbbplus Race),2420.0,"4YO+, Class 4, Handicap, Class 4, Handicap",37117.0,13.0,True,4.0,6.0,73.0,,Oneforthegutter,7.0,Gelding,Muhaarar,Rainbow Springs,C J Todd,Ian Williams,43,4,5,4,0.09302325581395349,9.0,30.0,49.0,11.0,8.0,7.0,15.0,,,,,,dsn,False,7.0,29,12.0,6.5,2.0,0.0
Epsom Downs,2026-09-27,4,Betfred 'Nifty 50' Jump Jockeys Derby Handicap (Professional Jump Jockeys) (Gbbplus Race),2420.0,"4YO+, Class 4, Handicap, Class 4, Handicap",37117.0,13.0,True,5.0,12.0,72.5,,Fox Avatar,5.0,Gelding,Frankel,Come On Leicester,Brendan Powell,R Varian,12,3,0,2,0.25,25.0,42.0,-26.0,0.0,18.0,4.0,7.5,,,,,,dn,False,8.5,17,6.5,6.5,13.0,0.0
Epsom Downs,2026-09-27,4,Betfred 'Nifty 50' Jump Jockeys Derby Handicap (Professional Jump Jockeys) (Gbbplus Race),2420.0,"4YO+, Class 4, Handicap, Class 4, Handicap",37117.0,13.0,True,6.0,2.0,71.75,,Hengest,4.0,Gelding,Night Of Thunder,Contribution,Lee Edwards,Dylan Cunha,15,3,0,2,0.2,20.0,33.0,-37.0,14.0,8.0,7.0,15.0,,,,,,n,False,26.0,50,16.0,21.0,5.0,0.0
Epsom Downs,2026-09-27,4,Betfred 'Nifty 50' Jump Jockeys Derby Handicap (Professional Jump Jockeys) (Gbbplus Race),2420.0,"4YO+, Class 4, Handicap, Class 4, Handicap",37117.0,13.0,True,7.0,3.0,71.75,,Nibras Gold,8.0,Gelding,Golden Horn,Whipped,J J Burke,James Owen,37,8,13,4,0.21621621621621623,22.0,68.0,-11.0,25.0,15.0,1.0,3.75,,,,,,dsn,False,11.0,24,5.5,10.0,6.0,0.0
Epsom Downs,2026-09-27,4,Betfred 'Nifty 50' Jump Jockeys Derby Handicap (Professional Jump Jockeys) (Gbbplus Race),2420.0,"4YO+, Class 4, Handicap, Class 4, Handicap",37117.0,13.0,True,8.0,4.0,71.25,,Flash Man,4.0,Gelding,The Grey Gatsby,Dubai Empress,K Brogan,T Lawes,19,3,3,5,0.15789473684210525,16.0,58.0,-47.0,15.0,126.0,3.0,3.2,,,,,,dsn,False,101.0,19,23.0,61.0,4.0,0.0
Epsom Downs,2026-09-27,4,Betfred 'Nifty 50' Jump Jockeys Derby Handicap (Professional Jump Jockeys) (Gbbplus Race),2420.0,"4YO+, Class 4, Handicap, Class 4, Handicap",37117.0,13.0,True,9.0,9.0,70.75,,Damascus Steel,6.0,Gelding,Mastercraftsman,Shanjia,B S Hughes,Gihan Arnolda,54,10,10,3,0.18518518518518517,19.0,43.0,76.0,0.0,15.0,6.0,6.5,,,,,,tcdsn,False,10.0,17,14.0,9.0,9.0,0.0
Epsom Downs,2026-09-27,4,Betfred 'Nifty 50' Jump Jockeys Derby Handicap (Professional Jump Jockeys) (Gbbplus Race),2420.0,"4YO+, Class 4, Handicap, Class 4, Handicap",37117.0,13.0,True,10.0,11.0,69.75,,Seeking Charles,5.0,Gelding,Olympic Glory,Marie Cuddy,James Davies,M D I Usher,13,2,2,2,0.15384615384615385,15.0,46.0,100.0,7.0,27.0,1.0,13.0,,,,,,tcdsn,False,4.2,31,4.8,3.9,7.0,0.0
Epsom Downs,2026-09-27,4,Betfred 'Nifty 50' Jump Jockeys Derby Handicap (Professional Jump Jockeys) (Gbbplus Race),2420.0,"4YO+, Class 4, Handicap, Class 4, Handicap",37117.0,13.0,True,11.0,1.0,69.75,,Taritino,6.0,Gelding,Buratino,Archange,Taylor Fisher,J Tickle,55,9,7,3,0.16363636363636364,16.0,35.0,-25.0,12.0,14.0,4.0,12.0,,,,,,dsn,False,23.0,20,9.0,19.0,8.0,0.0
Epsom Downs,2026-09-27,4,Betfred 'Nifty 50' Jump Jockeys Derby Handicap (Professional Jump Jockeys) (Gbbplus Race),2420.0,"4YO+, Class 4, Handicap, Class 4, Handicap",37117.0,13.0,True,12.0,7.0,67.5,,Zarakerjack,4.0,Gelding,Zarak,Villanelle,Freddie Mitchell,G & J Moore,13,1,3,3,0.07692307692307693,8.0,54.0,-23.0,12.0,13.0,4.0,34.0,,,,,,n,False,15.0,21,11.0,13.0,1.0,1.0
Epsom Downs,2026-09-27,4,Betfred 'Nifty 50' Jump Jockeys Derby Handicap (Professional Jump Jockeys) (Gbbplus Race),2420.0,"4YO+, Class 4, Handicap, Class 4, Handicap",37117.0,13.0,True,13.0,13.0,66.75,,Oasis Sunrise,4.0,Filly,Bated Breath,Sunrise Rose,Joe Anderson,G Harris,38,4,6,4,0.10526315789473684,11.0,37.0,-20.0,22.0,19.0,5.0,5.5,,,,,,dsn,False,51.0,17,16.0,31.0,3.0,0.0
Epsom Downs,2026-09-27,6,Betfred 'The Classic Bookmaker' Handicap,1713.0,"3YO+, Class 4, Handicap, Class 4, Handicap",22269.0,9.0,True,1.0,4.0,64.0,,Dr Strangelove,4.0,Gelding,Mohaather,Cheap Thrills,Oisin Murphy,Oliver Cole,12,2,4,1,0.16666666666666666,17.0,58.0,258.0,0.0,22.0,11.0,17.0,,,,,,on,False,13.0,8,7.5,11.0,7.0,0.0
Epsom Downs,2026-09-27,6,Betfred 'The Classic Bookmaker' Handicap,1713.0,"3YO+, Class 4, Handicap, Class 4, Handicap",22269.0,9.0,True,2.0,7.0,61.75,,Swiped,3.0,Gelding,Too Darn Hot,Give And Take,Rossa Ryan,R M Beckett,10,4,2,0,0.4,40.0,60.0,34.0,21.0,43.0,8.0,3.75,,,,,,tcdn,False,4.33,31,4.8,3.9,1.0,1.0
Epsom Downs,2026-09-27,6,Betfred 'The Classic Bookmaker' Handicap,1713.0,"3YO+, Class 4, Handicap, Class 4, Handicap",22269.0,9.0,True,3.0,8.0,61.75,,Jungle Ruler,3.0,Gelding,Lucky Vega,Lilli Milena,Jason Watson,M Appleby,10,2,1,1,0.2,20.0,40.0,128.0,13.0,22.0,7.0,12.0,,,,,,n,False,6.5,24,9.5,5.5,6.0,0.0
Epsom Downs,2026-09-27,6,Betfred 'The Classic Bookmaker' Handicap,1713.0,"3YO+, Class 4, Handicap, Class 4, Handicap",22269.0,9.0,True,4.0,2.0,60.75,,Thanos,3.0,Gelding,Lope Y Fernandez,Reedanjas,Lewis Edmunds,Harry Charlton,10,3,3,1,0.3,30.0,70.0,14.0,17.0,27.0,1.0,6.0,,,,,,sn,False,5.0,28,3.8,4.6,2.0,0.0
Epsom Downs,2026-09-27,6,Betfred 'The Classic Bookmaker' Handicap,1713.0,"3YO+, Class 4, Handicap, Class 4, Handicap",22269.0,9.0,True,5.0,3.0,60.75,,Bubbles Wonky,5.0,Gelding,Lope De Vega,Belle Josephine,Kieren Fox,M Pattinson,25,3,3,4,0.12,12.0,40.0,-29.0,0.0,28.0,3.0,4.0,,,,,,sbn,False,19.0,19,11.0,15.0,4.0,0.0
Epsom Downs,2026-09-27,6,Betfred 'The Classic Bookmaker' Handicap,1713.0,"3YO+, Class 4, Handicap, Class 4, Handicap",22269.0,9.0,True,6.0,1.0,60.75,,Crown Office,3.0,Gelding,No Nay Never,Antonia De Vega,Cieren Fallon,W J Haggas,8,1,2,0,0.125,13.0,38.0,-81.0,23.0,22.0,5.0,2.1,,,,,,sbn,False,3.5,22,3.5,3.3,5.0,0.0
Epsom Downs,2026-09-27,6,Betfred 'The Classic Bookmaker' Handicap,1713.0,"3YO+, Class 4, Handicap, Class 4, Handicap",22269.0,9.0,True,7.0,5.0,57.5,,Likeness,3.0,Filly,Blue Point,Tayybah,George Bass,J Channon,10,2,3,2,0.2,20.0,70.0,420.0,15.0,17.0,1.0,26.0,,,,,,tcdsn,False,9.0,21,7.5,8.0,3.0,0.0
Epsom Downs,2026-09-27,6,Betfred 'The Classic Bookmaker' Handicap,1713.0,"3YO+, Class 4, Handicap, Class 4, Handicap",22269.0,9.0,True,8.0,9.0,57.25,,Galileo Island,3.0,Gelding,Galileo Gold,Puffin Island,S M Levey,T Ward,14,3,2,4,0.21428571428571427,21.0,64.0,-41.0,10.0,17.0,9.0,23.0,,,,,,ton,False,34.0,11,26.0,31.0,,
Epsom Downs,2026-09-27,6,Betfred 'The Classic Bookmaker' Handicap,1713.0,"3YO+, Class 4, Handicap, Class 4, Handicap",22269.0,9.0,True,9.0,6.0,55.75,,Play Me,4.0,Gelding,Too Darn Hot,Initially,D Murphy,J R Boyle,33,5,3,9,0.15151515151515152,15.0,52.0,86.0,14.0,17.0,3.0,7.0,,,,,,tcdn,False,29.0,11,13.0,23.0,8.0,0.0
Epsom Downs,2026-09-27,1,Betfred 'Turbo Boost' Nursery,1411.0,"2YO, Class 4, Class 4",22269.0,9.0,True,1.0,9.0,61.25,,The Ginger Kid,2.0,Colt,Mehmas,Bella De Medici,Ashley Lewis,E Walker,6,1,2,0,0.16666666666666666,17.0,50.0,250.0,19.0,38.0,6.0,13.0,,,,,,n,False,3.9,36,4.2,3.1,2.0,0.0
Epsom Downs,2026-09-27,1,Betfred 'Turbo Boost' Nursery,1411.0,"2YO, Class 4, Class 4",22269.0,9.0,True,2.0,8.0,59.75,,Telegraphic,2.0,Colt,Kameko,Roubles,Billy Loughnane,C Johnston,4,1,1,0,0.25,25.0,50.0,13.0,11.0,38.0,17.0,26.0,,,,,,don,False,9.5,17,10.0,3.5,7.0,0.0
Epsom Downs,2026-09-27,1,Betfred 'Turbo Boost' Nursery,1411.0,"2YO, Class 4, Class 4",22269.0,9.0,True,3.0,5.0,59.0,,Rogue Imperial,2.0,Colt,Too Darn Hot,Celestial Queen,Rossa Ryan,A Watson,5,1,1,1,0.2,20.0,60.0,-42.0,20.0,34.0,1.0,2.88,,,,,,,False,11.0,42,6.0,8.5,1.0,1.0
Epsom Downs,2026-09-27,1,Betfred 'Turbo Boost' Nursery,1411.0,"2YO, Class 4, Class 4",22269.0,9.0,True,4.0,1.0,59.0,,Clive The Writer,2.0,Gelding,Calyx,Ruminyahui,Hector Crouch,W Muir & C Grassick,3,1,0,0,0.3333333333333333,33.0,33.0,-4.0,0.0,16.0,6.0,6.0,,,,,,dn,False,11.0,36,9.5,7.5,6.0,0.0
Epsom Downs,2026-09-27,1,Betfred 'Turbo Boost' Nursery,1411.0,"2YO, Class 4, Class 4",22269.0,9.0,True,5.0,3.0,58.0,,Give Hand,2.0,Colt,Mohaather,Montalcino,Lewis Edmunds,Harry Charlton,3,0,0,3,0.0,0.0,100.0,-100.0,17.0,17.0,3.0,8.5,,,,,,,False,3.5,28,4.4,2.7,5.0,0.0
Epsom Downs,2026-09-27,1,Betfred 'Turbo Boost' Nursery,1411.0,"2YO, Class 4, Class 4",22269.0,9.0,True,6.0,7.0,56.75,,Regal Tiger,2.0,Colt,Kingman,Tiger Eye,Oisin Murphy,H Palmer,3,0,2,0,0.0,0.0,67.0,-100.0,25.0,68.0,2.0,2.75,,,,,,b,False,5.5,30,3.1,4.4,,
Epsom Downs,2026-09-27,1,Betfred 'Turbo Boost' Nursery,1411.0,"2YO, Class 4, Class 4",22269.0,9.0,True,7.0,2.0,55.75,,Leucothea,2.0,Filly,Soldier's Call,Maine Island,S M Levey,R Hannon,7,0,3,1,0.0,0.0,57.0,-100.0,13.0,17.0,10.0,21.0,,,,,,o,False,26.0,30,20.0,19.0,3.0,0.0
Epsom Downs,2026-09-27,1,Betfred 'Turbo Boost' Nursery,1411.0,"2YO, Class 4, Class 4",22269.0,9.0,True,8.0,6.0,55.75,,Angel Of Desire,2.0,Filly,Harry Angel,Whims Of Desire,Cieren Fallon,A J Perrett,3,0,0,2,0.0,0.0,67.0,-100.0,11.0,27.0,3.0,6.5,,,,,,,False,13.0,19,9.0,10.0,4.0,0.0
Epsom Downs,2026-09-27,1,Betfred 'Turbo Boost' Nursery,1411.0,"2YO, Class 4, Class 4",22269.0,9.0,True,9.0,4.0,54.0,,Foscarini,2.0,Colt,Without Parole,Daring Destiny,Non Runner,Eve Johnson Houghton,5,0,1,0,0.0,0.0,20.0,-100.0,0.0,31.0,9.0,29.0,,,,,,,False,,0,,,,
Ffos Las,2026-09-27,3,"Bridge, Family Run And Proud Handicap",1006.0,"3YO+, Class 6, Handicap, Class 6, Handicap",13359.0,5.0,True,1.0,5.0,63.5,,Call Time,5.0,Gelding,Soldier's Call,Broken Time,Millie Wonnacott,J S Moore,31,3,6,4,0.0967741935483871,10.0,42.0,-78.0,13.0,6.0,1.0,3.0,,,,,,tdshn,False,1.45,15,2.05,1.35,1.0,1.0
Ffos Las,2026-09-27,3,"Bridge, Family Run And Proud Handicap",1006.0,"3YO+, Class 6, Handicap, Class 6, Handicap",13359.0,5.0,True,2.0,1.0,60.75,,Some Nightmare,9.0,Gelding,Dream Ahead,Isolde's Return,William Carson,J G M O'Shea,77,9,7,17,0.11688311688311688,12.0,43.0,-48.0,9.0,15.0,3.0,3.75,,,,,,tcdsn,False,4.4,35,3.6,4.0,4.0,0.0
Ffos Las,2026-09-27,3,"Bridge, Family Run And Proud Handicap",1006.0,"3YO+, Class 6, Handicap, Class 6, Handicap",13359.0,5.0,True,3.0,3.0,60.25,,Outer Edge,5.0,Gelding,Due Diligence,Edged Out,Gina Mangan,C Mason,26,2,3,1,0.07692307692307693,8.0,23.0,-40.0,18.0,14.0,4.0,4.5,,,,,,dbn,False,4.2,10,3.5,3.9,,
Ffos Las,2026-09-27,3,"Bridge, Family Run And Proud Handicap",1006.0,"3YO+, Class 6, Handicap, Class 6, Handicap",13359.0,5.0,True,4.0,4.0,59.0,,Bama Lama,8.0,Mare,Equiano,Kindia,Saffie Osborne,B R Millman,66,7,7,10,0.10606060606060606,11.0,36.0,-44.0,19.0,6.0,6.0,34.0,,,,,,tcdshn,False,7.0,21,6.0,6.0,2.0,0.0
Ffos Las,2026-09-27,3,"Bridge, Family Run And Proud Handicap",1006.0,"3YO+, Class 6, Handicap, Class 6, Handicap",13359.0,5.0,True,5.0,2.0,58.5,,Snow Day,3.0,Filly,Aclaim,Neige D'antan,Jack Doughty,A W Carroll,7,0,0,0,0.0,0.0,0.0,-100.0,13.0,27.0,9.0,81.0,,,,,,,False,51.0,21,29.0,31.0,3.0,0.0
Ffos Las,2026-09-27,6,"Bridge, For All Family Occasions Handicap (Div 1)",1609.0,"3YO+, Class 6, Handicap, Class 6, Handicap",13359.0,10.0,True,1.0,6.0,61.25,,Rosemary's Rose,4.0,Filly,Belardo,Escallonia,Saffie Osborne,B R Millman,22,2,3,5,0.09090909090909091,9.0,45.0,-60.0,19.0,28.0,5.0,4.0,,,,,,dn,False,3.3,29,5.0,3.0,2.0,0.0
Ffos Las,2026-09-27,6,"Bridge, For All Family Occasions Handicap (Div 1)",1609.0,"3YO+, Class 6, Handicap, Class 6, Handicap",13359.0,10.0,True,2.0,1.0,60.75,,Prince Ali,8.0,Gelding,Twilight Son,Desert Liaison,Zoe Lewis,T Faulkner,55,8,7,7,0.14545454545454545,15.0,40.0,110.0,12.0,27.0,1.0,11.0,,,,,,dsn,False,11.0,26,4.2,9.0,4.0,0.0
Ffos Las,2026-09-27,6,"Bridge, For All Family Occasions Handicap (Div 1)",1609.0,"3YO+, Class 6, Handicap, Class 6, Handicap",13359.0,10.0,True,3.0,10.0,60.25,,Thestral,3.0,Gelding,Dream Ahead,Vasilia,Myla Coppins,A W Carroll,8,1,1,1,0.125,13.0,38.0,13.0,20.0,54.0,5.0,15.0,,,,,,n,False,29.0,19,10.0,21.0,9.0,0.0
Ffos Las,2026-09-27,6,"Bridge, For All Family Occasions Handicap (Div 1)",1609.0,"3YO+, Class 6, Handicap, Class 6, Handicap",13359.0,10.0,True,4.0,7.0,60.25,,Homeland,4.0,Gelding,Land Force,Karen's Caper,Finley Marsh,T Faulkner,20,2,1,4,0.1,10.0,35.0,-74.0,10.0,27.0,5.0,34.0,,,,,,tn,False,6.0,19,3.8,5.0,8.0,0.0
Ffos Las,2026-09-27,6,"Bridge, For All Family Occasions Handicap (Div 1)",1609.0,"3YO+, Class 6, Handicap, Class 6, Handicap",13359.0,10.0,True,5.0,3.0,59.75,,Scarfo,5.0,Gelding,Soldier's Call,Midsummer Breeze,Charlie Tucker,B J Llewellyn,40,2,3,6,0.05,5.0,28.0,-68.0,6.0,6.0,4.0,4.5,,,,,,dn,False,6.0,22,6.0,5.25,5.0,0.0
Ffos Las,2026-09-27,6,"Bridge, For All Family Occasions Handicap (Div 1)",1609.0,"3YO+, Class 6, Handicap, Class 6, Handicap",13359.0,10.0,True,6.0,9.0,59.5,,Cosmic Girl,3.0,Filly,Wootton Bassett,Waldnah,Callum Hutchinson,A M Balding,3,0,0,1,0.0,0.0,33.0,-100.0,16.0,17.0,5.0,12.0,,,,,,,False,7.0,26,8.0,6.0,3.0,0.0
Ffos Las,2026-09-27,6,"Bridge, For All Family Occasions Handicap (Div 1)",1609.0,"3YO+, Class 6, Handicap, Class 6, Handicap",13359.0,10.0,True,7.0,5.0,59.0,,Uniter,3.0,Gelding,Oasis Dream,Regent,Rob Hornby,D J Coakley,11,0,0,2,0.0,0.0,18.0,-100.0,9.0,27.0,4.0,15.0,,,,,,,False,12.0,11,10.0,10.0,,
Ffos Las,2026-09-27,6,"Bridge, For All Family Occasions Handicap (Div 1)",1609.0,"3YO+, Class 6, Handicap, Class 6, Handicap",13359.0,10.0,True,8.0,8.0,57.5,,A Rose Adaay,4.0,Filly,Adaay,La Donacella,Ben Ffrench-davis,G Harris,14,1,0,4,0.07142857142857142,7.0,36.0,-75.0,22.0,15.0,8.0,13.0,,,,,,sn,False,17.0,24,17.0,14.0,6.0,0.0
Ffos Las,2026-09-27,6,"Bridge, For All Family Occasions Handicap (Div 1)",1609.0,"3YO+, Class 6, Handicap, Class 6, Handicap",13359.0,10.0,True,9.0,4.0,57.25,,Grand Vista,3.0,Colt,Far Above,Very Nice,Paddy Bradley,W Muir & C Grassick,9,0,0,2,0.0,0.0,22.0,-100.0,0.0,32.0,8.0,13.0,,,,,,,False,11.0,21,18.0,8.5,7.0,0.0
Ffos Las,2026-09-27,6,"Bridge, For All Family Occasions Handicap (Div 1)",1609.0,"3YO+, Class 6, Handicap, Class 6, Handicap",13359.0,10.0,True,10.0,2.0,55.75,,Pebble Dash,4.0,Gelding,Kodi Bear,Zippy Rock,K T O'Neill,B J Llewellyn,21,0,1,2,0.0,0.0,14.0,-100.0,0.0,6.0,3.0,34.0,,,,,,,False,13.0,14,11.0,10.0,1.0,1.0
Ffos Las,2026-09-27,7,"Bridge, For All Family Occasions Handicap (Div 2)",1609.0,"3YO+, Class 6, Handicap, Class 6, Handicap",13359.0,10.0,True,1.0,9.0,61.25,,Kaleidoscope Eyes,4.0,Filly,No Nay Never,Fantasy In Blue,Charlie Tucker,B J Llewellyn,26,3,4,3,0.11538461538461539,12.0,38.0,8.0,6.0,28.0,2.0,7.5,,,,,,tsn,False,5.0,23,6.5,4.6,1.0,1.0
Ffos Las,2026-09-27,7,"Bridge, For All Family Occasions Handicap (Div 2)",1609.0,"3YO+, Class 6, Handicap, Class 6, Handicap",13359.0,10.0,True,2.0,3.0,60.75,,Naval Ensign,4.0,Filly,Golden Horde,Stylos Ecossais,Ben Ffrench-davis,N S Evans,17,1,1,0,0.058823529411764705,6.0,12.0,-62.0,0.0,87.0,6.0,51.0,,,,,,,False,91.0,17,41.0,51.0,9.0,0.0
Ffos Las,2026-09-27,7,"Bridge, For All Family Occasions Handicap (Div 2)",1609.0,"3YO+, Class 6, Handicap, Class 6, Handicap",13359.0,10.0,True,3.0,2.0,60.25,,Revich,10.0,Gelding,Requinto,Kathleen Rafferty,Finley Marsh,A Wintle,79,7,4,17,0.08860759493670886,9.0,35.0,-39.0,12.0,15.0,6.0,6.0,,,,,,dsn,False,19.0,32,13.0,16.0,5.0,0.0
Ffos Las,2026-09-27,7,"Bridge, For All Family Occasions Handicap (Div 2)",1609.0,"3YO+, Class 6, Handicap, Class 6, Handicap",13359.0,10.0,True,4.0,6.0,60.25,,Benavente,8.0,Gelding,Twilight Son,Galapagar,Nicola Currie,G Brown,59,7,9,5,0.11864406779661017,12.0,36.0,-2.0,6.0,19.0,9.0,151.0,,,,,,dn,False,201.0,17,67.0,71.0,,
Ffos Las,2026-09-27,7,"Bridge, For All Family Occasions Handicap (Div 2)",1609.0,"3YO+, Class 6, Handicap, Class 6, Handicap",13359.0,10.0,True,5.0,10.0,59.75,,Desiderata,6.0,Gelding,Vadamos,Seven Even,Zoe Lewis,T Faulkner,23,3,3,3,0.13043478260869565,13.0,39.0,228.0,12.0,32.0,5.0,6.0,,,,,,n,False,12.0,15,7.5,11.0,7.0,0.0
Ffos Las,2026-09-27,7,"Bridge, For All Family Occasions Handicap (Div 2)",1609.0,"3YO+, Class 6, Handicap, Class 6, Handicap",13359.0,10.0,True,6.0,8.0,59.5,,King Of The Dance,7.0,Gelding,Havana Gold,Figurante,David Probert,B J Llewellyn,49,4,7,8,0.08163265306122448,8.0,39.0,-28.0,14.0,6.0,1.0,10.0,,,,,,tcdhn,False,7.5,24,5.0,6.5,3.0,0.0
Ffos Las,2026-09-27,7,"Bridge, For All Family Occasions Handicap (Div 2)",1609.0,"3YO+, Class 6, Handicap, Class 6, Handicap",13359.0,10.0,True,7.0,1.0,58.5,,Yoko,3.0,Filly,Saxon Warrior,Our Greta,Jack Doughty,D Loughnane,7,0,1,0,0.0,0.0,14.0,-100.0,0.0,28.0,4.0,21.0,,,,,,,False,41.0,13,9.5,26.0,6.0,0.0
Ffos Las,2026-09-27,7,"Bridge, For All Family Occasions Handicap (Div 2)",1609.0,"3YO+, Class 6, Handicap, Class 6, Handicap",13359.0,10.0,True,8.0,4.0,57.5,,Marisitta,6.0,Mare,Intello,Nessita,William Carson,J G M O'Shea,28,1,3,0,0.03571428571428571,4.0,14.0,-32.0,9.0,27.0,2.0,10.0,,,,,,n,False,61.0,18,7.5,41.0,8.0,0.0
Ffos Las,2026-09-27,7,"Bridge, For All Family Occasions Handicap (Div 2)",1609.0,"3YO+, Class 6, Handicap, Class 6, Handicap",13359.0,10.0,True,9.0,7.0,56.75,,Freedom Bay,4.0,Filly,Muhaarar,Dilgura,Callum Hutchinson,Zoe Hawkins,17,1,2,2,0.058823529411764705,6.0,29.0,100.0,20.0,15.0,2.0,5.5,,,,,,dn,False,7.5,18,9.5,6.5,4.0,0.0
Ffos Las,2026-09-27,7,"Bridge, For All Family Occasions Handicap (Div 2)",1609.0,"3YO+, Class 6, Handicap, Class 6, Handicap",13359.0,10.0,True,10.0,5.0,54.5,,Arvana Belle,3.0,Filly,Kodi Bear,Israfel,Saffie Osborne,B R Millman,15,1,3,2,0.06666666666666667,7.0,40.0,-84.0,19.0,6.0,2.0,4.0,,,,,,n,False,1.9,27,2.3,1.75,2.0,0.0
Ffos Las,2026-09-27,8,Bridge Llangennech Open Daily Amateur Jockeys' Handicap,2012.0,"3YO+, Class 6, Handicap, Class 6, Handicap",13074.0,6.0,True,1.0,5.0,72.0,,Wellwhatshappenin,4.0,Gelding,Smooth Daddy,Bird Of Light,Louise Chance,D Flood,14,1,2,1,0.07142857142857142,7.0,29.0,7.0,14.0,6.0,2.0,5.0,,,,,,n,False,3.25,22,2.1,3.1,1.0,1.0
Ffos Las,2026-09-27,8,Bridge Llangennech Open Daily Amateur Jockeys' Handicap,2012.0,"3YO+, Class 6, Handicap, Class 6, Handicap",13074.0,6.0,True,2.0,1.0,71.25,,Georg Zhukov,4.0,Gelding,Smooth Daddy,Moulane Lady,Amy Milburn,B J Llewellyn,25,1,2,1,0.04,4.0,16.0,-82.0,0.0,6.0,4.0,4.5,,,,,,n,False,4.2,28,2.8,3.7,2.0,0.0
Ffos Las,2026-09-27,8,Bridge Llangennech Open Daily Amateur Jockeys' Handicap,2012.0,"3YO+, Class 6, Handicap, Class 6, Handicap",13074.0,6.0,True,3.0,6.0,71.25,,Someone's Wish,6.0,Gelding,Buratino,Crystal Mountain,Jack Loughnane,P Morris,39,4,5,3,0.10256410256410256,10.0,31.0,-41.0,0.0,32.0,9.0,5.5,,,,,,dsn,False,12.0,33,8.5,10.0,4.0,0.0
Ffos Las,2026-09-27,8,Bridge Llangennech Open Daily Amateur Jockeys' Handicap,2012.0,"3YO+, Class 6, Handicap, Class 6, Handicap",13074.0,6.0,True,4.0,3.0,70.25,,Pride Eye,4.0,Filly,Expert Eye,Marsh Pride,Harry Rimell,M G Rimell,13,1,1,0,0.07692307692307693,8.0,15.0,415.0,0.0,7.0,5.0,6.5,,,,,,n,False,2.9,46,6.5,2.7,5.0,0.0
Ffos Las,2026-09-27,8,Bridge Llangennech Open Daily Amateur Jockeys' Handicap,2012.0,"3YO+, Class 6, Handicap, Class 6, Handicap",13074.0,6.0,True,5.0,2.0,70.25,,The Ormer Gatherer,7.0,Gelding,Outstrip,Camp Fire,James Hills,Faye Bramley,22,1,1,0,0.045454545454545456,5.0,9.0,268.0,0.0,15.0,7.0,51.0,,,,,,dn,False,8.0,35,9.5,6.0,3.0,0.0
Ffos Las,2026-09-27,8,Bridge Llangennech Open Daily Amateur Jockeys' Handicap,2012.0,"3YO+, Class 6, Handicap, Class 6, Handicap",13074.0,6.0,True,6.0,4.0,69.5,,Dash Of Class,3.0,Filly,Earthlight,Very Dashing,James Murray,Dr R Newland,11,0,1,2,0.0,0.0,27.0,-100.0,0.0,5.0,9.0,13.0,,,,,,,False,11.0,7,11.0,9.5,,
Ffos Las,2026-09-27,2,"Bridge, The Home Of The Carvery Nursery",1006.0,"2YO, Class 5, Class 5",15591.0,8.0,True,1.0,4.0,61.25,,Rhodes Runner,2.0,Filly,Minzaal,Sunniyra,Rhys Clutterbuck,R M Beckett,8,1,2,1,0.125,13.0,50.0,-25.0,27.0,8.0,1.0,6.0,,,,,,sn,False,3.25,19,2.9,3.0,1.0,1.0
Ffos Las,2026-09-27,2,"Bridge, The Home Of The Carvery Nursery",1006.0,"2YO, Class 5, Class 5",15591.0,8.0,True,2.0,5.0,60.25,,Blondie Larry,2.0,Colt,Showcasing,Isle Of May,William Carver,J A Osborne,3,0,2,0,0.0,0.0,67.0,-100.0,9.0,73.0,2.0,1.83,,,,,,b,False,8.0,20,4.8,7.0,6.0,0.0
Ffos Las,2026-09-27,2,"Bridge, The Home Of The Carvery Nursery",1006.0,"2YO, Class 5, Class 5",15591.0,8.0,True,3.0,7.0,60.25,,Knock Three Times,2.0,Filly,Supremacy,White Daffodil,Saffie Osborne,J A Osborne,6,1,2,0,0.16666666666666666,17.0,50.0,-8.0,12.0,15.0,4.0,7.0,,,,,,n,False,6.0,33,5.5,5.5,5.0,0.0
Ffos Las,2026-09-27,2,"Bridge, The Home Of The Carvery Nursery",1006.0,"2YO, Class 5, Class 5",15591.0,8.0,True,4.0,6.0,60.25,,Niewiadoma,2.0,Filly,Cotai Glory,Virginia Plane,Gina Mangan,A Watson,6,1,0,0,0.16666666666666666,17.0,17.0,17.0,22.0,12.0,4.0,6.0,,,,,,dn,False,23.0,31,11.0,18.0,8.0,0.0
Ffos Las,2026-09-27,2,"Bridge, The Home Of The Carvery Nursery",1006.0,"2YO, Class 5, Class 5",15591.0,8.0,True,5.0,8.0,59.5,,Perigord Noir,2.0,Gelding,Invincible Army,Sweet Dragon Fly,Benoit D L Sayette,George Baker,6,0,1,2,0.0,0.0,50.0,-100.0,13.0,15.0,3.0,6.0,,,,,,,False,4.5,26,5.0,4.2,3.0,0.0
Ffos Las,2026-09-27,2,"Bridge, The Home Of The Carvery Nursery",1006.0,"2YO, Class 5, Class 5",15591.0,8.0,True,6.0,1.0,58.0,,Wolf's Gallop,2.0,Gelding,Sergei Prokofiev,Sky Blue Pink,K T O'Neill,T Lacey,5,0,0,2,0.0,0.0,40.0,-100.0,0.0,44.0,8.0,6.5,,,,,,,False,11.0,17,6.5,7.5,2.0,0.0
Ffos Las,2026-09-27,2,"Bridge, The Home Of The Carvery Nursery",1006.0,"2YO, Class 5, Class 5",15591.0,8.0,True,7.0,2.0,56.75,,Naval Cop,2.0,Filly,Naval Crown,Fair Cop,Callum Hutchinson,A M Balding,5,1,0,1,0.2,20.0,40.0,140.0,16.0,15.0,3.0,9.0,,,,,,dn,False,6.0,25,5.0,5.5,7.0,0.0
Ffos Las,2026-09-27,2,"Bridge, The Home Of The Carvery Nursery",1006.0,"2YO, Class 5, Class 5",15591.0,8.0,True,8.0,3.0,51.75,,Defiant Dream,2.0,Filly,Dream Ahead,Incorrigible,Tyler Heard,M D I Usher,5,0,1,0,0.0,0.0,20.0,-100.0,9.0,9.0,11.0,67.0,,,,,,o,False,29.0,29,41.0,21.0,4.0,0.0
Ffos Las,2026-09-27,5,Celebrate In Style At The Bridge Novice Stakes (Gbb Race),1481.0,"2YO, Class 3, Class 3, Novice",22271.0,6.0,True,1.0,1.0,60.25,,Fourth Crusade,2.0,Colt,St Mark's Basilica,Balakera,Jack Gilligan,Sir Mark Prescott,2,0,0,0,0.0,0.0,0.0,-100.0,17.0,17.0,9.0,19.0,,,,,,,False,81.0,22,29.0,34.0,5.0,0.0
Ffos Las,2026-09-27,5,Celebrate In Style At The Bridge Novice Stakes (Gbb Race),1481.0,"2YO, Class 3, Class 3, Novice",22271.0,6.0,True,2.0,5.0,60.25,,Ghost Raider,2.0,Colt,Invincible Spirit,Lustown Baba,Rhys Clutterbuck,R M Beckett,2,0,1,0,0.0,0.0,50.0,-100.0,27.0,21.0,4.0,9.5,,,,,,,False,4.4,18,2.9,4.0,1.0,1.0
Ffos Las,2026-09-27,5,Celebrate In Style At The Bridge Novice Stakes (Gbb Race),1481.0,"2YO, Class 3, Class 3, Novice",22271.0,6.0,True,3.0,3.0,60.25,,Naval Empire,2.0,Colt,Naval Crown,Preobrajenska,Jack Doughty,S C Williams,0,0,0,0,,0.0,0.0,0.0,14.0,,,,,,,,,,False,16.0,30,11.0,12.0,3.0,0.0
Ffos Las,2026-09-27,5,Celebrate In Style At The Bridge Novice Stakes (Gbb Race),1481.0,"2YO, Class 3, Class 3, Novice",22271.0,6.0,True,4.0,6.0,60.25,,Romanza,2.0,Gelding,Frankel,Con Te Partiro,Non Runner,C Fellowes,5,0,1,1,0.0,0.0,40.0,-100.0,0.0,22.0,4.0,9.5,,,,,,,False,,0,,,,
Ffos Las,2026-09-27,5,Celebrate In Style At The Bridge Novice Stakes (Gbb Race),1481.0,"2YO, Class 3, Class 3, Novice",22271.0,6.0,True,5.0,2.0,60.25,,Silent Force,2.0,Colt,No Nay Never,October Queen,Callum Hutchinson,A M Balding,1,0,0,1,0.0,0.0,100.0,-100.0,16.0,43.0,3.0,9.5,,,,,,,False,1.3,27,1.5,1.24,2.0,0.0
Ffos Las,2026-09-27,5,Celebrate In Style At The Bridge Novice Stakes (Gbb Race),1481.0,"2YO, Class 3, Class 3, Novice",22271.0,6.0,True,6.0,4.0,58.0,,Time Glory,2.0,Filly,Cotai Glory,Sea True,David Probert,B J Llewellyn,5,0,1,1,0.0,0.0,40.0,-100.0,14.0,28.0,2.0,17.0,,,,,,,False,51.0,20,13.0,26.0,4.0,0.0
Curragh,2026-09-27,4,Celebrating County Kildare And Lexington Twinning Maiden,1207.0,"3YO+, Maiden",32446.0,14.0,True,1.0,14.0,61.75,,Upper West Side,5.0,Gelding,Raven's Pass,Sindjara,James Ryan,E Lynam,1,0,0,0,0.0,0.0,0.0,-100.0,9.0,0.0,18.0,201.0,,,,,,o,False,401.0,8,201.0,126.0,11.0,0.0
Curragh,2026-09-27,4,Celebrating County Kildare And Lexington Twinning Maiden,1207.0,"3YO+, Maiden",32446.0,14.0,True,2.0,1.0,60.75,,A Good Yarn,3.0,Gelding,Calyx,Music To My Ears,Wayne Lordan,A A Howard,1,0,0,0,0.0,0.0,0.0,-100.0,20.0,0.0,6.0,4.5,,,,,,,False,4.8,46,5.0,3.9,3.0,0.0
Curragh,2026-09-27,4,Celebrating County Kildare And Lexington Twinning Maiden,1207.0,"3YO+, Maiden",32446.0,14.0,True,3.0,7.0,60.75,,Port Arthur,3.0,Gelding,Australia,Vestavia,Robbie Colgan,M C Grassick,5,0,0,2,0.0,0.0,40.0,-100.0,3.0,0.0,11.0,26.0,,,,,,o,False,41.0,29,15.0,21.0,2.0,0.0
Curragh,2026-09-27,4,Celebrating County Kildare And Lexington Twinning Maiden,1207.0,"3YO+, Maiden",32446.0,14.0,True,4.0,3.0,60.75,,Spider Star,3.0,Gelding,Starman,Leala,Adam Browne-souza,D H Kelly,1,0,0,0,0.0,0.0,0.0,-100.0,0.0,0.0,14.0,151.0,,,,,,o,False,401.0,22,151.0,126.0,5.0,0.0
Curragh,2026-09-27,4,Celebrating County Kildare And Lexington Twinning Maiden,1207.0,"3YO+, Maiden",32446.0,14.0,True,5.0,11.0,60.75,,Valentino Eclipse,3.0,Colt,Gleneagles,Emirate Jewel,Seamie Heffernan,J A Stack,2,0,1,0,0.0,0.0,50.0,-100.0,13.0,0.0,4.0,1.4,,,,,,,False,1.4,26,2.25,1.08,1.0,1.0
Curragh,2026-09-27,4,Celebrating County Kildare And Lexington Twinning Maiden,1207.0,"3YO+, Maiden",32446.0,14.0,True,6.0,8.0,59.5,,Petticoat Pilot,5.0,Mare,Mehmas,Too Close,Darragh O'Sullivan,D E Finn,1,0,0,0,0.0,0.0,0.0,-100.0,0.0,792.0,-9.0,67.0,,,,,,,False,401.0,9,151.0,126.0,,
Curragh,2026-09-27,4,Celebrating County Kildare And Lexington Twinning Maiden,1207.0,"3YO+, Maiden",32446.0,14.0,True,7.0,2.0,58.5,,Caislean Ni Cuan,3.0,Filly,Mehmas,Caislean,N G McCullagh,T Mullins,5,0,0,0,0.0,0.0,0.0,-100.0,6.0,0.0,16.0,21.0,,,,,,o,False,46.0,34,51.0,21.0,4.0,0.0
Curragh,2026-09-27,4,Celebrating County Kildare And Lexington Twinning Maiden,1207.0,"3YO+, Maiden",32446.0,14.0,True,8.0,10.0,58.5,,Gaineamh Min,3.0,Filly,Profitable,A Step Too Far,Wesley Joyce,S Byrne,2,0,0,0,0.0,0.0,0.0,-100.0,0.0,0.0,7.0,126.0,,,,,,,False,351.0,23,61.0,101.0,10.0,0.0
Curragh,2026-09-27,4,Celebrating County Kildare And Lexington Twinning Maiden,1207.0,"3YO+, Maiden",32446.0,14.0,True,9.0,9.0,58.5,,Lilli's Angel,3.0,Filly,Sioux Nation,Flower Of May,Ben Coen,Daniel McLoughlin,3,0,0,0,0.0,0.0,0.0,-100.0,11.0,28.0,4.0,13.0,,,,,,,False,9.0,11,11.0,8.0,,
Curragh,2026-09-27,4,Celebrating County Kildare And Lexington Twinning Maiden,1207.0,"3YO+, Maiden",32446.0,14.0,True,10.0,5.0,58.5,,Otsana,3.0,Filly,Cotai Glory,Pivotal Era,Billy Lee,P Twomey,2,0,0,1,0.0,0.0,50.0,-100.0,27.0,22.0,3.0,3.0,,,,,,,False,3.7,8,3.0,3.0,,
Curragh,2026-09-27,4,Celebrating County Kildare And Lexington Twinning Maiden,1207.0,"3YO+, Maiden",32446.0,14.0,True,11.0,6.0,58.5,,Saga Lucia,3.0,Filly,Cotai Glory,Saga's Legacy,Reese Holohan,M O'Callaghan,4,0,0,0,0.0,0.0,0.0,-100.0,25.0,0.0,9.0,19.0,,,,,,,False,20.0,33,17.0,15.0,7.0,0.0
Curragh,2026-09-27,4,Celebrating County Kildare And Lexington Twinning Maiden,1207.0,"3YO+, Maiden",32446.0,14.0,True,12.0,13.0,58.5,,The Hidden Garden,3.0,Filly,Australia,Iveagh Gardens,Declan McDonogh,E & P Harty,0,0,0,0,,0.0,0.0,0.0,7.0,,,,,,,,,,False,31.0,33,51.0,23.0,9.0,0.0
Curragh,2026-09-27,4,Celebrating County Kildare And Lexington Twinning Maiden,1207.0,"3YO+, Maiden",32446.0,14.0,True,13.0,12.0,58.5,,Tourin,3.0,Filly,Mehmas,Tecla,Gavin Ryan,J A Stack,2,0,0,1,0.0,0.0,50.0,-100.0,7.0,0.0,6.0,10.0,,,,,,,False,12.0,29,13.0,9.0,8.0,0.0
Curragh,2026-09-27,4,Celebrating County Kildare And Lexington Twinning Maiden,1207.0,"3YO+, Maiden",32446.0,14.0,True,14.0,4.0,58.5,,Tribal Belle,3.0,Filly,Sioux Nation,Falabelle,Chris Hayes,Gerard O'Leary,1,0,0,0,0.0,0.0,0.0,-100.0,0.0,0.0,10.0,67.0,,,,,,o,False,101.0,29,51.0,61.0,6.0,0.0
Bunbury,2026-09-28,2,Chaff City - Choice Of Champions Maiden,1100.0,"3-Y-O & Up, Maiden, Set Weights",25000.0,11.0,False,1.0,5.0,58.0,52.5,Profound Benefit,6.0,Gelding,Deep Field,Ms Mazetti,Tara Atherden,Brian Kersley,21,0,2,4,0.0,0.0,29.0,-100.0,0.0,32.0,5.0,11.0,0.05,-0.61,-0.85,-0.82,0.66,,False,17.0,10,20.0,14.0,,
Bunbury,2026-09-28,2,Chaff City - Choice Of Champions Maiden,1100.0,"3-Y-O & Up, Maiden, Set Weights",25000.0,11.0,False,2.0,11.0,58.0,53.0,Findout,7.0,Gelding,So Secret,Sojourn,Jarrad Noske,Greg Carige,14,0,0,1,0.0,0.0,7.0,-100.0,5.0,11.0,9.0,151.0,0.27,-0.34,-0.27,-0.4,1.16,(HT),False,35.0,7,41.0,26.0,,
Bunbury,2026-09-28,2,Chaff City - Choice Of Champions Maiden,1100.0,"3-Y-O & Up, Maiden, Set Weights",25000.0,11.0,False,3.0,3.0,58.0,50.0,Dreamlord,4.0,Gelding,Playing God,We've Got Dreams,Madi Derrick,Phil Naylor,7,0,0,0,0.0,0.0,0.0,-100.0,0.0,18.0,12.0,101.0,0.53,0.13,0.35,0.31,1.65,o(HT),True,61.0,6,101.0,41.0,,
Bunbury,2026-09-28,2,Chaff City - Choice Of Champions Maiden,1100.0,"3-Y-O & Up, Maiden, Set Weights",25000.0,11.0,False,4.0,8.0,56.0,53.0,Our Enchantress,4.0,Mare,Safeguard,Magic And Danger,Joey Azzopardi,Jeremy Easthope,10,0,0,1,0.0,0.0,10.0,-100.0,0.0,22.0,10.0,19.0,-0.1,-0.36,-0.45,-0.52,2.02,o,False,34.0,4,34.0,23.0,,
Bunbury,2026-09-28,2,Chaff City - Choice Of Champions Maiden,1100.0,"3-Y-O & Up, Maiden, Set Weights",25000.0,11.0,False,5.0,12.0,56.0,51.5,Intimidation Time,4.0,Mare,Time To Reign,Intimate Passion,Chanel Cooper,Cammeron Ellery,4,0,0,0,0.0,0.0,0.0,-100.0,0.0,95.0,5.0,31.0,0.2,-0.07,-0.25,-0.24,1.13,,False,14.0,7,19.0,12.0,,
Bunbury,2026-09-28,2,Chaff City - Choice Of Champions Maiden,1100.0,"3-Y-O & Up, Maiden, Set Weights",25000.0,11.0,False,6.0,1.0,56.0,54.0,Latina Melody,4.0,Mare,Written By,Lopez,Holly Watson,Stephanie Bakranich,2,0,0,0,0.0,0.0,0.0,-100.0,12.0,12.0,7.0,19.0,0.17,0.34,0.38,0.15,1.46,o,True,6.5,10,8.0,5.75,,
Bunbury,2026-09-28,2,Chaff City - Choice Of Champions Maiden,1100.0,"3-Y-O & Up, Maiden, Set Weights",25000.0,11.0,False,8.0,9.0,55.5,50.0,Cartier Glow,3.0,Gelding,Russian Revolution,Cartier Love,Jefferson Tsang,Tom Wolfe,3,0,1,1,0.0,0.0,67.0,-100.0,33.0,11.0,2.0,6.0,0.46,-0.18,0.15,0.15,1.49,,True,3.3,10,4.0,2.7,,
Bunbury,2026-09-28,2,Chaff City - Choice Of Champions Maiden,1100.0,"3-Y-O & Up, Maiden, Set Weights",25000.0,11.0,False,9.0,7.0,55.5,52.0,Bold Flying,3.0,Gelding,Prague,Flying Strike,Shaun McGruddy,Rebecca Bayliss,0,0,0,0,,0.0,0.0,0.0,0.0,,,,,,,,,,False,4.4,8,6.0,3.9,,
Bunbury,2026-09-28,2,Chaff City - Choice Of Champions Maiden,1100.0,"3-Y-O & Up, Maiden, Set Weights",25000.0,11.0,False,10.0,4.0,55.5,46.0,Bondex,3.0,Gelding,Bondi,Exalted Lauretta,Tash Faithfull,Mack Hall,1,0,0,0,0.0,0.0,0.0,-100.0,2.0,12.0,11.0,81.0,0.46,0.56,0.79,1.12,1.5,o,True,41.0,8,61.0,34.0,,
Bunbury,2026-09-28,2,Chaff City - Choice Of Champions Maiden,1100.0,"3-Y-O & Up, Maiden, Set Weights",25000.0,11.0,False,11.0,2.0,53.5,53.0,My Malena,3.0,Filly,Jimmy Choux,Diamalena,Lucy Fiore,David Harrison,3,0,1,0,0.0,0.0,33.0,-100.0,14.0,18.0,5.0,8.0,0.18,-0.35,-0.16,-0.2,1.65,,False,3.3,9,4.5,2.9,,
Bunbury,2026-09-28,2,Chaff City - Choice Of Champions Maiden,1100.0,"3-Y-O & Up, Maiden, Set Weights",25000.0,11.0,False,12.0,10.0,53.5,50.0,Himalayan Express,3.0,Filly,Pinatubo,Indian Flower,Victoria Corver,Ryan Hill,2,0,0,0,0.0,0.0,0.0,-100.0,8.0,15.0,6.0,81.0,-0.13,-0.2,-0.42,-0.06,1.87,,False,31.0,5,34.0,21.0,,
Bunbury,2026-09-28,2,Chaff City - Choice Of Champions Maiden,1100.0,"3-Y-O & Up, Maiden, Set Weights",25000.0,11.0,False,7.0,6.0,56.0,51.0,Three Virgo's,4.0,Mare,Russian Camelot,To Your Health,William Pike,Grant & Alana Williams,1,0,0,0,0.0,0.0,0.0,-100.0,30.0,190.0,15.0,5.5,0.63,0.68,0.49,-0.13,2.96,o,False,2.2,7,2.35,1.95,,
Bunbury,2026-09-28,5,Chaff City Complete Horse Diet Handicap,1000.0,"3-Y-O & Up, Class 1, Handicap",30000.0,8.0,False,1.0,5.0,60.0,50.0,Bonditram,4.0,Gelding,Bondi,Therese,Jefferson Tsang,Brendon Fitz-gerald,7,1,1,2,0.14285714285714285,14.0,57.0,-50.0,16.0,12.0,3.0,8.0,-0.43,-0.97,-1.0,-1.11,0.52,(HT),False,3.5,5,3.2,3.0,,
Bunbury,2026-09-28,5,Chaff City Complete Horse Diet Handicap,1000.0,"3-Y-O & Up, Class 1, Handicap",30000.0,8.0,False,2.0,2.0,58.5,46.0,Nailed'em,4.0,Gelding,Headwater,Cowgirl Claire,Tash Faithfull,Samantha Faithfull,5,1,3,0,0.2,20.0,80.0,-24.0,13.0,204.0,6.0,6.0,0.47,0.67,1.14,1.32,1.63,,False,6.0,3,5.0,5.0,,
Bunbury,2026-09-28,5,Chaff City Complete Horse Diet Handicap,1000.0,"3-Y-O & Up, Class 1, Handicap",30000.0,8.0,False,3.0,7.0,58.0,51.0,Artie's Eclipse,4.0,Mare,Flying Artie,Saturia,Ava Catarino,David Catarino,13,1,3,1,0.07692307692307693,8.0,38.0,-31.0,7.0,33.0,9.0,21.0,0.04,-0.2,-0.01,-0.01,1.28,tcdso,False,13.0,8,14.0,10.0,,
Bunbury,2026-09-28,5,Chaff City Complete Horse Diet Handicap,1000.0,"3-Y-O & Up, Class 1, Handicap",30000.0,8.0,False,4.0,1.0,56.0,50.0,London's Rascal,4.0,Mare,Gingerbread Man,Amillionite,Victoria Corver,Ryan Hill,13,1,0,1,0.07692307692307693,8.0,15.0,15.0,8.0,75.0,10.0,15.0,0.1,-0.23,0.08,-0.08,1.61,o(D/A),True,13.0,4,11.0,9.5,,
Bunbury,2026-09-28,5,Chaff City Complete Horse Diet Handicap,1000.0,"3-Y-O & Up, Class 1, Handicap",30000.0,8.0,False,5.0,3.0,56.0,53.0,The Mighty Bell,6.0,Mare,I'm All the Talk,Karma Bell,Jarrad Noske,Brent Larsson,11,1,0,3,0.09090909090909091,9.0,36.0,-56.0,0.0,372.0,7.0,13.0,-0.31,-0.94,-1.21,-1.15,0.31,ds(HT),False,11.0,6,14.0,9.0,,
Bunbury,2026-09-28,5,Chaff City Complete Horse Diet Handicap,1000.0,"3-Y-O & Up, Class 1, Handicap",30000.0,8.0,False,6.0,8.0,55.5,49.0,London Rose,3.0,Filly,Splintex,London Miss,Jason Li,Daniel O'Connor,10,1,1,2,0.1,10.0,40.0,-50.0,0.0,15.0,1.0,5.0,-0.04,-0.07,0.3,0.1,1.24,d,False,2.1,7,1.9,1.8,,
Bunbury,2026-09-28,5,Chaff City Complete Horse Diet Handicap,1000.0,"3-Y-O & Up, Class 1, Handicap",30000.0,8.0,False,7.0,4.0,54.0,51.5,Firey Panz,7.0,Mare,Panzer Division,Burningwood,Chanel Cooper,Phil Naylor,65,1,7,12,0.015384615384615385,2.0,31.0,-97.0,0.0,25.0,6.0,16.0,-0.08,-0.53,-0.54,-0.48,0.92,(HT),False,31.0,4,26.0,23.0,,
Bunbury,2026-09-28,5,Chaff City Complete Horse Diet Handicap,1000.0,"3-Y-O & Up, Class 1, Handicap",30000.0,8.0,False,8.0,6.0,54.0,50.0,Varazze,5.0,Mare,Pierro,Undoubted Pleasure,Madi Derrick,Phil Naylor,24,1,4,5,0.041666666666666664,4.0,42.0,-33.0,0.0,15.0,8.0,41.0,0.21,-0.02,-0.12,-0.04,0.9,dho(HT),True,67.0,2,51.0,41.0,,
Down Royal,2026-09-28,2,Coors Fillies Handicap,2591.0,"3YO+, Fillies, Handicap",32446.0,10.0,False,1.0,10.0,63.5,,Ankara,4.0,Filly,Siyouni,Al Anqa,Shay Wallace,J P O'Brien,8,2,0,1,0.25,25.0,38.0,-30.0,8.0,19.0,12.0,21.0,,,,,,sho,False,18.0,6,16.0,16.0,,
Down Royal,2026-09-28,2,Coors Fillies Handicap,2591.0,"3YO+, Fillies, Handicap",32446.0,10.0,False,2.0,3.0,62.5,,Denim And Diamonds,4.0,Filly,Camelot,Lustrous,J M Sheridan,J P O'Brien,12,1,0,0,0.08333333333333333,8.0,8.0,-76.0,18.0,37.0,7.0,17.0,,,,,,n,False,14.0,5,12.0,12.0,,
Down Royal,2026-09-28,2,Coors Fillies Handicap,2591.0,"3YO+, Fillies, Handicap",32446.0,10.0,False,3.0,2.0,62.5,,Navy Waters,5.0,Mare,U S Navy Flag,Grey Waters,Billy Lee,W McCreery,16,2,2,5,0.125,13.0,56.0,-40.0,12.0,19.0,10.0,6.5,,,,,,tcdon,False,4.6,1,4.4,4.4,,
Down Royal,2026-09-28,2,Coors Fillies Handicap,2591.0,"3YO+, Fillies, Handicap",32446.0,10.0,False,4.0,6.0,62.25,,Narlita,7.0,Mare,Guiliani,Nadine,Sam Coen,H Rogers,33,2,6,6,0.06060606060606061,6.0,42.0,-74.0,0.0,7.0,13.0,26.0,,,,,,shon,False,19.0,5,20.0,17.0,,
Down Royal,2026-09-28,2,Coors Fillies Handicap,2591.0,"3YO+, Fillies, Handicap",32446.0,10.0,False,5.0,8.0,59.75,,Just Keep Flying,4.0,Filly,Justify,Visage,Keithen Kennedy,J Harrington,6,1,1,2,0.16666666666666666,17.0,67.0,67.0,9.0,107.0,3.0,12.0,,,,,,,False,10.0,4,9.0,9.5,,
Down Royal,2026-09-28,2,Coors Fillies Handicap,2591.0,"3YO+, Fillies, Handicap",32446.0,10.0,False,6.0,1.0,59.5,,Vanir,3.0,Filly,Teofilo,Shurooq,Ben Coen,J P Murtagh,5,1,1,1,0.2,20.0,60.0,-58.0,13.0,37.0,8.0,6.5,,,,,,n,False,6.75,1,6.5,6.5,,
Down Royal,2026-09-28,2,Coors Fillies Handicap,2591.0,"3YO+, Fillies, Handicap",32446.0,10.0,False,7.0,5.0,58.5,,Nellcote,3.0,Filly,Sottsass,My Generation,Declan McDonogh,J P O'Brien,3,1,1,0,0.3333333333333333,33.0,67.0,17.0,10.0,37.0,2.0,15.0,,,,,,n,False,3.8,3,3.7,3.7,,
Down Royal,2026-09-28,2,Coors Fillies Handicap,2591.0,"3YO+, Fillies, Handicap",32446.0,10.0,False,8.0,9.0,57.25,,Lady Plimsoll,4.0,Filly,Le Brivido,Miss Plimsoll,Reese Holohan,M O'Callaghan,15,1,6,2,0.06666666666666667,7.0,60.0,-78.0,21.0,11.0,2.0,4.33,,,,,,bn,False,6.5,4,8.0,4.6,,
Down Royal,2026-09-28,2,Coors Fillies Handicap,2591.0,"3YO+, Fillies, Handicap",32446.0,10.0,False,9.0,7.0,57.25,,Stellar Moment,3.0,Filly,Ulysses,In The Present,Ronan Whelan,John O'Donoghue,5,1,2,1,0.2,20.0,80.0,20.0,10.0,27.0,2.0,8.0,,,,,,sn,False,6.25,1,6.0,6.0,,
Down Royal,2026-09-28,2,Coors Fillies Handicap,2591.0,"3YO+, Fillies, Handicap",32446.0,10.0,False,10.0,4.0,55.75,,Tatum,5.0,Mare,Postponed,Double Diamond,Chris Hayes,N Meade,18,3,3,4,0.16666666666666666,17.0,56.0,-24.0,6.0,58.0,15.0,11.0,,,,,,don,False,18.0,6,14.0,17.0,,
Curragh,2026-09-27,5,Darley Fillies Stakes (Group 3),1408.0,"2YO, Fillies, Class 1, Class 1",113564.0,8.0,True,1.0,6.0,58.0,,Alpine Wedding,2.0,Filly,Sioux Nation,Wedding Dress,Billy Lee,P Twomey,5,1,0,1,0.2,20.0,40.0,-13.0,27.0,0.0,1.0,4.5,,,,,,dn,False,5.0,50,7.0,4.2,2.0,0.0
Curragh,2026-09-27,5,Darley Fillies Stakes (Group 3),1408.0,"2YO, Fillies, Class 1, Class 1",113564.0,8.0,True,2.0,8.0,58.0,,Curracloe,2.0,Filly,Baaeed,Sassy Little Lila,Ben Coen,J P Murtagh,1,1,0,0,1.0,100.0,100.0,2200.0,13.0,0.0,1.0,2.63,,,,,,dsn,False,2.62,33,2.8,2.4,1.0,1.0
Curragh,2026-09-27,5,Darley Fillies Stakes (Group 3),1408.0,"2YO, Fillies, Class 1, Class 1",113564.0,8.0,True,3.0,5.0,58.0,,Damsel In Distress,2.0,Filly,Minzaal,Shenoya,Colin Keane,Daniel McLoughlin,4,1,0,1,0.25,25.0,50.0,200.0,0.0,0.0,3.0,2.63,,,,,,n,False,2.62,50,4.5,2.5,3.0,0.0
Curragh,2026-09-27,5,Darley Fillies Stakes (Group 3),1408.0,"2YO, Fillies, Class 1, Class 1",113564.0,8.0,True,4.0,3.0,58.0,,Film Set,2.0,Filly,Siyouni,History,R L Moore,A P O'Brien,2,0,1,0,0.0,0.0,50.0,-100.0,27.0,0.0,2.0,12.0,,,,,,,False,13.0,49,7.0,10.0,5.0,0.0
Curragh,2026-09-27,5,Darley Fillies Stakes (Group 3),1408.0,"2YO, Fillies, Class 1, Class 1",113564.0,8.0,True,5.0,2.0,58.0,,Fine Line,2.0,Filly,Sioux Nation,Shelter,Robbie Colgan,D Hogan,7,0,1,0,0.0,0.0,14.0,-100.0,0.0,0.0,2.0,101.0,,,,,,(D/A),False,151.0,40,51.0,91.0,7.0,0.0
Curragh,2026-09-27,5,Darley Fillies Stakes (Group 3),1408.0,"2YO, Fillies, Class 1, Class 1",113564.0,8.0,True,6.0,7.0,58.0,,Lady Patrona,2.0,Filly,Cotai Glory,Presiding Officer,Keithen Kennedy,J Harrington,6,1,1,1,0.16666666666666666,17.0,50.0,-67.0,9.0,0.0,7.0,41.0,,,,,,sn,False,61.0,38,51.0,41.0,4.0,0.0
Curragh,2026-09-27,5,Darley Fillies Stakes (Group 3),1408.0,"2YO, Fillies, Class 1, Class 1",113564.0,8.0,True,7.0,1.0,58.0,,Tosca No Candis,2.0,Filly,Blue Point,Honeymead,D W O'connor,Robson Aguiar,5,1,0,0,0.2,20.0,20.0,-13.0,14.0,0.0,7.0,41.0,,,,,,n,False,51.0,34,21.0,34.0,6.0,0.0
Curragh,2026-09-27,5,Darley Fillies Stakes (Group 3),1408.0,"2YO, Fillies, Class 1, Class 1",113564.0,8.0,True,8.0,4.0,58.0,,Value Pending,2.0,Filly,Harry Angel,Everkyllachy,J M Sheridan,J P O'Brien,1,1,0,0,1.0,100.0,100.0,1200.0,18.0,0.0,1.0,21.0,,,,,,n,False,21.0,50,3.6,16.0,8.0,0.0
Brighton,2026-09-28,7,Download The Matchbook Exchange App Apprentice Handicap,1202.0,"3YO+, Class 6, Handicap, Class 6, Handicap",12248.0,8.0,False,1.0,2.0,61.25,,Macanudo,5.0,Gelding,Invincible Spirit,World Of Good,Jack Callan,Ian Williams,31,3,7,2,0.0967741935483871,10.0,39.0,-57.0,17.0,15.0,1.0,5.5,,,,,,,False,2.9,3,2.8,2.8,,
Brighton,2026-09-28,7,Download The Matchbook Exchange App Apprentice Handicap,1202.0,"3YO+, Class 6, Handicap, Class 6, Handicap",12248.0,8.0,False,2.0,5.0,59.75,,Nordic Glory,7.0,Gelding,Cotai Glory,Norwegian Highness,James Glennon,M J Attwater,75,11,9,12,0.14666666666666667,15.0,43.0,25.0,5.0,15.0,5.0,41.0,,,,,,d,False,11.0,5,9.5,9.5,,
Brighton,2026-09-28,7,Download The Matchbook Exchange App Apprentice Handicap,1202.0,"3YO+, Class 6, Handicap, Class 6, Handicap",12248.0,8.0,False,3.0,1.0,59.5,,Pure Passion,3.0,Filly,Magna Grecia,Passional,Charlie Tucker,S C Williams,7,2,1,1,0.2857142857142857,29.0,57.0,-14.0,0.0,18.0,8.0,12.0,,,,,,,False,9.5,3,9.0,9.0,,
Brighton,2026-09-28,7,Download The Matchbook Exchange App Apprentice Handicap,1202.0,"3YO+, Class 6, Handicap, Class 6, Handicap",12248.0,8.0,False,4.0,3.0,58.5,,Candy Warhol,7.0,Gelding,Twirling Candy,Costume,Christian Howarth,S Dixon,52,3,10,10,0.057692307692307696,6.0,44.0,-39.0,8.0,12.0,5.0,5.0,,,,,,d,False,6.5,2,6.0,5.5,,
Brighton,2026-09-28,7,Download The Matchbook Exchange App Apprentice Handicap,1202.0,"3YO+, Class 6, Handicap, Class 6, Handicap",12248.0,8.0,False,5.0,4.0,57.25,,My Mate Mackley,3.0,Gelding,Tasleet,Royal Silk,Taryn Langley,Adam Kirby,14,2,4,2,0.14285714285714285,14.0,57.0,21.0,9.0,5.0,4.0,5.0,,,,,,ds,False,3.4,3,3.2,3.2,,
Brighton,2026-09-28,7,Download The Matchbook Exchange App Apprentice Handicap,1202.0,"3YO+, Class 6, Handicap, Class 6, Handicap",12248.0,8.0,False,6.0,7.0,55.25,,Port Hedland,5.0,Gelding,Cable Bay,In Secret,Myla Coppins,A W Carroll,34,2,0,5,0.058823529411764705,6.0,21.0,-76.0,19.0,26.0,6.0,9.5,,,,,,td,False,6.5,1,6.0,6.0,,
Brighton,2026-09-28,7,Download The Matchbook Exchange App Apprentice Handicap,1202.0,"3YO+, Class 6, Handicap, Class 6, Handicap",12248.0,8.0,False,7.0,8.0,55.0,,Lynwood Lad,6.0,Gelding,Mayson,Faithful Promise,Warren Fentiman,G & J Moore,39,4,0,2,0.10256410256410256,10.0,15.0,-17.0,50.0,90.0,11.0,13.0,,,,,,tdo,False,21.0,4,20.0,19.0,,
Brighton,2026-09-28,7,Download The Matchbook Exchange App Apprentice Handicap,1202.0,"3YO+, Class 6, Handicap, Class 6, Handicap",12248.0,8.0,False,8.0,6.0,55.0,,Daley T,6.0,Gelding,Dragon Pulse,Elizabeth Swann,Molly Gunn,A W Carroll,29,0,3,2,0.0,0.0,17.0,-100.0,9.0,26.0,6.0,21.0,,,,,,,False,26.0,1,23.0,23.0,,
Brighton,2026-09-28,3,Follow Matchbook On X Nursery,1606.0,"2YO, Class 6, Class 6",12248.0,13.0,False,1.0,8.0,61.25,,Golden Oasis,2.0,Filly,Oasis Dream,All Things Gold,Taryn Langley,Robert Edwards,4,1,0,0,0.25,25.0,25.0,88.0,0.0,23.0,8.0,23.0,,,,,,o,False,20.0,2,19.0,18.0,,
Brighton,2026-09-28,3,Follow Matchbook On X Nursery,1606.0,"2YO, Class 6, Class 6",12248.0,13.0,False,2.0,6.0,61.25,,Mandolin Rain,2.0,Filly,Wootton Bassett,Peach Tree,David Probert,Dylan Cunha,3,0,0,0,0.0,0.0,0.0,-100.0,18.0,13.0,7.0,5.0,,,,,,,False,8.5,5,7.5,7.5,,
Brighton,2026-09-28,3,Follow Matchbook On X Nursery,1606.0,"2YO, Class 6, Class 6",12248.0,13.0,False,3.0,13.0,60.25,,Banged Up,2.0,Gelding,Without Parole,Volver,Charles Bishop,Eve Johnson Houghton,4,0,0,0,0.0,0.0,0.0,-100.0,12.0,34.0,8.0,101.0,,,,,,,False,20.0,1,18.0,18.0,,
Brighton,2026-09-28,3,Follow Matchbook On X Nursery,1606.0,"2YO, Class 6, Class 6",12248.0,13.0,False,4.0,3.0,60.25,,Hello You Ten,2.0,Gelding,Hello Youmzain,Madhulika,Saffie Osborne,J A Osborne,4,0,0,2,0.0,0.0,50.0,-100.0,12.0,16.0,3.0,13.0,,,,,,,False,11.0,8,14.0,10.0,,
Brighton,2026-09-28,3,Follow Matchbook On X Nursery,1606.0,"2YO, Class 6, Class 6",12248.0,13.0,False,5.0,12.0,59.75,,Blue Skies Above,2.0,Gelding,Pinatubo,Love On The Rocks,Kieran Shoemark,Oliver Cole,4,0,0,0,0.0,0.0,0.0,-100.0,18.0,21.0,9.0,8.5,,,,,,,False,11.0,4,9.0,9.5,,
Brighton,2026-09-28,3,Follow Matchbook On X Nursery,1606.0,"2YO, Class 6, Class 6",12248.0,13.0,False,6.0,1.0,59.75,,Enhancing,2.0,Filly,Too Darn Hot,Ducissa,Cieren Fallon,H Palmer,3,0,0,0,0.0,0.0,0.0,-100.0,10.0,83.0,6.0,34.0,,,,,,,False,9.0,2,8.0,8.5,,
Brighton,2026-09-28,3,Follow Matchbook On X Nursery,1606.0,"2YO, Class 6, Class 6",12248.0,13.0,False,7.0,7.0,59.0,,Beach Ahead,2.0,Colt,Dream Ahead,Al Janadeirya,Warren Fentiman,G & J Moore,4,0,0,0,0.0,0.0,0.0,-100.0,50.0,39.0,6.0,26.0,,,,,,,False,11.0,1,10.0,10.0,,
Brighton,2026-09-28,3,Follow Matchbook On X Nursery,1606.0,"2YO, Class 6, Class 6",12248.0,13.0,False,8.0,5.0,57.5,,Magical Life,2.0,Filly,Territories,One Life,Rossa Ryan,J S Moore,10,1,0,2,0.1,10.0,30.0,-60.0,11.0,15.0,6.0,4.33,,,,,,d,False,5.5,2,5.0,4.8,,
Brighton,2026-09-28,3,Follow Matchbook On X Nursery,1606.0,"2YO, Class 6, Class 6",12248.0,13.0,False,9.0,4.0,57.5,,Best Yet,2.0,Filly,Study Of Man,Beta,Finley Marsh,R Hughes,3,0,0,0,0.0,0.0,0.0,-100.0,16.0,32.0,9.0,401.0,,,,,,,False,18.0,10,15.0,12.0,,
Brighton,2026-09-28,3,Follow Matchbook On X Nursery,1606.0,"2YO, Class 6, Class 6",12248.0,13.0,False,10.0,10.0,57.25,,Courage Best,2.0,Filly,Supremacy,Wojha,Darragh Keenan,B R Millman,6,0,0,0,0.0,0.0,0.0,-100.0,7.0,16.0,5.0,5.5,,,,,,,False,10.0,1,9.5,9.5,,
Brighton,2026-09-28,3,Follow Matchbook On X Nursery,1606.0,"2YO, Class 6, Class 6",12248.0,13.0,False,11.0,11.0,54.5,,Wild Orchid,2.0,Filly,Showcasing,Orchid Lily,Jack Callan,C Johnston,4,0,0,0,0.0,0.0,0.0,-100.0,16.0,11.0,4.0,23.0,,,,,,,False,5.5,1,5.0,5.0,,
Brighton,2026-09-28,3,Follow Matchbook On X Nursery,1606.0,"2YO, Class 6, Class 6",12248.0,13.0,False,12.0,2.0,53.5,,Zonneveld,2.0,Gelding,Showcasing,Sorella Bella,J F Egan,J S Moore,6,0,0,0,0.0,0.0,0.0,-100.0,6.0,11.0,5.0,34.0,,,,,,,False,12.0,1,12.0,12.0,,
Brighton,2026-09-28,3,Follow Matchbook On X Nursery,1606.0,"2YO, Class 6, Class 6",12248.0,13.0,False,13.0,9.0,52.5,,Allaboutthelunch,2.0,Gelding,Mohaather,Faughill,Isobelle Chalmers,E Smyth-osbourne,6,0,1,0,0.0,0.0,17.0,-100.0,0.0,15.0,2.0,26.0,,,,,,,False,7.5,1,6.5,6.5,,
Curragh,2026-09-27,6,Friends Of The Curragh Irish Cesarewitch (0-110) (Premier Handicap),3374.0,"3YO+, Handicap",782758.0,33.0,True,1.0,21.0,64.5,,Chally Chute,8.0,Gelding,Fast Company,Edith Somerville,Sam Coen,R O'Sullivan,24,6,3,2,0.25,25.0,46.0,519.0,0.0,88.0,5.0,6.0,,,,,,tdshn,False,21.0,29,29.0,16.0,1.0,1.0
Curragh,2026-09-27,6,Friends Of The Curragh Irish Cesarewitch (0-110) (Premier Handicap),3374.0,"3YO+, Handicap",782758.0,33.0,True,2.0,8.0,63.5,,Absurde,8.0,Gelding,Fastnet Rock,Incroyable,Daniel King,W P Mullins,33,7,8,6,0.21212121212121213,21.0,64.0,-88.0,15.0,148.0,7.0,41.0,-0.01,-0.51,-1.01,-1.81,-3.98,dshon,False,71.0,4,8.5,31.0,25.0,0.0
Curragh,2026-09-27,6,Friends Of The Curragh Irish Cesarewitch (0-110) (Premier Handicap),3374.0,"3YO+, Handicap",782758.0,33.0,True,3.0,33.0,63.5,,Tennessee Stud,4.0,Colt,Wootton Bassett,In My Dreams,Hugh Horgan,J P O'Brien,15,3,1,5,0.2,20.0,60.0,-72.0,11.0,14.0,7.0,41.0,,,,,,shon,False,61.0,3,20.0,23.0,11.0,0.0
Curragh,2026-09-27,6,Friends Of The Curragh Irish Cesarewitch (0-110) (Premier Handicap),3374.0,"3YO+, Handicap",782758.0,33.0,True,4.0,4.0,62.5,,Leinster,5.0,Gelding,Camelot,Black Envy,Seamie Heffernan,J P O'Brien,13,3,0,2,0.23076923076923078,23.0,38.0,13.0,15.0,14.0,5.0,101.0,,,,,,tsn,False,26.0,3,20.0,23.0,15.0,0.0
Curragh,2026-09-27,6,Friends Of The Curragh Irish Cesarewitch (0-110) (Premier Handicap),3374.0,"3YO+, Handicap",782758.0,33.0,True,5.0,1.0,62.25,,A Piece Of Heaven,8.0,Gelding,Jukebox Jury,Activa,Luke McAteer,J P O'Brien,16,4,3,2,0.25,25.0,56.0,8.0,0.0,99.0,6.0,6.0,,,,,,n,False,31.0,11,16.0,19.0,27.0,0.0
Curragh,2026-09-27,6,Friends Of The Curragh Irish Cesarewitch (0-110) (Premier Handicap),3374.0,"3YO+, Handicap",782758.0,33.0,True,6.0,18.0,61.75,,The Reverend,5.0,Gelding,Lope De Vega,Burning Rules,Billy Lee,W P Mullins,11,5,2,0,0.45454545454545453,45.0,64.0,63.0,6.0,15.0,4.0,15.0,,,,,,dshn,False,6.25,35,6.5,5.0,18.0,0.0
Curragh,2026-09-27,6,Friends Of The Curragh Irish Cesarewitch (0-110) (Premier Handicap),3374.0,"3YO+, Handicap",782758.0,33.0,True,7.0,17.0,61.25,,Uxmal,7.0,Gelding,Galileo,Only Mine,Scott McCullagh,J P O'Brien,12,3,3,1,0.25,25.0,58.0,-30.0,6.0,57.0,4.0,2.5,,,,,,sbn,False,81.0,9,34.0,41.0,,
Curragh,2026-09-27,6,Friends Of The Curragh Irish Cesarewitch (0-110) (Premier Handicap),3374.0,"3YO+, Handicap",782758.0,33.0,True,8.0,28.0,60.75,,Holy See,5.0,Gelding,Night Of Thunder,Lady Of The Lamp,Jamie Orr,W Durkan,16,3,3,2,0.1875,19.0,50.0,63.0,14.0,15.0,10.0,5.5,,,,,,son,False,101.0,38,46.0,71.0,29.0,0.0
Curragh,2026-09-27,6,Friends Of The Curragh Irish Cesarewitch (0-110) (Premier Handicap),3374.0,"3YO+, Handicap",782758.0,33.0,True,9.0,32.0,59.5,,Comfort Zone,7.0,Gelding,Churchill,Iveagh Gardens,Julian Pietropaolo,J P O'Brien,32,6,3,6,0.1875,19.0,47.0,8.0,9.0,15.0,9.0,41.0,,,,,,dsn,False,34.0,46,31.0,13.0,9.0,0.0
Curragh,2026-09-27,6,Friends Of The Curragh Irish Cesarewitch (0-110) (Premier Handicap),3374.0,"3YO+, Handicap",782758.0,33.0,True,10.0,5.0,59.0,,Valiancy,4.0,Gelding,Cracksman,Dromana,James Doyle,W J Haggas,9,3,2,1,0.3333333333333333,33.0,67.0,-7.0,23.0,58.0,9.0,4.0,,,,,,n,False,12.0,25,10.0,10.0,28.0,0.0
Curragh,2026-09-27,6,Friends Of The Curragh Irish Cesarewitch (0-110) (Premier Handicap),3374.0,"3YO+, Handicap",782758.0,33.0,True,11.0,24.0,58.5,,Bunting,6.0,Gelding,Bathyrhon,That's Crazy,Ben Coen,W P Mullins,20,3,1,2,0.15,15.0,30.0,-83.0,24.0,33.0,1.0,1.91,,,,,,shn,False,21.0,38,35.0,19.0,7.0,0.0
Curragh,2026-09-27,6,Friends Of The Curragh Irish Cesarewitch (0-110) (Premier Handicap),3374.0,"3YO+, Handicap",782758.0,33.0,True,12.0,13.0,57.5,,Blake,5.0,Gelding,Zoffany,Love's Secret,Colin Keane,N Meade,16,4,5,2,0.25,25.0,69.0,126.0,13.0,152.0,2.0,9.5,,,,,,dsn,False,11.0,19,19.0,9.0,8.0,0.0
Curragh,2026-09-27,6,Friends Of The Curragh Irish Cesarewitch (0-110) (Premier Handicap),3374.0,"3YO+, Handicap",782758.0,33.0,True,13.0,12.0,57.5,,Tim Toe,5.0,Gelding,Joshua Tree,Kilbarry Rose,Ronan Whelan,H De Bromhead,7,3,1,2,0.42857142857142855,43.0,86.0,293.0,12.0,103.0,3.0,9.0,,,,,,sn,False,11.0,9,6.5,9.0,16.0,0.0
Curragh,2026-09-27,6,Friends Of The Curragh Irish Cesarewitch (0-110) (Premier Handicap),3374.0,"3YO+, Handicap",782758.0,33.0,True,14.0,31.0,57.25,,Immutable,6.0,Gelding,Muhaarar,Rosie Scot,Gary Carroll,J G Murphy,21,5,7,1,0.23809523809523808,24.0,62.0,108.0,10.0,15.0,1.0,26.0,,,,,,dshn,False,31.0,6,14.0,17.0,20.0,0.0
Curragh,2026-09-27,6,Friends Of The Curragh Irish Cesarewitch (0-110) (Premier Handicap),3374.0,"3YO+, Handicap",782758.0,33.0,True,15.0,2.0,57.25,,Sky Captain,5.0,Gelding,Fracas,Saoire,J M Sheridan,J P O'Brien,5,1,3,0,0.2,20.0,80.0,-20.0,18.0,14.0,6.0,9.0,,,,,,sn,False,7.0,25,6.5,4.8,6.0,0.0
Curragh,2026-09-27,6,Friends Of The Curragh Irish Cesarewitch (0-110) (Premier Handicap),3374.0,"3YO+, Handicap",782758.0,33.0,True,16.0,11.0,56.75,,Eagle Fang,6.0,Gelding,Free Eagle,Scatina,S Tormey,W Durkan,23,4,6,3,0.17391304347826086,17.0,57.0,61.0,0.0,36.0,8.0,4.0,,,,,,shbn,False,34.0,5,20.0,23.0,12.0,0.0
Curragh,2026-09-27,6,Friends Of The Curragh Irish Cesarewitch (0-110) (Premier Handicap),3374.0,"3YO+, Handicap",782758.0,33.0,True,17.0,29.0,56.75,,Galileo Dame,5.0,Mare,Galileo Gold,Two For Tea,Chris Hayes,J P O'Brien,24,2,8,2,0.08333333333333333,8.0,50.0,-82.0,13.0,18.0,3.0,19.0,,,,,,hn,False,34.0,39,31.0,26.0,3.0,0.0
Curragh,2026-09-27,6,Friends Of The Curragh Irish Cesarewitch (0-110) (Premier Handicap),3374.0,"3YO+, Handicap",782758.0,33.0,True,18.0,16.0,56.75,,Glenroyal,4.0,Gelding,Australia,Reine De Coeur,Keithen Kennedy,J P O'Brien,14,3,1,1,0.21428571428571427,21.0,36.0,-46.0,0.0,15.0,18.0,41.0,,,,,,son,False,101.0,32,61.0,71.0,21.0,0.0
Curragh,2026-09-27,6,Friends Of The Curragh Irish Cesarewitch (0-110) (Premier Handicap),3374.0,"3YO+, Handicap",782758.0,33.0,True,19.0,9.0,56.75,,Granite Bay,5.0,Gelding,Time Test,Indira,Reese Holohan,J P Fahey,17,3,4,1,0.17647058823529413,18.0,47.0,58.0,10.0,15.0,2.0,6.5,,,,,,sn,False,31.0,3,12.0,14.0,24.0,0.0
Curragh,2026-09-27,6,Friends Of The Curragh Irish Cesarewitch (0-110) (Premier Handicap),3374.0,"3YO+, Handicap",782758.0,33.0,True,20.0,6.0,56.75,,Port Of Spain,3.0,Colt,St Mark's Basilica,Alive Alive Oh,R L Moore,A P O'Brien,10,1,1,2,0.1,10.0,40.0,-78.0,27.0,35.0,2.0,7.5,,,,,,n,False,12.0,22,10.0,9.0,17.0,0.0
Curragh,2026-09-27,6,Friends Of The Curragh Irish Cesarewitch (0-110) (Premier Handicap),3374.0,"3YO+, Handicap",782758.0,33.0,True,21.0,26.0,56.25,,Puturhandstogether,5.0,Gelding,Caravaggio,Round Of Applause,N G McCullagh,J P O'Brien,23,4,3,4,0.17391304347826086,17.0,48.0,13.0,12.0,59.0,18.0,17.0,,,,,,tcdson,False,34.0,7,23.0,15.0,,
Curragh,2026-09-27,6,Friends Of The Curragh Irish Cesarewitch (0-110) (Premier Handicap),3374.0,"3YO+, Handicap",782758.0,33.0,True,22.0,30.0,56.25,,Truth Be Told,4.0,Gelding,Too Darn Hot,Princess Highway,Robbie Colgan,M C Grassick,12,2,1,1,0.16666666666666666,17.0,33.0,50.0,3.0,15.0,6.0,11.0,,,,,,sn,False,26.0,7,16.0,19.0,,
Curragh,2026-09-27,6,Friends Of The Curragh Irish Cesarewitch (0-110) (Premier Handicap),3374.0,"3YO+, Handicap",782758.0,33.0,True,23.0,23.0,55.75,,Sirius,7.0,Mare,Ectot,Across The Sky,Andrew Slattery,W P Mullins,18,6,2,1,0.3333333333333333,33.0,50.0,304.0,0.0,61.0,11.0,19.0,,,,,,tdshon,False,34.0,41,61.0,29.0,2.0,0.0
Curragh,2026-09-27,6,Friends Of The Curragh Irish Cesarewitch (0-110) (Premier Handicap),3374.0,"3YO+, Handicap",782758.0,33.0,True,24.0,7.0,55.25,,Cornelienne,5.0,Mare,Golden Horn,Australienne,Jamie Powell,J P O'Brien,11,2,4,1,0.18181818181818182,18.0,64.0,-25.0,0.0,52.0,5.0,8.5,,,,,,hn,False,81.0,32,61.0,51.0,26.0,0.0
Curragh,2026-09-27,6,Friends Of The Curragh Irish Cesarewitch (0-110) (Premier Handicap),3374.0,"3YO+, Handicap",782758.0,33.0,True,25.0,27.0,55.25,,Kingstonian,4.0,Gelding,Study Of Man,Kinetica,Nathan Crosse,J P O'Brien,10,1,2,2,0.1,10.0,50.0,-79.0,4.0,36.0,3.0,2.88,,,,,,bn,False,34.0,31,23.0,17.0,10.0,0.0
Curragh,2026-09-27,6,Friends Of The Curragh Irish Cesarewitch (0-110) (Premier Handicap),3374.0,"3YO+, Handicap",782758.0,33.0,True,26.0,20.0,55.25,,Light Up The Dark,5.0,Mare,Camelot,Tiptree,Declan McDonogh,J P O'Brien,11,4,1,1,0.36363636363636365,36.0,55.0,12.0,10.0,36.0,2.0,4.0,,,,,,shbn,False,19.0,43,14.0,13.0,19.0,0.0
Curragh,2026-09-27,6,Friends Of The Curragh Irish Cesarewitch (0-110) (Premier Handicap),3374.0,"3YO+, Handicap",782758.0,33.0,True,27.0,15.0,55.25,,Shosholoza,3.0,Colt,Australia,Ecosse,Wayne Lordan,J P O'Brien,5,1,0,0,0.2,20.0,20.0,120.0,12.0,99.0,6.0,9.5,,,,,,hn,False,46.0,40,31.0,34.0,14.0,0.0
Curragh,2026-09-27,6,Friends Of The Curragh Irish Cesarewitch (0-110) (Premier Handicap),3374.0,"3YO+, Handicap",782758.0,33.0,True,28.0,10.0,55.25,,Zanndabad,7.0,Gelding,Iffraaj,Zanoubiya,James Ryan,A J Martin,34,6,4,4,0.17647058823529413,18.0,41.0,-80.0,13.0,37.0,14.0,11.0,,,,,,son,False,71.0,37,46.0,41.0,22.0,0.0
Curragh,2026-09-27,6,Friends Of The Curragh Irish Cesarewitch (0-110) (Premier Handicap),3374.0,"3YO+, Handicap",782758.0,33.0,True,29.0,3.0,55.0,,Shoda,5.0,Mare,Nathaniel,Que Pasa,Shay Wallace,J P O'Brien,16,3,2,5,0.1875,19.0,63.0,-40.0,8.0,49.0,1.0,1.8,,,,,,dsn,False,34.0,17,31.0,26.0,5.0,0.0
Curragh,2026-09-27,6,Friends Of The Curragh Irish Cesarewitch (0-110) (Premier Handicap),3374.0,"3YO+, Handicap",782758.0,33.0,True,30.0,14.0,54.5,,Madbadanddangerous,3.0,Gelding,Coulsty,Bonnefio,Gavin Ryan,N Meade,9,3,2,1,0.3333333333333333,33.0,67.0,222.0,7.0,15.0,20.0,26.0,,,,,,son,False,91.0,28,46.0,67.0,4.0,0.0
Curragh,2026-09-27,6,Friends Of The Curragh Irish Cesarewitch (0-110) (Premier Handicap),3374.0,"3YO+, Handicap",782758.0,33.0,True,31.0,19.0,55.0,,Too Bossy For Us,5.0,Gelding,Golden Horn,Above The Clouds,N G McCullagh,W P Mullins,22,2,2,4,0.09090909090909091,9.0,36.0,-60.0,0.0,15.0,3.0,12.0,,,,,,h,False,71.0,4,12.0,31.0,23.0,0.0
Curragh,2026-09-27,6,Friends Of The Curragh Irish Cesarewitch (0-110) (Premier Handicap),3374.0,"3YO+, Handicap",782758.0,33.0,True,32.0,22.0,54.5,,Alphonse Le Grande,7.0,Gelding,Sea The Stars,Dolce Strega,Rory Cleary,A J Martin,42,6,1,3,0.14285714285714285,14.0,24.0,49.0,0.0,58.0,4.0,11.0,,,,,,sn,False,51.0,17,16.0,31.0,13.0,0.0
Curragh,2026-09-27,6,Friends Of The Curragh Irish Cesarewitch (0-110) (Premier Handicap),3374.0,"3YO+, Handicap",782758.0,33.0,True,33.0,25.0,54.0,,Michonne,4.0,Filly,Cracksman,Best Regards,Reserve 3,J Harrington,8,1,1,0,0.125,13.0,25.0,-50.0,0.0,10.0,11.0,12.0,,,,,,o,False,101.0,8,46.0,41.0,,
Bordeaux Le Bouscat,2026-09-28,4,Grand Criterium De Bordeaux Listed Stakes,1599.0,"2YO, Class 1, Class 1",89064.0,7.0,False,1.0,7.0,56.75,,Sydney Moon,2.0,Gelding,Thunder Moon,Eterea,E Verhestraeten,A Murphy,5,1,1,1,0.2,20.0,60.0,-55.0,13.0,14.0,4.0,19.0,,,,,,sn,False,,0,,,,
Bordeaux Le Bouscat,2026-09-28,4,Grand Criterium De Bordeaux Listed Stakes,1599.0,"2YO, Class 1, Class 1",89064.0,7.0,False,2.0,5.0,56.75,,Big Jet Plane,2.0,Gelding,Armor,Super Eria,H Boutin,M Blancpain,6,1,3,1,0.16666666666666666,17.0,83.0,-54.0,0.0,23.0,2.0,29.0,,,,,,sn,False,,0,,,,
Bordeaux Le Bouscat,2026-09-28,4,Grand Criterium De Bordeaux Listed Stakes,1599.0,"2YO, Class 1, Class 1",89064.0,7.0,False,3.0,1.0,55.25,,Madaha Queen,2.0,Filly,Blue Point,Pattie,Cristian Demuro,J C Rouget,4,2,0,2,0.5,50.0,100.0,56.0,26.0,25.0,1.0,3.5,,,,,,dn,False,,0,,,,
Bordeaux Le Bouscat,2026-09-28,4,Grand Criterium De Bordeaux Listed Stakes,1599.0,"2YO, Class 1, Class 1",89064.0,7.0,False,4.0,3.0,55.25,,Chanson Douce,2.0,Filly,Sealiway,Narcisca,Hugo Besnier,P Cottier,4,2,1,0,0.5,50.0,75.0,63.0,17.0,26.0,1.0,2.0,,,,,,ds,False,,0,,,,
Bordeaux Le Bouscat,2026-09-28,4,Grand Criterium De Bordeaux Listed Stakes,1599.0,"2YO, Class 1, Class 1",89064.0,7.0,False,5.0,4.0,55.25,,Injan,2.0,Filly,Anodin,Insan Mala,A Madamet,C Pautier,2,0,0,1,0.0,0.0,50.0,-100.0,20.0,32.0,3.0,10.0,,,,,,,False,,0,,,,
Bordeaux Le Bouscat,2026-09-28,4,Grand Criterium De Bordeaux Listed Stakes,1599.0,"2YO, Class 1, Class 1",89064.0,7.0,False,6.0,2.0,55.25,,Taxxi,2.0,Filly,Sealiway,Romanne,F Valle Skar,C Lerner,8,2,1,1,0.25,25.0,50.0,-2.0,8.0,18.0,1.0,4.33,,,,,,dsn,False,,0,,,,
Bordeaux Le Bouscat,2026-09-28,4,Grand Criterium De Bordeaux Listed Stakes,1599.0,"2YO, Class 1, Class 1",89064.0,7.0,False,7.0,6.0,55.25,,Peintresse,2.0,Filly,Lucky Vega,Provenance,Guillaume Trolley De Prevaux,Tim Donworth,4,2,0,1,0.5,50.0,75.0,144.0,13.0,22.0,5.0,34.0,,,,,,n,False,,0,,,,
Ffos Las,2026-09-27,4,"Happy Birthday Alex, From The Bridge Handicap",3219.0,"3YO+, Class 5, Handicap, Class 5, Handicap",15591.0,5.0,True,1.0,2.0,64.5,,Carthusian,4.0,Gelding,Lope De Vega,Chartreuse,Liam Wright,J Candlish,12,1,1,1,0.08333333333333333,8.0,25.0,-17.0,100.0,8.0,1.0,10.0,,,,,,sn,False,3.4,40,2.5,3.1,1.0,1.0
Ffos Las,2026-09-27,4,"Happy Birthday Alex, From The Bridge Handicap",3219.0,"3YO+, Class 5, Handicap, Class 5, Handicap",15591.0,5.0,True,2.0,3.0,59.75,,Campeona,3.0,Filly,Study Of Man,Cubanita,Jack Gilligan,Sir Mark Prescott,9,3,2,1,0.3333333333333333,33.0,67.0,-55.0,17.0,22.0,3.0,3.75,,,,,,dn,False,3.1,31,3.2,2.6,2.0,0.0
Ffos Las,2026-09-27,4,"Happy Birthday Alex, From The Bridge Handicap",3219.0,"3YO+, Class 5, Handicap, Class 5, Handicap",15591.0,5.0,True,3.0,4.0,59.75,,No Ordinary Joe,10.0,Gelding,Getaway,Shadow Dearg,Finley Marsh,R Stephens,33,5,1,2,0.15151515151515152,15.0,24.0,-27.0,0.0,15.0,4.0,23.0,,,,,,dsn,False,13.0,27,8.0,10.0,4.0,0.0
Ffos Las,2026-09-27,4,"Happy Birthday Alex, From The Bridge Handicap",3219.0,"3YO+, Class 5, Handicap, Class 5, Handicap",15591.0,5.0,True,4.0,1.0,57.5,,Queenie St Clair,6.0,Mare,Fast Company,Marmalade Cat,Millie Wonnacott,Nick Scholfield,32,4,0,4,0.125,13.0,25.0,39.0,0.0,162.0,6.0,13.0,,,,,,dshn,False,3.2,50,3.7,2.9,3.0,0.0
Ffos Las,2026-09-27,4,"Happy Birthday Alex, From The Bridge Handicap",3219.0,"3YO+, Class 5, Handicap, Class 5, Handicap",15591.0,5.0,True,5.0,5.0,55.0,,A Daughters Love,3.0,Filly,Mohaather,Loving Touch,David Probert,D Flood,19,3,1,2,0.15789473684210525,16.0,32.0,-15.0,9.0,6.0,6.0,17.0,,,,,,tn,False,18.0,27,14.0,13.0,5.0,0.0
Epsom Downs,2026-09-27,3,Hunt Family Fund Novice Stakes (Sponsored By Betfred) (Gbb Race),2027.0,"3YO to 4YO, Class 3, Class 3, Novice, NHF",22271.0,6.0,True,1.0,5.0,61.25,,Maestro Del Mar,4.0,Colt,Grendisar,Aldara,Billy Loughnane,I Mohammed & J Santos,7,0,1,1,0.0,0.0,29.0,-100.0,0.0,23.0,4.0,17.0,,,,,,,False,5.5,50,4.6,4.6,3.0,0.0
Epsom Downs,2026-09-27,3,Hunt Family Fund Novice Stakes (Sponsored By Betfred) (Gbb Race),2027.0,"3YO to 4YO, Class 3, Class 3, Novice, NHF",22271.0,6.0,True,2.0,4.0,59.0,,Red Red,3.0,Gelding,Rerouted,Miss Wedge,Hector Crouch,G & J Moore,0,0,0,0,,0.0,0.0,0.0,11.0,,,,,,,,,,False,41.0,34,19.0,26.0,6.0,0.0
Epsom Downs,2026-09-27,3,Hunt Family Fund Novice Stakes (Sponsored By Betfred) (Gbb Race),2027.0,"3YO to 4YO, Class 3, Class 3, Novice, NHF",22271.0,6.0,True,3.0,3.0,59.0,,Rowlf,3.0,Gelding,Golden Horn,Buildmeupbuttercup,Cieren Fallon,W J Haggas,0,0,0,0,,0.0,0.0,0.0,23.0,,,,,,,,,,False,2.5,50,3.6,2.3,4.0,0.0
Epsom Downs,2026-09-27,3,Hunt Family Fund Novice Stakes (Sponsored By Betfred) (Gbb Race),2027.0,"3YO to 4YO, Class 3, Class 3, Novice, NHF",22271.0,6.0,True,4.0,2.0,56.75,,Blue Noon,3.0,Filly,Blue Point,Moon Shaddow,S M Levey,R Hannon,8,0,2,2,0.0,0.0,50.0,-100.0,13.0,29.0,5.0,7.0,,,,,,,False,2.62,36,2.25,2.5,1.0,1.0
Epsom Downs,2026-09-27,3,Hunt Family Fund Novice Stakes (Sponsored By Betfred) (Gbb Race),2027.0,"3YO to 4YO, Class 3, Class 3, Novice, NHF",22271.0,6.0,True,5.0,1.0,56.75,,Paraone,3.0,Filly,Raven's Pass,Pom Pom Pom,George Wood,H Main,2,0,0,0,0.0,0.0,0.0,-100.0,9.0,13.0,7.0,301.0,,,,,,o,False,501.0,8,101.0,126.0,5.0,0.0
Epsom Downs,2026-09-27,3,Hunt Family Fund Novice Stakes (Sponsored By Betfred) (Gbb Race),2027.0,"3YO to 4YO, Class 3, Class 3, Novice, NHF",22271.0,6.0,True,6.0,6.0,56.75,,Seacole,3.0,Filly,Sea The Stars,Crimean Queen,Rossa Ryan,R M Beckett,5,0,2,1,0.0,0.0,60.0,-100.0,21.0,13.0,3.0,9.5,,,,,,,False,9.5,26,3.5,8.0,2.0,0.0
Down Royal,2026-09-28,3,Irish Ebf Auction Series Fillies Maiden,1432.0,"2YO, Fillies, Maiden",40558.0,10.0,False,1.0,8.0,57.25,,Hip Hop Chrissy,2.0,Filly,Showcasing,Fauvette,Gavin Ryan,Donnacha O'Brien,3,0,0,2,0.0,0.0,67.0,-100.0,13.0,44.0,3.0,6.5,,,,,,,False,6.0,1,5.5,5.5,,
Down Royal,2026-09-28,3,Irish Ebf Auction Series Fillies Maiden,1432.0,"2YO, Fillies, Maiden",40558.0,10.0,False,2.0,5.0,57.25,,Spectrolyte,2.0,Filly,State Of Rest,Click And Roll,Andrew Slattery,A Slattery,1,0,0,0,0.0,0.0,0.0,-100.0,9.0,65.0,9.0,3.0,,,,,,,False,6.75,4,8.0,6.0,,
Down Royal,2026-09-28,3,Irish Ebf Auction Series Fillies Maiden,1432.0,"2YO, Fillies, Maiden",40558.0,10.0,False,3.0,9.0,56.25,,Ladrona,2.0,Filly,Cracksman,Spirited Charm,Billy Lee,P Twomey,0,0,0,0,,0.0,0.0,0.0,27.0,,,,,,,,,,False,6.0,7,5.0,5.0,,
Down Royal,2026-09-28,3,Irish Ebf Auction Series Fillies Maiden,1432.0,"2YO, Fillies, Maiden",40558.0,10.0,False,4.0,7.0,56.25,,Little Scotch,2.0,Filly,Kodi Bear,Three D Alexander,Gary Carroll,G P Cromwell,0,0,0,0,,0.0,0.0,0.0,9.0,,,,,,,,,,False,16.0,5,17.0,15.0,,
Down Royal,2026-09-28,3,Irish Ebf Auction Series Fillies Maiden,1432.0,"2YO, Fillies, Maiden",40558.0,10.0,False,5.0,4.0,56.25,,Star Glory,2.0,Filly,Cotai Glory,Mrs King,Chris Hayes,N Meade,4,0,2,0,0.0,0.0,50.0,-100.0,6.0,36.0,2.0,12.0,,,,,,,False,2.55,5,2.7,2.5,,
Down Royal,2026-09-28,3,Irish Ebf Auction Series Fillies Maiden,1432.0,"2YO, Fillies, Maiden",40558.0,10.0,False,6.0,1.0,55.25,,Handsoffshesmine,2.0,Filly,Saxon Warrior,Espere,Jimmy Dalton,A Slattery,0,0,0,0,,0.0,0.0,0.0,5.0,,,,,,,,,,False,51.0,2,51.0,41.0,,
Down Royal,2026-09-28,3,Irish Ebf Auction Series Fillies Maiden,1432.0,"2YO, Fillies, Maiden",40558.0,10.0,False,7.0,6.0,55.25,,Leap Of Light,2.0,Filly,Starman,Wild Impala,Keithen Kennedy,J Harrington,1,0,0,0,0.0,0.0,0.0,-100.0,9.0,11.0,8.0,7.0,,,,,,(D/A),False,15.0,1,13.0,13.0,,
Down Royal,2026-09-28,3,Irish Ebf Auction Series Fillies Maiden,1432.0,"2YO, Fillies, Maiden",40558.0,10.0,False,8.0,2.0,54.5,,Alpha Betty,2.0,Filly,Nando Parrado,Alphabetique,Rory Cleary,C W J Farrell,0,0,0,0,,0.0,0.0,0.0,5.0,,,,,,,,,,False,27.0,1,26.0,26.0,,
Down Royal,2026-09-28,3,Irish Ebf Auction Series Fillies Maiden,1432.0,"2YO, Fillies, Maiden",40558.0,10.0,False,9.0,3.0,54.5,,Essence Of Time,2.0,Filly,Palace Pier,Flowrider,Wayne Lordan,A Oliver,2,0,1,0,0.0,0.0,50.0,-100.0,8.0,23.0,2.0,5.5,,,,,,,False,5.25,3,4.4,5.0,,
Down Royal,2026-09-28,3,Irish Ebf Auction Series Fillies Maiden,1432.0,"2YO, Fillies, Maiden",40558.0,10.0,False,10.0,10.0,54.5,,Shadowbelle,2.0,Filly,Dark Angel,Spring Of Love,Reese Holohan,A Oliver,1,0,0,0,0.0,0.0,0.0,-100.0,0.0,11.0,7.0,81.0,,,,,,,False,35.0,1,34.0,34.0,,
Curragh,2026-09-27,2,Izuzu Ireland Irish European Breeders Fund Maiden,1811.0,"2YO, Maiden",35689.0,12.0,True,1.0,9.0,60.25,,Alone All Alone,2.0,Colt,Ten Sovereigns,Dubai Cyclone,Ronan Whelan,Eoghan O'Neill,1,0,0,0,0.0,0.0,0.0,-100.0,0.0,10.0,15.0,34.0,,,,,,o,False,301.0,28,151.0,126.0,9.0,0.0
Curragh,2026-09-27,2,Izuzu Ireland Irish European Breeders Fund Maiden,1811.0,"2YO, Maiden",35689.0,12.0,True,2.0,8.0,60.25,,Breath Of Paradise,2.0,Colt,Blackbeard,Valeurette,Chris Hayes,J Harrington,2,0,0,1,0.0,0.0,50.0,-100.0,6.0,42.0,3.0,26.0,,,,,,,False,8.5,11,6.0,7.5,,
Curragh,2026-09-27,2,Izuzu Ireland Irish European Breeders Fund Maiden,1811.0,"2YO, Maiden",35689.0,12.0,True,3.0,1.0,60.25,,Capability Brown,2.0,Colt,Dubawi,Maybe,Wayne Lordan,A P O'Brien,2,0,0,1,0.0,0.0,50.0,-100.0,16.0,26.0,3.0,7.5,,,,,,,False,5.75,39,8.0,5.0,1.0,1.0
Curragh,2026-09-27,2,Izuzu Ireland Irish European Breeders Fund Maiden,1811.0,"2YO, Maiden",35689.0,12.0,True,4.0,6.0,60.25,,Cluster,2.0,Colt,Frankel,Shoal,Colin Keane,J P O'Brien,1,0,0,1,0.0,0.0,100.0,-100.0,8.0,29.0,3.0,9.5,,,,,,,False,3.0,49,2.6,2.9,2.0,0.0
Curragh,2026-09-27,2,Izuzu Ireland Irish European Breeders Fund Maiden,1811.0,"2YO, Maiden",35689.0,12.0,True,5.0,4.0,60.25,,Come On Noddy,2.0,Gelding,Profitable,Gullible,Wesley Joyce,M Mulvany,2,0,0,0,0.0,0.0,0.0,-100.0,8.0,10.0,10.0,251.0,,,,,,o,False,301.0,8,201.0,151.0,,
Curragh,2026-09-27,2,Izuzu Ireland Irish European Breeders Fund Maiden,1811.0,"2YO, Maiden",35689.0,12.0,True,6.0,5.0,60.25,,Darivan,2.0,Colt,Zarak,Dariyma,Ben Coen,J P Murtagh,1,0,0,0,0.0,0.0,0.0,-100.0,13.0,92.0,6.0,34.0,,,,,,,False,26.0,42,13.0,20.0,5.0,0.0
Curragh,2026-09-27,2,Izuzu Ireland Irish European Breeders Fund Maiden,1811.0,"2YO, Maiden",35689.0,12.0,True,7.0,10.0,60.25,,Greatest Knight,2.0,Colt,Camelot,Beautiful Illusion,Jack Cleary,A P O'Brien,0,0,0,0,,0.0,0.0,0.0,15.0,,,,,,,,,,False,41.0,41,13.0,29.0,6.0,0.0
Curragh,2026-09-27,2,Izuzu Ireland Irish European Breeders Fund Maiden,1811.0,"2YO, Maiden",35689.0,12.0,True,8.0,12.0,60.25,,Kingdom Of Camelot,2.0,Colt,Camelot,Peinture Secrete,R L Moore,A P O'Brien,1,0,0,0,0.0,0.0,0.0,-100.0,27.0,29.0,4.0,19.0,,,,,,,False,1.83,47,2.7,1.75,4.0,0.0
Curragh,2026-09-27,2,Izuzu Ireland Irish European Breeders Fund Maiden,1811.0,"2YO, Maiden",35689.0,12.0,True,9.0,3.0,60.25,,Lumierebleu,2.0,Colt,Blue Point,Faradays Law,Seamie Heffernan,J P Murtagh,1,0,0,0,0.0,0.0,0.0,-100.0,4.0,29.0,12.0,101.0,,,,,,o,False,351.0,19,201.0,126.0,8.0,0.0
Curragh,2026-09-27,2,Izuzu Ireland Irish European Breeders Fund Maiden,1811.0,"2YO, Maiden",35689.0,12.0,True,10.0,2.0,60.25,,Silent Kingdom,2.0,Colt,No Nay Never,Vadariya,Billy Lee,D Dias,0,0,0,0,,0.0,0.0,0.0,0.0,,,,,,,,,,False,41.0,34,21.0,29.0,7.0,0.0
Curragh,2026-09-27,2,Izuzu Ireland Irish European Breeders Fund Maiden,1811.0,"2YO, Maiden",35689.0,12.0,True,11.0,7.0,60.25,,Too Too Much,2.0,Colt,Too Darn Hot,Astronomy's Choice,Jamie Powell,M O'Callaghan,0,0,0,0,,0.0,0.0,0.0,9.0,,,,,,,,,,False,34.0,14,21.0,26.0,,
Curragh,2026-09-27,2,Izuzu Ireland Irish European Breeders Fund Maiden,1811.0,"2YO, Maiden",35689.0,12.0,True,12.0,11.0,60.25,,Warrawood,2.0,Colt,Space Blues,Albamara,Scott McCullagh,Daniel McLoughlin,0,0,0,0,,0.0,0.0,0.0,7.0,,,,,,,,,,False,81.0,34,34.0,61.0,3.0,0.0
Cranbourne,2026-09-28,1,Jump Out - Good 4,800.0,Set Weights,,8.0,False,,,,,I'm Foxing,4.0,Mare,I Am Immortal,Fox Two,,Alex Rae,5,4,0,1,0.8,80.0,100.0,706.0,0.0,93.0,1.0,21.0,0.15,-0.34,-0.54,-0.81,-0.12,s(HT),False,,0,,,,
Cranbourne,2026-09-28,10,Jump Out - Good 4,650.0,Set Weights,,4.0,False,,,,,Amsterdam,2.0,Colt,Anamoe,Secret Trail,,Ciaron Maher,0,0,0,0,,0.0,0.0,0.0,0.0,,,,,,,,,,False,,0,,,,
Cranbourne,2026-09-28,11,Jump Out - Good 4,650.0,Set Weights,,2.0,False,,,,,Labyrinth,2.0,Filly,Street Boss,Demandz,,Cindy Alderson,0,0,0,0,,0.0,0.0,0.0,0.0,,,,,,,,,(HT),False,,0,,,,
Cranbourne,2026-09-28,12,Jump Out - Good 4,1000.0,Set Weights,,11.0,False,,,,,Small Town Hero,7.0,Gelding,Shamexpress,Fjall,,Brett Conlon,15,3,4,0,0.2,20.0,47.0,36.0,0.0,142.0,10.0,9.0,0.23,-0.28,-0.29,-0.66,-0.06,so(HT),False,,0,,,,
Cranbourne,2026-09-28,13,Jump Out - Good 4,1000.0,Set Weights,,9.0,False,,,,,Decalogue,4.0,Gelding,Extreme Choice,Commandment,,Ciaron Maher,12,3,4,0,0.25,25.0,58.0,-33.0,0.0,65.0,4.0,4.0,-0.5,-1.57,-2.11,-2.4,-1.58,sh,False,,0,,,,
Cranbourne,2026-09-28,14,Jump Out - Good 4,1000.0,Set Weights,,8.0,False,,,,,Gwendeling,3.0,Filly,Street Boss,Palurien,,Anthony & Sam Freedman,0,0,0,0,,0.0,0.0,0.0,0.0,,,,,,,,,,False,,0,,,,
Cranbourne,2026-09-28,15,Jump Out - Good 4,1000.0,Set Weights,,8.0,False,,,,,Rough Enuff,4.0,Gelding,Rich Enuff,Fudged,,Cindy Alderson,4,0,0,1,0.0,0.0,25.0,-100.0,0.0,178.0,6.0,3.5,-0.24,-0.63,-0.66,-0.45,1.16,o(HT),False,,0,,,,
Cranbourne,2026-09-28,16,Jump Out - Good 4,1000.0,Set Weights,,7.0,False,,,,,Verismo,3.0,Gelding,Blue Point,Colombina,,Anthony & Sam Freedman,1,0,0,0,0.0,0.0,0.0,-100.0,0.0,121.0,4.0,7.0,,,,,,,False,,0,,,,
Cranbourne,2026-09-28,17,Jump Out - Good 4,1000.0,Set Weights,,7.0,False,,,,,I'm Mim,6.0,Mare,Dandino,O'mimic,,Doug Harrison,29,0,0,3,0.0,0.0,10.0,-100.0,0.0,225.0,6.0,31.0,0.09,-0.07,-0.07,-0.05,1.75,(HT),False,,0,,,,
Cranbourne,2026-09-28,18,Jump Out - Good 4,1200.0,Set Weights,,10.0,False,,,,,The Kings Gospel,8.0,Gelding,Animal Kingdom,Readings,,Adrian McGregor,44,6,2,5,0.13636363636363635,14.0,30.0,-1.0,0.0,141.0,5.0,5.5,-0.04,-0.35,-0.79,-1.18,0.78,s(HT),False,,0,,,,
Cranbourne,2026-09-28,2,Jump Out - Good 4,800.0,Set Weights,,8.0,False,,,,,Bangholme,7.0,Gelding,Cable Bay,Winston Drive,,Adrian McGregor,31,5,3,3,0.16129032258064516,16.0,35.0,49.0,0.0,137.0,10.0,101.0,0.28,0.18,0.08,-0.03,0.66,so(HT),False,,0,,,,
Cranbourne,2026-09-28,3,Jump Out - Good 4,800.0,Set Weights,,9.0,False,,,,,Angels Fury,3.0,Filly,Harry Angel,Ashra Jahre,,Ciaron Maher,3,2,0,0,0.6666666666666666,67.0,67.0,25.0,0.0,79.0,1.0,1.8,0.02,-0.39,-0.35,-0.27,0.67,s,False,,0,,,,
Cranbourne,2026-09-28,4,Jump Out - Good 4,800.0,Set Weights,,9.0,False,,,,,Castelli In Aria,5.0,Mare,Castelvecchio,Believer,,Enver Jusufovic,4,0,2,1,0.0,0.0,75.0,-100.0,0.0,206.0,9.0,4.0,-0.14,-0.69,-0.91,-0.86,0.61,(HT),False,,0,,,,
Cranbourne,2026-09-28,5,Jump Out - Good 4,800.0,Set Weights,,9.0,False,,,,,Royal Tea,3.0,Filly,Royal Meeting,O' So Hazy,,Alex Rae,0,0,0,0,,0.0,0.0,0.0,0.0,,,,,,,,,(HT),False,,0,,,,
Cranbourne,2026-09-28,6,Jump Out - Good 4,800.0,Set Weights,,8.0,False,,,,,Hellica,4.0,Mare,Hellbent,Andromache,,Gemma Rielly,2,0,0,0,0.0,0.0,0.0,-100.0,0.0,164.0,8.0,151.0,0.35,0.74,0.95,1.0,1.9,,False,,0,,,,
Cranbourne,2026-09-28,7,Jump Out - Good 4,800.0,Set Weights,,8.0,False,,,,,Bourne Legacy,3.0,Gelding,Nicconi,Secret Success,,Anthony & Sam Freedman,3,0,1,0,0.0,0.0,33.0,-100.0,0.0,102.0,2.0,5.0,-0.06,-0.49,-0.55,-0.58,0.84,,False,,0,,,,
Cranbourne,2026-09-28,8,Jump Out - Good 4,800.0,Set Weights,,8.0,False,,,,,Zeffirelli,4.0,Gelding,Puissance de Lune,Entourage,,Alex Rae,3,0,0,0,0.0,0.0,0.0,-100.0,0.0,183.0,12.0,12.0,-0.06,-0.4,-0.62,0.26,2.18,o(HT),False,,0,,,,
Cranbourne,2026-09-28,9,Jump Out - Good 4,800.0,Set Weights,,6.0,False,,,,,Prolific Angel,3.0,Gelding,Pinatubo,Stolen Angel,,Anthony & Sam Freedman,1,0,0,0,0.0,0.0,0.0,-100.0,0.0,121.0,5.0,10.0,-0.18,-0.05,-0.04,-0.35,0.71,,False,,0,,,,
Bunbury,2026-09-28,6,Kettridges Av Maiden,1400.0,"3-Y-O & Up, Maiden, Set Weights",25000.0,14.0,False,1.0,8.0,58.0,55.5,Rocking In Vegas,6.0,Gelding,Awesome Rock,Star of Vegas,Taj Dyson,Kirsten Melis,19,0,3,6,0.0,0.0,47.0,-100.0,5.0,12.0,3.0,10.0,-0.43,-0.97,-1.14,-1.4,0.77,,False,6.5,9,6.0,6.0,,
Bunbury,2026-09-28,6,Kettridges Av Maiden,1400.0,"3-Y-O & Up, Maiden, Set Weights",25000.0,14.0,False,2.0,10.0,58.0,52.5,Wardikcar,5.0,Gelding,Pariah,Pony Power,Clint Johnston-porter,Summer Dickson,3,0,1,1,0.0,0.0,67.0,-100.0,4.0,11.0,2.0,3.5,-0.41,-1.42,-1.07,-1.61,1.14,,False,5.0,7,5.0,4.6,,
Bunbury,2026-09-28,6,Kettridges Av Maiden,1400.0,"3-Y-O & Up, Maiden, Set Weights",25000.0,14.0,False,3.0,1.0,58.0,53.0,Gilded Reign,4.0,Gelding,Long Leaf,She's Readytoreign,Paul Harvey,Darren McAuliffe,9,0,0,1,0.0,0.0,11.0,-100.0,18.0,18.0,4.0,13.0,0.47,0.3,0.43,0.35,1.78,,True,9.5,13,9.0,9.0,,
Bunbury,2026-09-28,6,Kettridges Av Maiden,1400.0,"3-Y-O & Up, Maiden, Set Weights",25000.0,14.0,False,4.0,11.0,58.0,54.5,Banffshire,4.0,Gelding,Rogano,Montanui Miss,Alex Hearn,Warwick Bradshaw,4,0,0,0,0.0,0.0,0.0,-100.0,9.0,11.0,10.0,41.0,-0.1,-0.47,-0.24,-0.6,1.78,o,False,151.0,4,126.0,126.0,,
Bunbury,2026-09-28,6,Kettridges Av Maiden,1400.0,"3-Y-O & Up, Maiden, Set Weights",25000.0,14.0,False,5.0,3.0,58.0,53.0,Pacific Frost,4.0,Gelding,Frosted,Indi Pacific,Joey Azzopardi,Brendon Fitz-gerald,4,0,0,0,0.0,0.0,0.0,-100.0,7.0,11.0,9.0,101.0,0.14,-0.55,0.11,0.04,2.42,(HT),False,151.0,9,61.0,126.0,,
Bunbury,2026-09-28,6,Kettridges Av Maiden,1400.0,"3-Y-O & Up, Maiden, Set Weights",25000.0,14.0,False,6.0,9.0,58.0,52.5,Suzano,4.0,Gelding,Russian Revolution,Summer Fun,Natika Riordan,Fenella Martin,0,0,0,0,,0.0,0.0,0.0,6.0,,,,,,,,,,False,151.0,7,41.0,91.0,,
Bunbury,2026-09-28,6,Kettridges Av Maiden,1400.0,"3-Y-O & Up, Maiden, Set Weights",25000.0,14.0,False,7.0,12.0,56.0,53.0,Zali's Gift,4.0,Mare,Sessions,Showzali,Lucy Fiore,Brandon Fiore,13,0,2,3,0.0,0.0,38.0,-100.0,11.0,18.0,8.0,3.5,-0.22,-0.77,-0.46,-0.56,1.28,b,True,8.5,11,8.0,7.0,,
Bunbury,2026-09-28,6,Kettridges Av Maiden,1400.0,"3-Y-O & Up, Maiden, Set Weights",25000.0,14.0,False,8.0,6.0,56.0,52.0,Diamond Choux,5.0,Mare,Jimmy Choux,Elsie's Rhapsody,Chris Parnham,Ross Price,15,0,2,2,0.0,0.0,27.0,-100.0,9.0,11.0,3.0,10.0,-0.38,-0.89,-0.98,-1.14,1.53,,True,23.0,10,9.0,18.0,,
Bunbury,2026-09-28,6,Kettridges Av Maiden,1400.0,"3-Y-O & Up, Maiden, Set Weights",25000.0,14.0,False,9.0,2.0,56.0,50.0,Coracao,4.0,Mare,Long Leaf,Quirimbas,Jefferson Tsang,Kirryn Scallan,14,0,1,0,0.0,0.0,7.0,-100.0,0.0,11.0,6.0,13.0,0.25,-0.47,-0.12,-0.18,1.9,,False,26.0,8,14.0,21.0,,
Bunbury,2026-09-28,6,Kettridges Av Maiden,1400.0,"3-Y-O & Up, Maiden, Set Weights",25000.0,14.0,False,10.0,5.0,56.0,54.5,Momotaro,4.0,Mare,Maurice,My Dreamland,Brayden Gaerth,Jarrad Humphries,7,0,0,1,0.0,0.0,14.0,-100.0,0.0,11.0,6.0,20.0,0.3,-0.04,-0.18,-0.28,2.16,,False,46.0,11,14.0,34.0,,
Bunbury,2026-09-28,6,Kettridges Av Maiden,1400.0,"3-Y-O & Up, Maiden, Set Weights",25000.0,14.0,False,11.0,13.0,55.5,46.0,Browning Street,3.0,Gelding,Long Leaf,Snitz 'n' Giggles,Tash Faithfull,Sue Naylor,1,0,0,1,0.0,0.0,100.0,-100.0,0.0,18.0,3.0,51.0,-0.45,-1.61,-1.27,-1.86,0.76,,False,5.0,7,6.5,3.9,,
Bunbury,2026-09-28,6,Kettridges Av Maiden,1400.0,"3-Y-O & Up, Maiden, Set Weights",25000.0,14.0,False,12.0,7.0,55.5,,All The Rage,3.0,Gelding,Hellbent,Raging Queen,Steven Parnham,Stefan Vahala,2,0,0,0,0.0,0.0,0.0,-100.0,10.0,173.0,4.0,10.0,0.17,0.07,0.3,0.03,1.69,,False,21.0,6,10.0,18.0,,
Bunbury,2026-09-28,6,Kettridges Av Maiden,1400.0,"3-Y-O & Up, Maiden, Set Weights",25000.0,14.0,False,13.0,4.0,53.5,50.0,Dynastic Lass,3.0,Filly,Headwater,Leica's Lass,Victoria Corver,Ryan Hill,4,0,1,0,0.0,0.0,25.0,-100.0,8.0,15.0,2.0,9.0,0.12,-0.01,0.1,,1.08,,False,8.5,12,6.0,8.0,,
Bunbury,2026-09-28,6,Kettridges Av Maiden,1400.0,"3-Y-O & Up, Maiden, Set Weights",25000.0,14.0,False,14.0,14.0,53.5,51.0,Lunaris,3.0,Filly,So You Think,Black Tulip,William Pike,Michael Grantham,1,0,0,0,0.0,0.0,0.0,-100.0,25.0,11.0,8.0,2.8,-0.37,-1.1,-0.72,-1.11,1.5,b,False,5.0,7,4.6,4.2,,
Bunbury,2026-09-28,3,Kettridges - Quality Stockfeeds Maiden,1400.0,"3-Y-O & Up, Maiden, Set Weights",25000.0,11.0,False,1.0,8.0,58.0,53.0,Agent Remington,5.0,Gelding,Puissance de Lune,Remy Martini,Cassey Martinan,Warwick Bradshaw,4,0,1,2,0.0,0.0,75.0,-100.0,0.0,18.0,3.0,9.0,0.06,-0.15,0.55,0.12,1.16,,False,4.8,14,5.5,4.0,,
Bunbury,2026-09-28,3,Kettridges - Quality Stockfeeds Maiden,1400.0,"3-Y-O & Up, Maiden, Set Weights",25000.0,11.0,False,2.0,10.0,58.0,51.0,Twisted Trickster,5.0,Gelding,Oratorio,New York Philly,William Pike,Roy Rogers,9,0,1,1,0.0,0.0,22.0,-100.0,26.0,5.0,7.0,41.0,0.14,0.24,0.48,0.4,1.84,,True,3.9,12,5.0,3.7,,
Bunbury,2026-09-28,3,Kettridges - Quality Stockfeeds Maiden,1400.0,"3-Y-O & Up, Maiden, Set Weights",25000.0,11.0,False,3.0,11.0,58.0,53.0,Last Shout,5.0,Gelding,Sessions,Scenic Rules,Joey Azzopardi,Brendon Fitz-gerald,6,0,0,2,0.0,0.0,33.0,-100.0,7.0,18.0,5.0,41.0,-0.14,-0.63,-0.13,,1.73,(HT),False,13.0,10,14.0,10.0,,
Bunbury,2026-09-28,3,Kettridges - Quality Stockfeeds Maiden,1400.0,"3-Y-O & Up, Maiden, Set Weights",25000.0,11.0,False,5.0,4.0,56.0,50.0,Hamadryad,6.0,Mare,Ducimus,Karriwood,Jefferson Tsang,Simon Proudfoot,16,0,1,0,0.0,0.0,6.0,-100.0,0.0,11.0,2.0,12.0,0.12,-0.38,-0.23,-0.14,1.17,,True,8.0,6,6.0,6.75,,
Bunbury,2026-09-28,3,Kettridges - Quality Stockfeeds Maiden,1400.0,"3-Y-O & Up, Maiden, Set Weights",25000.0,11.0,False,6.0,6.0,56.0,54.5,Spiritart,5.0,Mare,Flying Artie,Spiritual,Alex Hearn,Charlotte Skerritt,7,0,0,0,0.0,0.0,0.0,-100.0,8.0,11.0,5.0,61.0,0.19,-0.29,-0.23,-0.54,1.99,(HT),True,34.0,9,20.0,21.0,,
Bunbury,2026-09-28,3,Kettridges - Quality Stockfeeds Maiden,1400.0,"3-Y-O & Up, Maiden, Set Weights",25000.0,11.0,False,7.0,9.0,56.0,53.0,Producimus,4.0,Mare,Ducimus,Shezapro,Chloe Azzopardi,Darren Taylor,5,0,0,0,0.0,0.0,0.0,-100.0,2.0,18.0,5.0,51.0,0.22,-0.36,-0.65,-0.72,1.34,,False,10.0,14,18.0,8.0,,
Bunbury,2026-09-28,3,Kettridges - Quality Stockfeeds Maiden,1400.0,"3-Y-O & Up, Maiden, Set Weights",25000.0,11.0,False,8.0,2.0,56.0,52.0,Fortgang,4.0,Mare,Rommel,Leitfaden,Chris Parnham,Neville Parnham,4,0,0,0,0.0,0.0,0.0,-100.0,13.0,11.0,8.0,21.0,-0.23,-0.48,-0.1,-0.19,2.23,,True,26.0,9,19.0,18.0,,
Bunbury,2026-09-28,3,Kettridges - Quality Stockfeeds Maiden,1400.0,"3-Y-O & Up, Maiden, Set Weights",25000.0,11.0,False,9.0,3.0,56.0,54.0,Lexan'ruby,4.0,Mare,I'm All the Talk,De La Reign,Zephen Johnston-porter,Kirsten Melis,4,0,0,0,0.0,0.0,0.0,-100.0,0.0,18.0,11.0,71.0,0.04,-0.61,-0.5,-0.68,0.98,o,False,34.0,9,46.0,23.0,,
Bunbury,2026-09-28,3,Kettridges - Quality Stockfeeds Maiden,1400.0,"3-Y-O & Up, Maiden, Set Weights",25000.0,11.0,False,11.0,13.0,56.0,53.0,Told You,7.0,Mare,So Secret,Meander,Jarrad Noske,Greg Carige,6,0,0,0,0.0,0.0,0.0,-100.0,5.0,46.0,11.0,101.0,0.7,0.56,0.82,0.84,2.99,o(HT),True,151.0,3,151.0,101.0,,
Bunbury,2026-09-28,3,Kettridges - Quality Stockfeeds Maiden,1400.0,"3-Y-O & Up, Maiden, Set Weights",25000.0,11.0,False,12.0,5.0,53.5,51.5,Ze Deel,3.0,Filly,Dundeel,Zestily,Chanel Cooper,Tiarnna Noske,1,0,0,0,0.0,0.0,0.0,-100.0,0.0,12.0,4.0,21.0,-0.6,-0.62,-0.49,-0.3,0.92,,False,4.0,8,5.5,3.6,,
Bunbury,2026-09-28,3,Kettridges - Quality Stockfeeds Maiden,1400.0,"3-Y-O & Up, Maiden, Set Weights",25000.0,11.0,False,13.0,1.0,53.5,53.0,Talkisstillcheap,3.0,Filly,Grunt,Princess Peggy,Lucy Fiore,Brandon Fiore,0,0,0,0,,0.0,0.0,0.0,11.0,,,,,,,,,,False,9.0,8,7.0,6.75,,
Bunbury,2026-09-28,3,Kettridges - Quality Stockfeeds Maiden,1400.0,"3-Y-O & Up, Maiden, Set Weights",25000.0,11.0,False,4.0,7.0,56.0,53.0,Playa Del Sol,4.0,Mare,Starspangledbanner,El Costa Mar,Paul Harvey,Darren McAuliffe,8,0,2,1,0.0,0.0,38.0,-100.0,18.0,18.0,2.0,6.5,-0.09,-0.46,-0.66,-0.56,1.23,,False,4.4,9,4.2,3.9,,
Bunbury,2026-09-28,3,Kettridges - Quality Stockfeeds Maiden,1400.0,"3-Y-O & Up, Maiden, Set Weights",25000.0,11.0,False,10.0,12.0,56.0,,Sandy Cheeks,6.0,Mare,Maschino,Seaside Serenade,,Mollie Clark,5,0,0,0,0.0,0.0,0.0,-100.0,0.0,5.0,14.0,13.0,0.01,-0.38,-0.46,-0.62,2.06,o,True,,0,,,,
Curragh,2026-09-27,7,Kwiff More Bang For Your Bet Nursery Handicap,1408.0,"2YO, Handicap",34070.0,12.0,True,1.0,2.0,62.5,,Our Boy Bailey,2.0,Gelding,Bayside Boy,Zaafran,Keithen Kennedy,J Harrington,4,0,1,0,0.0,0.0,25.0,-100.0,9.0,10.0,4.0,9.5,,,,,,,False,10.0,35,8.5,8.0,8.0,0.0
Curragh,2026-09-27,7,Kwiff More Bang For Your Bet Nursery Handicap,1408.0,"2YO, Handicap",34070.0,12.0,True,2.0,3.0,61.25,,Moon Sand,2.0,Colt,Sea The Moon,Laylana,J M Sheridan,J P O'Brien,3,0,0,0,0.0,0.0,0.0,-100.0,18.0,10.0,6.0,67.0,,,,,,,False,3.8,50,6.5,3.25,1.0,1.0
Curragh,2026-09-27,7,Kwiff More Bang For Your Bet Nursery Handicap,1408.0,"2YO, Handicap",34070.0,12.0,True,3.0,10.0,60.75,,Romance,2.0,Filly,Kendargent,Romance Story,Andrew Slattery,J Halley,5,1,1,0,0.2,20.0,40.0,60.0,6.0,5.0,2.0,7.5,,,,,,dn,False,3.9,33,3.5,3.7,2.0,0.0
Curragh,2026-09-27,7,Kwiff More Bang For Your Bet Nursery Handicap,1408.0,"2YO, Handicap",34070.0,12.0,True,4.0,1.0,60.25,,Margot Mae,2.0,Filly,Starspangledbanner,Moody Blue,Scott McCullagh,J Harrington,5,0,0,1,0.0,0.0,20.0,-100.0,8.0,5.0,5.0,11.0,,,,,,,False,23.0,9,10.0,19.0,,
Curragh,2026-09-27,7,Kwiff More Bang For Your Bet Nursery Handicap,1408.0,"2YO, Handicap",34070.0,12.0,True,5.0,7.0,58.0,,Gabby Hayes,2.0,Gelding,Space Traveller,Poker Hospital,Colin Keane,N Meade,3,0,0,0,0.0,0.0,0.0,-100.0,13.0,22.0,6.0,51.0,,,,,,,False,23.0,28,8.5,19.0,3.0,0.0
Curragh,2026-09-27,7,Kwiff More Bang For Your Bet Nursery Handicap,1408.0,"2YO, Handicap",34070.0,12.0,True,6.0,8.0,57.5,,Closefield Beau,2.0,Gelding,Nando Parrado,Dawaa,Ben Coen,Daniel McLoughlin,3,0,0,0,0.0,0.0,0.0,-100.0,11.0,26.0,8.0,301.0,,,,,,,False,13.0,38,12.0,10.0,4.0,0.0
Curragh,2026-09-27,7,Kwiff More Bang For Your Bet Nursery Handicap,1408.0,"2YO, Handicap",34070.0,12.0,True,7.0,12.0,56.75,,Matavai Bay,2.0,Filly,Dandy Man,Westfalica,Chris Hayes,Kevin Coleman,3,0,0,0,0.0,0.0,0.0,-100.0,0.0,39.0,5.0,126.0,,,,,,,False,21.0,33,15.0,17.0,7.0,0.0
Curragh,2026-09-27,7,Kwiff More Bang For Your Bet Nursery Handicap,1408.0,"2YO, Handicap",34070.0,12.0,True,8.0,11.0,56.25,,Exchange Student,2.0,Filly,Extreme Choice,Sweet Strike,Julian Pietropaolo,J A Stack,5,1,0,0,0.2,20.0,20.0,100.0,50.0,29.0,1.0,10.0,,,,,,tcdn,False,3.6,44,5.0,3.3,6.0,0.0
Curragh,2026-09-27,7,Kwiff More Bang For Your Bet Nursery Handicap,1408.0,"2YO, Handicap",34070.0,12.0,True,9.0,9.0,56.25,,Scarlet Dream,2.0,Filly,Ardad,True Scarlet,Adam Caffrey,A McGuinness,4,0,0,0,0.0,0.0,0.0,-100.0,10.0,5.0,5.0,15.0,,,,,,,False,34.0,12,17.0,26.0,,
Curragh,2026-09-27,7,Kwiff More Bang For Your Bet Nursery Handicap,1408.0,"2YO, Handicap",34070.0,12.0,True,10.0,4.0,55.75,,Two Brigade,2.0,Colt,Invincible Army,Faithful Duchess,Reese Holohan,M O'Callaghan,6,0,1,0,0.0,0.0,17.0,-100.0,25.0,10.0,2.0,11.0,,,,,,,False,31.0,34,7.5,23.0,9.0,0.0
Curragh,2026-09-27,7,Kwiff More Bang For Your Bet Nursery Handicap,1408.0,"2YO, Handicap",34070.0,12.0,True,11.0,5.0,54.5,,Supreme Act,2.0,Gelding,Supremacy,Rosa Albertine,Jimmy Dalton,A Slattery,4,0,0,0,0.0,0.0,0.0,-100.0,5.0,10.0,8.0,13.0,,,,,,,False,23.0,34,15.0,19.0,5.0,0.0
Curragh,2026-09-27,7,Kwiff More Bang For Your Bet Nursery Handicap,1408.0,"2YO, Handicap",34070.0,12.0,True,12.0,6.0,54.0,,Somethingaboutlove,2.0,Filly,Soldier's Call,Le Freak,Rory Cleary,C W J Farrell,3,0,0,0,0.0,0.0,0.0,-100.0,5.0,5.0,4.0,41.0,,,,,,,False,151.0,22,51.0,101.0,10.0,0.0
Curragh,2026-09-27,8,Kwiff Supercharged Betting (Q.r.) Handicap,2012.0,"3YO+, Handicap",29203.0,24.0,True,1.0,9.0,78.0,,Kimy,6.0,Mare,Barastraight,Minimiss,C Mullins,T Mullins,28,1,4,3,0.03571428571428571,4.0,29.0,-86.0,6.0,44.0,6.0,17.0,,,,,,n,False,81.0,19,26.0,51.0,15.0,0.0
Curragh,2026-09-27,8,Kwiff Supercharged Betting (Q.r.) Handicap,2012.0,"3YO+, Handicap",29203.0,24.0,True,2.0,7.0,77.5,,Justenzia,4.0,Filly,Ghaiyyath,Renzia,H C Swan,D Hogan,17,1,4,0,0.058823529411764705,6.0,29.0,-71.0,8.0,28.0,2.0,9.0,,,,,,sn,False,5.5,30,9.0,4.8,2.0,0.0
Curragh,2026-09-27,8,Kwiff Supercharged Betting (Q.r.) Handicap,2012.0,"3YO+, Handicap",29203.0,24.0,True,3.0,23.0,77.0,,No More Porter,8.0,Gelding,Elzaam,Zaziyra,J Dunne,A McGuinness,66,3,10,10,0.045454545454545456,5.0,35.0,-70.0,0.0,12.0,5.0,10.0,,,,,,tsn,False,12.0,39,13.0,9.0,7.0,0.0
Curragh,2026-09-27,8,Kwiff Supercharged Betting (Q.r.) Handicap,2012.0,"3YO+, Handicap",29203.0,24.0,True,4.0,10.0,75.25,,Alfalfa,8.0,Gelding,Sir Prancealot,Mrs Popple,D Doyle,T Doyle,26,2,2,3,0.07692307692307693,8.0,27.0,-60.0,3.0,340.0,21.0,13.0,,,,,,tson,False,41.0,47,19.0,31.0,6.0,0.0
Curragh,2026-09-27,8,Kwiff Supercharged Betting (Q.r.) Handicap,2012.0,"3YO+, Handicap",29203.0,24.0,True,5.0,21.0,75.25,,Chipsrdown,4.0,Filly,Kodi Bear,Casino Girl,A P Ryan,A Slattery,9,2,1,2,0.2222222222222222,22.0,56.0,-14.0,18.0,8.0,1.0,3.25,,,,,,sn,False,5.75,34,4.2,4.6,13.0,0.0
Curragh,2026-09-27,8,Kwiff Supercharged Betting (Q.r.) Handicap,2012.0,"3YO+, Handicap",29203.0,24.0,True,6.0,2.0,74.5,,Double Indian,4.0,Colt,Indian Haven,Silkenveil,L Whitty,J Harrington,5,0,0,0,0.0,0.0,0.0,-100.0,0.0,39.0,13.0,51.0,,,,,,o,False,71.0,14,41.0,51.0,,
Curragh,2026-09-27,8,Kwiff Supercharged Betting (Q.r.) Handicap,2012.0,"3YO+, Handicap",29203.0,24.0,True,7.0,16.0,74.5,,It's Good To Talk,5.0,Gelding,Caravaggio,Hikari,O M Queally,E Mullins,6,0,1,0,0.0,0.0,17.0,-100.0,0.0,22.0,17.0,101.0,,,,,,o,False,41.0,28,19.0,31.0,8.0,0.0
Curragh,2026-09-27,8,Kwiff Supercharged Betting (Q.r.) Handicap,2012.0,"3YO+, Handicap",29203.0,24.0,True,8.0,3.0,73.5,,Dark Summit,4.0,Gelding,Dark Angel,Icespire,J L Gleeson,P W Flynn,13,1,0,1,0.07692307692307693,8.0,15.0,-78.0,0.0,52.0,3.0,8.0,,,,,,sn,False,9.0,43,12.0,7.0,16.0,0.0
Curragh,2026-09-27,8,Kwiff Supercharged Betting (Q.r.) Handicap,2012.0,"3YO+, Handicap",29203.0,24.0,True,9.0,14.0,73.5,,Elusive Duke,4.0,Gelding,Elzaam,Elusive Duchess,E C Costello,M A Molloy,18,1,4,1,0.05555555555555555,6.0,33.0,-72.0,0.0,17.0,11.0,7.0,,,,,,on,False,21.0,12,19.0,14.0,,
Curragh,2026-09-27,8,Kwiff Supercharged Betting (Q.r.) Handicap,2012.0,"3YO+, Handicap",29203.0,24.0,True,10.0,17.0,73.5,,Fianna,5.0,Mare,Belardo,Diva,O McGill,A A Howard,10,1,0,1,0.1,10.0,20.0,50.0,0.0,39.0,1.0,15.0,,,,,,n,False,5.0,41,6.5,4.4,1.0,1.0
Curragh,2026-09-27,8,Kwiff Supercharged Betting (Q.r.) Handicap,2012.0,"3YO+, Handicap",29203.0,24.0,True,11.0,11.0,73.5,,Sherekiya,3.0,Filly,Camelot,Shehreen,Finian Maguire,D K Weld,6,0,0,1,0.0,0.0,17.0,-100.0,29.0,17.0,8.0,6.0,,,,,,,False,9.0,13,7.0,7.5,,
Curragh,2026-09-27,8,Kwiff Supercharged Betting (Q.r.) Handicap,2012.0,"3YO+, Handicap",29203.0,24.0,True,12.0,15.0,73.0,,Timandi,4.0,Filly,Camacho,La Divina,B T Stone,J M Barrett,17,1,1,0,0.058823529411764705,6.0,12.0,-79.0,0.0,52.0,7.0,4.33,,,,,,n,False,16.0,40,17.0,13.0,3.0,0.0
Curragh,2026-09-27,8,Kwiff Supercharged Betting (Q.r.) Handicap,2012.0,"3YO+, Handicap",29203.0,24.0,True,13.0,20.0,72.5,,Casheldale Lass,4.0,Filly,Raven's Pass,Owega Dale,J C Barry,A Kinirons,13,2,1,1,0.15384615384615385,15.0,31.0,173.0,5.0,50.0,3.0,15.0,,,,,,n,False,21.0,47,23.0,17.0,14.0,0.0
Curragh,2026-09-27,8,Kwiff Supercharged Betting (Q.r.) Handicap,2012.0,"3YO+, Handicap",29203.0,24.0,True,14.0,12.0,72.5,,Out On Friday,10.0,Gelding,Masterofthehorse,Macsteps,B P Leahy,P Byrne,88,8,8,2,0.09090909090909091,9.0,20.0,-31.0,0.0,28.0,18.0,34.0,,,,,,shon,False,126.0,32,51.0,81.0,17.0,0.0
Curragh,2026-09-27,8,Kwiff Supercharged Betting (Q.r.) Handicap,2012.0,"3YO+, Handicap",29203.0,24.0,True,15.0,5.0,72.0,,Lamberella,3.0,Filly,Gleneagles,Lambari,T B Merrigan,D Marnane,7,0,0,0,0.0,0.0,0.0,-100.0,0.0,42.0,11.0,19.0,,,,,,o,False,61.0,14,26.0,41.0,11.0,0.0
Curragh,2026-09-27,8,Kwiff Supercharged Betting (Q.r.) Handicap,2012.0,"3YO+, Handicap",29203.0,24.0,True,16.0,18.0,71.75,,Rocket Robyn,4.0,Filly,Harry Angel,Glee Club,P A King,M Hassett,11,0,2,0,0.0,0.0,18.0,-100.0,24.0,8.0,5.0,15.0,,,,,,,False,15.0,21,17.0,12.0,10.0,0.0
Curragh,2026-09-27,8,Kwiff Supercharged Betting (Q.r.) Handicap,2012.0,"3YO+, Handicap",29203.0,24.0,True,17.0,8.0,71.25,,Dont Get Me Wrong,3.0,Gelding,Due Diligence,Fine Judgment,B M Coonan,Gerard O'Leary,7,1,1,0,0.14285714285714285,14.0,29.0,7.0,100.0,43.0,2.0,9.5,,,,,,n,False,17.0,11,10.0,12.0,,
Curragh,2026-09-27,8,Kwiff Supercharged Betting (Q.r.) Handicap,2012.0,"3YO+, Handicap",29203.0,24.0,True,18.0,4.0,71.25,,Lamar Valley,3.0,Filly,Mohaather,Pamushana,D G Lavery,Kevin Coleman,3,0,0,0,0.0,0.0,0.0,-100.0,0.0,24.0,8.0,101.0,,,,,,,False,29.0,26,17.0,21.0,4.0,0.0
Curragh,2026-09-27,8,Kwiff Supercharged Betting (Q.r.) Handicap,2012.0,"3YO+, Handicap",29203.0,24.0,True,19.0,13.0,70.75,,Belle Nuit,3.0,Filly,Elzaam,Kitlyn,S Cotter,P Nolan,6,0,0,0,0.0,0.0,0.0,-100.0,0.0,18.0,9.0,11.0,,,,,,,False,41.0,29,23.0,26.0,9.0,0.0
Curragh,2026-09-27,8,Kwiff Supercharged Betting (Q.r.) Handicap,2012.0,"3YO+, Handicap",29203.0,24.0,True,20.0,1.0,70.75,,If Not For Grace,4.0,Gelding,Elzaam,Docklands Grace,S Joubert,L P Cusack,4,0,0,0,0.0,0.0,0.0,-100.0,0.0,22.0,8.0,301.0,,,,,,,False,71.0,26,41.0,51.0,5.0,0.0
Curragh,2026-09-27,8,Kwiff Supercharged Betting (Q.r.) Handicap,2012.0,"3YO+, Handicap",29203.0,24.0,True,21.0,22.0,69.0,,Palace Tyne,3.0,Gelding,Palace Pier,Crystal Starlet,A B O'Connor,P Roche,5,0,0,1,0.0,0.0,20.0,-100.0,13.0,180.0,12.0,10.0,,,,,,o,False,51.0,25,21.0,34.0,18.0,0.0
Curragh,2026-09-27,8,Kwiff Supercharged Betting (Q.r.) Handicap,2012.0,"3YO+, Handicap",29203.0,24.0,True,22.0,19.0,67.5,,Bhean Saibhre,5.0,Mare,Decorated Knight,Island Odyssey,L P Shanahan,A A Howard,24,2,4,2,0.08333333333333333,8.0,33.0,-34.0,0.0,1.0,6.0,12.0,,,,,,n,False,6.5,43,11.0,5.5,12.0,0.0
Curragh,2026-09-27,8,Kwiff Supercharged Betting (Q.r.) Handicap,2012.0,"3YO+, Handicap",29203.0,24.0,True,23.0,6.0,67.25,,Chain Of Destiny,7.0,Gelding,Churchill,Always Special,Non Runner,D E Finn,22,3,3,1,0.13636363636363635,14.0,32.0,-100.0,0.0,74.0,12.0,401.0,,,,,,don,False,101.0,1,101.0,101.0,,
Curragh,2026-09-27,8,Kwiff Supercharged Betting (Q.r.) Handicap,2012.0,"3YO+, Handicap",29203.0,24.0,True,24.0,24.0,66.75,,Cleopatra's Needle,8.0,Mare,Helmet,Philae,M Walsh,H Rogers,43,3,6,2,0.06976744186046512,7.0,26.0,23.0,0.0,46.0,12.0,11.0,,,,,,dson(D/A),False,31.0,11,51.0,26.0,,
Down Royal,2026-09-28,4,Madri Excepcional Maiden,1432.0,"3YO+, Maiden",19468.0,10.0,False,1.0,9.0,60.75,,Caption This,3.0,Gelding,Sands Of Mali,Daddies Girl,Robbie Colgan,J Nash,2,0,0,0,0.0,0.0,0.0,-100.0,0.0,18.0,17.0,251.0,,,,,,o,False,151.0,6,151.0,101.0,,
Down Royal,2026-09-28,4,Madri Excepcional Maiden,1432.0,"3YO+, Maiden",19468.0,10.0,False,2.0,2.0,60.75,,Daring Heart,3.0,Colt,Kodi Bear,Clenaghcastle Lady,Gary Carroll,G M Lyons,2,0,1,0,0.0,0.0,50.0,-100.0,11.0,135.0,2.0,4.0,,,,,,,False,2.35,5,2.25,2.25,,
Down Royal,2026-09-28,4,Madri Excepcional Maiden,1432.0,"3YO+, Maiden",19468.0,10.0,False,3.0,8.0,60.75,,Keogie,3.0,Gelding,Sergei Prokofiev,Kozmina Bay,Adam Caffrey,N Meade,7,0,2,1,0.0,0.0,43.0,-100.0,8.0,7.0,4.0,4.0,,,,,,,False,5.25,1,5.0,5.0,,
Down Royal,2026-09-28,4,Madri Excepcional Maiden,1432.0,"3YO+, Maiden",19468.0,10.0,False,4.0,6.0,60.75,,Mac An Luais,3.0,Gelding,Gleneagles,Bay Tripper,Luke McAteer,P T Foley,1,0,0,0,0.0,0.0,0.0,-100.0,9.0,100.0,7.0,17.0,,,,,,,False,29.0,1,26.0,26.0,,
Down Royal,2026-09-28,4,Madri Excepcional Maiden,1432.0,"3YO+, Maiden",19468.0,10.0,False,5.0,1.0,60.75,,Monmouth,3.0,Colt,Kingman,Blissful,Wayne Lordan,A P O'Brien,3,0,0,1,0.0,0.0,33.0,-100.0,16.0,100.0,3.0,8.5,,,,,,,False,3.7,1,3.5,3.5,,
Down Royal,2026-09-28,4,Madri Excepcional Maiden,1432.0,"3YO+, Maiden",19468.0,10.0,False,6.0,3.0,60.75,,Monty Bear,3.0,Gelding,Unfortunately,Allez Allez Allez,Reese Holohan,M Fahey,3,0,0,0,0.0,0.0,0.0,-100.0,4.0,282.0,12.0,251.0,,,,,,o,False,151.0,6,151.0,101.0,,
Down Royal,2026-09-28,4,Madri Excepcional Maiden,1432.0,"3YO+, Maiden",19468.0,10.0,False,7.0,5.0,60.75,,Notahairoutofplace,3.0,Gelding,Belardo,Saltwater,James Ryan,R K Watson,1,0,0,0,0.0,0.0,0.0,-100.0,0.0,73.0,14.0,401.0,,,,,,,False,151.0,6,151.0,101.0,,
Down Royal,2026-09-28,4,Madri Excepcional Maiden,1432.0,"3YO+, Maiden",19468.0,10.0,False,8.0,10.0,58.5,,Blooming Rose,3.0,Filly,Blue Point,Bloomfield,J M Sheridan,J P O'Brien,1,0,0,1,0.0,0.0,100.0,-100.0,18.0,108.0,3.0,3.75,,,,,,,False,4.2,8,4.2,3.7,,
Down Royal,2026-09-28,4,Madri Excepcional Maiden,1432.0,"3YO+, Maiden",19468.0,10.0,False,9.0,7.0,58.5,,Freddiesadienray,3.0,Filly,Coulsty,Freedom Reigns,N Burns,G Keane,1,0,0,0,0.0,0.0,0.0,-100.0,13.0,6.0,15.0,201.0,,,,,,o,False,151.0,6,151.0,101.0,,
Down Royal,2026-09-28,4,Madri Excepcional Maiden,1432.0,"3YO+, Maiden",19468.0,10.0,False,10.0,4.0,58.5,,Orellana,3.0,Filly,Bungle Inthejungle,Paloise,Siobhan Rutledge,H Rogers,3,0,1,0,0.0,0.0,33.0,-100.0,9.0,6.0,2.0,126.0,,,,,,,False,11.0,6,11.0,9.5,,
Brighton,2026-09-28,2,Matchbook Betting Exchange Supporting Uk Racing Maiden Stakes (Gbb Race),1399.0,"3YO+, Class 4, Class 4, Maiden",18558.0,6.0,False,1.0,5.0,61.75,,Irish Spring,4.0,Gelding,Postponed,Santiburi Spring,D E Hogan,K Jewell,1,0,0,0,0.0,0.0,0.0,-100.0,0.0,32.0,6.0,301.0,,,,,,,False,151.0,3,101.0,101.0,,
Brighton,2026-09-28,2,Matchbook Betting Exchange Supporting Uk Racing Maiden Stakes (Gbb Race),1399.0,"3YO+, Class 4, Class 4, Maiden",18558.0,6.0,False,2.0,6.0,60.25,,Galileo Star,3.0,Colt,Starman,Society Gal,Rossa Ryan,J Tate,0,0,0,0,,0.0,0.0,0.0,21.0,,,,,,,,,,False,2.35,5,2.35,2.25,,
Brighton,2026-09-28,2,Matchbook Betting Exchange Supporting Uk Racing Maiden Stakes (Gbb Race),1399.0,"3YO+, Class 4, Class 4, Maiden",18558.0,6.0,False,3.0,1.0,58.0,,All Shall Be Well,3.0,Filly,Without Parole,Four Miracles,Kieran Shoemark,Jack Jones,1,0,0,1,0.0,0.0,100.0,-100.0,10.0,24.0,3.0,34.0,,,,,,,False,7.0,4,6.0,6.5,,
Brighton,2026-09-28,2,Matchbook Betting Exchange Supporting Uk Racing Maiden Stakes (Gbb Race),1399.0,"3YO+, Class 4, Class 4, Maiden",18558.0,6.0,False,4.0,2.0,58.0,,Poor Relation,3.0,Filly,De Treville,Megera,S D Bowen,Ollie Sangster,6,0,1,2,0.0,0.0,50.0,-100.0,8.0,26.0,7.0,9.0,,,,,,,False,8.5,2,8.0,7.5,,
Brighton,2026-09-28,2,Matchbook Betting Exchange Supporting Uk Racing Maiden Stakes (Gbb Race),1399.0,"3YO+, Class 4, Class 4, Maiden",18558.0,6.0,False,5.0,3.0,58.0,,River Nile,3.0,Filly,Teofilo,Juneau,Jason Watson,A M Balding,4,0,0,2,0.0,0.0,50.0,-100.0,17.0,11.0,4.0,2.38,,,,,,,False,2.3,2,2.2,2.1,,
Brighton,2026-09-28,2,Matchbook Betting Exchange Supporting Uk Racing Maiden Stakes (Gbb Race),1399.0,"3YO+, Class 4, Class 4, Maiden",18558.0,6.0,False,6.0,4.0,58.0,,Sakura Impact,3.0,Filly,Mind Your Biscuits,Revenue Share,Alice Bond,I G-leveque,1,0,0,1,0.0,0.0,100.0,-100.0,67.0,82.0,3.0,51.0,,,,,,,False,26.0,1,21.0,21.0,,
Brighton,2026-09-28,5,Matchbook Monthly Bet-builder Rebate Handicap,2394.0,"3YO+, Class 5, Handicap, Class 5, Handicap",14848.0,7.0,False,1.0,5.0,64.5,,Crackergee,4.0,Gelding,Cracksman,Quiz Mistress,David Probert,H Morrison,14,1,1,0,0.07142857142857142,7.0,14.0,-68.0,14.0,31.0,5.0,2.38,,,,,,dsb,False,5.75,4,5.0,5.0,,
Brighton,2026-09-28,5,Matchbook Monthly Bet-builder Rebate Handicap,2394.0,"3YO+, Class 5, Handicap, Class 5, Handicap",14848.0,7.0,False,2.0,2.0,64.0,,Gallant Lion,6.0,Gelding,Roaring Lion,Lysanda,Jason Watson,Ian Williams,37,6,1,4,0.16216216216216217,16.0,30.0,-15.0,13.0,43.0,8.0,34.0,,,,,,tcds,False,5.0,6,6.5,4.2,,
Brighton,2026-09-28,5,Matchbook Monthly Bet-builder Rebate Handicap,2394.0,"3YO+, Class 5, Handicap, Class 5, Handicap",14848.0,7.0,False,3.0,6.0,63.5,,Love You Back,4.0,Gelding,Galiway,Shamardanse,Warren Fentiman,G & J Moore,15,1,5,3,0.06666666666666667,7.0,60.0,-82.0,50.0,156.0,2.0,34.0,,,,,,tcd,False,4.8,6,4.5,4.6,,
Brighton,2026-09-28,5,Matchbook Monthly Bet-builder Rebate Handicap,2394.0,"3YO+, Class 5, Handicap, Class 5, Handicap",14848.0,7.0,False,4.0,4.0,62.25,,Bohemian Breeze,6.0,Gelding,Galileo,Wind Chimes,T P Queally,G & J Moore,49,6,7,10,0.12244897959183673,12.0,47.0,-1.0,11.0,35.0,3.0,7.0,,,,,,td,False,8.0,2,7.0,7.5,,
Brighton,2026-09-28,5,Matchbook Monthly Bet-builder Rebate Handicap,2394.0,"3YO+, Class 5, Handicap, Class 5, Handicap",14848.0,7.0,False,5.0,3.0,59.75,,Skimming Along,5.0,Gelding,Postponed,Flylowflylong,Alec Voikhansky,D Steele,10,2,1,0,0.2,20.0,30.0,115.0,50.0,151.0,5.0,11.0,,,,,,tcds,False,13.0,2,11.0,12.0,,
Brighton,2026-09-28,5,Matchbook Monthly Bet-builder Rebate Handicap,2394.0,"3YO+, Class 5, Handicap, Class 5, Handicap",14848.0,7.0,False,6.0,7.0,58.5,,Miss Guinevere,3.0,Filly,Camelot,Nope,Paddy Bradley,C Fellowes,5,0,0,2,0.0,0.0,40.0,-100.0,16.0,16.0,3.0,3.25,,,,,,b,False,4.6,3,4.5,4.4,,
Brighton,2026-09-28,5,Matchbook Monthly Bet-builder Rebate Handicap,2394.0,"3YO+, Class 5, Handicap, Class 5, Handicap",14848.0,7.0,False,7.0,1.0,58.0,,Darkest Red,3.0,Gelding,Lope Y Fernandez,Accede,D Murphy,J R Boyle,14,0,5,0,0.0,0.0,36.0,-100.0,13.0,18.0,2.0,7.0,,,,,,,False,4.5,5,4.4,4.4,,
Brighton,2026-09-28,1,Matchbook Signup - Get 20% Back On Losses Handicap,1061.0,"3YO+, Class 6, Handicap, Class 6, Handicap",12248.0,10.0,False,1.0,1.0,61.25,,Danger Alert,6.0,Gelding,Ardad,Sandy Times,Taryn Langley,Adam Kirby,47,3,9,2,0.06382978723404255,6.0,30.0,-60.0,9.0,4.0,6.0,6.5,,,,,,ds,False,9.5,5,9.0,7.0,,
Brighton,2026-09-28,1,Matchbook Signup - Get 20% Back On Losses Handicap,1061.0,"3YO+, Class 6, Handicap, Class 6, Handicap",12248.0,10.0,False,2.0,10.0,60.75,,Diamond Dreamer,6.0,Gelding,Oasis Dream,Diamond Blaise,David Probert,P R Chamings,42,6,4,5,0.14285714285714285,14.0,36.0,18.0,13.0,41.0,7.0,10.0,,,,,,s,False,16.0,3,14.0,13.0,,
Brighton,2026-09-28,1,Matchbook Signup - Get 20% Back On Losses Handicap,1061.0,"3YO+, Class 6, Handicap, Class 6, Handicap",12248.0,10.0,False,3.0,6.0,59.75,,Desdemona,4.0,Filly,Showcasing,Rose Marmara,Paddy Bradley,M J Attwater,19,3,3,1,0.15789473684210525,16.0,37.0,-7.0,8.0,34.0,8.0,51.0,,,,,,d,False,51.0,2,34.0,41.0,,
Brighton,2026-09-28,1,Matchbook Signup - Get 20% Back On Losses Handicap,1061.0,"3YO+, Class 6, Handicap, Class 6, Handicap",12248.0,10.0,False,4.0,7.0,58.5,,Dreambird Dolly,4.0,Filly,Tasleet,Quench Dolly,Rossa Ryan,J Gallagher,25,1,5,4,0.04,4.0,40.0,-70.0,22.0,21.0,2.0,15.0,,,,,,,False,5.0,5,4.8,4.8,,
Brighton,2026-09-28,1,Matchbook Signup - Get 20% Back On Losses Handicap,1061.0,"3YO+, Class 6, Handicap, Class 6, Handicap",12248.0,10.0,False,5.0,2.0,58.0,,Harry Brown,6.0,Gelding,Harry Angel,Sarshampla,Rob Hornby,P Crate,54,6,5,13,0.1111111111111111,11.0,44.0,-29.0,0.0,12.0,7.0,23.0,,,,,,,False,6.0,6,7.0,4.8,,
Brighton,2026-09-28,1,Matchbook Signup - Get 20% Back On Losses Handicap,1061.0,"3YO+, Class 6, Handicap, Class 6, Handicap",12248.0,10.0,False,6.0,4.0,57.5,,Beach Partee,3.0,Gelding,Lope Y Fernandez,Parsnip,Christian Howarth,S Dixon,27,3,2,3,0.1111111111111111,11.0,30.0,52.0,8.0,10.0,4.0,9.5,,,,,,ts,False,7.0,3,7.5,6.5,,
Brighton,2026-09-28,1,Matchbook Signup - Get 20% Back On Losses Handicap,1061.0,"3YO+, Class 6, Handicap, Class 6, Handicap",12248.0,10.0,False,7.0,9.0,57.25,,Roman Spring,6.0,Gelding,Caravaggio,Aurora Spring,K T O'Neill,R Cook & J Bridger,51,4,6,6,0.0784313725490196,8.0,31.0,-42.0,12.0,21.0,1.0,6.0,,,,,,td,False,5.0,2,4.6,4.8,,
Brighton,2026-09-28,1,Matchbook Signup - Get 20% Back On Losses Handicap,1061.0,"3YO+, Class 6, Handicap, Class 6, Handicap",12248.0,10.0,False,8.0,8.0,56.75,,Stapleford Park,4.0,Gelding,Ardad,Totally Lost,Kieren Fox,M J Attwater,18,1,2,0,0.05555555555555555,6.0,17.0,-61.0,6.0,26.0,6.0,26.0,,,,,,s,False,26.0,1,23.0,23.0,,
Brighton,2026-09-28,1,Matchbook Signup - Get 20% Back On Losses Handicap,1061.0,"3YO+, Class 6, Handicap, Class 6, Handicap",12248.0,10.0,False,9.0,3.0,55.75,,Bated Breeze,5.0,Gelding,Bated Breath,Olga Da Polga,Finley Marsh,G & J Moore,24,1,1,4,0.041666666666666664,4.0,25.0,-77.0,0.0,21.0,3.0,4.33,,,,,,tb,False,4.2,6,3.7,4.0,,
Brighton,2026-09-28,1,Matchbook Signup - Get 20% Back On Losses Handicap,1061.0,"3YO+, Class 6, Handicap, Class 6, Handicap",12248.0,10.0,False,10.0,5.0,55.0,,Anglesey Lad,5.0,Gelding,Kodi Bear,Sign From Heaven,William Cox,S Dixon,21,0,5,2,0.0,0.0,33.0,-100.0,0.0,137.0,4.0,5.5,,,,,,,False,11.0,3,9.5,9.5,,
Down Royal,2026-09-28,5,Molson Coors Beverage Company Handicap,1432.0,"3YO+, Handicap",19468.0,16.0,False,1.0,7.0,63.5,,Send Harry,4.0,Gelding,Harry Angel,Send Up,Jimmy Dalton,E McCutcheon,21,1,3,5,0.047619047619047616,5.0,43.0,-76.0,0.0,9.0,2.0,4.33,,,,,,dbn,False,6.25,5,4.8,5.5,,
Down Royal,2026-09-28,5,Molson Coors Beverage Company Handicap,1432.0,"3YO+, Handicap",19468.0,16.0,False,2.0,9.0,62.5,,Faoladh,4.0,Gelding,Kodi Bear,Lumiere Astrale,Sam Coen,A Slattery,23,3,1,1,0.13043478260869565,13.0,22.0,46.0,14.0,7.0,4.0,21.0,,,,,,tcdn,False,7.0,3,5.0,6.0,,
Down Royal,2026-09-28,5,Molson Coors Beverage Company Handicap,1432.0,"3YO+, Handicap",19468.0,16.0,False,3.0,15.0,61.75,,Greek Flower,7.0,Mare,Australia,Timeless Call,Jamie Powell,J Feane,34,2,6,5,0.058823529411764705,6.0,38.0,-64.0,7.0,18.0,14.0,11.0,,,,,,shon,False,12.0,6,10.0,9.5,,
Down Royal,2026-09-28,5,Molson Coors Beverage Company Handicap,1432.0,"3YO+, Handicap",19468.0,16.0,False,4.0,12.0,61.25,,Minaun View,4.0,Filly,Bated Breath,Vote Often,Patrick McGettigan,A McGuinness,27,3,3,2,0.1111111111111111,11.0,30.0,-52.0,30.0,15.0,6.0,8.5,,,,,,n,False,14.0,3,11.0,11.0,,
Down Royal,2026-09-28,5,Molson Coors Beverage Company Handicap,1432.0,"3YO+, Handicap",19468.0,16.0,False,5.0,11.0,61.25,,Thaloria,4.0,Filly,Zoustar,Ethaara,Kian McNally,N Lupini,10,1,1,0,0.1,10.0,20.0,310.0,0.0,9.0,14.0,19.0,,,,,,don,False,41.0,5,31.0,31.0,,
Down Royal,2026-09-28,5,Molson Coors Beverage Company Handicap,1432.0,"3YO+, Handicap",19468.0,16.0,False,6.0,13.0,60.75,,Thru And Thru,4.0,Filly,Starspangledbanner,Aussie Opera,Rory Mulligan,Rory Devine,9,0,2,1,0.0,0.0,33.0,-100.0,0.0,6.0,10.0,10.0,,,,,,o,False,19.0,6,14.0,15.0,,
Down Royal,2026-09-28,5,Molson Coors Beverage Company Handicap,1432.0,"3YO+, Handicap",19468.0,16.0,False,7.0,6.0,60.75,,Venetian Star,3.0,Gelding,Starman,Mistress Of Venice,Reese Holohan,P T Foley,14,0,2,2,0.0,0.0,29.0,-100.0,0.0,18.0,17.0,11.0,,,,,,o,False,16.0,5,12.0,12.0,,
Down Royal,2026-09-28,5,Molson Coors Beverage Company Handicap,1432.0,"3YO+, Handicap",19468.0,16.0,False,8.0,14.0,59.75,,Una Matata,5.0,Mare,Mehmas,Toolentidhaar,Jack Kearney,A McGuinness,32,5,2,4,0.15625,16.0,34.0,16.0,12.0,9.0,5.0,6.0,,,,,,dn,False,8.0,3,6.0,7.0,,
Down Royal,2026-09-28,5,Molson Coors Beverage Company Handicap,1432.0,"3YO+, Handicap",19468.0,16.0,False,9.0,3.0,59.0,,Alex Belardo,5.0,Gelding,Belardo,Silver Tide,N Burns,J C McConnell,28,2,3,7,0.07142857142857142,7.0,43.0,-25.0,0.0,19.0,6.0,8.5,,,,,,tcdsn,False,11.0,6,8.5,8.0,,
Down Royal,2026-09-28,5,Molson Coors Beverage Company Handicap,1432.0,"3YO+, Handicap",19468.0,16.0,False,10.0,5.0,59.0,,Go Out,4.0,Gelding,Hello Youmzain,Gracefully,Terry Casey,Daniel Murphy,16,0,3,2,0.0,0.0,31.0,-100.0,7.0,6.0,10.0,10.0,,,,,,o,False,14.0,6,12.0,11.0,,
Down Royal,2026-09-28,5,Molson Coors Beverage Company Handicap,1432.0,"3YO+, Handicap",19468.0,16.0,False,11.0,4.0,59.0,,In The Gloaming,3.0,Gelding,Coulsty,Not After Midnight,James Ryan,A Oliver,7,0,0,0,0.0,0.0,0.0,-100.0,0.0,2.0,5.0,5.0,,,,,,,False,19.0,6,14.0,15.0,,
Down Royal,2026-09-28,5,Molson Coors Beverage Company Handicap,1432.0,"3YO+, Handicap",19468.0,16.0,False,12.0,16.0,59.0,,Zheleznaya Dama,3.0,Filly,Saxon Warrior,Star Of Bristol,Rory Cleary,B W Duke,9,1,1,1,0.1111111111111111,11.0,33.0,44.0,4.0,38.0,12.0,8.5,,,,,,don,False,6.25,5,9.0,5.0,,
Down Royal,2026-09-28,5,Molson Coors Beverage Company Handicap,1432.0,"3YO+, Handicap",19468.0,16.0,False,13.0,10.0,58.5,,Fortuity,3.0,Filly,Dark Angel,Lucky Clio,Keithen Kennedy,J Harrington,9,1,1,0,0.1111111111111111,11.0,22.0,-39.0,9.0,51.0,6.0,17.0,,,,,,dn,False,7.5,2,6.0,6.5,,
Down Royal,2026-09-28,5,Molson Coors Beverage Company Handicap,1432.0,"3YO+, Handicap",19468.0,16.0,False,14.0,8.0,58.5,,King Of Eze,3.0,Gelding,Bated Breath,Punting,Robert Whearty,A Oliver,3,0,0,0,0.0,0.0,0.0,-100.0,9.0,38.0,11.0,34.0,,,,,,o,False,31.0,2,23.0,26.0,,
Down Royal,2026-09-28,5,Molson Coors Beverage Company Handicap,1432.0,"3YO+, Handicap",19468.0,16.0,False,15.0,2.0,65.25,,Barbapapa,7.0,Gelding,Starspangledbanner,Eloge,Reserve 1,H De Bromhead,24,4,4,5,0.16666666666666666,17.0,54.0,12.0,0.0,67.0,3.0,11.0,,,,,,dn,False,17.0,5,12.0,12.0,,
Down Royal,2026-09-28,5,Molson Coors Beverage Company Handicap,1432.0,"3YO+, Handicap",19468.0,16.0,False,16.0,1.0,54.0,,Lar Na Coille,3.0,Filly,Vocalised,Cre Na Coille,Reserve 2,J S Bolger,4,0,0,0,0.0,0.0,0.0,-100.0,0.0,108.0,10.0,26.0,,,,,,o,False,31.0,3,23.0,23.0,,
Down Royal,2026-09-28,1,Molson Coors Beverage Company Nursery Handicap,1006.0,"2YO, Handicap",19468.0,8.0,False,1.0,2.0,64.5,,Premier View,2.0,Gelding,Invincible Army,Romantic View,Conor Cusack,H De Bromhead,2,1,0,0,0.5,50.0,50.0,550.0,16.0,23.0,1.0,13.0,,,,,,tcdn,False,1.8,4,1.8,1.75,,
Down Royal,2026-09-28,1,Molson Coors Beverage Company Nursery Handicap,1006.0,"2YO, Handicap",19468.0,8.0,False,2.0,7.0,61.25,,Annie Tips,2.0,Filly,Soldier's Call,Round Four,Luke McAteer,James Dowling,3,0,0,0,0.0,0.0,0.0,-100.0,0.0,36.0,15.0,201.0,,,,,,o,False,41.0,9,34.0,34.0,,
Down Royal,2026-09-28,1,Molson Coors Beverage Company Nursery Handicap,1006.0,"2YO, Handicap",19468.0,8.0,False,3.0,8.0,59.75,,The Drambling Man,2.0,Gelding,Soldier's Call,Young Special,Julian Pietropaolo,Kevin Coleman,6,0,0,1,0.0,0.0,17.0,-100.0,13.0,11.0,3.0,21.0,,,,,,,False,5.75,4,5.5,5.0,,
Down Royal,2026-09-28,1,Molson Coors Beverage Company Nursery Handicap,1006.0,"2YO, Handicap",19468.0,8.0,False,4.0,1.0,58.5,,Invincible Irish,2.0,Gelding,Invincible Army,Briseuse De Coeur,Ben Coen,Daniel McLoughlin,4,0,0,0,0.0,0.0,0.0,-100.0,11.0,11.0,4.0,21.0,,,,,,,False,7.5,6,7.0,6.0,,
Down Royal,2026-09-28,1,Molson Coors Beverage Company Nursery Handicap,1006.0,"2YO, Handicap",19468.0,8.0,False,5.0,4.0,57.5,,Santo Parvenue,2.0,Gelding,Soldier's Call,Royal Highness,Billy Lee,E & P Harty,4,1,0,0,0.25,25.0,25.0,75.0,0.0,11.0,1.0,7.0,,,,,,dsn,False,4.2,8,3.7,3.6,,
Down Royal,2026-09-28,1,Molson Coors Beverage Company Nursery Handicap,1006.0,"2YO, Handicap",19468.0,8.0,False,6.0,5.0,57.25,,Syrah,2.0,Filly,Invincible Army,Wow,Rory Mulligan,C Weld,3,0,0,0,0.0,0.0,0.0,-100.0,6.0,11.0,5.0,251.0,,,,,,,False,26.0,6,20.0,21.0,,
Down Royal,2026-09-28,1,Molson Coors Beverage Company Nursery Handicap,1006.0,"2YO, Handicap",19468.0,8.0,False,7.0,3.0,54.0,,Stellar Path,2.0,Filly,Naval Crown,Sirya Star,Rory Cleary,K P Cotter,6,0,0,0,0.0,0.0,0.0,-100.0,3.0,11.0,8.0,19.0,,,,,,,False,41.0,12,41.0,17.0,,
Down Royal,2026-09-28,1,Molson Coors Beverage Company Nursery Handicap,1006.0,"2YO, Handicap",19468.0,8.0,False,8.0,6.0,54.0,,Rathbran Lady,2.0,Filly,Arizona,Ammolite,Wesley Joyce,M Mulvany,5,0,0,0,0.0,0.0,0.0,-100.0,8.0,11.0,10.0,17.0,,,,,,o,False,41.0,11,41.0,17.0,,
Down Royal,2026-09-28,8,Molson Coors Beverage Handicap,2591.0,"3YO+, Handicap",24335.0,17.0,False,1.0,11.0,63.5,,Sea Eagle,6.0,Gelding,Time Test,Vassaria,Danny O'Leary,Gerard O'Leary,21,3,2,1,0.14285714285714285,14.0,29.0,-24.0,0.0,51.0,2.0,4.33,,,,,,shn,False,26.0,6,19.0,17.0,,
Down Royal,2026-09-28,8,Molson Coors Beverage Handicap,2591.0,"3YO+, Handicap",24335.0,17.0,False,2.0,1.0,63.0,,Rock Of Ireland,5.0,Gelding,Rock Of Gibraltar,Shes An Art,Rory Mulligan,Rory Devine,21,1,3,0,0.047619047619047616,5.0,19.0,-62.0,0.0,7.0,5.0,19.0,,,,,,sn,False,11.0,1,8.0,8.0,,
Down Royal,2026-09-28,8,Molson Coors Beverage Handicap,2591.0,"3YO+, Handicap",24335.0,17.0,False,3.0,8.0,62.5,,Neptunes Staircase,6.0,Gelding,Lope De Vega,My Rosie,James Ryan,G M Lyons,10,1,3,0,0.1,10.0,40.0,-74.0,9.0,27.0,13.0,17.0,,,,,,on,False,41.0,3,23.0,23.0,,
Down Royal,2026-09-28,8,Molson Coors Beverage Handicap,2591.0,"3YO+, Handicap",24335.0,17.0,False,4.0,15.0,62.25,,Open Secret,5.0,Gelding,Cracksman,Pulcinella,Nina Doherty,G Elliott,22,2,5,3,0.09090909090909091,9.0,45.0,-36.0,0.0,176.0,12.0,17.0,,,,,,son,False,26.0,6,18.0,19.0,,
Down Royal,2026-09-28,8,Molson Coors Beverage Handicap,2591.0,"3YO+, Handicap",24335.0,17.0,False,5.0,2.0,61.75,,Ephesus,5.0,Gelding,Galileo,Muwakaba,J M Sheridan,D Hogan,30,3,2,3,0.1,10.0,27.0,-42.0,8.0,4.0,11.0,13.0,,,,,,son,False,41.0,1,26.0,26.0,,
Down Royal,2026-09-28,8,Molson Coors Beverage Handicap,2591.0,"3YO+, Handicap",24335.0,17.0,False,6.0,10.0,61.25,,Genoah,5.0,Gelding,U S Navy Flag,Barnet,Reese Holohan,M O'Callaghan,18,4,2,0,0.2222222222222222,22.0,33.0,0.0,21.0,44.0,7.0,21.0,,,,,,n,False,13.0,2,10.0,9.5,,
Down Royal,2026-09-28,8,Molson Coors Beverage Handicap,2591.0,"3YO+, Handicap",24335.0,17.0,False,7.0,16.0,61.25,,Rakki,5.0,Gelding,Sea The Stars,Waldmark,Ben Coen,W P Mullins,20,2,2,4,0.1,10.0,40.0,-70.0,22.0,43.0,1.0,4.5,,,,,,sn,False,3.6,1,3.0,3.0,,
Down Royal,2026-09-28,8,Molson Coors Beverage Handicap,2591.0,"3YO+, Handicap",24335.0,17.0,False,8.0,6.0,61.25,,Sarangpur,4.0,Gelding,Arizona,Falcon Cliffs,Rory Cleary,Paul Mulligan,12,4,1,2,0.3333333333333333,33.0,58.0,-22.0,0.0,53.0,3.0,1.91,,,,,,bn,False,8.5,1,6.5,6.5,,
Down Royal,2026-09-28,8,Molson Coors Beverage Handicap,2591.0,"3YO+, Handicap",24335.0,17.0,False,9.0,17.0,60.75,,Earthsong,4.0,Filly,Camelot,Celestial Beast,Billy Lee,W McCreery,9,1,0,1,0.1111111111111111,11.0,22.0,-39.0,12.0,97.0,8.0,15.0,,,,,,on,False,16.0,1,11.0,11.0,,
Down Royal,2026-09-28,8,Molson Coors Beverage Handicap,2591.0,"3YO+, Handicap",24335.0,17.0,False,10.0,5.0,60.75,,Flying Fortress,4.0,Gelding,Churchill,Lady Poppy,Robert Whearty,G P Cromwell,20,2,4,1,0.1,10.0,35.0,-40.0,7.0,27.0,4.0,23.0,,,,,,hn,False,9.5,1,7.0,7.0,,
Down Royal,2026-09-28,8,Molson Coors Beverage Handicap,2591.0,"3YO+, Handicap",24335.0,17.0,False,11.0,4.0,60.75,,Youcansaythatagain,3.0,Colt,Ghaiyyath,Daring Diva,Gary Carroll,A Oliver,4,1,0,0,0.25,25.0,25.0,-44.0,6.0,27.0,9.0,6.0,,,,,,tn,False,11.0,6,9.0,7.5,,
Down Royal,2026-09-28,8,Molson Coors Beverage Handicap,2591.0,"3YO+, Handicap",24335.0,17.0,False,12.0,14.0,59.75,,Faro Island,4.0,Gelding,Ulysses,Boost,Ronan Whelan,A Oliver,13,3,0,1,0.23076923076923078,23.0,31.0,92.0,9.0,19.0,7.0,4.33,,,,,,tsbn,False,26.0,4,15.0,16.0,,
Down Royal,2026-09-28,8,Molson Coors Beverage Handicap,2591.0,"3YO+, Handicap",24335.0,17.0,False,13.0,3.0,59.0,,Michinaga,3.0,Gelding,Rey De Oro,Ria Olivia,Luke McAteer,C Weld,3,0,0,0,0.0,0.0,0.0,-100.0,0.0,23.0,9.0,151.0,,,,,,,False,41.0,3,26.0,26.0,,
Down Royal,2026-09-28,8,Molson Coors Beverage Handicap,2591.0,"3YO+, Handicap",24335.0,17.0,False,14.0,7.0,58.0,,Nod Of Approval,3.0,Gelding,Ten Sovereigns,Round Of Applause,Wayne Lordan,J Harrington,11,0,2,0,0.0,0.0,18.0,-100.0,13.0,30.0,2.0,6.5,,,,,,,False,11.0,6,10.0,8.5,,
Down Royal,2026-09-28,8,Molson Coors Beverage Handicap,2591.0,"3YO+, Handicap",24335.0,17.0,False,15.0,9.0,59.75,,Pillar Of Hope,8.0,Gelding,Awtaad,Great Hope,Reserve 1,P Sweeney,44,6,2,0,0.13636363636363635,14.0,18.0,27.0,0.0,13.0,8.0,23.0,,,,,,sn,False,26.0,2,17.0,16.0,,
Down Royal,2026-09-28,8,Molson Coors Beverage Handicap,2591.0,"3YO+, Handicap",24335.0,17.0,False,16.0,12.0,59.0,,Cooley's Mist,4.0,Gelding,Churchill,Lady Scathach,Reserve 2,H Rogers,12,1,1,3,0.08333333333333333,8.0,42.0,-67.0,0.0,7.0,3.0,6.5,,,,,,dn,False,7.5,2,6.0,5.5,,
Down Royal,2026-09-28,8,Molson Coors Beverage Handicap,2591.0,"3YO+, Handicap",24335.0,17.0,False,17.0,13.0,58.0,,Neo Smart,5.0,Mare,Belardo,Neophilia,Reserve 3,J S Bolger,40,3,5,2,0.075,8.0,25.0,-39.0,0.0,13.0,2.0,8.5,,,,,,n,False,7.5,2,7.0,6.5,,
Brighton,2026-09-28,6,Play Your Multiples At Matchbook.com Handicap,1399.0,"3YO+, Class 6, Handicap, Class 6, Handicap",12248.0,12.0,False,1.0,11.0,63.0,,Split Elevens,8.0,Gelding,Ajaya,Woodland Scene,Jack Callan,J Butler,84,14,8,16,0.16666666666666666,17.0,45.0,-11.0,28.0,11.0,2.0,34.0,,,,,,tcd,False,9.5,4,8.5,9.0,,
Brighton,2026-09-28,6,Play Your Multiples At Matchbook.com Handicap,1399.0,"3YO+, Class 6, Handicap, Class 6, Handicap",12248.0,12.0,False,2.0,1.0,62.25,,Royal County Glory,3.0,Gelding,Cotai Glory,Wychwood Whisper,Rossa Ryan,Jack Jones,14,3,2,2,0.21428571428571427,21.0,50.0,-44.0,16.0,16.0,1.0,2.0,,,,,,d,False,3.0,3,2.6,2.6,,
Brighton,2026-09-28,6,Play Your Multiples At Matchbook.com Handicap,1399.0,"3YO+, Class 6, Handicap, Class 6, Handicap",12248.0,12.0,False,3.0,3.0,62.25,,Dark Sun,5.0,Mare,Dark Angel,Solar Gold,Laura Coughlan,J Bennett,24,2,3,2,0.08333333333333333,8.0,29.0,-33.0,2.0,15.0,12.0,10.0,,,,,,to,False,18.0,2,15.0,16.0,,
Brighton,2026-09-28,6,Play Your Multiples At Matchbook.com Handicap,1399.0,"3YO+, Class 6, Handicap, Class 6, Handicap",12248.0,12.0,False,4.0,10.0,62.25,,Cixi,3.0,Filly,Daredevil,Crowning Affair,Finley Marsh,J R Boyle,8,0,0,1,0.0,0.0,13.0,-100.0,0.0,24.0,6.0,19.0,,,,,,,False,14.0,5,17.0,13.0,,
Brighton,2026-09-28,6,Play Your Multiples At Matchbook.com Handicap,1399.0,"3YO+, Class 6, Handicap, Class 6, Handicap",12248.0,12.0,False,5.0,5.0,61.25,,Campani,4.0,Gelding,Time Test,Italian Connection,Daniel Muscutt,D M Simcock,13,3,3,2,0.23076923076923078,23.0,62.0,100.0,11.0,29.0,2.0,3.25,,,,,,tdb,False,5.5,4,5.0,5.5,,
Brighton,2026-09-28,6,Play Your Multiples At Matchbook.com Handicap,1399.0,"3YO+, Class 6, Handicap, Class 6, Handicap",12248.0,12.0,False,6.0,2.0,60.75,,Viking Glory,3.0,Gelding,Cotai Glory,Earth Goddess,Cieren Fallon,James Owen,11,1,1,2,0.09090909090909091,9.0,36.0,-45.0,18.0,11.0,4.0,17.0,,,,,,tcd,False,8.5,13,12.0,7.5,,
Brighton,2026-09-28,6,Play Your Multiples At Matchbook.com Handicap,1399.0,"3YO+, Class 6, Handicap, Class 6, Handicap",12248.0,12.0,False,7.0,9.0,60.75,,Shes Got The Blues,3.0,Filly,Space Blues,Valtina,Kieren Fox,A W Carroll,20,3,1,4,0.15,15.0,40.0,-55.0,9.0,16.0,3.0,5.0,,,,,,tcd,False,9.5,3,7.5,8.5,,
Brighton,2026-09-28,6,Play Your Multiples At Matchbook.com Handicap,1399.0,"3YO+, Class 6, Handicap, Class 6, Handicap",12248.0,12.0,False,8.0,4.0,58.5,,King David,5.0,Gelding,Exceed And Excel,Lady Rosamunde,Saffie Osborne,Gay Kelleway,28,1,5,4,0.03571428571428571,4.0,36.0,-71.0,17.0,26.0,2.0,3.0,,,,,,db,False,8.5,2,7.5,8.0,,
Brighton,2026-09-28,6,Play Your Multiples At Matchbook.com Handicap,1399.0,"3YO+, Class 6, Handicap, Class 6, Handicap",12248.0,12.0,False,9.0,8.0,58.0,,Amathus,9.0,Gelding,Anjaal,Effige,David Probert,P R Chamings,62,8,5,6,0.12903225806451613,13.0,31.0,117.0,13.0,26.0,10.0,51.0,,,,,,tcdo,False,41.0,2,34.0,31.0,,
Brighton,2026-09-28,6,Play Your Multiples At Matchbook.com Handicap,1399.0,"3YO+, Class 6, Handicap, Class 6, Handicap",12248.0,12.0,False,10.0,7.0,58.0,,Pennine Way,3.0,Filly,Aclaim,Why We Dream,Charles Bishop,J Channon,8,0,1,1,0.0,0.0,25.0,-100.0,13.0,39.0,8.0,5.0,,,,,,,False,18.0,4,14.0,16.0,,
Brighton,2026-09-28,6,Play Your Multiples At Matchbook.com Handicap,1399.0,"3YO+, Class 6, Handicap, Class 6, Handicap",12248.0,12.0,False,11.0,6.0,57.25,,Superstorm,3.0,Gelding,Oasis Dream,Mystic Storm,Mikkel Mortensen,C Fellowes,15,1,2,2,0.06666666666666667,7.0,33.0,-60.0,11.0,25.0,4.0,2.1,,,,,,tcdb,False,7.5,2,6.5,7.0,,
Brighton,2026-09-28,6,Play Your Multiples At Matchbook.com Handicap,1399.0,"3YO+, Class 6, Handicap, Class 6, Handicap",12248.0,12.0,False,12.0,12.0,55.0,,Barnsnape Boy,5.0,Gelding,Iffraaj,Scenesetter,D Murphy,J R Boyle,27,3,0,1,0.1111111111111111,11.0,15.0,7.0,13.0,53.0,7.0,15.0,,,,,,tcd,False,51.0,1,41.0,41.0,,
Down Royal,2026-09-28,6,Pravha Handicap (0-60) (Div 1),2222.0,"3YO+, Handicap",16221.0,14.0,False,1.0,7.0,63.5,,Tassarolo,5.0,Gelding,Farhh,Alessandra,Mel Sheridan,D Hogan,26,3,1,3,0.11538461538461539,12.0,27.0,-37.0,2.0,23.0,4.0,10.0,,,,,,sn,False,5.25,3,4.8,4.8,,
Down Royal,2026-09-28,6,Pravha Handicap (0-60) (Div 1),2222.0,"3YO+, Handicap",16221.0,14.0,False,2.0,13.0,60.75,,No More Hiding,3.0,Filly,Time Test,Eastern Destiny,Billy Lee,A Oliver,8,0,1,0,0.0,0.0,13.0,-100.0,15.0,23.0,2.0,4.5,,,,,,,False,3.9,3,3.7,3.7,,
Down Royal,2026-09-28,6,Pravha Handicap (0-60) (Div 1),2222.0,"3YO+, Handicap",16221.0,14.0,False,3.0,9.0,59.5,,Chapel Island,3.0,Colt,Kodi Bear,Limoncino,Wesley Joyce,A Oliver,12,0,0,1,0.0,0.0,8.0,-100.0,0.0,2.0,7.0,8.0,,,,,,,False,7.5,4,7.0,6.5,,
Down Royal,2026-09-28,6,Pravha Handicap (0-60) (Div 1),2222.0,"3YO+, Handicap",16221.0,14.0,False,4.0,6.0,59.0,,Chloe's Boy,3.0,Gelding,Sottsass,Flying Fairies,Siobhan Rutledge,H Rogers,7,1,0,0,0.14285714285714285,14.0,14.0,143.0,9.0,13.0,1.0,17.0,,,,,,n,False,4.8,1,4.4,4.4,,
Down Royal,2026-09-28,6,Pravha Handicap (0-60) (Div 1),2222.0,"3YO+, Handicap",16221.0,14.0,False,5.0,12.0,58.5,,All Is Bright,3.0,Filly,Dawn Approach,Mother Vincent,Declan McDonogh,J S Bolger,3,0,0,0,0.0,0.0,0.0,-100.0,9.0,282.0,11.0,51.0,,,,,,o,False,23.0,3,20.0,20.0,,
Down Royal,2026-09-28,6,Pravha Handicap (0-60) (Div 1),2222.0,"3YO+, Handicap",16221.0,14.0,False,6.0,8.0,58.0,,Limestone Red,6.0,Gelding,Cotai Glory,Kocna,Ronan Whelan,T Collins,32,2,3,2,0.0625,6.0,22.0,-63.0,8.0,23.0,5.0,10.0,,,,,,n,False,8.5,6,7.0,7.5,,
Down Royal,2026-09-28,6,Pravha Handicap (0-60) (Div 1),2222.0,"3YO+, Handicap",16221.0,14.0,False,7.0,2.0,57.5,,Aiteall,3.0,Gelding,Wootton Bassett,Dramatically,J M Sheridan,J P O'Brien,5,0,0,0,0.0,0.0,0.0,-100.0,18.0,9.0,8.0,11.0,,,,,,,False,8.0,2,6.5,7.0,,
Down Royal,2026-09-28,6,Pravha Handicap (0-60) (Div 1),2222.0,"3YO+, Handicap",16221.0,14.0,False,8.0,4.0,57.25,,Ellens Bay,3.0,Filly,Galileo Gold,Semper Fi,Reese Holohan,Ciaran Murphy,5,0,0,1,0.0,0.0,20.0,-100.0,0.0,27.0,16.0,19.0,,,,,,o,False,31.0,2,23.0,26.0,,
Down Royal,2026-09-28,6,Pravha Handicap (0-60) (Div 1),2222.0,"3YO+, Handicap",16221.0,14.0,False,9.0,10.0,57.25,,Pettus Bridge,4.0,Gelding,Postponed,Private Cashier,Patrick McGettigan,D Foster,4,0,0,0,0.0,0.0,0.0,-100.0,14.0,25.0,6.0,41.0,,,,,,,False,23.0,3,20.0,20.0,,
Down Royal,2026-09-28,6,Pravha Handicap (0-60) (Div 1),2222.0,"3YO+, Handicap",16221.0,14.0,False,10.0,1.0,56.25,,The Monday Club,3.0,Gelding,Invincible Army,Night Approaching,Rory Cleary,B W Duke,4,0,0,0,0.0,0.0,0.0,-100.0,4.0,13.0,9.0,41.0,,,,,,,False,21.0,7,31.0,15.0,,
Down Royal,2026-09-28,6,Pravha Handicap (0-60) (Div 1),2222.0,"3YO+, Handicap",16221.0,14.0,False,11.0,14.0,55.25,,Annacroft,5.0,Mare,Berkshire,Miss Noble,Chris Hayes,J C McConnell,4,0,0,0,0.0,0.0,0.0,-100.0,4.0,13.0,13.0,67.0,,,,,,o,False,61.0,4,41.0,51.0,,
Down Royal,2026-09-28,6,Pravha Handicap (0-60) (Div 1),2222.0,"3YO+, Handicap",16221.0,14.0,False,12.0,3.0,55.25,,Autocrat,6.0,Gelding,No Nay Never,Crystal Diamond,Julian Pietropaolo,P Sweeney,54,6,2,2,0.1111111111111111,11.0,19.0,-23.0,0.0,13.0,6.0,11.0,,,,,,n,False,17.0,8,14.0,15.0,,
Down Royal,2026-09-28,6,Pravha Handicap (0-60) (Div 1),2222.0,"3YO+, Handicap",16221.0,14.0,False,13.0,11.0,55.25,,Idomything,4.0,Filly,Sottsass,Havant,Jack Cleary,T Cleary,21,1,0,0,0.047619047619047616,5.0,5.0,0.0,0.0,19.0,8.0,11.0,,,,,,sn,False,23.0,2,20.0,21.0,,
Down Royal,2026-09-28,6,Pravha Handicap (0-60) (Div 1),2222.0,"3YO+, Handicap",16221.0,14.0,False,14.0,5.0,55.25,,Jazz Dreamers,8.0,Gelding,Red Jazz,Regal Ribbon,Keithen Kennedy,S Fahey,46,3,4,4,0.06521739130434782,7.0,24.0,-18.0,7.0,11.0,7.0,51.0,,,,,,sn(D/A),False,31.0,2,23.0,26.0,,
Down Royal,2026-09-28,7,Pravha Handicap (0-60) (Div 2),2222.0,"3YO+, Handicap",16221.0,15.0,False,1.0,10.0,63.5,,Flagstone Lady,3.0,Filly,U S Navy Flag,Petits Potins,Reese Holohan,M O'Callaghan,7,1,0,1,0.14285714285714285,14.0,29.0,-50.0,21.0,23.0,1.0,3.5,,,,,,tn,False,3.4,2,3.2,3.1,,
Down Royal,2026-09-28,7,Pravha Handicap (0-60) (Div 2),2222.0,"3YO+, Handicap",16221.0,15.0,False,2.0,2.0,63.0,,Ballaghkeen,3.0,Filly,Teofilo,Bealach Nua,Ronan Whelan,J S Bolger,5,0,0,0,0.0,0.0,0.0,-100.0,8.0,23.0,6.0,12.0,,,,,,,False,7.0,5,6.0,6.0,,
Down Royal,2026-09-28,7,Pravha Handicap (0-60) (Div 2),2222.0,"3YO+, Handicap",16221.0,15.0,False,3.0,1.0,63.0,,Shay's Dream,3.0,Gelding,New Bay,Double Lady,J M Sheridan,J P O'Brien,6,0,0,0,0.0,0.0,0.0,-100.0,18.0,19.0,14.0,41.0,,,,,,o,False,31.0,6,26.0,23.0,,
Down Royal,2026-09-28,7,Pravha Handicap (0-60) (Div 2),2222.0,"3YO+, Handicap",16221.0,15.0,False,4.0,13.0,62.5,,Connecteo,3.0,Gelding,Teofilo,Reunite,Ben Coen,A Oliver,9,0,2,0,0.0,0.0,22.0,-100.0,5.0,2.0,13.0,4.0,,,,,,bo,False,8.0,5,8.0,7.0,,
Down Royal,2026-09-28,7,Pravha Handicap (0-60) (Div 2),2222.0,"3YO+, Handicap",16221.0,15.0,False,5.0,14.0,61.75,,Big Bill,3.0,Gelding,Wooded,Manadream,Patrick McGettigan,Aidan Melia,4,0,0,0,0.0,0.0,0.0,-100.0,0.0,336.0,10.0,26.0,,,,,,o,False,23.0,2,19.0,21.0,,
Down Royal,2026-09-28,7,Pravha Handicap (0-60) (Div 2),2222.0,"3YO+, Handicap",16221.0,15.0,False,6.0,3.0,60.75,,Sweetie Too,3.0,Filly,Dawn Approach,In Somno,Rory Cleary,B W Duke,5,0,0,0,0.0,0.0,0.0,-100.0,4.0,11.0,10.0,13.0,,,,,,o,False,10.0,8,13.0,8.0,,
Down Royal,2026-09-28,7,Pravha Handicap (0-60) (Div 2),2222.0,"3YO+, Handicap",16221.0,15.0,False,7.0,8.0,60.25,,Strike De Vega,3.0,Colt,Lope De Vega,Fresh Strike,Gary Carroll,A Oliver,5,0,0,0,0.0,0.0,0.0,-100.0,6.0,23.0,18.0,67.0,,,,,,o,False,51.0,1,41.0,41.0,,
Down Royal,2026-09-28,7,Pravha Handicap (0-60) (Div 2),2222.0,"3YO+, Handicap",16221.0,15.0,False,8.0,7.0,59.5,,Trishuli River,6.0,Mare,Poet's Word,Trishuli Rock,Jack Cleary,S Crawley,32,4,3,4,0.125,13.0,34.0,11.0,0.0,9.0,6.0,23.0,,,,,,n,False,19.0,5,14.0,14.0,,
Down Royal,2026-09-28,7,Pravha Handicap (0-60) (Div 2),2222.0,"3YO+, Handicap",16221.0,15.0,False,9.0,4.0,59.0,,Augusta Rock,3.0,Gelding,Australia,Double Fantasy,Declan McDonogh,J P O'Brien,7,0,1,0,0.0,0.0,14.0,-100.0,10.0,27.0,5.0,7.5,,,,,,,False,4.6,1,4.2,4.2,,
Down Royal,2026-09-28,7,Pravha Handicap (0-60) (Div 2),2222.0,"3YO+, Handicap",16221.0,15.0,False,10.0,5.0,59.0,,Thegooseiscooked,9.0,Mare,Footstepsinthesand,Silly Goose,Jack Kearney,G Keane,29,1,2,3,0.034482758620689655,3.0,21.0,-86.0,4.0,23.0,4.0,29.0,,,,,,n,False,10.0,1,9.0,9.0,,
Down Royal,2026-09-28,7,Pravha Handicap (0-60) (Div 2),2222.0,"3YO+, Handicap",16221.0,15.0,False,11.0,11.0,57.5,,Folk Warrior,4.0,Gelding,Shaman,Grand Ole Opry,Billy Lee,J Nash,13,0,0,0,0.0,0.0,0.0,-100.0,0.0,32.0,6.0,23.0,,,,,,,False,9.5,1,8.5,8.5,,
Down Royal,2026-09-28,7,Pravha Handicap (0-60) (Div 2),2222.0,"3YO+, Handicap",16221.0,15.0,False,12.0,9.0,57.25,,Haeret In Pectore,5.0,Gelding,Sioux Nation,Beyond Dance,Robbie Colgan,A J Martin,14,1,2,0,0.07142857142857142,7.0,21.0,-100.0,7.0,23.0,21.0,26.0,,,,,,so,False,26.0,1,21.0,21.0,,
Down Royal,2026-09-28,7,Pravha Handicap (0-60) (Div 2),2222.0,"3YO+, Handicap",16221.0,15.0,False,13.0,12.0,57.25,,Kartayaz,9.0,Gelding,Iffraaj,Karamaya,Zoe McMullan,G A Kingston,66,5,3,7,0.07575757575757576,8.0,23.0,42.0,6.0,132.0,13.0,29.0,,,,,,tson,False,41.0,2,34.0,31.0,,
Down Royal,2026-09-28,7,Pravha Handicap (0-60) (Div 2),2222.0,"3YO+, Handicap",16221.0,15.0,False,14.0,15.0,54.5,,Curious Jane,3.0,Filly,Kuroshio,Jane Austen,Rory Mulligan,Ciaran Murphy,7,0,0,0,0.0,0.0,0.0,-100.0,25.0,27.0,9.0,34.0,,,,,,,False,31.0,1,26.0,26.0,,
Down Royal,2026-09-28,7,Pravha Handicap (0-60) (Div 2),2222.0,"3YO+, Handicap",16221.0,15.0,False,15.0,6.0,60.25,,Cleopatra's Needle,8.0,Mare,Helmet,Philae,Reserve 1,H Rogers,43,3,6,2,0.06976744186046512,7.0,26.0,23.0,0.0,47.0,12.0,11.0,,,,,,son,False,19.0,4,17.0,15.0,,
Bordeaux Le Bouscat,2026-09-28,5,Prix D'albret Handicap,2399.0,"4YO+, Class 3, Handicap, Class 3, Handicap",29901.0,11.0,False,1.0,8.0,59.75,,Chai D'oeuvre,5.0,Gelding,Donjuan Triumphant,Oeuvre,G Guedj-gay,P Dufreche,29,4,3,3,0.13793103448275862,14.0,34.0,-5.0,100.0,25.0,1.0,15.0,,,,,,tdshn,False,,0,,,,
Bordeaux Le Bouscat,2026-09-28,5,Prix D'albret Handicap,2399.0,"4YO+, Class 3, Handicap, Class 3, Handicap",29901.0,11.0,False,2.0,10.0,59.75,,Nikolaj,6.0,Stallion,Zarak,Blue Note,Fabrice Veron,Mme D Schoenherr,32,4,3,5,0.125,13.0,38.0,23.0,10.0,139.0,4.0,4.5,,,,,,thn,False,,0,,,,
Bordeaux Le Bouscat,2026-09-28,5,Prix D'albret Handicap,2399.0,"4YO+, Class 3, Handicap, Class 3, Handicap",29901.0,11.0,False,3.0,5.0,59.0,,Heaven City,9.0,Gelding,Elusive City,Azarra,T Blanchouin,Mme S Gavilan,35,7,3,4,0.2,20.0,40.0,14.0,8.0,25.0,5.0,34.0,,,,,,tdsn,False,,0,,,,
Bordeaux Le Bouscat,2026-09-28,5,Prix D'albret Handicap,2399.0,"4YO+, Class 3, Handicap, Class 3, Handicap",29901.0,11.0,False,4.0,3.0,58.0,,Planckeinstein,4.0,Gelding,Hunter's Light,Butte Montmartre,M Foulon,C Gourdain,11,2,0,1,0.18181818181818182,18.0,27.0,-43.0,6.0,25.0,7.0,13.0,,,,,,dhn,False,,0,,,,
Bordeaux Le Bouscat,2026-09-28,5,Prix D'albret Handicap,2399.0,"4YO+, Class 3, Handicap, Class 3, Handicap",29901.0,11.0,False,5.0,11.0,57.5,,Black Ultra,4.0,Colt,Ultra,Brillante Etoile,A Werle,O Trigodet,13,2,1,2,0.15384615384615385,15.0,38.0,15.0,5.0,23.0,3.0,17.0,,,,,,dsn,False,,0,,,,
Bordeaux Le Bouscat,2026-09-28,5,Prix D'albret Handicap,2399.0,"4YO+, Class 3, Handicap, Class 3, Handicap",29901.0,11.0,False,6.0,9.0,56.25,,Khamephis Game,6.0,Gelding,Zarak,Akita,D Provost,M Brasme,27,4,2,3,0.14814814814814814,15.0,33.0,-12.0,12.0,22.0,8.0,34.0,,,,,,ds,False,,0,,,,
Bordeaux Le Bouscat,2026-09-28,5,Prix D'albret Handicap,2399.0,"4YO+, Class 3, Handicap, Class 3, Handicap",29901.0,11.0,False,7.0,4.0,56.25,,Commander's Way,6.0,Gelding,Galiway,Brillante Etoile,N M Lopes Duarte,O Trigodet,18,3,1,3,0.16666666666666666,17.0,39.0,53.0,10.0,25.0,10.0,4.5,,,,,,tcdso,False,,0,,,,
Bordeaux Le Bouscat,2026-09-28,5,Prix D'albret Handicap,2399.0,"4YO+, Class 3, Handicap, Class 3, Handicap",29901.0,11.0,False,8.0,1.0,55.25,,Varenne,4.0,Gelding,Threat,Lumiere Du Soir,Coralie Pacaut,C Gourdain,22,3,2,3,0.13636363636363635,14.0,36.0,-22.0,9.0,16.0,1.0,4.33,,,,,,tcdsn,False,,0,,,,
Bordeaux Le Bouscat,2026-09-28,5,Prix D'albret Handicap,2399.0,"4YO+, Class 3, Handicap, Class 3, Handicap",29901.0,11.0,False,9.0,7.0,54.5,,Long Ke Wan,6.0,Mare,Born To Sea,Lady Jak,Cristian Demuro,Mme S Gavilan,49,6,5,4,0.12244897959183673,12.0,31.0,30.0,0.0,49.0,4.0,12.0,,,,,,dshn,False,,0,,,,
Bordeaux Le Bouscat,2026-09-28,5,Prix D'albret Handicap,2399.0,"4YO+, Class 3, Handicap, Class 3, Handicap",29901.0,11.0,False,10.0,2.0,54.0,,Mexican Dream,8.0,Mare,Planteur,Sassicaia,Eddy Hardouin,F Pardon,76,6,8,13,0.07894736842105263,8.0,36.0,-48.0,21.0,25.0,8.0,19.0,,,,,,dsn,False,,0,,,,
Bordeaux Le Bouscat,2026-09-28,5,Prix D'albret Handicap,2399.0,"4YO+, Class 3, Handicap, Class 3, Handicap",29901.0,11.0,False,11.0,6.0,53.0,,Manly,5.0,Gelding,Morandi,Tianshan City,M Romary,Mme S Gavilan,17,1,1,1,0.058823529411764705,6.0,18.0,-47.0,0.0,185.0,1.0,9.0,,,,,,ts,False,,0,,,,
Bordeaux Le Bouscat,2026-09-28,6,Prix De L'hippodrome De Mont-de-marsan Maiden Stakes,1599.0,"3YO, Maiden",24296.0,8.0,False,1.0,6.0,58.0,,Violet Leduc,3.0,Colt,Earthlight,Gilded Flyer,M Forest,Francois Rohaut,6,0,3,1,0.0,0.0,67.0,-100.0,7.0,53.0,2.0,2.63,,,,,,b,False,,0,,,,
Bordeaux Le Bouscat,2026-09-28,6,Prix De L'hippodrome De Mont-de-marsan Maiden Stakes,1599.0,"3YO, Maiden",24296.0,8.0,False,2.0,5.0,58.0,,Palo Santo,3.0,Gelding,Romanised,Panda Spirit,D Provost,H F Devin,3,0,0,0,0.0,0.0,0.0,-100.0,19.0,20.0,5.0,9.5,,,,,,,False,,0,,,,
Bordeaux Le Bouscat,2026-09-28,6,Prix De L'hippodrome De Mont-de-marsan Maiden Stakes,1599.0,"3YO, Maiden",24296.0,8.0,False,3.0,3.0,58.0,,Ciao Nene,3.0,Gelding,Romanised,Blue Note,Guillaume Trolley De Prevaux,Mme D Schoenherr,11,0,3,3,0.0,0.0,55.0,-100.0,21.0,54.0,4.0,4.5,,,,,,,False,,0,,,,
Bordeaux Le Bouscat,2026-09-28,6,Prix De L'hippodrome De Mont-de-marsan Maiden Stakes,1599.0,"3YO, Maiden",24296.0,8.0,False,4.0,4.0,58.0,,Saint Uriel,3.0,Colt,Flintshire,Hold On Now,S Le Quilleuc,A Nunez,4,0,0,0,0.0,0.0,0.0,-100.0,0.0,35.0,9.0,15.0,,,,,,,False,,0,,,,
Bordeaux Le Bouscat,2026-09-28,6,Prix De L'hippodrome De Mont-de-marsan Maiden Stakes,1599.0,"3YO, Maiden",24296.0,8.0,False,5.0,7.0,56.25,,Lace Flower,3.0,Filly,Sea The Stars,Threading,T Piccone,H A Pantall,2,0,0,0,0.0,0.0,0.0,-100.0,12.0,41.0,9.0,3.0,,,,,,b,False,,0,,,,
Bordeaux Le Bouscat,2026-09-28,6,Prix De L'hippodrome De Mont-de-marsan Maiden Stakes,1599.0,"3YO, Maiden",24296.0,8.0,False,6.0,1.0,56.25,,Gritti,3.0,Filly,Ghaiyyath,Fiesty,G Guedj-gay,X Thomas Demeaulte,1,0,0,0,0.0,0.0,0.0,-100.0,13.0,41.0,5.0,6.5,,,,,,,False,,0,,,,
Bordeaux Le Bouscat,2026-09-28,6,Prix De L'hippodrome De Mont-de-marsan Maiden Stakes,1599.0,"3YO, Maiden",24296.0,8.0,False,7.0,2.0,56.25,,Tyka,3.0,Filly,Victor Ludorum,Triptyka,N M Lopes Duarte,Mme D Schoenherr,3,0,0,0,0.0,0.0,0.0,-100.0,6.0,328.0,9.0,8.5,,,,,,,False,,0,,,,
Bordeaux Le Bouscat,2026-09-28,6,Prix De L'hippodrome De Mont-de-marsan Maiden Stakes,1599.0,"3YO, Maiden",24296.0,8.0,False,8.0,8.0,56.25,,Feel The Love,3.0,Filly,Gutaifan,La Mariniere,Fabrice Veron,D De Watrigant,1,0,0,0,0.0,0.0,0.0,-100.0,11.0,136.0,8.0,6.0,,,,,,,False,,0,,,,
Amiens,2026-09-28,5,Prix De Longpre Maiden Stakes,1650.0,"2YO, Maiden",22740.0,7.0,True,1.0,2.0,58.0,,Regal Chop,2.0,Gelding,Muhaarar,Raceness,A Crastus,C Boutin,4,0,0,0,0.0,0.0,0.0,-100.0,6.0,94.0,9.0,29.0,,,,,,,False,26.0,19,1.01,16.0,7.0,0.0
Amiens,2026-09-28,5,Prix De Longpre Maiden Stakes,1650.0,"2YO, Maiden",22740.0,7.0,True,2.0,1.0,58.0,,Adhara,2.0,Colt,Thunder Moon,Saraswin,G Meury,M Delcher Sanchez,2,0,0,0,0.0,0.0,0.0,-100.0,7.0,26.0,6.0,13.0,,,,,,,False,6.5,19,1.01,5.5,4.0,0.0
Amiens,2026-09-28,5,Prix De Longpre Maiden Stakes,1650.0,"2YO, Maiden",22740.0,7.0,True,3.0,5.0,58.0,,Bisous Sinceres,2.0,Colt,Donjuan Triumphant,Amiga Intima,R Mangione,C H Plisson,2,0,0,0,0.0,0.0,0.0,-100.0,0.0,35.0,9.0,81.0,,,,,,o,False,101.0,12,1.01,51.0,6.0,0.0
Amiens,2026-09-28,5,Prix De Longpre Maiden Stakes,1650.0,"2YO, Maiden",22740.0,7.0,True,4.0,4.0,58.0,,Victorstrung,2.0,Colt,Victor Ludorum,High Strung,T Trullier,M Seror,2,0,0,0,0.0,0.0,0.0,-100.0,0.0,13.0,4.0,19.0,,,,,,,False,2.2,20,1.01,2.05,3.0,0.0
Amiens,2026-09-28,5,Prix De Longpre Maiden Stakes,1650.0,"2YO, Maiden",22740.0,7.0,True,5.0,6.0,56.25,,Mia Rare,2.0,Filly,Muhaarar,Jenychope,L Carboni,L D Racco,3,0,0,0,0.0,0.0,0.0,-100.0,0.0,23.0,7.0,29.0,,,,,,,False,23.0,24,1.01,19.0,1.0,1.0
Amiens,2026-09-28,5,Prix De Longpre Maiden Stakes,1650.0,"2YO, Maiden",22740.0,7.0,True,6.0,7.0,56.25,,Perka Fal,2.0,Filly,Kameko,Perfect Melody,L Boisseau,A Fouassier,2,0,0,0,0.0,0.0,0.0,-100.0,3.0,25.0,7.0,23.0,,,,,,,False,14.0,25,1.01,13.0,2.0,0.0
Amiens,2026-09-28,5,Prix De Longpre Maiden Stakes,1650.0,"2YO, Maiden",22740.0,7.0,True,7.0,3.0,56.25,,Deseo,2.0,Filly,Starspangledbanner,Evies Wish,Coralie Pacaut,Tim Donworth,3,0,0,0,0.0,0.0,0.0,-100.0,12.0,25.0,5.0,15.0,,,,,,,False,2.6,20,1.01,2.5,5.0,0.0
Bordeaux Le Bouscat,2026-09-28,3,Prix De Pomerol Stakes,1400.0,"3YO, Class 1, Class 1",42671.0,7.0,False,1.0,7.0,57.5,,Baklawa,3.0,Filly,Stunning Spirit,Aksil,Antonio Orani,R Fradet,12,3,1,3,0.25,25.0,58.0,86.0,18.0,32.0,10.0,34.0,,,,,,dson,False,,0,,,,
Bordeaux Le Bouscat,2026-09-28,3,Prix De Pomerol Stakes,1400.0,"3YO, Class 1, Class 1",42671.0,7.0,False,2.0,2.0,56.75,,Plutarque,3.0,Colt,Victor Ludorum,Phenomenologie,Cristian Demuro,O Trigodet,13,2,5,2,0.15384615384615385,15.0,69.0,8.0,0.0,23.0,1.0,9.0,,,,,,ds,False,,0,,,,
Bordeaux Le Bouscat,2026-09-28,3,Prix De Pomerol Stakes,1400.0,"3YO, Class 1, Class 1",42671.0,7.0,False,3.0,1.0,56.75,,Pas Dansant,3.0,Gelding,Muhaarar,Tea Dance,A Werle,O Trigodet,13,3,1,3,0.23076923076923078,23.0,54.0,154.0,5.0,23.0,2.0,10.0,,,,,,dsn,False,,0,,,,
Bordeaux Le Bouscat,2026-09-28,3,Prix De Pomerol Stakes,1400.0,"3YO, Class 1, Class 1",42671.0,7.0,False,4.0,3.0,56.75,,Mijas,3.0,Colt,Karakontie,La Gioiosa,A Madamet,M Delcher Sanchez,10,2,1,2,0.2,20.0,50.0,-52.0,16.0,24.0,3.0,2.75,,,,,,s,False,,0,,,,
Bordeaux Le Bouscat,2026-09-28,3,Prix De Pomerol Stakes,1400.0,"3YO, Class 1, Class 1",42671.0,7.0,False,5.0,4.0,56.75,,Weeken,3.0,Gelding,Goken,Weepeeta,T Piccone,H A Pantall,6,1,0,1,0.16666666666666666,17.0,33.0,150.0,12.0,29.0,8.0,9.5,,,,,,s,False,,0,,,,
Bordeaux Le Bouscat,2026-09-28,3,Prix De Pomerol Stakes,1400.0,"3YO, Class 1, Class 1",42671.0,7.0,False,6.0,6.0,56.75,,Micocoulier,3.0,Gelding,Cloth Of Stars,High Live,Eddy Hardouin,A De Watrigant,4,1,0,1,0.25,25.0,50.0,-13.0,16.0,23.0,5.0,67.0,,,,,,th,False,,0,,,,
Bordeaux Le Bouscat,2026-09-28,3,Prix De Pomerol Stakes,1400.0,"3YO, Class 1, Class 1",42671.0,7.0,False,7.0,5.0,55.25,,Senatrice,3.0,Filly,Persian King,Soony,Hugo Besnier,P Cottier,12,3,1,3,0.25,25.0,58.0,-21.0,17.0,149.0,6.0,4.0,,,,,,n,False,,0,,,,
Bordeaux Le Bouscat,2026-09-28,2,Prix Des Grands Crus Maiden Stakes,1400.0,"2YO, Maiden",32707.0,12.0,False,1.0,8.0,58.0,,Hermes Du Haut,2.0,Filly,Anodin,Krestena,A Madamet,M Brasme,1,0,0,0,0.0,0.0,0.0,-100.0,10.0,23.0,4.0,15.0,,,,,,,False,,0,,,,
Bordeaux Le Bouscat,2026-09-28,2,Prix Des Grands Crus Maiden Stakes,1400.0,"2YO, Maiden",32707.0,12.0,False,2.0,1.0,58.0,,Histori Chope,2.0,Filly,Muhaarar,Chope History,T Brebion,L Gadbin,3,0,1,1,0.0,0.0,67.0,-100.0,29.0,23.0,6.0,21.0,,,,,,,False,,0,,,,
Bordeaux Le Bouscat,2026-09-28,2,Prix Des Grands Crus Maiden Stakes,1400.0,"2YO, Maiden",32707.0,12.0,False,3.0,12.0,58.0,,Riscal,2.0,Filly,Kingman,Villalar,Non Runner,M Baratti,1,0,0,0,0.0,0.0,0.0,-100.0,0.0,28.0,6.0,9.5,,,,,,,False,,0,,,,
Bordeaux Le Bouscat,2026-09-28,2,Prix Des Grands Crus Maiden Stakes,1400.0,"2YO, Maiden",32707.0,12.0,False,4.0,7.0,58.0,,Feel Well,2.0,Filly,Calyx,Feel Joy,Hugo Besnier,P Cottier,6,0,2,1,0.0,0.0,50.0,-100.0,17.0,25.0,3.0,1.91,,,,,,b,False,,0,,,,
Bordeaux Le Bouscat,2026-09-28,2,Prix Des Grands Crus Maiden Stakes,1400.0,"2YO, Maiden",32707.0,12.0,False,5.0,9.0,58.0,,Hola Flaca,2.0,Filly,Hello Youmzain,Mystic Dawn,I Mendizabal,M Delcher Sanchez,1,0,0,0,0.0,0.0,0.0,-100.0,6.0,28.0,8.0,12.0,,,,,,,False,,0,,,,
Bordeaux Le Bouscat,2026-09-28,2,Prix Des Grands Crus Maiden Stakes,1400.0,"2YO, Maiden",32707.0,12.0,False,6.0,11.0,58.0,,Michelle,2.0,Filly,Victor Ludorum,Tevara,Hugo Journiac,Florian Guyader,2,0,0,0,0.0,0.0,0.0,-100.0,6.0,10.0,9.0,41.0,,,,,,,False,,0,,,,
Bordeaux Le Bouscat,2026-09-28,2,Prix Des Grands Crus Maiden Stakes,1400.0,"2YO, Maiden",32707.0,12.0,False,7.0,4.0,58.0,,La Pepa,2.0,Filly,City Light,Shamadiyna,H Boutin,R Montenegro,2,0,0,1,0.0,0.0,50.0,-100.0,0.0,14.0,3.0,21.0,,,,,,,False,,0,,,,
Bordeaux Le Bouscat,2026-09-28,2,Prix Des Grands Crus Maiden Stakes,1400.0,"2YO, Maiden",32707.0,12.0,False,8.0,5.0,58.0,,Fathiyya,2.0,Filly,Recoletos,Island View,G Guedj-gay,Mme S Gavilan,1,0,0,0,0.0,0.0,0.0,-100.0,0.0,74.0,4.0,34.0,,,,,,,False,,0,,,,
Bordeaux Le Bouscat,2026-09-28,2,Prix Des Grands Crus Maiden Stakes,1400.0,"2YO, Maiden",32707.0,12.0,False,9.0,6.0,58.0,,Dancing Eagle Cen,2.0,Filly,Gleneagles,Daring Dancer,H Mouesan,Patrick Olave-valdivielso,2,0,0,0,0.0,0.0,0.0,-100.0,0.0,40.0,5.0,9.0,,,,,,,False,,0,,,,
Bordeaux Le Bouscat,2026-09-28,2,Prix Des Grands Crus Maiden Stakes,1400.0,"2YO, Maiden",32707.0,12.0,False,10.0,10.0,55.75,,Seasea De Ceres,2.0,Filly,Sealiway,Candle Of The Sea,A Gutierrez Val,B Moreno-navarro,0,0,0,0,,0.0,0.0,0.0,0.0,,,,,,,,,,False,,0,,,,
Bordeaux Le Bouscat,2026-09-28,2,Prix Des Grands Crus Maiden Stakes,1400.0,"2YO, Maiden",32707.0,12.0,False,11.0,3.0,55.75,,Big Hug,2.0,Filly,Ubettabelieveit,Dependable,Fabrice Veron,Mme D Schoenherr,0,0,0,0,,0.0,0.0,0.0,10.0,,,,,,,,,,False,,0,,,,
Bordeaux Le Bouscat,2026-09-28,2,Prix Des Grands Crus Maiden Stakes,1400.0,"2YO, Maiden",32707.0,12.0,False,12.0,2.0,55.75,,Winnie Cen,2.0,Filly,Churchill,La Venus Espagnola,Aurelien Lemaitre,Patrick Olave-valdivielso,0,0,0,0,,0.0,0.0,0.0,22.0,,,,,,,,,,False,,0,,,,
Bordeaux Le Bouscat,2026-09-28,8,Prix Dimitri Legrand Handicap,1599.0,"4YO+, Class 3, Handicap, Class 3, Handicap",29901.0,9.0,False,1.0,5.0,59.75,,No Limit Dream,6.0,Gelding,Belardo,High Dream Milena,T Piccone,C H Plisson,49,6,7,6,0.12244897959183673,12.0,39.0,-36.0,14.0,14.0,8.0,34.0,,,,,,dsn,False,,0,,,,
Bordeaux Le Bouscat,2026-09-28,8,Prix Dimitri Legrand Handicap,1599.0,"4YO+, Class 3, Handicap, Class 3, Handicap",29901.0,9.0,False,2.0,3.0,59.75,,Nolito,6.0,Gelding,Recoletos,Dubai Empress,T Blanchouin,Mme S Gavilan,58,6,11,7,0.10344827586206896,10.0,41.0,-62.0,8.0,23.0,2.0,6.0,,,,,,tdshn,False,,0,,,,
Bordeaux Le Bouscat,2026-09-28,8,Prix Dimitri Legrand Handicap,1599.0,"4YO+, Class 3, Handicap, Class 3, Handicap",29901.0,9.0,False,3.0,6.0,59.75,,Everstar,5.0,Gelding,Seabhac,Quatuor,T Brebion,L Gadbin,36,7,2,6,0.19444444444444445,19.0,42.0,29.0,29.0,39.0,7.0,5.5,,,,,,dsn,False,,0,,,,
Bordeaux Le Bouscat,2026-09-28,8,Prix Dimitri Legrand Handicap,1599.0,"4YO+, Class 3, Handicap, Class 3, Handicap",29901.0,9.0,False,4.0,9.0,57.5,,Famoso,6.0,Gelding,Al Wukair,Fair West,A Madamet,C Pautier,51,4,10,3,0.0784313725490196,8.0,33.0,10.0,20.0,103.0,10.0,34.0,,,,,,tcdson,False,,0,,,,
Bordeaux Le Bouscat,2026-09-28,8,Prix Dimitri Legrand Handicap,1599.0,"4YO+, Class 3, Handicap, Class 3, Handicap",29901.0,9.0,False,5.0,8.0,57.5,,Souvenir D'ecajeul,5.0,Colt,Lawman,Croisiere,I Mendizabal,G Arizkorreta Elosegui,24,2,5,3,0.08333333333333333,8.0,42.0,-65.0,11.0,30.0,1.0,8.0,,,,,,ds,False,,0,,,,
Bordeaux Le Bouscat,2026-09-28,8,Prix Dimitri Legrand Handicap,1599.0,"4YO+, Class 3, Handicap, Class 3, Handicap",29901.0,9.0,False,6.0,7.0,57.5,,Dulini,5.0,Filly,Starspangledbanner,Ells Bells,A Gavilan,Mme A Tinchon,26,5,2,4,0.19230769230769232,19.0,42.0,12.0,17.0,23.0,1.0,4.5,,,,,,dsn,False,,0,,,,
Bordeaux Le Bouscat,2026-09-28,8,Prix Dimitri Legrand Handicap,1599.0,"4YO+, Class 3, Handicap, Class 3, Handicap",29901.0,9.0,False,7.0,1.0,57.5,,Storia Di Roma,4.0,Gelding,Romanised,Storia Dell'isola,Antonio Orani,Mme A Tinchon,16,1,1,4,0.0625,6.0,38.0,-73.0,0.0,35.0,5.0,5.0,,,,,,sn,False,,0,,,,
Bordeaux Le Bouscat,2026-09-28,8,Prix Dimitri Legrand Handicap,1599.0,"4YO+, Class 3, Handicap, Class 3, Handicap",29901.0,9.0,False,8.0,4.0,54.5,,Rapido Presto,8.0,Gelding,Pedro The Great,Peinture Celeste,M Romary,Mme C Beauvoir,61,8,8,9,0.13114754098360656,13.0,41.0,-13.0,16.0,32.0,1.0,21.0,,,,,,tsn,False,,0,,,,
Bordeaux Le Bouscat,2026-09-28,8,Prix Dimitri Legrand Handicap,1599.0,"4YO+, Class 3, Handicap, Class 3, Handicap",29901.0,9.0,False,9.0,2.0,54.5,,Bare Elegance,5.0,Filly,Kodiac,Delft Dancer,S Le Quilleuc,G Soulie,23,0,2,4,0.0,0.0,26.0,-100.0,8.0,30.0,3.0,11.0,,,,,,,False,,0,,,,
Amiens,2026-09-28,1,Prix Dominique Geroux Handicap,2199.0,"4YO+, Class 4, Handicap, Class 4, Handicap",20869.0,14.0,True,1.0,9.0,59.75,,Golden Beach,7.0,Gelding,Oasis Dream,Mirror Lake,L Bails,D Satalia,64,9,7,5,0.140625,14.0,33.0,-8.0,0.0,15.0,8.0,23.0,,,,,,shn,False,10.0,9,1.01,9.0,2.0,0.0
Amiens,2026-09-28,1,Prix Dominique Geroux Handicap,2199.0,"4YO+, Class 4, Handicap, Class 4, Handicap",20869.0,14.0,True,2.0,5.0,59.75,,Golden Vale,4.0,Filly,Mehmas,Moon Palace,G Meury,A Schepens,24,2,0,4,0.08333333333333333,8.0,25.0,-46.0,0.0,11.0,11.0,34.0,,,,,,dson,False,1.01,0,,,,
Amiens,2026-09-28,1,Prix Dominique Geroux Handicap,2199.0,"4YO+, Class 4, Handicap, Class 4, Handicap",20869.0,14.0,True,3.0,12.0,59.75,,Lempira,6.0,Gelding,Taareef,Octavine,Coralie Pacaut,K Plisson,33,4,0,2,0.12121212121212122,12.0,18.0,-8.0,0.0,24.0,8.0,17.0,,,,,,sn,False,12.0,9,1.01,11.0,11.0,0.0
Amiens,2026-09-28,1,Prix Dominique Geroux Handicap,2199.0,"4YO+, Class 4, Handicap, Class 4, Handicap",20869.0,14.0,True,4.0,11.0,59.75,,Camelarua,4.0,Filly,Camelot,Dalarua,Hugo Journiac,Y Barberot,19,0,1,3,0.0,0.0,21.0,-100.0,12.0,35.0,3.0,21.0,,,,,,,False,5.75,19,1.01,5.0,4.0,0.0
Amiens,2026-09-28,1,Prix Dominique Geroux Handicap,2199.0,"4YO+, Class 4, Handicap, Class 4, Handicap",20869.0,14.0,True,5.0,1.0,59.5,,Rue De L'odeon,4.0,Filly,Persian King,Warzuzu,L Boisseau,D Artu,27,2,1,0,0.07407407407407407,7.0,11.0,89.0,7.0,21.0,7.0,17.0,,,,,,ds,False,3.9,10,1.01,3.6,3.0,0.0
Amiens,2026-09-28,1,Prix Dominique Geroux Handicap,2199.0,"4YO+, Class 4, Handicap, Class 4, Handicap",20869.0,14.0,True,6.0,14.0,58.5,,Money Money,6.0,Gelding,Birchwood,La Joconde,C Belmont,T Vlaminck,34,3,1,4,0.08823529411764706,9.0,24.0,-29.0,0.0,11.0,12.0,34.0,,,,,,son,False,31.0,11,1.01,26.0,1.0,1.0
Amiens,2026-09-28,1,Prix Dominique Geroux Handicap,2199.0,"4YO+, Class 4, Handicap, Class 4, Handicap",20869.0,14.0,True,7.0,8.0,58.0,,Bobby Jean,4.0,Filly,Hello Youmzain,My Year Is A Day,T Trullier,J Macedo Da Silva,22,1,1,2,0.045454545454545456,5.0,18.0,-89.0,0.0,14.0,9.0,29.0,,,,,,n,False,12.0,7,1.01,10.0,5.0,0.0
Amiens,2026-09-28,1,Prix Dominique Geroux Handicap,2199.0,"4YO+, Class 4, Handicap, Class 4, Handicap",20869.0,14.0,True,8.0,6.0,58.0,,Sin City,4.0,Filly,Ultra,Sund City,A Crastus,S Cerulis,3,0,0,0,0.0,0.0,0.0,-100.0,9.0,40.0,8.0,21.0,,,,,,,False,13.0,10,1.01,11.0,7.0,0.0
Amiens,2026-09-28,1,Prix Dominique Geroux Handicap,2199.0,"4YO+, Class 4, Handicap, Class 4, Handicap",20869.0,14.0,True,9.0,13.0,57.5,,Louise De Bade,5.0,Filly,Almanzor,She Will Call,Fabrice Veron,J Leroy,11,1,0,0,0.09090909090909091,9.0,9.0,-66.0,0.0,19.0,4.0,6.0,,,,,,sn,False,5.0,14,1.01,4.6,12.0,0.0
Amiens,2026-09-28,1,Prix Dominique Geroux Handicap,2199.0,"4YO+, Class 4, Handicap, Class 4, Handicap",20869.0,14.0,True,10.0,4.0,55.0,,Puerta Del Sol,6.0,Mare,Recoletos,Subprime,A Vilchien,M Rosseel,28,0,0,0,0.0,0.0,0.0,-100.0,0.0,312.0,13.0,41.0,,,,,,o,False,41.0,12,1.01,26.0,6.0,0.0
Amiens,2026-09-28,1,Prix Dominique Geroux Handicap,2199.0,"4YO+, Class 4, Handicap, Class 4, Handicap",20869.0,14.0,True,11.0,3.0,55.0,,Clair De Lune,6.0,Mare,Le Havre,Moonlight Rose,L Gallo,Mme C Auvray,29,2,2,1,0.06896551724137931,7.0,17.0,-66.0,0.0,19.0,13.0,19.0,,,,,,son,False,14.0,14,1.01,13.0,8.0,0.0
Amiens,2026-09-28,1,Prix Dominique Geroux Handicap,2199.0,"4YO+, Class 4, Handicap, Class 4, Handicap",20869.0,14.0,True,12.0,10.0,51.25,,Silver Condor,10.0,Gelding,Kendargent,Barzas River,P Cheyer,G Verheye,73,6,4,2,0.0821917808219178,8.0,16.0,9.0,14.0,19.0,7.0,19.0,,,,,,dsn,False,51.0,9,1.01,34.0,13.0,0.0
Amiens,2026-09-28,1,Prix Dominique Geroux Handicap,2199.0,"4YO+, Class 4, Handicap, Class 4, Handicap",20869.0,14.0,True,13.0,7.0,50.75,,Landaryna,8.0,Mare,Dariyan,Imperial Topaz,T Le Graet,J Leroy,93,4,4,10,0.043010752688172046,4.0,19.0,-60.0,0.0,19.0,8.0,15.0,,,,,,n,False,21.0,11,1.01,16.0,10.0,0.0
Amiens,2026-09-28,1,Prix Dominique Geroux Handicap,2199.0,"4YO+, Class 4, Handicap, Class 4, Handicap",20869.0,14.0,True,14.0,2.0,50.75,,Kasimska,6.0,Mare,Kamsin,Katiouska,M Pien,M Rosseel,11,0,0,0,0.0,0.0,0.0,-100.0,0.0,45.0,11.0,41.0,,,,,,o,False,101.0,16,1.01,61.0,9.0,0.0
Amiens,2026-09-28,7,Prix Du Pdv Pmu L'ocean Equihen-plage (Prix Edouard Acker) Handicap,1650.0,"4YO+, Class 4, Handicap, Class 4, Handicap",20869.0,14.0,True,1.0,1.0,59.75,,Ambra Antica,4.0,Filly,Waldgeist,Bayargal,A Vilchien,J Goossens,24,2,1,2,0.08333333333333333,8.0,21.0,17.0,0.0,42.0,10.0,19.0,,,,,,dson,False,17.0,14,15.0,16.0,9.0,0.0
Amiens,2026-09-28,7,Prix Du Pdv Pmu L'ocean Equihen-plage (Prix Edouard Acker) Handicap,1650.0,"4YO+, Class 4, Handicap, Class 4, Handicap",20869.0,14.0,True,2.0,14.0,59.5,,Mon Schatzi,4.0,Gelding,Shamalgan,Mon Amie Chop,L Carboni,M Weissmeier,28,3,4,2,0.10714285714285714,11.0,32.0,-55.0,0.0,63.0,10.0,9.0,,,,,,dhon,False,12.0,15,17.0,11.0,14.0,0.0
Amiens,2026-09-28,7,Prix Du Pdv Pmu L'ocean Equihen-plage (Prix Edouard Acker) Handicap,1650.0,"4YO+, Class 4, Handicap, Class 4, Handicap",20869.0,14.0,True,3.0,11.0,59.0,,Charismatic Chick,4.0,Filly,Inns Of Court,Eyes That Dazzle,A Duquesnoy,C Boutin,24,1,2,2,0.041666666666666664,4.0,21.0,-29.0,9.0,15.0,5.0,13.0,,,,,,sn,False,6.5,18,8.0,5.5,10.0,0.0
Amiens,2026-09-28,7,Prix Du Pdv Pmu L'ocean Equihen-plage (Prix Edouard Acker) Handicap,1650.0,"4YO+, Class 4, Handicap, Class 4, Handicap",20869.0,14.0,True,4.0,9.0,59.0,,Pinya,4.0,Filly,Hello Youmzain,Terre Australe,L Boisseau,Mme G Rarick,16,1,0,1,0.0625,6.0,13.0,-31.0,4.0,14.0,14.0,34.0,,,,,,so,False,31.0,22,15.0,26.0,8.0,0.0
Amiens,2026-09-28,7,Prix Du Pdv Pmu L'ocean Equihen-plage (Prix Edouard Acker) Handicap,1650.0,"4YO+, Class 4, Handicap, Class 4, Handicap",20869.0,14.0,True,5.0,12.0,59.0,,Khyrilovitch,4.0,Gelding,Profitable,Teikei,E Solinas,N Caullery,9,0,0,0,0.0,0.0,0.0,-100.0,3.0,15.0,13.0,81.0,,,,,,o,False,61.0,17,34.0,41.0,13.0,0.0
Amiens,2026-09-28,7,Prix Du Pdv Pmu L'ocean Equihen-plage (Prix Edouard Acker) Handicap,1650.0,"4YO+, Class 4, Handicap, Class 4, Handicap",20869.0,14.0,True,6.0,10.0,58.5,,Likethewind,4.0,Filly,Toronado,Nice Story,A Crastus,J Carvalho,19,1,0,2,0.05263157894736842,5.0,16.0,-42.0,0.0,124.0,5.0,21.0,,,,,,tcdsn,False,8.5,14,7.5,7.0,1.0,1.0
Amiens,2026-09-28,7,Prix Du Pdv Pmu L'ocean Equihen-plage (Prix Edouard Acker) Handicap,1650.0,"4YO+, Class 4, Handicap, Class 4, Handicap",20869.0,14.0,True,7.0,4.0,58.0,,Eywa,4.0,Filly,Fas,Soccoa,T Trullier,J Phelippon,45,4,5,4,0.08888888888888889,9.0,29.0,-41.0,11.0,15.0,12.0,13.0,,,,,,son,False,15.0,11,8.0,13.0,7.0,0.0
Amiens,2026-09-28,7,Prix Du Pdv Pmu L'ocean Equihen-plage (Prix Edouard Acker) Handicap,1650.0,"4YO+, Class 4, Handicap, Class 4, Handicap",20869.0,14.0,True,8.0,2.0,58.0,,Elenka,4.0,Filly,Romanised,Ehteyat,Fabrice Veron,J Leroy,22,0,1,3,0.0,0.0,18.0,-100.0,0.0,15.0,3.0,19.0,,,,,,,False,7.0,21,5.0,6.0,2.0,0.0
Amiens,2026-09-28,7,Prix Du Pdv Pmu L'ocean Equihen-plage (Prix Edouard Acker) Handicap,1650.0,"4YO+, Class 4, Handicap, Class 4, Handicap",20869.0,14.0,True,9.0,6.0,57.5,,Pokrov,4.0,Gelding,Fas,Khyrova,Hugo Journiac,J Macedo Da Silva,29,1,1,4,0.034482758620689655,3.0,21.0,-91.0,0.0,24.0,3.0,19.0,,,,,,dn,False,6.5,13,4.4,5.5,4.0,0.0
Amiens,2026-09-28,7,Prix Du Pdv Pmu L'ocean Equihen-plage (Prix Edouard Acker) Handicap,1650.0,"4YO+, Class 4, Handicap, Class 4, Handicap",20869.0,14.0,True,10.0,7.0,57.5,,La Billebaude,4.0,Filly,Bobby's Kitten,Mer Et Jardin,L Bails,N Guilbert,12,0,0,0,0.0,0.0,0.0,-100.0,14.0,16.0,13.0,11.0,,,,,,o,False,15.0,17,9.0,14.0,12.0,0.0
Amiens,2026-09-28,7,Prix Du Pdv Pmu L'ocean Equihen-plage (Prix Edouard Acker) Handicap,1650.0,"4YO+, Class 4, Handicap, Class 4, Handicap",20869.0,14.0,True,11.0,8.0,56.75,,Galilee Dream,6.0,Mare,Galiway,Petite Mokka,P Bazire,Jv Toux,18,0,1,2,0.0,0.0,17.0,-100.0,9.0,16.0,6.0,13.0,,,,,,,False,6.25,9,8.0,6.0,3.0,0.0
Amiens,2026-09-28,7,Prix Du Pdv Pmu L'ocean Equihen-plage (Prix Edouard Acker) Handicap,1650.0,"4YO+, Class 4, Handicap, Class 4, Handicap",20869.0,14.0,True,12.0,3.0,54.5,,Niia,4.0,Filly,Romanised,New Queen,P Cheyer,A Fouassier,27,1,1,5,0.037037037037037035,4.0,26.0,-80.0,5.0,16.0,8.0,13.0,,,,,,sn,False,7.5,16,11.0,7.0,5.0,0.0
Amiens,2026-09-28,7,Prix Du Pdv Pmu L'ocean Equihen-plage (Prix Edouard Acker) Handicap,1650.0,"4YO+, Class 4, Handicap, Class 4, Handicap",20869.0,14.0,True,13.0,13.0,52.5,,Tigre Dore,4.0,Gelding,Elarqam,Brofalya,G Meury,B Koninck,7,0,0,0,0.0,0.0,0.0,-100.0,0.0,15.0,15.0,81.0,,,,,,o,False,126.0,19,41.0,67.0,6.0,0.0
Amiens,2026-09-28,7,Prix Du Pdv Pmu L'ocean Equihen-plage (Prix Edouard Acker) Handicap,1650.0,"4YO+, Class 4, Handicap, Class 4, Handicap",20869.0,14.0,True,14.0,5.0,51.75,,Mi C'infilo,8.0,Gelding,French Fifteen,Melivea,L Gallo,B Koninck,97,10,6,11,0.10309278350515463,10.0,28.0,-91.0,0.0,21.0,13.0,29.0,,,,,,tcdshon,False,71.0,7,26.0,41.0,11.0,0.0
Amiens,2026-09-28,4,Prix Du Pdv Pmu L'union Moreuil (Prix Des Jardins Flottants) Claiming Stakes,1650.0,"3YO, Claiming",17912.0,14.0,True,1.0,7.0,59.75,,Monarco,3.0,Gelding,Hot Streak,Lusitane,L Gallo,Boutin S,9,1,1,0,0.1111111111111111,11.0,22.0,-6.0,10.0,11.0,6.0,15.0,,,,,,n,False,8.0,11,1.01,7.5,4.0,0.0
Amiens,2026-09-28,4,Prix Du Pdv Pmu L'union Moreuil (Prix Des Jardins Flottants) Claiming Stakes,1650.0,"3YO, Claiming",17912.0,14.0,True,2.0,9.0,59.75,,Hello Master,3.0,Gelding,Rio De La Plata,Benazir,B Flament,L D Racco,11,2,1,1,0.18181818181818182,18.0,36.0,-60.0,0.0,17.0,7.0,12.0,,,,,,sn,False,3.8,25,1.01,3.3,2.0,0.0
Amiens,2026-09-28,4,Prix Du Pdv Pmu L'union Moreuil (Prix Des Jardins Flottants) Claiming Stakes,1650.0,"3YO, Claiming",17912.0,14.0,True,3.0,1.0,58.0,,Al Paso,3.0,Gelding,Earthlight,Copying,E Solinas,N Caullery,9,0,0,0,0.0,0.0,0.0,-100.0,3.0,15.0,10.0,34.0,,,,,,o,False,19.0,14,1.01,16.0,5.0,0.0
Amiens,2026-09-28,4,Prix Du Pdv Pmu L'union Moreuil (Prix Des Jardins Flottants) Claiming Stakes,1650.0,"3YO, Claiming",17912.0,14.0,True,4.0,14.0,56.75,,Don Gerasimos,3.0,Gelding,Hegemony,Winter Rose,A Vilchien,S Jesus,0,0,0,0,,0.0,0.0,0.0,0.0,,,,,,,,,,False,34.0,20,1.01,26.0,12.0,0.0
Amiens,2026-09-28,4,Prix Du Pdv Pmu L'union Moreuil (Prix Des Jardins Flottants) Claiming Stakes,1650.0,"3YO, Claiming",17912.0,14.0,True,5.0,6.0,56.25,,Born To Sun,3.0,Filly,Born To Sea,Zillione Sun,A Crastus,P & Jl Butel & Beaunez,5,0,0,0,0.0,0.0,0.0,-100.0,9.0,11.0,11.0,29.0,,,,,,o,False,71.0,14,1.01,51.0,10.0,0.0
Amiens,2026-09-28,4,Prix Du Pdv Pmu L'union Moreuil (Prix Des Jardins Flottants) Claiming Stakes,1650.0,"3YO, Claiming",17912.0,14.0,True,6.0,8.0,56.25,,Miss Dya,3.0,Filly,Wooded,Lady Dya,C Belmont,M Nigge,4,0,0,0,0.0,0.0,0.0,-100.0,0.0,48.0,14.0,67.0,,,,,,o,False,91.0,10,1.01,61.0,14.0,0.0
Amiens,2026-09-28,4,Prix Du Pdv Pmu L'union Moreuil (Prix Des Jardins Flottants) Claiming Stakes,1650.0,"3YO, Claiming",17912.0,14.0,True,7.0,4.0,55.75,,Akira Back,3.0,Gelding,Seabhac,Et Pourtant,E Chinchilla,Boutin S,2,0,0,0,0.0,0.0,0.0,-100.0,0.0,11.0,13.0,81.0,,,,,,o,False,201.0,20,1.01,91.0,13.0,0.0
Amiens,2026-09-28,4,Prix Du Pdv Pmu L'union Moreuil (Prix Des Jardins Flottants) Claiming Stakes,1650.0,"3YO, Claiming",17912.0,14.0,True,8.0,12.0,55.75,,Si Ca Me Chante,3.0,Gelding,Hot Streak,Shipping News,T Trullier,F Bellemere,2,0,0,0,0.0,0.0,0.0,-100.0,0.0,29.0,9.0,21.0,,,,,,,False,51.0,18,1.01,34.0,9.0,0.0
Amiens,2026-09-28,4,Prix Du Pdv Pmu L'union Moreuil (Prix Des Jardins Flottants) Claiming Stakes,1650.0,"3YO, Claiming",17912.0,14.0,True,9.0,11.0,55.75,,Amirlan,3.0,Gelding,Wootton Bassett,Credenza,L Poggionovo,G Fourrier,11,0,1,1,0.0,0.0,18.0,-100.0,4.0,11.0,7.0,15.0,,,,,,,False,13.0,21,1.01,12.0,7.0,0.0
Amiens,2026-09-28,4,Prix Du Pdv Pmu L'union Moreuil (Prix Des Jardins Flottants) Claiming Stakes,1650.0,"3YO, Claiming",17912.0,14.0,True,10.0,2.0,55.75,,Circinus,3.0,Gelding,Fifty Stars,Khanchaym,D Santiago,S Nigge,3,0,0,0,0.0,0.0,0.0,-100.0,8.0,11.0,5.0,29.0,,,,,,,False,12.0,11,1.01,11.0,6.0,0.0
Amiens,2026-09-28,4,Prix Du Pdv Pmu L'union Moreuil (Prix Des Jardins Flottants) Claiming Stakes,1650.0,"3YO, Claiming",17912.0,14.0,True,11.0,5.0,55.75,,El Vegas,3.0,Colt,Almanzor,Strawberry Lace,R Mangione,M Weissmeier,15,1,2,1,0.06666666666666667,7.0,27.0,-77.0,10.0,35.0,3.0,6.0,,,,,,ds,False,7.0,13,1.01,6.0,3.0,0.0
Amiens,2026-09-28,4,Prix Du Pdv Pmu L'union Moreuil (Prix Des Jardins Flottants) Claiming Stakes,1650.0,"3YO, Claiming",17912.0,14.0,True,12.0,3.0,54.5,,Segovia,3.0,Filly,Wooded,Scalambra,Hugo Journiac,Y Barberot,3,0,0,0,0.0,0.0,0.0,-100.0,12.0,31.0,10.0,11.0,,,,,,o,False,17.0,13,1.01,15.0,8.0,0.0
Amiens,2026-09-28,4,Prix Du Pdv Pmu L'union Moreuil (Prix Des Jardins Flottants) Claiming Stakes,1650.0,"3YO, Claiming",17912.0,14.0,True,13.0,13.0,54.5,,Lady Tedsmore,3.0,Filly,Study Of Man,Tedsmore Dame,Coralie Pacaut,L Blanchet,10,1,0,1,0.1,10.0,20.0,-55.0,0.0,45.0,12.0,23.0,,,,,,dho,False,3.3,23,1.01,3.0,1.0,1.0
Amiens,2026-09-28,4,Prix Du Pdv Pmu L'union Moreuil (Prix Des Jardins Flottants) Claiming Stakes,1650.0,"3YO, Claiming",17912.0,14.0,True,14.0,10.0,54.5,,Nughaya Fal,3.0,Filly,Ghaiyyath,Nurse Barbara,M Tevels,M Swinnens,4,0,0,0,0.0,0.0,0.0,-100.0,0.0,36.0,8.0,26.0,,,,,,,False,151.0,18,1.01,126.0,11.0,0.0
Amiens,2026-09-28,6,Prix Florent Geroux Claiming Stakes,1650.0,"4YO+, Class 4, Claiming, Class 4",19468.0,7.0,True,1.0,3.0,60.75,,Itaewon,6.0,Stallion,Taareef,Rien Que Pour Toi,A Duquesnoy,C Boutin,33,6,5,2,0.18181818181818182,18.0,39.0,148.0,9.0,14.0,1.0,21.0,,,,,,sn,False,3.6,17,1.01,3.4,1.0,1.0
Amiens,2026-09-28,6,Prix Florent Geroux Claiming Stakes,1650.0,"4YO+, Class 4, Claiming, Class 4",19468.0,7.0,True,2.0,5.0,59.0,,Arabian Fever,4.0,Colt,Showcasing,Illa Alqamar,P Cheyer,A Fouassier,14,0,2,3,0.0,0.0,36.0,-100.0,5.0,19.0,5.0,3.5,,,,,,,False,26.0,12,1.01,21.0,5.0,0.0
Amiens,2026-09-28,6,Prix Florent Geroux Claiming Stakes,1650.0,"4YO+, Class 4, Claiming, Class 4",19468.0,7.0,True,3.0,7.0,59.0,,Cosmo Beau,6.0,Stallion,Shalaa,Crystals Sky,M Grondin,G Mosse,45,3,3,5,0.06666666666666667,7.0,24.0,-63.0,15.0,15.0,13.0,7.0,,,,,,dson,False,8.5,10,1.01,8.0,6.0,0.0
Amiens,2026-09-28,6,Prix Florent Geroux Claiming Stakes,1650.0,"4YO+, Class 4, Claiming, Class 4",19468.0,7.0,True,4.0,1.0,59.0,,Westminster Night,7.0,Gelding,Morandi,Fontaine Margot,Mme Ella Muntwyler,F X Weissmeier,35,3,5,4,0.08571428571428572,9.0,34.0,3.0,0.0,15.0,9.0,12.0,,,,,,ds,False,6.0,12,1.01,5.5,4.0,0.0
Amiens,2026-09-28,6,Prix Florent Geroux Claiming Stakes,1650.0,"4YO+, Class 4, Claiming, Class 4",19468.0,7.0,True,5.0,4.0,57.5,,Art Piece,4.0,Gelding,Elarqam,Alianza,A Vilchien,S Cerulis,12,0,2,2,0.0,0.0,33.0,-100.0,11.0,19.0,2.0,7.5,,,,,,,False,6.5,13,1.01,5.5,3.0,0.0
Amiens,2026-09-28,6,Prix Florent Geroux Claiming Stakes,1650.0,"4YO+, Class 4, Claiming, Class 4",19468.0,7.0,True,6.0,6.0,57.5,,Loria,5.0,Filly,Soldier Hollow,Leukothea,G Meury,M Munch,15,1,1,3,0.06666666666666667,7.0,33.0,-81.0,100.0,81.0,4.0,3.0,,,,,,sbn,False,3.3,12,1.01,3.0,7.0,0.0
Amiens,2026-09-28,6,Prix Florent Geroux Claiming Stakes,1650.0,"4YO+, Class 4, Claiming, Class 4",19468.0,7.0,True,7.0,2.0,54.5,,Iffrocta Fal,4.0,Filly,Iffraaj,Octave,R Mangione,J Phelippon,26,2,4,4,0.07692307692307693,8.0,38.0,-44.0,6.0,11.0,8.0,4.5,,,,,,dn,False,8.5,10,1.01,8.0,2.0,0.0
Craon,2026-09-28,1,Prix Groupama (Prix De Champagne) Maiden Stakes,1299.0,"2YO, Maiden",22740.0,9.0,False,1.0,1.0,58.0,,East And West,2.0,Colt,Territories,Livinginafantasy,Theo Bachelot,S Wattel,2,0,0,0,0.0,0.0,0.0,-100.0,14.0,28.0,4.0,17.0,,,,,,,False,,0,,,,
Craon,2026-09-28,1,Prix Groupama (Prix De Champagne) Maiden Stakes,1299.0,"2YO, Maiden",22740.0,9.0,False,2.0,7.0,56.25,,Royal Rizzi,2.0,Filly,Harry Angel,Madame Pandora,Pierre-charles Boudot,A Murphy,3,0,1,1,0.0,0.0,67.0,-100.0,50.0,26.0,2.0,6.0,,,,,,,False,,0,,,,
Craon,2026-09-28,1,Prix Groupama (Prix De Champagne) Maiden Stakes,1299.0,"2YO, Maiden",22740.0,9.0,False,3.0,2.0,56.25,,Alfiya,2.0,Filly,Golden Horde,Allucination,M Protti,H A Pantall,2,0,1,0,0.0,0.0,50.0,-100.0,13.0,47.0,2.0,12.0,,,,,,,False,,0,,,,
Craon,2026-09-28,1,Prix Groupama (Prix De Champagne) Maiden Stakes,1299.0,"2YO, Maiden",22740.0,9.0,False,4.0,5.0,56.25,,Airlie Beach,2.0,Filly,Sealiway,Avoriaz,P Remoue,P E Dubois,2,0,0,1,0.0,0.0,50.0,-100.0,17.0,26.0,4.0,7.0,,,,,,,False,,0,,,,
Craon,2026-09-28,1,Prix Groupama (Prix De Champagne) Maiden Stakes,1299.0,"2YO, Maiden",22740.0,9.0,False,5.0,8.0,56.25,,Lalou Chope,2.0,Filly,Muhaarar,Laia Chope,C Grosbois,L Gadbin,1,0,0,0,0.0,0.0,0.0,-100.0,8.0,31.0,7.0,6.5,,,,,,,False,,0,,,,
Craon,2026-09-28,1,Prix Groupama (Prix De Champagne) Maiden Stakes,1299.0,"2YO, Maiden",22740.0,9.0,False,6.0,3.0,56.25,,Fizzy,2.0,Filly,Caturra,Bubbly,L Brechet,A Murphy,3,0,0,0,0.0,0.0,0.0,-100.0,0.0,16.0,7.0,7.5,,,,,,,False,,0,,,,
Craon,2026-09-28,1,Prix Groupama (Prix De Champagne) Maiden Stakes,1299.0,"2YO, Maiden",22740.0,9.0,False,7.0,4.0,56.25,,Herhonour,2.0,Filly,Wooded,Haija,C Lecoeuvre,A Pean,1,0,0,0,0.0,0.0,0.0,-100.0,0.0,100.0,9.0,34.0,,,,,,,False,,0,,,,
Craon,2026-09-28,1,Prix Groupama (Prix De Champagne) Maiden Stakes,1299.0,"2YO, Maiden",22740.0,9.0,False,8.0,6.0,55.75,,Dandyvan Fal,2.0,Colt,Van Beethoven,Dainty Dandy,H Lebouc,A Fouassier,0,0,0,0,,0.0,0.0,0.0,6.0,,,,,,,,,,False,,0,,,,
Craon,2026-09-28,1,Prix Groupama (Prix De Champagne) Maiden Stakes,1299.0,"2YO, Maiden",22740.0,9.0,False,9.0,9.0,54.5,,Sugar Magnolia,2.0,Filly,Armor,Cassiopea,M Velon,A Botti,0,0,0,0,,0.0,0.0,0.0,20.0,,,,,,,,,,False,,0,,,,
Craon,2026-09-28,4,Prix Haras De La Haie Neuve (Prix Onde Amere) Stakes,2999.0,3YO,15731.0,16.0,False,1.0,1.0,63.0,,Ritano Guapo,3.0,Gelding,Kapgarde,Visby,H Lebouc,Joel Boisnard,1,0,0,1,0.0,0.0,100.0,-100.0,13.0,23.0,3.0,9.5,,,,,,,False,,0,,,,
Craon,2026-09-28,4,Prix Haras De La Haie Neuve (Prix Onde Amere) Stakes,2999.0,3YO,15731.0,16.0,False,2.0,12.0,63.0,,Espoir Nonantais,3.0,Gelding,Nirvana Du Berlais,Samba Nonantaise,G Roth Le Vaillant,As&d Allard,0,0,0,0,,0.0,0.0,0.0,0.0,,,,,,,,,,False,,0,,,,
Craon,2026-09-28,4,Prix Haras De La Haie Neuve (Prix Onde Amere) Stakes,2999.0,3YO,15731.0,16.0,False,3.0,13.0,61.25,,Finest Cup,3.0,Filly,Choeur Du Nord,Finest Cape,Soufiane Saadi,E D'Andigne,1,0,0,0,0.0,0.0,0.0,-100.0,0.0,23.0,4.0,8.5,,,,,,,False,,0,,,,
Craon,2026-09-28,4,Prix Haras De La Haie Neuve (Prix Onde Amere) Stakes,2999.0,3YO,15731.0,16.0,False,4.0,6.0,60.75,,Nestordelabarriere,3.0,Colt,Magneticjim,Campden Hill,O D'Andigne,A Couetil,0,0,0,0,,0.0,0.0,0.0,15.0,,,,,,,,,,False,,0,,,,
Craon,2026-09-28,4,Prix Haras De La Haie Neuve (Prix Onde Amere) Stakes,2999.0,3YO,15731.0,16.0,False,5.0,16.0,60.75,,Nozay,3.0,Gelding,Tin Horse,Annie Newton,Y Rousset,G Fourrier,0,0,0,0,,0.0,0.0,0.0,27.0,,,,,,,,,,False,,0,,,,
Craon,2026-09-28,4,Prix Haras De La Haie Neuve (Prix Onde Amere) Stakes,2999.0,3YO,15731.0,16.0,False,6.0,7.0,60.75,,Mister Paramount,3.0,Gelding,Masked Marvel,Pommbelle,Y Barille,Mlle A S Pacault,0,0,0,0,,0.0,0.0,0.0,33.0,,,,,,,,,,False,,0,,,,
Craon,2026-09-28,4,Prix Haras De La Haie Neuve (Prix Onde Amere) Stakes,2999.0,3YO,15731.0,16.0,False,7.0,10.0,60.75,,Nougaway,3.0,Gelding,Galiway,Valoise,P Remoue,Gabriel Leenders,0,0,0,0,,0.0,0.0,0.0,0.0,,,,,,,,,,False,,0,,,,
Craon,2026-09-28,4,Prix Haras De La Haie Neuve (Prix Onde Amere) Stakes,2999.0,3YO,15731.0,16.0,False,8.0,2.0,60.75,,Night In Blou,3.0,Gelding,Morandi,Miyona,J Guillochon,J Marion,0,0,0,0,,0.0,0.0,0.0,0.0,,,,,,,,,,False,,0,,,,
Craon,2026-09-28,4,Prix Haras De La Haie Neuve (Prix Onde Amere) Stakes,2999.0,3YO,15731.0,16.0,False,9.0,3.0,60.75,,Nexus,3.0,Gelding,French Fifteen,Bara Bahau,Non Runner,J Merienne,0,0,0,0,,0.0,0.0,0.0,0.0,,,,,,,,,,False,,0,,,,
Craon,2026-09-28,4,Prix Haras De La Haie Neuve (Prix Onde Amere) Stakes,2999.0,3YO,15731.0,16.0,False,10.0,4.0,60.75,,Levantin,3.0,Gelding,Tin Horse,Ivan Street,O Longuet,D Mele,0,0,0,0,,0.0,0.0,0.0,0.0,,,,,,,,,,False,,0,,,,
Craon,2026-09-28,4,Prix Haras De La Haie Neuve (Prix Onde Amere) Stakes,2999.0,3YO,15731.0,16.0,False,11.0,5.0,60.75,,Nautilus Du Banco,3.0,Gelding,Flintshire,Miss Rail Link,L Brechet,D Mele,0,0,0,0,,0.0,0.0,0.0,20.0,,,,,,,,,,False,,0,,,,
Craon,2026-09-28,4,Prix Haras De La Haie Neuve (Prix Onde Amere) Stakes,2999.0,3YO,15731.0,16.0,False,12.0,11.0,60.75,,Natif De Cartigny,3.0,Gelding,Bathyrhon,Voulay,C Thelier-mele,D Mele,1,0,0,0,0.0,0.0,0.0,-100.0,38.0,16.0,11.0,10.0,,,,,,o,False,,0,,,,
Craon,2026-09-28,4,Prix Haras De La Haie Neuve (Prix Onde Amere) Stakes,2999.0,3YO,15731.0,16.0,False,13.0,14.0,59.5,,Night Du Breuil,3.0,Filly,Gris De Gris,Heroine Du Breuil,J Moutard,E Lecoiffier,0,0,0,0,,0.0,0.0,0.0,4.0,,,,,,,,,,False,,0,,,,
Craon,2026-09-28,4,Prix Haras De La Haie Neuve (Prix Onde Amere) Stakes,2999.0,3YO,15731.0,16.0,False,14.0,9.0,59.5,,Melodie De Vassy,3.0,Filly,Cokoriko,Memoire De Vassy,K Michel,E Allaire,0,0,0,0,,0.0,0.0,0.0,50.0,,,,,,,,,,False,,0,,,,
Craon,2026-09-28,4,Prix Haras De La Haie Neuve (Prix Onde Amere) Stakes,2999.0,3YO,15731.0,16.0,False,15.0,15.0,59.5,,Venizzia,3.0,Filly,Castle Du Berlais,Infinite,A Bourgeais,Mme M Solignac,0,0,0,0,,0.0,0.0,0.0,0.0,,,,,,,,,,False,,0,,,,
Craon,2026-09-28,4,Prix Haras De La Haie Neuve (Prix Onde Amere) Stakes,2999.0,3YO,15731.0,16.0,False,16.0,8.0,59.5,,Libela Des Bambous,3.0,Filly,Hunter's Light,Lilie,A Subias,N Paysan,0,0,0,0,,0.0,0.0,0.0,6.0,,,,,,,,,,False,,0,,,,
Bordeaux Le Bouscat,2026-09-28,1,Prix Ijockey Maiden Stakes,1400.0,"2YO, Maiden",32707.0,12.0,False,1.0,10.0,58.0,,Scaty Chop,2.0,Colt,Muhaarar,Scarlett Chope,T Blanchouin,Mme S Gavilan,3,0,1,0,0.0,0.0,33.0,-100.0,8.0,11.0,4.0,7.0,,,,,,,False,,0,,,,
Bordeaux Le Bouscat,2026-09-28,1,Prix Ijockey Maiden Stakes,1400.0,"2YO, Maiden",32707.0,12.0,False,2.0,5.0,58.0,,Mariono,2.0,Colt,Marianafoot,Loucelles,A Gutierrez Val,M Roldan,2,0,0,0,0.0,0.0,0.0,-100.0,8.0,14.0,4.0,15.0,,,,,,,False,,0,,,,
Bordeaux Le Bouscat,2026-09-28,1,Prix Ijockey Maiden Stakes,1400.0,"2YO, Maiden",32707.0,12.0,False,3.0,8.0,58.0,,El Teleno,2.0,Colt,Marianafoot,Poti,M Foulon,R Sanchez,4,0,0,0,0.0,0.0,0.0,-100.0,0.0,23.0,5.0,15.0,,,,,,,False,,0,,,,
Bordeaux Le Bouscat,2026-09-28,1,Prix Ijockey Maiden Stakes,1400.0,"2YO, Maiden",32707.0,12.0,False,4.0,9.0,58.0,,Olla,2.0,Gelding,Hello Youmzain,Olatz,Cristian Demuro,M Pitart,1,0,0,0,0.0,0.0,0.0,-100.0,15.0,20.0,7.0,6.0,,,,,,,False,,0,,,,
Bordeaux Le Bouscat,2026-09-28,1,Prix Ijockey Maiden Stakes,1400.0,"2YO, Maiden",32707.0,12.0,False,5.0,1.0,58.0,,Heiligenstein,2.0,Gelding,Zelzal,La Medicis,D Provost,H F Devin,3,0,0,0,0.0,0.0,0.0,-100.0,19.0,10.0,10.0,29.0,,,,,,o,False,,0,,,,
Bordeaux Le Bouscat,2026-09-28,1,Prix Ijockey Maiden Stakes,1400.0,"2YO, Maiden",32707.0,12.0,False,6.0,12.0,58.0,,Fenian,2.0,Colt,Hello Youmzain,Daidoo,E Verhestraeten,A Murphy,1,0,0,0,0.0,0.0,0.0,-100.0,13.0,28.0,9.0,13.0,,,,,,,False,,0,,,,
Bordeaux Le Bouscat,2026-09-28,1,Prix Ijockey Maiden Stakes,1400.0,"2YO, Maiden",32707.0,12.0,False,7.0,3.0,58.0,,Slemen,2.0,Colt,Showcasing,Plucky Lass,I Mendizabal,A Botti,1,0,0,0,0.0,0.0,0.0,-100.0,6.0,25.0,8.0,41.0,,,,,,,False,,0,,,,
Bordeaux Le Bouscat,2026-09-28,1,Prix Ijockey Maiden Stakes,1400.0,"2YO, Maiden",32707.0,12.0,False,8.0,4.0,58.0,,Prince D'azur,2.0,Colt,Soft Light,Love Today,N M Lopes Duarte,Mlg Carvalho,1,0,0,0,0.0,0.0,0.0,-100.0,11.0,32.0,8.0,34.0,,,,,,,False,,0,,,,
Bordeaux Le Bouscat,2026-09-28,1,Prix Ijockey Maiden Stakes,1400.0,"2YO, Maiden",32707.0,12.0,False,9.0,6.0,58.0,,Zachari,2.0,Gelding,Anodin,Kribi,Hugo Journiac,M Brasme,1,0,0,0,0.0,0.0,0.0,-100.0,11.0,25.0,5.0,34.0,,,,,,,False,,0,,,,
Bordeaux Le Bouscat,2026-09-28,1,Prix Ijockey Maiden Stakes,1400.0,"2YO, Maiden",32707.0,12.0,False,10.0,2.0,58.0,,Gouyar,2.0,Colt,Minzaal,Meetyouatthemoon,M Marquette,G Mosse,3,0,1,0,0.0,0.0,33.0,-100.0,14.0,17.0,4.0,15.0,,,,,,,False,,0,,,,
Bordeaux Le Bouscat,2026-09-28,1,Prix Ijockey Maiden Stakes,1400.0,"2YO, Maiden",32707.0,12.0,False,11.0,7.0,55.75,,Gatsby Go,2.0,Colt,The Grey Gatsby,Glowing Light,A Madamet,V H Santos,0,0,0,0,,0.0,0.0,0.0,0.0,,,,,,,,,,False,,0,,,,
Bordeaux Le Bouscat,2026-09-28,1,Prix Ijockey Maiden Stakes,1400.0,"2YO, Maiden",32707.0,12.0,False,12.0,11.0,55.75,,Golden Lyon Cen,2.0,Colt,Churchill,Tesora,Aurelien Lemaitre,Patrick Olave-valdivielso,0,0,0,0,,0.0,0.0,0.0,22.0,,,,,,,,,,False,,0,,,,
Bordeaux Le Bouscat,2026-09-28,7,Prix Jacques Dogny Claiming Stakes,1599.0,"3YO, Claiming",22427.0,7.0,False,1.0,5.0,58.0,,Valtrada,3.0,Filly,Toronado,Sugar Baby,Cristian Demuro,P Sogorb,10,2,2,2,0.2,20.0,60.0,-2.0,12.0,53.0,4.0,6.5,,,,,,tcdsn,False,,0,,,,
Bordeaux Le Bouscat,2026-09-28,7,Prix Jacques Dogny Claiming Stakes,1599.0,"3YO, Claiming",22427.0,7.0,False,2.0,2.0,58.0,,Zodiaco,3.0,Colt,Hello Youmzain,Eau Vie,I Mendizabal,G Arizkorreta Elosegui,9,1,3,0,0.1111111111111111,11.0,44.0,-100.0,11.0,80.0,5.0,12.0,,,,,,,False,,0,,,,
Bordeaux Le Bouscat,2026-09-28,7,Prix Jacques Dogny Claiming Stakes,1599.0,"3YO, Claiming",22427.0,7.0,False,3.0,6.0,55.75,,Alhama River,3.0,Colt,Invincible Spirit,Ripponette,R Dubord,J C Rouget,5,1,1,2,0.2,20.0,80.0,-50.0,21.0,23.0,9.0,26.0,,,,,,tcds,False,,0,,,,
Bordeaux Le Bouscat,2026-09-28,7,Prix Jacques Dogny Claiming Stakes,1599.0,"3YO, Claiming",22427.0,7.0,False,4.0,3.0,55.75,,Rainsilver,3.0,Gelding,Penny's Picnic,Madicken,N M Lopes Duarte,Mme C Courtade,3,0,0,0,0.0,0.0,0.0,-100.0,0.0,123.0,7.0,29.0,,,,,,,False,,0,,,,
Bordeaux Le Bouscat,2026-09-28,7,Prix Jacques Dogny Claiming Stakes,1599.0,"3YO, Claiming",22427.0,7.0,False,5.0,1.0,54.5,,Off To Dubai,3.0,Gelding,Victor Ludorum,Light It Up,A Madamet,M Brasme,17,1,0,3,0.058823529411764705,6.0,24.0,-75.0,10.0,87.0,6.0,13.0,,,,,,n,False,,0,,,,
Bordeaux Le Bouscat,2026-09-28,7,Prix Jacques Dogny Claiming Stakes,1599.0,"3YO, Claiming",22427.0,7.0,False,6.0,7.0,53.0,,Zelzala,3.0,Filly,Zelzal,Reem,Fabrice Veron,H A Pantall,3,0,0,0,0.0,0.0,0.0,-100.0,26.0,45.0,7.0,13.0,,,,,,o,False,,0,,,,
Bordeaux Le Bouscat,2026-09-28,7,Prix Jacques Dogny Claiming Stakes,1599.0,"3YO, Claiming",22427.0,7.0,False,7.0,4.0,53.0,,Miss De Paname,3.0,Filly,Persian King,Elabela,F Valle Skar,C Lerner,11,1,0,1,0.09090909090909091,9.0,18.0,-78.0,8.0,18.0,11.0,34.0,,,,,,so,False,,0,,,,
Craon,2026-09-28,8,Prix Lesieur (Prix Du Chene) Handicap,2399.0,"3YO, Handicap",25389.0,14.0,False,1.0,1.0,63.0,,Mickael D'oo,3.0,Gelding,Le Brivido,Lorietta,M Velon,F R Monfort,5,1,0,1,0.2,20.0,40.0,580.0,3.0,25.0,5.0,81.0,,,,,,,False,,0,,,,
Craon,2026-09-28,8,Prix Lesieur (Prix Du Chene) Handicap,2399.0,"3YO, Handicap",25389.0,14.0,False,2.0,10.0,62.5,,Astredargent,3.0,Colt,Kendargent,Yonna,L Roussel,E D Monfort,11,2,0,0,0.18181818181818182,18.0,18.0,9.0,12.0,101.0,11.0,26.0,,,,,,so,False,,0,,,,
Craon,2026-09-28,8,Prix Lesieur (Prix Du Chene) Handicap,2399.0,"3YO, Handicap",25389.0,14.0,False,3.0,12.0,62.5,,My Habitude,3.0,Gelding,Galiway,My Lover,C Collet-vidal,Robert Collet,8,2,0,1,0.25,25.0,38.0,50.0,12.0,17.0,1.0,8.5,,,,,,ds,False,,0,,,,
Craon,2026-09-28,8,Prix Lesieur (Prix Du Chene) Handicap,2399.0,"3YO, Handicap",25389.0,14.0,False,4.0,5.0,61.25,,Autoroute,3.0,Filly,Gleneagles,Gouville,M Protti,H A Pantall,6,0,2,0,0.0,0.0,33.0,-100.0,13.0,34.0,15.0,21.0,,,,,,o,False,,0,,,,
Craon,2026-09-28,8,Prix Lesieur (Prix Du Chene) Handicap,2399.0,"3YO, Handicap",25389.0,14.0,False,5.0,7.0,60.75,,Grey Reign,3.0,Filly,The Grey Gatsby,Wootton Saga,A Baron,A Baron,10,3,2,1,0.3,30.0,60.0,54.0,11.0,16.0,2.0,4.5,,,,,,s,False,,0,,,,
Craon,2026-09-28,8,Prix Lesieur (Prix Du Chene) Handicap,2399.0,"3YO, Handicap",25389.0,14.0,False,6.0,11.0,60.25,,Rusair Fal,3.0,Colt,Russian Cross,Aerach,C Lecoeuvre,P Groualle,9,0,0,0,0.0,0.0,0.0,-100.0,14.0,39.0,4.0,9.5,,,,,,,False,,0,,,,
Craon,2026-09-28,8,Prix Lesieur (Prix Du Chene) Handicap,2399.0,"3YO, Handicap",25389.0,14.0,False,7.0,9.0,59.75,,Sainte Sarah,3.0,Filly,Zarak,Soie,C Grosbois,L Baudron,7,1,2,0,0.14285714285714285,14.0,43.0,-43.0,10.0,41.0,12.0,7.0,,,,,,so,False,,0,,,,
Craon,2026-09-28,8,Prix Lesieur (Prix Du Chene) Handicap,2399.0,"3YO, Handicap",25389.0,14.0,False,8.0,3.0,59.75,,Lilly's Light,3.0,Filly,Hunter's Light,Lilly Du Havre,L Brechet,M Brasme,5,1,1,1,0.2,20.0,60.0,-10.0,14.0,17.0,3.0,8.5,,,,,,d,False,,0,,,,
Craon,2026-09-28,8,Prix Lesieur (Prix Du Chene) Handicap,2399.0,"3YO, Handicap",25389.0,14.0,False,9.0,13.0,59.5,,Le Senonnais,3.0,Colt,Ectot,Jaljalah,Non Runner,K Plisson,12,1,1,2,0.08333333333333333,8.0,33.0,-73.0,0.0,110.0,5.0,4.5,,,,,,dhb,False,,0,,,,
Craon,2026-09-28,8,Prix Lesieur (Prix Du Chene) Handicap,2399.0,"3YO, Handicap",25389.0,14.0,False,10.0,2.0,59.0,,Sir Patrick,3.0,Gelding,City Light,Cressida,Theo Bachelot,S Wattel,5,0,1,0,0.0,0.0,20.0,-100.0,14.0,17.0,5.0,6.0,,,,,,,False,,0,,,,
Craon,2026-09-28,8,Prix Lesieur (Prix Du Chene) Handicap,2399.0,"3YO, Handicap",25389.0,14.0,False,11.0,4.0,59.0,,Padova,3.0,Filly,Time Test,Paratonnerre,Pierre-charles Boudot,M Blancpain,5,0,0,0,0.0,0.0,0.0,-100.0,0.0,17.0,6.0,5.5,,,,,,,False,,0,,,,
Craon,2026-09-28,8,Prix Lesieur (Prix Du Chene) Handicap,2399.0,"3YO, Handicap",25389.0,14.0,False,12.0,6.0,56.75,,Pray United,3.0,Gelding,Ultra,Per Perdes,P Remoue,C Corduan,3,0,0,0,0.0,0.0,0.0,-100.0,0.0,31.0,7.0,23.0,,,,,,,False,,0,,,,
Craon,2026-09-28,8,Prix Lesieur (Prix Du Chene) Handicap,2399.0,"3YO, Handicap",25389.0,14.0,False,13.0,14.0,55.75,,Adventura,3.0,Filly,Almanzor,Rapid Transaction,Non Runner,Jean Dubois,14,0,0,3,0.0,0.0,21.0,-100.0,0.0,17.0,4.0,9.0,,,,,,,False,,0,,,,
Craon,2026-09-28,8,Prix Lesieur (Prix Du Chene) Handicap,2399.0,"3YO, Handicap",25389.0,14.0,False,14.0,8.0,55.0,,Johnny Drive,3.0,Gelding,Johnny Barnes,First Drive,H Lebouc,M Drean,15,2,0,2,0.13333333333333333,13.0,27.0,-38.0,0.0,56.0,9.0,34.0,,,,,,ds,False,,0,,,,
Craon,2026-09-28,6,Prix Pigeon Tp Loire Anjou (Prix  Yves Lalleman) Maiden Stakes,2399.0,"3YO, Maiden",24296.0,13.0,False,1.0,7.0,58.0,,Horage,3.0,Gelding,Van Beethoven,For Ever Fun,C Grosbois,L Gadbin,5,0,0,1,0.0,0.0,20.0,-100.0,8.0,111.0,13.0,4.5,,,,,,o,False,,0,,,,
Craon,2026-09-28,6,Prix Pigeon Tp Loire Anjou (Prix  Yves Lalleman) Maiden Stakes,2399.0,"3YO, Maiden",24296.0,13.0,False,2.0,4.0,58.0,,Haya Gold,3.0,Colt,Anodin,Haya City,H Lebouc,A Fouassier,6,0,0,0,0.0,0.0,0.0,-100.0,6.0,28.0,11.0,26.0,,,,,,o,False,,0,,,,
Craon,2026-09-28,6,Prix Pigeon Tp Loire Anjou (Prix  Yves Lalleman) Maiden Stakes,2399.0,"3YO, Maiden",24296.0,13.0,False,3.0,6.0,58.0,,Pacific Sky,3.0,Gelding,Toronado,Painted Girl,C Collet-vidal,Robert Collet,1,0,0,0,0.0,0.0,0.0,-100.0,12.0,13.0,4.0,51.0,,,,,,,False,,0,,,,
Craon,2026-09-28,6,Prix Pigeon Tp Loire Anjou (Prix  Yves Lalleman) Maiden Stakes,2399.0,"3YO, Maiden",24296.0,13.0,False,4.0,12.0,58.0,,Zanzare's,3.0,Gelding,Soft Light,Kapfortuna,Pierre-charles Boudot,M Seror,1,0,0,0,0.0,0.0,0.0,-100.0,16.0,21.0,5.0,10.0,,,,,,,False,,0,,,,
Craon,2026-09-28,6,Prix Pigeon Tp Loire Anjou (Prix  Yves Lalleman) Maiden Stakes,2399.0,"3YO, Maiden",24296.0,13.0,False,5.0,9.0,58.0,,Qerdie Des Roses,3.0,Gelding,Madhmoon,Lemon River,Soufiane Saadi,N Leenders,4,0,1,1,0.0,0.0,50.0,-100.0,0.0,31.0,2.0,8.0,,,,,,,False,,0,,,,
Craon,2026-09-28,6,Prix Pigeon Tp Loire Anjou (Prix  Yves Lalleman) Maiden Stakes,2399.0,"3YO, Maiden",24296.0,13.0,False,6.0,2.0,58.0,,Epokedeux,3.0,Gelding,Roman Candle,Apokalypsine D'oo,P Remoue,G Juillet,1,0,0,0,0.0,0.0,0.0,-100.0,0.0,23.0,13.0,81.0,,,,,,o,False,,0,,,,
Craon,2026-09-28,6,Prix Pigeon Tp Loire Anjou (Prix  Yves Lalleman) Maiden Stakes,2399.0,"3YO, Maiden",24296.0,13.0,False,7.0,11.0,56.25,,Kipchogua,3.0,Filly,Anodin,Dora Bruder,A Subias,A Nail,2,0,0,0,0.0,0.0,0.0,-100.0,0.0,24.0,7.0,67.0,,,,,,,False,,0,,,,
Craon,2026-09-28,6,Prix Pigeon Tp Loire Anjou (Prix  Yves Lalleman) Maiden Stakes,2399.0,"3YO, Maiden",24296.0,13.0,False,8.0,1.0,56.25,,Rubis Dreams,3.0,Filly,Olympic Glory,Rubis Queen,R Juteau,P Confrere,1,0,0,0,0.0,0.0,0.0,-100.0,0.0,186.0,12.0,41.0,,,,,,o,False,,0,,,,
Craon,2026-09-28,6,Prix Pigeon Tp Loire Anjou (Prix  Yves Lalleman) Maiden Stakes,2399.0,"3YO, Maiden",24296.0,13.0,False,9.0,13.0,56.25,,Pastille Bam's,3.0,Filly,Anodin,Vauquoise,J Moutard,E Lecoiffier,1,0,0,0,0.0,0.0,0.0,-100.0,4.0,49.0,6.0,26.0,,,,,,,False,,0,,,,
Craon,2026-09-28,6,Prix Pigeon Tp Loire Anjou (Prix  Yves Lalleman) Maiden Stakes,2399.0,"3YO, Maiden",24296.0,13.0,False,10.0,3.0,56.25,,Malena,3.0,Filly,Madhmoon,Kiora,M Justum,M Justum,8,0,1,0,0.0,0.0,13.0,-100.0,3.0,39.0,5.0,5.0,,,,,,,False,,0,,,,
Craon,2026-09-28,6,Prix Pigeon Tp Loire Anjou (Prix  Yves Lalleman) Maiden Stakes,2399.0,"3YO, Maiden",24296.0,13.0,False,11.0,8.0,56.25,,New Bede,3.0,Filly,Tiger Groom,New Glass,C Thelier-mele,D Mele,1,0,1,0,0.0,0.0,100.0,-100.0,38.0,59.0,2.0,4.0,,,,,,,False,,0,,,,
Craon,2026-09-28,6,Prix Pigeon Tp Loire Anjou (Prix  Yves Lalleman) Maiden Stakes,2399.0,"3YO, Maiden",24296.0,13.0,False,12.0,10.0,55.75,,Val Sun,3.0,Colt,Flintshire,Visinova,O D'Andigne,A Couetil,0,0,0,0,,0.0,0.0,0.0,15.0,,,,,,,,,,False,,0,,,,
Craon,2026-09-28,6,Prix Pigeon Tp Loire Anjou (Prix  Yves Lalleman) Maiden Stakes,2399.0,"3YO, Maiden",24296.0,13.0,False,13.0,5.0,54.5,,Brivida Flore,3.0,Filly,Le Brivido,Caprice Flore,L Roussel,E D Monfort,0,0,0,0,,0.0,0.0,0.0,12.0,,,,,,,,,,False,,0,,,,
Craon,2026-09-28,2,Prix Spie (Prix Claude De Langle) Stakes,2999.0,"4YO+, Class 2, Class 2",31302.0,7.0,False,1.0,5.0,56.25,,Princesse D'amour,4.0,Filly,Martinborough,Elusive Action,Pierre-charles Boudot,Jean Dubois,17,4,3,2,0.23529411764705882,24.0,53.0,67.0,23.0,22.0,2.0,3.5,,,,,,dsb,False,,0,,,,
Craon,2026-09-28,2,Prix Spie (Prix Claude De Langle) Stakes,2999.0,"4YO+, Class 2, Class 2",31302.0,7.0,False,2.0,4.0,55.75,,Zarflight,6.0,Gelding,Zarak,Chutney Flight,L Brechet,Gabriel Leenders,17,3,3,2,0.17647058823529413,18.0,47.0,-62.0,19.0,112.0,7.0,12.0,,,,,,sh,False,,0,,,,
Craon,2026-09-28,2,Prix Spie (Prix Claude De Langle) Stakes,2999.0,"4YO+, Class 2, Class 2",31302.0,7.0,False,3.0,7.0,55.75,,Allure,4.0,Gelding,Persian King,Aniysa,A Baron,A Baron,16,2,2,3,0.125,13.0,44.0,-77.0,11.0,13.0,4.0,2.75,,,,,,dshb,False,,0,,,,
Craon,2026-09-28,2,Prix Spie (Prix Claude De Langle) Stakes,2999.0,"4YO+, Class 2, Class 2",31302.0,7.0,False,4.0,6.0,55.75,,Step Morning,8.0,Gelding,Sidestep,By Chaparral,J Moutard,Mme L Veyrinas,28,7,3,5,0.25,25.0,54.0,192.0,7.0,13.0,8.0,51.0,,,,,,ds,False,,0,,,,
Craon,2026-09-28,2,Prix Spie (Prix Claude De Langle) Stakes,2999.0,"4YO+, Class 2, Class 2",31302.0,7.0,False,5.0,3.0,55.75,,The Good Man,9.0,Stallion,Manduro,So Good,Theo Bachelot,S Wattel,49,7,12,11,0.14285714285714285,14.0,61.0,-38.0,14.0,34.0,8.0,17.0,,,,,,dsh,False,,0,,,,
Craon,2026-09-28,2,Prix Spie (Prix Claude De Langle) Stakes,2999.0,"4YO+, Class 2, Class 2",31302.0,7.0,False,6.0,2.0,55.75,,Flamingway,6.0,Gelding,Galiway,Becquasana,H Lebouc,N Paysan,18,3,1,2,0.16666666666666666,17.0,33.0,-21.0,9.0,103.0,1.0,3.0,,,,,,tcds,False,,0,,,,
Craon,2026-09-28,2,Prix Spie (Prix Claude De Langle) Stakes,2999.0,"4YO+, Class 2, Class 2",31302.0,7.0,False,7.0,1.0,54.5,,Cristabel,4.0,Filly,No Risk At All,Shakman,O D'Andigne,A Couetil,8,2,0,1,0.25,25.0,38.0,100.0,15.0,22.0,6.0,11.0,,,,,,ds,False,,0,,,,
Amiens,2026-09-28,3,Prix Yves Saint Martin Maiden Stakes,2199.0,"3YO, Maiden",24296.0,9.0,True,1.0,6.0,58.0,,Delta Dan,3.0,Gelding,Tasleet,Delta Diva,L Poggionovo,M Rulec,5,0,0,0,0.0,0.0,0.0,-100.0,13.0,73.0,8.0,41.0,,,,,,,False,81.0,14,1.01,67.0,5.0,0.0
Amiens,2026-09-28,3,Prix Yves Saint Martin Maiden Stakes,2199.0,"3YO, Maiden",24296.0,9.0,True,2.0,2.0,58.0,,Sohar,3.0,Colt,Al Wukair,Costanza,S Deriu,M Rolland,4,0,0,0,0.0,0.0,0.0,-100.0,0.0,48.0,10.0,29.0,,,,,,o,False,51.0,9,1.01,41.0,4.0,0.0
Amiens,2026-09-28,3,Prix Yves Saint Martin Maiden Stakes,2199.0,"3YO, Maiden",24296.0,9.0,True,3.0,1.0,58.0,,Costa Navarino,3.0,Colt,Kingman,Golden Pelican,M Calbrix,F Graffard,2,0,0,0,0.0,0.0,0.0,-100.0,0.0,21.0,4.0,9.5,,,,,,,False,6.0,15,1.01,4.8,2.0,0.0
Amiens,2026-09-28,3,Prix Yves Saint Martin Maiden Stakes,2199.0,"3YO, Maiden",24296.0,9.0,True,4.0,5.0,58.0,,Polken,3.0,Gelding,Kendargent,Viva Polonia,E Solinas,N Caullery,0,0,0,0,,0.0,0.0,0.0,3.0,,,,,,,,,,False,71.0,13,1.01,51.0,6.0,0.0
Amiens,2026-09-28,3,Prix Yves Saint Martin Maiden Stakes,2199.0,"3YO, Maiden",24296.0,9.0,True,5.0,7.0,58.0,,Citoyen,3.0,Colt,Too Darn Hot,Louve Nationale,R Mangione,A Fabre,4,0,0,3,0.0,0.0,75.0,-100.0,0.0,20.0,3.0,3.25,,,,,,,False,3.25,17,1.01,3.1,3.0,0.0
Amiens,2026-09-28,3,Prix Yves Saint Martin Maiden Stakes,2199.0,"3YO, Maiden",24296.0,9.0,True,6.0,8.0,58.0,,Makan,3.0,Gelding,Sottsass,Kalina,G Meury,M Delcher Sanchez,4,0,1,2,0.0,0.0,75.0,-100.0,7.0,21.0,3.0,2.5,,,,,,b,False,1.8,25,1.01,1.7,1.0,1.0
Amiens,2026-09-28,3,Prix Yves Saint Martin Maiden Stakes,2199.0,"3YO, Maiden",24296.0,9.0,True,7.0,3.0,55.75,,Ruffano Bello,3.0,Gelding,Motamarris,Kyara De Lune,A Vilchien,S Kobayashi,0,0,0,0,,0.0,0.0,0.0,0.0,,,,,,,,,,False,19.0,15,1.01,16.0,9.0,0.0
Amiens,2026-09-28,3,Prix Yves Saint Martin Maiden Stakes,2199.0,"3YO, Maiden",24296.0,9.0,True,8.0,9.0,55.75,,Inter Glory,3.0,Colt,Olympic Glory,Interlope,L Carboni,Gianluca Bietolini,0,0,0,0,,0.0,0.0,0.0,6.0,,,,,,,,,,False,26.0,16,1.01,23.0,8.0,0.0
Amiens,2026-09-28,3,Prix Yves Saint Martin Maiden Stakes,2199.0,"3YO, Maiden",24296.0,9.0,True,9.0,4.0,55.75,,Avenger Forlonge,3.0,Gelding,Birchwood,Rose Argent,P Cheyer,S Dehez,0,0,0,0,,0.0,0.0,0.0,5.0,,,,,,,,,,False,61.0,16,1.01,51.0,7.0,0.0
Amiens,2026-09-28,2,Px Du Pdv Pmu Le Chalet Les Attaques Maiden Stakes,2199.0,"3YO, Maiden",24296.0,10.0,True,1.0,9.0,58.0,,Yuna,3.0,Filly,Waldgeist,Meerschweinchen,M Calbrix,J Carvalho,8,0,0,0,0.0,0.0,0.0,-100.0,9.0,19.0,4.0,7.0,,,,,,,False,23.0,14,1.01,12.0,7.0,0.0
Amiens,2026-09-28,2,Px Du Pdv Pmu Le Chalet Les Attaques Maiden Stakes,2199.0,"3YO, Maiden",24296.0,10.0,True,2.0,5.0,58.0,,Borntorun,3.0,Filly,Born To Sea,Habdab,T Le Graet,Mme K Hoste,2,0,0,0,0.0,0.0,0.0,-100.0,0.0,38.0,9.0,67.0,,,,,,,False,81.0,17,1.01,51.0,9.0,0.0
Amiens,2026-09-28,2,Px Du Pdv Pmu Le Chalet Les Attaques Maiden Stakes,2199.0,"3YO, Maiden",24296.0,10.0,True,3.0,6.0,58.0,,Wilela,3.0,Filly,Masar,Wolkenburg,L Carboni,M Weissmeier,2,0,1,0,0.0,0.0,50.0,-100.0,0.0,57.0,7.0,5.5,,,,,,,False,14.0,18,1.01,11.0,3.0,0.0
Amiens,2026-09-28,2,Px Du Pdv Pmu Le Chalet Les Attaques Maiden Stakes,2199.0,"3YO, Maiden",24296.0,10.0,True,4.0,1.0,58.0,,Nicosie Essef,3.0,Filly,Ecolo,Spectacular City,R Mangione,F Jolivet,1,0,0,0,0.0,0.0,0.0,-100.0,5.0,13.0,8.0,81.0,,,,,,,False,26.0,22,1.01,21.0,4.0,0.0
Amiens,2026-09-28,2,Px Du Pdv Pmu Le Chalet Les Attaques Maiden Stakes,2199.0,"3YO, Maiden",24296.0,10.0,True,5.0,7.0,58.0,,Altia,3.0,Filly,Wooded,Trussaria,A Vilchien,A Fouassier,3,0,0,0,0.0,0.0,0.0,-100.0,0.0,29.0,5.0,41.0,,,,,,,False,10.0,10,1.01,8.0,5.0,0.0
Amiens,2026-09-28,2,Px Du Pdv Pmu Le Chalet Les Attaques Maiden Stakes,2199.0,"3YO, Maiden",24296.0,10.0,True,6.0,4.0,58.0,,Galie,3.0,Filly,Slade Power,Emmy Award,Mme Ella Muntwyler,S Parades,2,0,0,0,0.0,0.0,0.0,-100.0,0.0,49.0,11.0,51.0,,,,,,o,False,91.0,16,1.01,34.0,8.0,0.0
Amiens,2026-09-28,2,Px Du Pdv Pmu Le Chalet Les Attaques Maiden Stakes,2199.0,"3YO, Maiden",24296.0,10.0,True,7.0,8.0,58.0,,Sonny Angel,3.0,Filly,Too Darn Hot,Frida Gold,G Meury,M Munch,2,0,0,0,0.0,0.0,0.0,-100.0,100.0,101.0,8.0,34.0,,,,,,o,False,26.0,15,1.01,21.0,2.0,0.0
Amiens,2026-09-28,2,Px Du Pdv Pmu Le Chalet Les Attaques Maiden Stakes,2199.0,"3YO, Maiden",24296.0,10.0,True,8.0,2.0,58.0,,Asylla,3.0,Filly,Sea The Stars,Australienne,S Deriu,Chr Head,3,0,1,0,0.0,0.0,33.0,-100.0,13.0,38.0,4.0,2.1,,,,,,b,False,1.33,21,1.01,1.15,1.0,1.0
Amiens,2026-09-28,2,Px Du Pdv Pmu Le Chalet Les Attaques Maiden Stakes,2199.0,"3YO, Maiden",24296.0,10.0,True,9.0,3.0,55.75,,Gamberra,3.0,Filly,Stormy River,Pammy Buchanan,M Pien,Boutin S,0,0,0,0,,0.0,0.0,0.0,11.0,,,,,,,,,,False,26.0,23,1.01,23.0,10.0,0.0
Amiens,2026-09-28,2,Px Du Pdv Pmu Le Chalet Les Attaques Maiden Stakes,2199.0,"3YO, Maiden",24296.0,10.0,True,10.0,10.0,55.75,,Mismarvel Forlonge,3.0,Filly,Fighting Irish,Et Bottes De Cuir,P Cheyer,S Dehez,0,0,0,0,,0.0,0.0,0.0,5.0,,,,,,,,,,False,29.0,29,1.01,26.0,6.0,0.0
Curragh,2026-09-27,3,Qatar Racing And Equestrian Club Renaissance Stakes (Group 3),1207.0,"3YO+, Class 1, Class 1",113564.0,9.0,True,1.0,8.0,61.75,,Power Blue,3.0,Colt,Space Blues,Visions,Billy Lee,Robson Aguiar,12,3,2,2,0.25,25.0,58.0,38.0,14.0,36.0,12.0,34.0,,,,,,tcdson,False,3.5,50,2.7,3.1,3.0,0.0
Curragh,2026-09-27,3,Qatar Racing And Equestrian Club Renaissance Stakes (Group 3),1207.0,"3YO+, Class 1, Class 1",113564.0,9.0,True,2.0,1.0,60.25,,Big Gossey,9.0,Gelding,Gutaifan,Toy Show,Robert Whearty,C O'Brien,93,12,17,8,0.12903225806451613,13.0,40.0,49.0,14.0,14.0,10.0,41.0,,,,,,tcdshon,False,15.0,48,9.0,12.0,2.0,0.0
Curragh,2026-09-27,3,Qatar Racing And Equestrian Club Renaissance Stakes (Group 3),1207.0,"3YO+, Class 1, Class 1",113564.0,9.0,True,3.0,6.0,60.25,,East Hampton,4.0,Gelding,Cracksman,Sitar,Robbie Colgan,D Marnane,16,2,2,1,0.125,13.0,31.0,-22.0,5.0,36.0,6.0,29.0,,,,,,tcdshn,False,23.0,50,34.0,19.0,6.0,0.0
Curragh,2026-09-27,3,Qatar Racing And Equestrian Club Renaissance Stakes (Group 3),1207.0,"3YO+, Class 1, Class 1",113564.0,9.0,True,4.0,3.0,60.25,,Tango Flare,7.0,Gelding,Fulbright,Magadar,Luke McAteer,P T Foley,30,5,4,2,0.16666666666666666,17.0,37.0,144.0,9.0,14.0,9.0,34.0,,,,,,tcdsn,False,51.0,37,41.0,31.0,7.0,0.0
Curragh,2026-09-27,3,Qatar Racing And Equestrian Club Renaissance Stakes (Group 3),1207.0,"3YO+, Class 1, Class 1",113564.0,9.0,True,5.0,2.0,59.5,,Brussels,3.0,Colt,Wootton Bassett,Fond Words,R L Moore,A P O'Brien,14,1,4,0,0.07142857142857142,7.0,36.0,-73.0,27.0,14.0,7.0,81.0,,,,,,tcdn,False,6.5,16,6.5,5.0,5.0,0.0
Curragh,2026-09-27,3,Qatar Racing And Equestrian Club Renaissance Stakes (Group 3),1207.0,"3YO+, Class 1, Class 1",113564.0,9.0,True,6.0,4.0,59.5,,Charles Darwin,3.0,Colt,No Nay Never,Muirin,Wayne Lordan,A P O'Brien,8,4,0,0,0.5,50.0,50.0,-28.0,16.0,71.0,10.0,13.0,,,,,,dson,False,29.0,40,26.0,23.0,,
Curragh,2026-09-27,3,Qatar Racing And Equestrian Club Renaissance Stakes (Group 3),1207.0,"3YO+, Class 1, Class 1",113564.0,9.0,True,7.0,5.0,59.0,,Fregada,4.0,Filly,Kodiac,Violet's Gift,J M Sheridan,J Feane,9,1,1,1,0.1111111111111111,11.0,33.0,44.0,7.0,66.0,3.0,11.0,,,,,,tcdsn,False,41.0,11,41.0,34.0,,
Curragh,2026-09-27,3,Qatar Racing And Equestrian Club Renaissance Stakes (Group 3),1207.0,"3YO+, Class 1, Class 1",113564.0,9.0,True,8.0,7.0,58.0,,Royal Bay Cen,3.0,Filly,New Bay,Royal Razalma,Ben Coen,J P Murtagh,9,3,0,0,0.3333333333333333,33.0,33.0,47.0,13.0,133.0,4.0,8.0,,,,,,dsn,False,4.6,50,7.0,3.7,4.0,0.0
Curragh,2026-09-27,3,Qatar Racing And Equestrian Club Renaissance Stakes (Group 3),1207.0,"3YO+, Class 1, Class 1",113564.0,9.0,True,9.0,9.0,58.0,,Soul Love,3.0,Filly,Starman,Lambeth Walk,Pierre-louis Jamin,K R Burke,7,4,1,1,0.5714285714285714,57.0,86.0,181.0,18.0,35.0,2.0,3.25,,,,,,dn,False,3.5,31,3.0,2.6,1.0,1.0
Funabashi,2026-09-28,1,Race 1 (C3),1200.0,4YO+,13669.0,12.0,False,1.0,1.0,54.0,,Princess Dark,8.0,Mare,Sound Volcano,Y S Hakusan,Kentaro Usui,Kazuhiro Hakodate,66,2,2,6,0.030303030303030304,3.0,15.0,-95.0,3.0,32.0,8.0,67.0,,,,,,,False,,0,,,,
Funabashi,2026-09-28,1,Race 1 (C3),1200.0,4YO+,13669.0,12.0,False,2.0,2.0,55.75,,Glanz Ritter,5.0,Stallion,Cheval Grand,Broadhurst,Nakano Kazuma,Masaru Tamai,25,2,0,0,0.08,8.0,8.0,-90.0,5.0,33.0,6.0,41.0,,,,,,h,False,,0,,,,
Funabashi,2026-09-28,1,Race 1 (C3),1200.0,4YO+,13669.0,12.0,False,3.0,3.0,54.0,,Emeral Attack,5.0,Stallion,Talismanic,Still Seeking,Yamamoto Tsubasa,Kiyoaki Sasaki,27,0,2,1,0.0,0.0,11.0,-100.0,0.0,33.0,9.0,67.0,,,,,,,False,,0,,,,
Funabashi,2026-09-28,1,Race 1 (C3),1200.0,4YO+,13669.0,12.0,False,4.0,4.0,55.75,,V V S One,6.0,Stallion,Just A Way,Meisho Beaute,Toshiyuki Takahashi,Kazuhiro Hakodate,31,0,1,1,0.0,0.0,6.0,-100.0,0.0,33.0,7.0,41.0,,,,,,,False,,0,,,,
Funabashi,2026-09-28,1,Race 1 (C3),1200.0,4YO+,13669.0,12.0,False,5.0,5.0,55.75,,Baldoria,5.0,Stallion,Nakayama Festa,Popolarita,Tsubasa Sasagawa,Kiyoshige Arai,6,2,1,0,0.3333333333333333,33.0,50.0,1350.0,21.0,320.0,1.0,6.0,,,,,,h,False,,0,,,,
Funabashi,2026-09-28,1,Race 1 (C3),1200.0,4YO+,13669.0,12.0,False,6.0,6.0,54.0,,Oyome Samba,5.0,Mare,Copano Rickey,Hit The Floor,Tatsuya Hamada,Hiroshi Yauchi,10,0,0,1,0.0,0.0,10.0,-100.0,0.0,327.0,9.0,51.0,,,,,,,False,,0,,,,
Funabashi,2026-09-28,1,Race 1 (C3),1200.0,4YO+,13669.0,12.0,False,7.0,7.0,53.0,,Hamasan,6.0,Stallion,Duramente,Anchan,Sugawara Rikuto,Takayuki Yamashita,5,0,0,0,0.0,0.0,0.0,-100.0,8.0,714.0,-9.0,41.0,,,,,,,False,,0,,,,
Funabashi,2026-09-28,1,Race 1 (C3),1200.0,4YO+,13669.0,12.0,False,8.0,8.0,54.0,,Ginrei,6.0,Mare,Roger Barows,Lupus,Ryo Novata,Satoshi Saito,21,2,1,4,0.09523809523809523,10.0,33.0,-78.0,6.0,33.0,5.0,3.5,,,,,,dsh,False,,0,,,,
Funabashi,2026-09-28,1,Race 1 (C3),1200.0,4YO+,13669.0,12.0,False,9.0,9.0,55.75,,Grand Milton,5.0,Stallion,Sinister Minister,Cross Speed,Masashige Honda,Takamitsu Watanabe,3,0,2,1,0.0,0.0,100.0,-100.0,18.0,202.0,3.0,2.0,,,,,,b,False,,0,,,,
Funabashi,2026-09-28,1,Race 1 (C3),1200.0,4YO+,13669.0,12.0,False,10.0,10.0,54.0,,Ace Flower,7.0,Mare,Yamakatsu Ace,Telekinesis,Eiki Nishimura,Hitoshi Tamai,47,0,0,1,0.0,0.0,2.0,-100.0,0.0,33.0,8.0,51.0,,,,,,,False,,0,,,,
Funabashi,2026-09-28,1,Race 1 (C3),1200.0,4YO+,13669.0,12.0,False,11.0,11.0,55.75,,Mikey Mcqueen,6.0,Gelding,Orfevre,Serena's Voice,Kota Motohashi,Hiroshi Yauchi,34,0,2,1,0.0,0.0,9.0,-100.0,7.0,33.0,4.0,6.5,,,,,,,False,,0,,,,
Funabashi,2026-09-28,1,Race 1 (C3),1200.0,4YO+,13669.0,12.0,False,12.0,12.0,50.75,,A Shin Peridot,7.0,Mare,American Patriot,A Shin Topaz,Oki Hibiki,Takanori Yamanaka,71,2,2,2,0.028169014084507043,3.0,8.0,-87.0,0.0,6.0,8.0,41.0,,,,,,s,False,,0,,,,
Churchill Downs,2026-09-28,1,Race 1 - Maiden Special Weight,1207.0,"2YO, Fillies, Maiden, Spec. Weight",130944.0,9.0,True,1.0,1.0,54.0,,Pardi Vida,2.0,Filly,Yaupon,Moon Over Mag Bay,Axel Concepcion,Joe Sharp,0,0,0,0,,0.0,0.0,0.0,16.0,,,,,,,,,,False,12.0,19,9.0,11.0,4.0,0.0
Churchill Downs,2026-09-28,1,Race 1 - Maiden Special Weight,1207.0,"2YO, Fillies, Maiden, Spec. Weight",130944.0,9.0,True,2.0,2.0,54.0,,Your Choice,2.0,Filly,Volatile,Exceblades,Agustin Gomez,Tirso Rivera,0,0,0,0,,0.0,0.0,0.0,17.0,,,,,,,,,,False,23.0,15,34.0,20.0,3.0,0.0
Churchill Downs,2026-09-28,1,Race 1 - Maiden Special Weight,1207.0,"2YO, Fillies, Maiden, Spec. Weight",130944.0,9.0,True,3.0,3.0,54.0,,Cowgirl Tuff,2.0,Filly,Nashville,Lethal Hunter,Jose L. Ortiz,Joe Sharp,0,0,0,0,,0.0,0.0,0.0,20.0,,,,,,,,,,False,5.0,22,5.5,4.5,7.0,0.0
Churchill Downs,2026-09-28,1,Race 1 - Maiden Special Weight,1207.0,"2YO, Fillies, Maiden, Spec. Weight",130944.0,9.0,True,4.0,4.0,54.0,,Flaming Verdict,2.0,Filly,Speaker's Corner,Ms. Dragonette,Tyler Gaffalione,Michael J. Maker,0,0,0,0,,0.0,0.0,0.0,19.0,,,,,,,,,,False,4.5,21,4.2,4.2,2.0,0.0
Churchill Downs,2026-09-28,1,Race 1 - Maiden Special Weight,1207.0,"2YO, Fillies, Maiden, Spec. Weight",130944.0,9.0,True,5.0,5.0,54.0,,Hoecakes,2.0,Filly,Essential Quality,Smuggler'S Moon,Dylan Machado,Ben Colebrook,1,0,0,0,0.0,0.0,0.0,-100.0,23.0,18.0,10.0,11.0,,,,,,o,False,13.0,15,20.0,12.0,8.0,0.0
Churchill Downs,2026-09-28,1,Race 1 - Maiden Special Weight,1207.0,"2YO, Fillies, Maiden, Spec. Weight",130944.0,9.0,True,6.0,6.0,54.0,,Treat Me Nice,2.0,Filly,Honor Code,Truth,Keith J. Asmussen,Steven M. Asmussen,0,0,0,0,,0.0,0.0,0.0,9.0,,,,,,,,,,False,9.0,22,8.0,8.0,6.0,0.0
Churchill Downs,2026-09-28,1,Race 1 - Maiden Special Weight,1207.0,"2YO, Fillies, Maiden, Spec. Weight",130944.0,9.0,True,7.0,7.0,54.0,,She's Toasty,2.0,Filly,Army Mule,Upsetter,Luis Saez,Eddie Kenneally,0,0,0,0,,0.0,0.0,0.0,21.0,,,,,,,,,,False,3.8,20,3.5,3.5,1.0,1.0
Churchill Downs,2026-09-28,1,Race 1 - Maiden Special Weight,1207.0,"2YO, Fillies, Maiden, Spec. Weight",130944.0,9.0,True,8.0,8.0,54.0,,All Over It,2.0,Filly,Drain The Clock,Giant'S Accent,Jaime A. Torres,Carlos Munoz,2,0,0,1,0.0,0.0,50.0,-100.0,0.0,25.0,3.0,34.0,,,,,,,False,8.0,19,7.0,7.0,9.0,0.0
Churchill Downs,2026-09-28,1,Race 1 - Maiden Special Weight,1207.0,"2YO, Fillies, Maiden, Spec. Weight",130944.0,9.0,True,9.0,9.0,54.0,,Racheli,2.0,Filly,Cairo Prince,Campbell'S Class,James Graham,J. Keith Desormeaux,1,0,0,0,0.0,0.0,0.0,-100.0,12.0,9.0,10.0,5.5,,,,,,bo,False,13.0,26,6.5,11.0,5.0,0.0
Bursa,2026-09-28,1,Race 1,1500.0,,20381.0,11.0,False,1.0,3.0,58.0,,Ardapaşa,3.0,Colt,Kaderşah,Bolkarkızı,A. Yıldız,F. Kıran,12,2,0,0,0.16666666666666666,17.0,17.0,-100.0,100.0,10.0,7.0,,,,,,,tn,False,,0,,,,
Bursa,2026-09-28,1,Race 1,1500.0,,20381.0,11.0,False,2.0,11.0,57.0,,Alazvur,3.0,Colt,Madrabaz,Mevhibe,A. Inci,Sen. Sen,7,2,0,0,0.2857142857142857,29.0,29.0,-100.0,0.0,17.0,1.0,,,,,,,tn,False,,0,,,,
Bursa,2026-09-28,1,Race 1,1500.0,,20381.0,11.0,False,3.0,4.0,57.0,,Dinamiko,3.0,Filly,Denizim,Konuksever,Mahs. Turan,E. Turan,3,1,0,2,0.3333333333333333,33.0,100.0,-100.0,0.0,10.0,3.0,,,,,,,tn,False,,0,,,,
Bursa,2026-09-28,1,Race 1,1500.0,,20381.0,11.0,False,4.0,10.0,54.0,,Bodrum Rüzgarı,3.0,Filly,Gürsu,İclal,Mer. Celik,T. N. Yıldız,3,1,1,1,0.3333333333333333,33.0,100.0,-100.0,10.0,14.0,1.0,,,,,,,tcdn,False,,0,,,,
Bursa,2026-09-28,1,Race 1,1500.0,,20381.0,11.0,False,5.0,6.0,54.0,,Alkatraz Kuşçusu,3.0,Colt,Batmanaslanı,Kınalı Kuzu,M. M. Bilgin,Y. Akbulut,7,1,0,0,0.14285714285714285,14.0,14.0,-100.0,20.0,26.0,4.0,,,,,,,tn,False,,0,,,,
Bursa,2026-09-28,1,Race 1,1500.0,,20381.0,11.0,False,6.0,1.0,53.0,,Dostbaşar,3.0,Colt,Yılmabaşar,Heybeliada,O. Yıldız,R. Coskun,7,1,0,0,0.14285714285714285,14.0,14.0,-100.0,33.0,21.0,1.0,,,,,,,tcdn,False,,0,,,,
Bursa,2026-09-28,1,Race 1,1500.0,,20381.0,11.0,False,7.0,2.0,53.0,,Kazan Giril,3.0,Filly,Dede Seydo,Gümüş Kazan,İ. Katı,A. Temizer,9,1,1,3,0.1111111111111111,11.0,56.0,-100.0,50.0,14.0,1.0,,,,,,,tcdn,False,,0,,,,
Bursa,2026-09-28,1,Race 1,1500.0,,20381.0,11.0,False,8.0,8.0,53.0,,Saraytay,3.0,Filly,Taliphan,Saraycariyesi,Mah. Turan,M. Turkoglu,8,1,0,1,0.125,13.0,25.0,-100.0,13.0,9.0,12.0,,,,,,,tcdon,False,,0,,,,
Bursa,2026-09-28,1,Race 1,1500.0,,20381.0,11.0,False,9.0,9.0,53.0,,Tokathanın Gülü,3.0,Filly,Firikya,Büyük Umutlar,B. M. Mırık,F. Sezer,9,1,0,1,0.1111111111111111,11.0,22.0,-100.0,0.0,10.0,7.0,,,,,,,tcdn,False,,0,,,,
Bursa,2026-09-28,1,Race 1,1500.0,,20381.0,11.0,False,10.0,7.0,53.0,,Yücealp,3.0,Colt,Serdümen,Özbeyza,O. F. Ozen,H. Sunkar,11,1,0,1,0.09090909090909091,9.0,18.0,-100.0,0.0,22.0,6.0,,,,,,,n,False,,0,,,,
Bursa,2026-09-28,1,Race 1,1500.0,,20381.0,11.0,False,11.0,5.0,52.0,,Lavekar,3.0,Colt,Serdümen,Sonsuz Işık,C. Altun,K. Sengel,7,0,1,0,0.0,0.0,14.0,-100.0,0.0,7.0,10.0,,,,,,,o,False,,0,,,,
Churchill Downs,2026-09-28,10,Race 10 - Allowance Optional Claiming,2213.0,"3YO+, Allowance",190722.0,8.0,True,1.0,1.0,55.25,,Demolition Duke,6.0,Stallion,Good Magic,Media Madness,Francisco Arrieta,Michael J. Maker,25,2,7,4,0.08,8.0,52.0,-63.0,50.0,24.0,7.0,10.0,,,,,,tn,False,5.0,19,4.2,4.6,6.0,0.0
Churchill Downs,2026-09-28,10,Race 10 - Allowance Optional Claiming,2213.0,"3YO+, Allowance",190722.0,8.0,True,2.0,2.0,55.25,,The Hidden Chamber,4.0,Colt,American Pharoah,Mystery Strike,Luis Saez,Kelsey Danner,20,2,2,1,0.1,10.0,25.0,-48.0,14.0,24.0,2.0,8.5,,,,,,n,False,4.5,28,4.2,4.2,3.0,0.0
Churchill Downs,2026-09-28,10,Race 10 - Allowance Optional Claiming,2213.0,"3YO+, Allowance",190722.0,8.0,True,3.0,3.0,55.25,,Devil Anse,4.0,Gelding,Daredevil,Madame Du Lac,William Antongeorgi Iii,Ryan D. Walsh,17,2,3,1,0.11764705882352941,12.0,35.0,41.0,0.0,39.0,4.0,7.5,,,,,,n,False,27.0,17,19.0,26.0,7.0,0.0
Churchill Downs,2026-09-28,10,Race 10 - Allowance Optional Claiming,2213.0,"3YO+, Allowance",190722.0,8.0,True,5.0,5.0,55.25,,Guns And Glory,5.0,Gelding,Gun Runner,Baby Go Far,Danny Sheehy,Chris A. Hartman,25,4,0,6,0.16,16.0,40.0,-89.0,33.0,24.0,4.0,34.0,,,,,,dn,False,17.0,18,15.0,16.0,4.0,0.0
Churchill Downs,2026-09-28,10,Race 10 - Allowance Optional Claiming,2213.0,"3YO+, Allowance",190722.0,8.0,True,6.0,6.0,55.25,,Proven Advocate,5.0,Gelding,Not This Time,Song Of Melody,"Brian Joseph Hernandez, Jr.",Jayde J. Gelner,28,5,6,7,0.17857142857142858,18.0,64.0,-32.0,0.0,24.0,3.0,21.0,,,,,,n,False,13.0,19,8.0,11.0,5.0,0.0
Churchill Downs,2026-09-28,10,Race 10 - Allowance Optional Claiming,2213.0,"3YO+, Allowance",190722.0,8.0,True,7.0,7.0,55.25,,Winston,4.0,Colt,Forge,,Victor R. Carrasco,Horacio De Paz,6,0,3,2,0.0,0.0,83.0,-100.0,0.0,42.0,3.0,4.0,,,,,,n,False,7.5,21,8.0,6.5,8.0,0.0
Churchill Downs,2026-09-28,10,Race 10 - Allowance Optional Claiming,2213.0,"3YO+, Allowance",190722.0,8.0,True,10.0,10.0,56.25,,Telescopic,5.0,Gelding,American Pharoah,Visage,Axel Concepcion,Victoria H. Oliver,17,2,3,2,0.11764705882352941,12.0,41.0,-78.0,0.0,21.0,1.0,3.5,,,,,,n,False,2.4,23,3.0,2.25,1.0,1.0
Churchill Downs,2026-09-28,10,Race 10 - Allowance Optional Claiming,2213.0,"3YO+, Allowance",190722.0,8.0,True,11.0,11.0,55.25,,Clyde's Got A Gun,6.0,Gelding,Gun Runner,Gone Theatrical,James Graham,Helen Pitts,21,2,4,2,0.09523809523809523,10.0,38.0,-24.0,0.0,85.0,7.0,8.0,,,,,,tn,False,23.0,20,6.5,17.0,2.0,0.0
Churchill Downs,2026-09-28,10,Race 10 - Allowance Optional Claiming,2213.0,"3YO+, Allowance",190722.0,8.0,True,4.0,4.0,55.25,,Groveland,6.0,Gelding,Street Sense,Lucknow,Francisco Arrieta,Eddie Kenneally,19,4,5,3,0.21052631578947367,21.0,63.0,-38.0,11.0,36.0,3.0,5.5,,,,,,tn,False,10.0,0,,,,
Churchill Downs,2026-09-28,10,Race 10 - Allowance Optional Claiming,2213.0,"3YO+, Allowance",190722.0,8.0,True,8.0,8.0,56.25,,Warlander,4.0,Colt,Kitten's Joy,Look Me Over,Tyler Gaffalione,Michael J. Maker,17,2,2,3,0.11764705882352941,12.0,41.0,-75.0,19.0,21.0,1.0,4.0,,,,,,n,False,4.5,0,,,,
Churchill Downs,2026-09-28,10,Race 10 - Allowance Optional Claiming,2213.0,"3YO+, Allowance",190722.0,8.0,True,9.0,9.0,55.25,,Real Fast,6.0,Gelding,Kitten's Joy,Kiss Me Now,Yedsit Hazlewood,Barry L. King,18,3,2,3,0.16666666666666666,17.0,44.0,-69.0,0.0,63.0,9.0,34.0,,,,,,on,False,41.0,0,,,,
Churchill Downs,2026-09-28,2,Race 2 - Maiden Special Weight,1710.0,"3YO+, Fillies & Mares, Maiden, Spec. Weight",170796.0,6.0,True,1.0,1.0,54.5,,Skyforge,3.0,Filly,Gun Runner,Awesome Flower,Tyler Gaffalione,Steven M. Asmussen,4,0,2,0,0.0,0.0,50.0,-100.0,20.0,42.0,2.0,,,,,,,,False,2.3,13,2.0,2.15,3.0,0.0
Churchill Downs,2026-09-28,2,Race 2 - Maiden Special Weight,1710.0,"3YO+, Fillies & Mares, Maiden, Spec. Weight",170796.0,6.0,True,2.0,2.0,54.5,,Al Ghadeer,3.0,Filly,Gun Runner,Classofsixtythree,Danny Sheehy,Andrew Mckeever,4,0,0,3,0.0,0.0,75.0,-100.0,13.0,83.0,3.0,2.25,,,,,,b,False,4.5,21,8.5,4.2,2.0,0.0
Churchill Downs,2026-09-28,2,Race 2 - Maiden Special Weight,1710.0,"3YO+, Fillies & Mares, Maiden, Spec. Weight",170796.0,6.0,True,3.0,3.0,54.5,,Twas The Law,3.0,Filly,Tiz The Law,Line Of Vision,Ben Curtis,Michael R. Thompson,3,0,0,0,0.0,0.0,0.0,-100.0,100.0,42.0,6.0,,,,,,,,False,23.0,16,26.0,21.0,6.0,0.0
Churchill Downs,2026-09-28,2,Race 2 - Maiden Special Weight,1710.0,"3YO+, Fillies & Mares, Maiden, Spec. Weight",170796.0,6.0,True,4.0,4.0,54.5,,Twinklee,3.0,Filly,Street Sense,Winter Sunset,Edgar Morales,Wayne M. Catalano,7,0,0,1,0.0,0.0,14.0,-100.0,11.0,79.0,7.0,4.0,,,,,,b,False,8.5,18,4.0,7.5,4.0,0.0
Churchill Downs,2026-09-28,2,Race 2 - Maiden Special Weight,1710.0,"3YO+, Fillies & Mares, Maiden, Spec. Weight",170796.0,6.0,True,5.0,5.0,54.5,,Got What I Got,3.0,Filly,Curlin,Song Of Mine,Jaime A. Torres,Jeff A. Hiles,3,0,0,0,0.0,0.0,0.0,-100.0,25.0,127.0,4.0,34.0,,,,,,,False,29.0,19,41.0,26.0,5.0,0.0
Churchill Downs,2026-09-28,2,Race 2 - Maiden Special Weight,1710.0,"3YO+, Fillies & Mares, Maiden, Spec. Weight",170796.0,6.0,True,6.0,6.0,54.5,,She's Our Girl,3.0,Filly,Curlin,Covenant,"Brian Joseph Hernandez, Jr.",Peter Eurton,5,0,0,3,0.0,0.0,60.0,-100.0,0.0,42.0,3.0,,,,,,,,False,3.0,24,3.8,2.87,1.0,1.0
Bursa,2026-09-28,2,Race 2,1400.0,,27770.0,10.0,False,1.0,1.0,61.0,,Lo Siento Bb,2.0,Filly,Goken,Pelekaı,M. A. Akgobek,H. Sunkar,7,0,2,3,0.0,0.0,71.0,-100.0,6.0,8.0,4.0,,,,,,,,False,,0,,,,
Bursa,2026-09-28,2,Race 2,1400.0,,27770.0,10.0,False,2.0,3.0,53.0,,Altın Kelebek,2.0,Filly,Ghost Pasha,Mamacıta Bonıta,D. Budak,E. Turan,3,0,0,0,0.0,0.0,0.0,-100.0,0.0,63.0,8.0,,,,,,,o,False,,0,,,,
Bursa,2026-09-28,2,Race 2,1400.0,,27770.0,10.0,False,3.0,4.0,57.0,,Bandidita,2.0,Filly,Blackbeard,Vırgınıa Celeste,O. Fidan,H. Sunkar,2,0,0,0,0.0,0.0,0.0,-100.0,0.0,82.0,8.0,,,,,,,,False,,0,,,,
Bursa,2026-09-28,2,Race 2,1400.0,,27770.0,10.0,False,4.0,8.0,54.0,,Emiloş,2.0,Filly,Grıffon,Domates,Y. Gokce,C. Yıldırım,2,0,0,0,0.0,0.0,0.0,-100.0,0.0,17.0,5.0,,,,,,,,False,,0,,,,
Bursa,2026-09-28,2,Race 2,1400.0,,27770.0,10.0,False,5.0,2.0,57.0,,Mushu,2.0,Filly,Perfect Warrıor,Abeılle,İ. Dinar,M. Ozgul,4,0,0,0,0.0,0.0,0.0,-100.0,0.0,10.0,7.0,,,,,,,,False,,0,,,,
Bursa,2026-09-28,2,Race 2,1400.0,,27770.0,10.0,False,6.0,9.0,54.0,,Sabırlı Tınas,2.0,Filly,Tıght End,Se Si Duney,E. Kadirler,Y. Gundogdi,7,0,0,0,0.0,0.0,0.0,-100.0,0.0,10.0,8.0,,,,,,,o,False,,0,,,,
Bursa,2026-09-28,2,Race 2,1400.0,,27770.0,10.0,False,7.0,7.0,57.0,,Selly Su,2.0,Filly,Hakeem,Selly,M. M. Bilgin,A. Mantas,3,0,1,1,0.0,0.0,67.0,-100.0,27.0,31.0,4.0,,,,,,,,False,,0,,,,
Bursa,2026-09-28,2,Race 2,1400.0,,27770.0,10.0,False,8.0,5.0,57.0,,Sirene,2.0,Filly,Tızway,Vira Vira,A. Meh. Altın,M. Esmer,0,0,0,0,,0.0,0.0,0.0,0.0,,,,,,,,,,False,,0,,,,
Bursa,2026-09-28,2,Race 2,1400.0,,27770.0,10.0,False,9.0,6.0,57.0,,Touch The Leoni,2.0,Filly,Touch The Wolf,İgnis,C. Altun,A. Mantas,2,0,0,1,0.0,0.0,50.0,-100.0,10.0,17.0,3.0,,,,,,,,False,,0,,,,
Bursa,2026-09-28,2,Race 2,1400.0,,27770.0,10.0,False,10.0,10.0,57.0,,Winds Sound,2.0,Filly,Hakeem,Venus Daughter,O. Yıldız,İ. Kızıldağ,3,0,0,0,0.0,0.0,0.0,-100.0,0.0,17.0,12.0,,,,,,,o,False,,0,,,,
Churchill Downs,2026-09-28,3,Race 3 - Allowance,1609.0,"2YO, Allowance",180759.0,7.0,True,1.0,1.0,55.25,,Spies Like Us,2.0,Colt,Oscar Performance,Mucha Mezquina,Jareth Loveberry,D. Whitworth Beckman,1,1,0,0,1.0,100.0,100.0,600.0,19.0,21.0,1.0,7.0,,,,,,dn,False,5.0,14,5.0,4.2,5.0,0.0
Churchill Downs,2026-09-28,3,Race 3 - Allowance,1609.0,"2YO, Allowance",180759.0,7.0,True,2.0,2.0,55.25,,Sir Hansen,2.0,Colt,Olympiad,Ri N Ginger,Tyler Gaffalione,Michael J. Maker,2,1,0,0,0.5,50.0,50.0,250.0,19.0,18.0,10.0,10.0,,,,,,don,False,7.0,8,5.0,6.5,7.0,0.0
Churchill Downs,2026-09-28,3,Race 3 - Allowance,1609.0,"2YO, Allowance",180759.0,7.0,True,3.0,3.0,54.5,,Majik Mooney,2.0,Colt,Audible,Play Our Song,Jose L. Ortiz,Joe Sharp,1,1,0,0,1.0,100.0,100.0,700.0,20.0,22.0,1.0,8.0,,,,,,n,False,3.75,19,4.2,3.4,1.0,1.0
Churchill Downs,2026-09-28,3,Race 3 - Allowance,1609.0,"2YO, Allowance",180759.0,7.0,True,4.0,4.0,55.25,,That's Fire,2.0,Gelding,Flameaway,That'S All,Assael Espinoza,Raymond C. Bryner,3,1,0,1,0.3333333333333333,33.0,67.0,233.0,33.0,24.0,1.0,10.0,,,,,,dn,False,11.0,15,8.5,9.5,3.0,0.0
Churchill Downs,2026-09-28,3,Race 3 - Allowance,1609.0,"2YO, Allowance",180759.0,7.0,True,5.0,5.0,54.5,,Line Astern,2.0,Colt,Divisidero,Kelsey'S Shot,Adam Beschizza,Kelsey Danner,2,1,0,0,0.5,50.0,50.0,50.0,12.0,23.0,1.0,3.0,,,,,,d,False,31.0,17,21.0,26.0,6.0,0.0
Churchill Downs,2026-09-28,3,Race 3 - Allowance,1609.0,"2YO, Allowance",180759.0,7.0,True,6.0,6.0,55.25,,Hit The High Note,2.0,Colt,Tonalist,Capture Your Dream,Luis Saez,Christopher Davis,2,1,0,0,0.5,50.0,50.0,63.0,19.0,18.0,6.0,26.0,,,,,,dn,False,4.0,19,4.2,3.7,4.0,0.0
Churchill Downs,2026-09-28,3,Race 3 - Allowance,1609.0,"2YO, Allowance",180759.0,7.0,True,7.0,7.0,54.5,,Bearamour,2.0,Colt,Vekoma,Rockport Beauty,James Graham,J. Keith Desormeaux,4,2,0,1,0.5,50.0,75.0,-25.0,12.0,15.0,6.0,34.0,,,,,,n,False,5.0,8,5.0,4.5,2.0,0.0
Bursa,2026-09-28,3,Race 3,2200.0,,24967.0,11.0,False,1.0,1.0,59.0,,Açakız,4.0,Mare,Altıncı His,Artuknaz,E. Akpınar,K. Sengel,21,4,1,4,0.19047619047619047,19.0,43.0,-100.0,20.0,8.0,1.0,,,,,,,tn,False,,0,,,,
Bursa,2026-09-28,3,Race 3,2200.0,,24967.0,11.0,False,2.0,2.0,59.0,,Sütliman,4.0,Mare,Sonalp,Olgunsu,H. Turan,S. Baydan,25,4,0,2,0.16,16.0,24.0,-100.0,0.0,14.0,4.0,,,,,,,tn,False,,0,,,,
Bursa,2026-09-28,3,Race 3,2200.0,,24967.0,11.0,False,3.0,3.0,56.0,,Kuzguni Yeşil,4.0,Mare,Berksoy,Şenferah,Serh. Celik,C. Katı,25,1,7,2,0.04,4.0,40.0,-100.0,0.0,8.0,2.0,,,,,,,bn,False,,0,,,,
Bursa,2026-09-28,3,Race 3,2200.0,,24967.0,11.0,False,4.0,9.0,58.0,,Gençyürek,4.0,Stallion,Coşartay,Özgökçe,M. M. Bilgin,Y. Oztas,28,2,4,5,0.07142857142857142,7.0,39.0,-100.0,14.0,16.0,5.0,,,,,,,tn,False,,0,,,,
Bursa,2026-09-28,3,Race 3,2200.0,,24967.0,11.0,False,5.0,11.0,57.0,,Mahçiçek,4.0,Mare,Odinhan,Pazırık,T. Yıldız,R. A. Tekeli,28,1,4,3,0.03571428571428571,4.0,29.0,-100.0,0.0,7.0,8.0,,,,,,,tn,False,,0,,,,
Bursa,2026-09-28,3,Race 3,2200.0,,24967.0,11.0,False,6.0,10.0,56.0,,Dağ Yoncası,4.0,Mare,Besleney,Lutesyum,N. Sen,T. Ates,21,1,1,3,0.047619047619047616,5.0,24.0,-100.0,0.0,7.0,6.0,,,,,,,bn,False,,0,,,,
Bursa,2026-09-28,3,Race 3,2200.0,,24967.0,11.0,False,7.0,5.0,55.0,,Hümalı Kız,4.0,Mare,Fatih Ağa,Külünçeli Kız,A. Yıldız,T. Ates,21,2,1,3,0.09523809523809523,10.0,29.0,-100.0,0.0,10.0,6.0,,,,,,,tn,False,,0,,,,
Bursa,2026-09-28,3,Race 3,2200.0,,24967.0,11.0,False,8.0,7.0,51.0,,Takipsiz,4.0,Stallion,Yürekkaya,Çaygülü,D. Budak,B. Yoleri,15,1,2,0,0.06666666666666667,7.0,20.0,-100.0,0.0,59.0,17.0,,,,,,,ton,False,,0,,,,
Bursa,2026-09-28,3,Race 3,2200.0,,24967.0,11.0,False,9.0,4.0,52.0,,Emsalli Er,4.0,Stallion,Uçarer,Emsalsiz,Mah. Turan,Y. C. Karatoprak,24,1,1,2,0.041666666666666664,4.0,17.0,-100.0,0.0,7.0,4.0,,,,,,,sn,False,,0,,,,
Bursa,2026-09-28,3,Race 3,2200.0,,24967.0,11.0,False,10.0,8.0,52.0,,Adalof,4.0,Stallion,Biçer,Takı,S. Tırpan,S. Onder,17,1,2,0,0.058823529411764705,6.0,18.0,-100.0,0.0,17.0,7.0,,,,,,,n,False,,0,,,,
Bursa,2026-09-28,3,Race 3,2200.0,,24967.0,11.0,False,11.0,6.0,52.0,,Dumanlı Dağ,4.0,Stallion,Kurtel,Yetenekli,İ. Dinar,R. Coskun,7,0,0,0,0.0,0.0,0.0,-100.0,0.0,7.0,10.0,,,,,,,o,False,,0,,,,
Churchill Downs,2026-09-28,4,Race 4 - Maiden Special Weight,1106.0,"2YO, Maiden, Spec. Weight",170796.0,7.0,True,1.0,1.0,54.0,,Creole Mischief,2.0,Colt,Maximus Mischief,Tensas Patch,Axel Concepcion,Joe Sharp,0,0,0,0,,0.0,0.0,0.0,16.0,,,,,,,,,,False,21.0,20,8.5,21.0,7.0,0.0
Churchill Downs,2026-09-28,4,Race 4 - Maiden Special Weight,1106.0,"2YO, Maiden, Spec. Weight",170796.0,7.0,True,4.0,4.0,54.0,,Subjugation,2.0,Colt,Bee Jersey,Tale Of Class,Keith J. Asmussen,Steven M. Asmussen,3,0,2,0,0.0,0.0,67.0,-100.0,9.0,29.0,2.0,7.0,,,,,,,False,15.0,16,7.5,12.0,3.0,0.0
Churchill Downs,2026-09-28,4,Race 4 - Maiden Special Weight,1106.0,"2YO, Maiden, Spec. Weight",170796.0,7.0,True,5.0,5.0,54.0,,Timelapse,2.0,Colt,Drain The Clock,Megara,Luis Saez,James P. Divito,0,0,0,0,,0.0,0.0,0.0,36.0,,,,,,,,,,False,15.0,22,18.0,13.0,5.0,0.0
Churchill Downs,2026-09-28,4,Race 4 - Maiden Special Weight,1106.0,"2YO, Maiden, Spec. Weight",170796.0,7.0,True,6.0,6.0,54.0,,Yacht Master,2.0,Colt,Into Mischief,Pathetique,Tyler Gaffalione,Bob Baffert,0,0,0,0,,0.0,0.0,0.0,25.0,,,,,,,,,,False,3.0,13,4.0,2.9,1.0,1.0
Churchill Downs,2026-09-28,4,Race 4 - Maiden Special Weight,1106.0,"2YO, Maiden, Spec. Weight",170796.0,7.0,True,7.0,7.0,54.0,,Hazy Horizon,2.0,Gelding,Midshipman,Tiz Rae Anna,Yedsit Hazlewood,Wesley A. Ward,1,0,0,1,0.0,0.0,100.0,-100.0,28.0,129.0,3.0,5.5,,,,,,,False,4.0,25,3.3,3.5,2.0,0.0
Churchill Downs,2026-09-28,4,Race 4 - Maiden Special Weight,1106.0,"2YO, Maiden, Spec. Weight",170796.0,7.0,True,8.0,8.0,54.0,,Kamassa,2.0,Colt,Life Is Good,Tiz Breathtaking,Jose L. Ortiz,Wayne M. Catalano,0,0,0,0,,0.0,0.0,0.0,14.0,,,,,,,,,,False,2.5,21,3.3,2.35,4.0,0.0
Churchill Downs,2026-09-28,4,Race 4 - Maiden Special Weight,1106.0,"2YO, Maiden, Spec. Weight",170796.0,7.0,True,9.0,9.0,54.0,,Wolverine,2.0,Colt,Charlatan,Faypien,Adam Beschizza,S. Jade Cunningham,0,0,0,0,,0.0,0.0,0.0,0.0,,,,,,,,,,False,35.0,14,26.0,31.0,6.0,0.0
Churchill Downs,2026-09-28,4,Race 4 - Maiden Special Weight,1106.0,"2YO, Maiden, Spec. Weight",170796.0,7.0,True,2.0,2.0,54.0,,Just Plain Eugene,2.0,Colt,Caracaro,No Pictures Please,Francisco Arrieta,John A. Hancock,0,0,0,0,,0.0,0.0,0.0,0.0,,,,,,,,,,False,34.0,1,29.0,29.0,,
Churchill Downs,2026-09-28,4,Race 4 - Maiden Special Weight,1106.0,"2YO, Maiden, Spec. Weight",170796.0,7.0,True,3.0,3.0,54.0,,Candy Freak,2.0,Colt,Twirling Candy,Princess Causeway,Jaime A. Torres,Joe Sharp,1,0,0,0,0.0,0.0,0.0,-100.0,17.0,28.0,10.0,9.0,,,,,,o,False,13.0,1,13.0,13.0,,
Bursa,2026-09-28,4,Race 4,1400.0,,27770.0,10.0,False,1.0,7.0,62.0,,Delicias Turcas,2.0,Filly,Natıve Khan,Lokum,Sal. Celik,H. Sunkar,12,0,3,3,0.0,0.0,50.0,-100.0,0.0,10.0,2.0,,,,,,,b,False,,0,,,,
Bursa,2026-09-28,4,Race 4,1400.0,,27770.0,10.0,False,2.0,4.0,60.0,,Sıla Aleyna,2.0,Filly,Fly By Me,Lady Duru,T. Yıldız,T. Ates,3,0,3,0,0.0,0.0,100.0,-100.0,0.0,19.0,2.0,,,,,,,,False,,0,,,,
Bursa,2026-09-28,4,Race 4,1400.0,,27770.0,10.0,False,3.0,1.0,59.0,,Arrow Storm,2.0,Filly,Natıve Khan,Lady Yağmur,K. Tokacoglu,Sey. Gokce,5,0,0,3,0.0,0.0,60.0,-100.0,0.0,52.0,3.0,,,,,,,,False,,0,,,,
Bursa,2026-09-28,4,Race 4,1400.0,,27770.0,10.0,False,4.0,3.0,57.0,,Aurora Nova,2.0,Filly,Amerikalı,Alpha Kurt,A. Kursun,A. Mantas,5,0,0,1,0.0,0.0,20.0,-100.0,50.0,17.0,6.0,,,,,,,b,False,,0,,,,
Bursa,2026-09-28,4,Race 4,1400.0,,27770.0,10.0,False,5.0,2.0,57.0,,Brave Hera,2.0,Filly,Torok,Brave Soul,Mah. Turan,N. Bakır,2,0,0,0,0.0,0.0,0.0,-100.0,0.0,19.0,8.0,,,,,,,,False,,0,,,,
Bursa,2026-09-28,4,Race 4,1400.0,,27770.0,10.0,False,6.0,8.0,57.0,,Determined Girl,2.0,Filly,Kuloğlu,Sılver Plane,O. Eren,A. Ocal,0,0,0,0,,0.0,0.0,0.0,0.0,,,,,,,,,,False,,0,,,,
Bursa,2026-09-28,4,Race 4,1400.0,,27770.0,10.0,False,7.0,6.0,57.0,,Dielli,2.0,Filly,Blackbeard,Frınkle,A. Yıldız,S. Onder,2,0,0,0,0.0,0.0,0.0,-100.0,0.0,17.0,6.0,,,,,,,,False,,0,,,,
Bursa,2026-09-28,4,Race 4,1400.0,,27770.0,10.0,False,8.0,10.0,57.0,,Luciele,2.0,Filly,Tızway,Four Leaf Clover,B. M. Mırık,S. Baydan,1,0,0,0,0.0,0.0,0.0,-100.0,50.0,31.0,7.0,,,,,,,,False,,0,,,,
Bursa,2026-09-28,4,Race 4,1400.0,,27770.0,10.0,False,9.0,5.0,57.0,,Madam Nora,2.0,Filly,Bluegrass Cat,Hakabe,C. Altun,A. Mantas,1,0,0,0,0.0,0.0,0.0,-100.0,10.0,17.0,7.0,,,,,,,,False,,0,,,,
Bursa,2026-09-28,4,Race 4,1400.0,,27770.0,10.0,False,10.0,9.0,54.0,,Royal Majesty,2.0,Filly,Hakeem,Thunder Road,R. Ketme,Y. Akbulut,2,0,1,0,0.0,0.0,50.0,-100.0,8.0,17.0,2.0,,,,,,,,False,,0,,,,
Churchill Downs,2026-09-28,5,Race 5 - Claiming,1408.0,"3YO+, Claiming",88245.0,7.0,True,2.0,2.0,55.0,,Equilibrium,4.0,Gelding,Omaha Beach,Out Of Balance,Victor R. Carrasco,Ian R. Wilkes,3,1,0,0,0.3333333333333333,33.0,33.0,183.0,0.0,37.0,7.0,8.0,,,,,,tn,True,10.0,15,12.0,9.0,7.0,0.0
Churchill Downs,2026-09-28,5,Race 5 - Claiming,1408.0,"3YO+, Claiming",88245.0,7.0,True,3.0,3.0,53.5,,Mcfasty,3.0,Gelding,Mitole,Withyourpermission,Jaime A. Torres,Carlos Santamaria,10,1,1,1,0.1,10.0,30.0,-79.0,50.0,39.0,6.0,6.5,,,,,,on,False,8.0,25,7.0,7.0,4.0,0.0
Churchill Downs,2026-09-28,5,Race 5 - Claiming,1408.0,"3YO+, Claiming",88245.0,7.0,True,4.0,4.0,55.0,,White Whale,4.0,Gelding,Hightail,Elusive Diva,"Brian Joseph Hernandez, Jr.",W. Bret Calhoun,18,1,1,5,0.05555555555555555,6.0,39.0,-58.0,15.0,16.0,7.0,11.0,,,,,,tn,False,6.0,18,7.0,5.5,1.0,1.0
Churchill Downs,2026-09-28,5,Race 5 - Claiming,1408.0,"3YO+, Claiming",88245.0,7.0,True,5.0,5.0,55.0,,Valiant Humor,4.0,Colt,Practical Joke,Valiant Emilia,Axel Concepcion,Shelly R. Radosevich,13,1,3,3,0.07692307692307693,8.0,54.0,-80.0,9.0,16.0,6.0,6.5,,,,,,n,False,11.0,15,6.0,9.0,2.0,0.0
Churchill Downs,2026-09-28,5,Race 5 - Claiming,1408.0,"3YO+, Claiming",88245.0,7.0,True,6.0,6.0,53.5,,Kid Twist,3.0,Gelding,Dialed In,Samurai'S Honor,Jose L. Ortiz,Carlos A. David,11,1,4,3,0.09090909090909091,9.0,73.0,0.0,24.0,16.0,3.0,2.88,,,,,,tbn,False,2.1,30,3.0,2.0,3.0,0.0
Churchill Downs,2026-09-28,5,Race 5 - Claiming,1408.0,"3YO+, Claiming",88245.0,7.0,True,7.0,7.0,55.0,,Greers Ferry,5.0,Gelding,More Than Ready,Dee Dee Bertie,Rafael Bejarano,Carlos Santamaria,25,1,6,7,0.04,4.0,56.0,-83.0,5.0,51.0,4.0,15.0,,,,,,n,False,18.0,23,5.5,15.0,5.0,0.0
Churchill Downs,2026-09-28,5,Race 5 - Claiming,1408.0,"3YO+, Claiming",88245.0,7.0,True,8.0,8.0,55.0,,Easy Dial,4.0,Gelding,Dialed In,Arisia,Francisco Arrieta,Thomas L. Van Berg,5,1,1,1,0.2,20.0,60.0,50.0,21.0,51.0,3.0,3.75,,,,,,n,False,6.5,23,10.0,5.5,6.0,0.0
Churchill Downs,2026-09-28,5,Race 5 - Claiming,1408.0,"3YO+, Claiming",88245.0,7.0,True,1.0,1.0,54.5,,Act Of Parliament,3.0,Colt,Quality Road,Fuhriously Kissed,Luis Saez,Matt A. Shirer,4,1,0,1,0.25,25.0,50.0,13.0,35.0,10.0,1.0,4.5,,,,,,tn,False,6.0,22,7.5,5.0,,
Bursa,2026-09-28,5,Race 5,2200.0,,34648.0,12.0,False,1.0,9.0,60.0,,Şen Akyüz,7.0,Stallion,Powerscourt,Madencikızı,H. Turan,T. Ates,124,12,16,23,0.0967741935483871,10.0,41.0,-100.0,0.0,10.0,6.0,,,,,,,tcdson,False,,0,,,,
Bursa,2026-09-28,5,Race 5,2200.0,,34648.0,12.0,False,2.0,5.0,59.0,,Angel Of Gold,4.0,Stallion,Super Saver,Mıss Judge,E. Akpınar,A. Olcar,23,5,4,5,0.21739130434782608,22.0,61.0,-100.0,0.0,10.0,5.0,,,,,,,tn,False,,0,,,,
Bursa,2026-09-28,5,Race 5,2200.0,,34648.0,12.0,False,3.0,11.0,58.0,,Erduman,4.0,Stallion,Graystorm,Sesibel,K. Yılmaz,Y. Akbulut,29,4,6,7,0.13793103448275862,14.0,59.0,-100.0,100.0,10.0,4.0,,,,,,,tn,False,,0,,,,
Bursa,2026-09-28,5,Race 5,2200.0,,34648.0,12.0,False,4.0,7.0,55.0,,Acoustic Song,3.0,Filly,Amerikalı,Acoustıc Cover,A. Kursun,A. Mantas,0,0,0,0,,0.0,0.0,0.0,50.0,,,,,,,,,,False,,0,,,,
Bursa,2026-09-28,5,Race 5,2200.0,,34648.0,12.0,False,5.0,4.0,55.0,,Typhoon,3.0,Colt,Myboycharlıe,Aysun Sultan,O. Ozturk,A. Ocal,24,4,5,4,0.16666666666666666,17.0,54.0,-100.0,13.0,14.0,1.0,,,,,,,tcdn,False,,0,,,,
Bursa,2026-09-28,5,Race 5,2200.0,,34648.0,12.0,False,6.0,2.0,53.0,,Golden Sail,3.0,Colt,Pıano Sonata,Gold Tulıp,O. F. Ozen,M. Esmer,9,4,1,0,0.4444444444444444,44.0,56.0,-100.0,50.0,14.0,9.0,,,,,,,tbon,False,,0,,,,
Bursa,2026-09-28,5,Race 5,2200.0,,34648.0,12.0,False,7.0,10.0,58.0,,Brusk Shot,4.0,Gelding,Trappe Shot,Çar Brusk,K. Tokacoglu,Y. Akbulut,43,4,6,12,0.09302325581395349,9.0,51.0,-100.0,36.0,14.0,2.0,,,,,,,tn,False,,0,,,,
Bursa,2026-09-28,5,Race 5,2200.0,,34648.0,12.0,False,8.0,6.0,53.0,,Bob Valdes,3.0,Colt,Dıvıne Heart,Azimli Kız,A. Meh. Altın,A. Coşkan,30,4,13,6,0.13333333333333333,13.0,77.0,-100.0,0.0,44.0,6.0,,,,,,,sn,False,,0,,,,
Bursa,2026-09-28,5,Race 5,2200.0,,34648.0,12.0,False,9.0,3.0,55.0,,Racing Rapture,4.0,Stallion,Torok,Sılky,M. M. Bilgin,G. Sutcu,28,3,7,6,0.10714285714285714,11.0,57.0,-100.0,100.0,8.0,4.0,,,,,,,sn,False,,0,,,,
Bursa,2026-09-28,5,Race 5,2200.0,,34648.0,12.0,False,10.0,12.0,52.0,,Harp,3.0,Colt,Angel Of Death,Always On My Mınd,Mah. Turan,Y. Gundogdi,10,3,1,3,0.3,30.0,70.0,-100.0,25.0,16.0,7.0,,,,,,,tn,False,,0,,,,
Bursa,2026-09-28,5,Race 5,2200.0,,34648.0,12.0,False,11.0,8.0,53.0,,Yamatai,6.0,Mare,Fast 'N' Famous,Wısh A Moon,O. Atmaca,S. Baydan,34,5,4,4,0.14705882352941177,15.0,38.0,-100.0,36.0,14.0,6.0,,,,,,,d,False,,0,,,,
Bursa,2026-09-28,5,Race 5,2200.0,,34648.0,12.0,False,12.0,1.0,52.0,,Golden Snow,4.0,Stallion,Natıve Khan,Ceylin Hatun,A. Yıldız,Gal. Kılıç,16,3,1,1,0.1875,19.0,31.0,-100.0,0.0,24.0,1.0,,,,,,,tn,False,,0,,,,
Churchill Downs,2026-09-28,6,Race 6 - Maiden Special Weight,1811.0,"3YO+, Maiden, Spec. Weight",170796.0,8.0,True,1.0,1.0,54.5,,El Tio,3.0,Colt,Uncle Mo,Roughing,Gerardo Corrales,Robert Medina,5,0,1,0,0.0,0.0,20.0,-100.0,0.0,37.0,2.0,26.0,,,,,,,False,21.0,4,12.0,19.0,5.0,0.0
Churchill Downs,2026-09-28,6,Race 6 - Maiden Special Weight,1811.0,"3YO+, Maiden, Spec. Weight",170796.0,8.0,True,2.0,2.0,54.5,,Safety Off,3.0,Gelding,Gun Runner,If Not For Her,Jareth Loveberry,D. Whitworth Beckman,0,0,0,0,,0.0,0.0,0.0,19.0,,,,,,,,,,False,18.0,12,11.0,16.0,8.0,0.0
Churchill Downs,2026-09-28,6,Race 6 - Maiden Special Weight,1811.0,"3YO+, Maiden, Spec. Weight",170796.0,8.0,True,3.0,3.0,54.5,,Bold Stand,3.0,Gelding,Curlin,Indulgent,Alex Achard,Eoin G. Harty,4,0,2,0,0.0,0.0,50.0,-100.0,17.0,109.0,2.0,10.0,,,,,,,False,9.0,16,12.0,8.0,6.0,0.0
Churchill Downs,2026-09-28,6,Race 6 - Maiden Special Weight,1811.0,"3YO+, Maiden, Spec. Weight",170796.0,8.0,True,4.0,4.0,56.25,,Cromwell,4.0,Colt,Quality Road,Borealis Night,Jose L. Ortiz,Cherie Devaux,9,0,4,1,0.0,0.0,56.0,-100.0,25.0,82.0,2.0,1.4,,,,,,b,False,3.7,20,3.0,3.4,2.0,0.0
Churchill Downs,2026-09-28,6,Race 6 - Maiden Special Weight,1811.0,"3YO+, Maiden, Spec. Weight",170796.0,8.0,True,5.0,5.0,54.5,,Mr. Tapps,3.0,Colt,American Pharoah,Sweet Tapper,Yedsit Hazlewood,Michael W. McCarthy,0,0,0,0,,0.0,0.0,0.0,21.0,,,,,,,,,,False,14.0,12,8.0,13.0,3.0,0.0
Churchill Downs,2026-09-28,6,Race 6 - Maiden Special Weight,1811.0,"3YO+, Maiden, Spec. Weight",170796.0,8.0,True,6.0,6.0,54.5,,Top Drawer,3.0,Colt,Munnings,Touch The Star,Axel Concepcion,Brad H. Cox,2,0,1,1,0.0,0.0,100.0,-100.0,22.0,57.0,2.0,6.5,,,,,,,False,2.5,36,3.5,2.4,4.0,0.0
Churchill Downs,2026-09-28,6,Race 6 - Maiden Special Weight,1811.0,"3YO+, Maiden, Spec. Weight",170796.0,8.0,True,7.0,7.0,54.5,,Liberty Valance,3.0,Gelding,Constitution,Gone To Town,Tyler Gaffalione,Brendan P. Walsh,5,0,2,1,0.0,0.0,60.0,-100.0,21.0,37.0,8.0,5.0,,,,,,,False,9.5,11,8.0,9.0,7.0,0.0
Churchill Downs,2026-09-28,6,Race 6 - Maiden Special Weight,1811.0,"3YO+, Maiden, Spec. Weight",170796.0,8.0,True,8.0,8.0,54.5,,Don's Winner,3.0,Colt,Game Winner,Map Maker,Luis Saez,Joe Sharp,4,0,1,0,0.0,0.0,25.0,-100.0,23.0,29.0,5.0,8.5,,,,,,,False,7.5,11,7.0,6.5,1.0,1.0
Bursa,2026-09-28,6,Race 6,1800.0,,35413.0,11.0,False,1.0,1.0,61.0,,Siyah Kuş,4.0,Mare,Sonalp,Kamaran,A. Kursun,M. Anat,20,5,3,1,0.25,25.0,45.0,-100.0,0.0,19.0,1.0,,,,,,,tsn,False,,0,,,,
Bursa,2026-09-28,6,Race 6,1800.0,,35413.0,11.0,False,2.0,9.0,60.0,,Gül Ayalı,6.0,Mare,Ayabakan,Gülzade,A. Yıldız,A. Ocal,49,5,4,3,0.10204081632653061,10.0,24.0,-100.0,0.0,14.0,12.0,,,,,,,ton,False,,0,,,,
Bursa,2026-09-28,6,Race 6,1800.0,,35413.0,11.0,False,3.0,4.0,60.0,,Tarçınkız,5.0,Mare,Özhaber,Kuruşun Kızı,M. M. Bilgin,M. A. Turan,48,7,10,9,0.14583333333333334,15.0,54.0,-100.0,25.0,10.0,5.0,,,,,,,tcdsn,False,,0,,,,
Bursa,2026-09-28,6,Race 6,1800.0,,35413.0,11.0,False,4.0,6.0,58.0,,Aller Gülü,6.0,Mare,Kaman,Derincan,G. Yıldız,E. Cilek,65,5,5,11,0.07692307692307693,8.0,32.0,-100.0,0.0,14.0,7.0,,,,,,,tcdn,False,,0,,,,
Bursa,2026-09-28,6,Race 6,1800.0,,35413.0,11.0,False,5.0,2.0,58.0,,Demrenin Kızı,4.0,Mare,Tamerinoğlu,Demre,K. Tokacoglu,Y. Akbulut,25,6,1,8,0.24,24.0,60.0,-100.0,36.0,14.0,1.0,,,,,,,tsn,False,,0,,,,
Bursa,2026-09-28,6,Race 6,1800.0,,35413.0,11.0,False,6.0,8.0,58.0,,Distile,4.0,Mare,Özduran,Gürgöze,Mer. Celik,Hus. Kaya,22,4,2,2,0.18181818181818182,18.0,36.0,-100.0,0.0,6.0,3.0,,,,,,,n,False,,0,,,,
Bursa,2026-09-28,6,Race 6,1800.0,,35413.0,11.0,False,7.0,11.0,58.0,,Kurşunili,7.0,Mare,Silah,Moğolgülü,O. Atmaca,T. N. Yıldız,56,7,7,13,0.125,13.0,48.0,-100.0,25.0,24.0,3.0,,,,,,,tcdn,False,,0,,,,
Bursa,2026-09-28,6,Race 6,1800.0,,35413.0,11.0,False,8.0,10.0,56.0,,Eparven,7.0,Mare,Turbo,Sultan Erva,Sal. Celik,H. Celik,46,7,4,3,0.15217391304347827,15.0,30.0,-100.0,13.0,12.0,2.0,,,,,,,tn,False,,0,,,,
Bursa,2026-09-28,6,Race 6,1800.0,,35413.0,11.0,False,9.0,3.0,56.0,,Müzeyyen Abla,5.0,Mare,Embir Han,Gülateşi,B. M. Mırık,S. Baydan,35,8,3,3,0.22857142857142856,23.0,40.0,-100.0,50.0,14.0,9.0,,,,,,,ton,False,,0,,,,
Bursa,2026-09-28,6,Race 6,1800.0,,35413.0,11.0,False,10.0,7.0,56.0,,Pelitsırtı,5.0,Mare,Silah,Mahrem,M. A. Akgobek,O. Demir,34,4,3,2,0.11764705882352941,12.0,26.0,-100.0,0.0,14.0,3.0,,,,,,,tn,False,,0,,,,
Bursa,2026-09-28,6,Race 6,1800.0,,35413.0,11.0,False,11.0,5.0,56.0,,Sinsinateşi,6.0,Mare,Kaızbert,Bağgüzeli,T. Yıldız,S. Onder,57,10,6,4,0.17543859649122806,18.0,35.0,-100.0,0.0,10.0,1.0,,,,,,,tcdsn,False,,0,,,,
Churchill Downs,2026-09-28,7,Race 7 - Maiden Special Weight,1509.0,"2YO, Fillies, Maiden, Spec. Weight",170796.0,9.0,True,1.0,1.0,54.0,,She's All Kristi,2.0,Filly,Tapit,She'S All In,Miguel Fernandez,Donnie K. Von Hemel,0,0,0,0,,0.0,0.0,0.0,0.0,,,,,,,,,,False,46.0,22,41.0,34.0,8.0,0.0
Churchill Downs,2026-09-28,7,Race 7 - Maiden Special Weight,1509.0,"2YO, Fillies, Maiden, Spec. Weight",170796.0,9.0,True,2.0,2.0,54.0,,Sapphire Song,2.0,Filly,Authentic,Our Unbridled Gem,Jaime A. Torres,Riley Mott,0,0,0,0,,0.0,0.0,0.0,18.0,,,,,,,,,,False,26.0,24,41.0,21.0,7.0,0.0
Churchill Downs,2026-09-28,7,Race 7 - Maiden Special Weight,1509.0,"2YO, Fillies, Maiden, Spec. Weight",170796.0,9.0,True,3.0,3.0,54.0,,Foxiest,2.0,Filly,Gun Runner,Covfefe,Luis Saez,Brad H. Cox,1,0,0,1,0.0,0.0,100.0,-100.0,34.0,29.0,3.0,2.25,,,,,,b,False,1.52,18,1.45,1.5,1.0,1.0
Churchill Downs,2026-09-28,7,Race 7 - Maiden Special Weight,1509.0,"2YO, Fillies, Maiden, Spec. Weight",170796.0,9.0,True,4.0,4.0,54.0,,Missy,2.0,Filly,Maxfield,Mattie Mae,"Brian Joseph Hernandez, Jr.",Ian R. Wilkes,1,0,0,0,0.0,0.0,0.0,-100.0,14.0,36.0,4.0,10.0,,,,,,,False,6.5,20,12.0,6.0,3.0,0.0
Churchill Downs,2026-09-28,7,Race 7 - Maiden Special Weight,1509.0,"2YO, Fillies, Maiden, Spec. Weight",170796.0,9.0,True,5.0,5.0,54.0,,Dantini,2.0,Filly,Good Magic,Aunt Kat,Axel Concepcion,William Walden,1,0,0,1,0.0,0.0,100.0,-100.0,20.0,36.0,3.0,3.25,,,,,,b,False,11.0,17,12.0,10.0,2.0,0.0
Churchill Downs,2026-09-28,7,Race 7 - Maiden Special Weight,1509.0,"2YO, Fillies, Maiden, Spec. Weight",170796.0,9.0,True,6.0,6.0,54.0,,My Pal Al,2.0,Filly,Golden Pal,Stopshoppingdebbie,Luan Machado,Robert Medina,1,0,1,0,0.0,0.0,100.0,-100.0,0.0,34.0,2.0,4.0,,,,,,b,False,23.0,18,7.0,21.0,4.0,0.0
Churchill Downs,2026-09-28,7,Race 7 - Maiden Special Weight,1509.0,"2YO, Fillies, Maiden, Spec. Weight",170796.0,9.0,True,7.0,7.0,54.0,,Texas Dandelion,2.0,Filly,Halladay,Cool Talking,Jose L. Ortiz,Joe Sharp,3,0,1,1,0.0,0.0,67.0,-100.0,20.0,64.0,8.0,13.0,,,,,,(D/A),False,13.0,9,8.5,12.0,9.0,0.0
Churchill Downs,2026-09-28,7,Race 7 - Maiden Special Weight,1509.0,"2YO, Fillies, Maiden, Spec. Weight",170796.0,9.0,True,8.0,8.0,54.0,,Special Liberty,2.0,Filly,Midshipman,Takingtimeoff,Tyler Gaffalione,Brendan P. Walsh,1,0,0,0,0.0,0.0,0.0,-100.0,21.0,36.0,5.0,2.75,,,,,,b,False,8.5,21,11.0,7.5,5.0,0.0
Churchill Downs,2026-09-28,7,Race 7 - Maiden Special Weight,1509.0,"2YO, Fillies, Maiden, Spec. Weight",170796.0,9.0,True,9.0,9.0,54.0,,Tajin Time,2.0,Filly,Not This Time,Allende,Gerardo Corrales,Dale L. Romans,1,0,0,0,0.0,0.0,0.0,-100.0,5.0,36.0,11.0,17.0,,,,,,o,False,41.0,15,21.0,34.0,6.0,0.0
Bursa,2026-09-28,7,Race 7,1400.0,,27770.0,11.0,False,1.0,2.0,59.0,,Tatlı Akyüz,2.0,Filly,Graystorm,Madencikızı,N. Sen,T. Ates,10,0,1,2,0.0,0.0,30.0,-100.0,0.0,10.0,3.0,,,,,,,,False,,0,,,,
Bursa,2026-09-28,7,Race 7,1400.0,,27770.0,11.0,False,2.0,9.0,59.0,,Workin Lady,2.0,Filly,Mendıp,Anadolu Sultanı,A. Yıldız,Mur. Altın,5,0,1,1,0.0,0.0,40.0,-100.0,0.0,17.0,13.0,,,,,,,o,False,,0,,,,
Bursa,2026-09-28,7,Race 7,1400.0,,27770.0,11.0,False,3.0,10.0,57.0,,Birpırıl,2.0,Filly,Ramayana,Ebruli,B. M. Mırık,F. Sezer,1,0,0,0,0.0,0.0,0.0,-100.0,0.0,23.0,7.0,,,,,,,,False,,0,,,,
Bursa,2026-09-28,7,Race 7,1400.0,,27770.0,11.0,False,4.0,4.0,57.0,,Carita Linda,2.0,Filly,Kaneko,Şeker Hanım,O. Fidan,H. Sunkar,1,0,0,0,0.0,0.0,0.0,-100.0,0.0,22.0,7.0,,,,,,,o,False,,0,,,,
Bursa,2026-09-28,7,Race 7,1400.0,,27770.0,11.0,False,5.0,6.0,55.0,,Çikok Power,2.0,Filly,Kıng Of The Sun,Secret Fantasy,H. Turan,T. Ates,2,0,0,0,0.0,0.0,0.0,-100.0,0.0,10.0,8.0,,,,,,,,False,,0,,,,
Bursa,2026-09-28,7,Race 7,1400.0,,27770.0,11.0,False,6.0,11.0,57.0,,Eylül Masalı,2.0,Filly,Hakeem,Ritim,C. Altun,K. Sengel,2,0,0,0,0.0,0.0,0.0,-100.0,0.0,68.0,7.0,,,,,,,,False,,0,,,,
Bursa,2026-09-28,7,Race 7,1400.0,,27770.0,11.0,False,7.0,3.0,57.0,,Lady Gala,2.0,Filly,Tızway,Source Of Honour,O. Atmaca,A. Olcar,4,0,0,1,0.0,0.0,25.0,-100.0,0.0,17.0,3.0,,,,,,,,False,,0,,,,
Bursa,2026-09-28,7,Race 7,1400.0,,27770.0,11.0,False,8.0,1.0,55.0,,Legend Arrow,2.0,Filly,Avery Island,Buster'S Ruler,E. Akpınar,B. Kocakaya,0,0,0,0,,0.0,0.0,0.0,100.0,,,,,,,,,,False,,0,,,,
Bursa,2026-09-28,7,Race 7,1400.0,,27770.0,11.0,False,9.0,7.0,57.0,,Nebula Star,2.0,Filly,Bluegrass Cat,Wıld Prıncesse,Mah. Turan,A. Temizer,7,0,1,0,0.0,0.0,14.0,-100.0,0.0,19.0,5.0,,,,,,,,False,,0,,,,
Bursa,2026-09-28,7,Race 7,1400.0,,27770.0,11.0,False,10.0,5.0,57.0,,Yosemıte Gırl,2.0,Filly,Kuloğlu,Helında,M. M. Bilgin,Ser. Gokce,1,0,0,0,0.0,0.0,0.0,-100.0,44.0,84.0,6.0,,,,,,,,False,,0,,,,
Bursa,2026-09-28,7,Race 7,1400.0,,27770.0,11.0,False,11.0,8.0,57.0,,You Are Great,2.0,Filly,Vıctoıre Pısa,Sesibel,A. Inci,Y. Akbulut,7,0,0,0,0.0,0.0,0.0,-100.0,0.0,17.0,4.0,,,,,,,,False,,0,,,,
Churchill Downs,2026-09-28,8,Race 8 - Allowance,1106.0,"3YO+, Fillies & Mares, Allowance",180759.0,12.0,True,1.0,1.0,55.0,,Mechaya,4.0,Filly,Liam's Map,Malibu Rainbow,Francisco Arrieta,James P. Divito,9,1,2,1,0.1111111111111111,11.0,44.0,-100.0,9.0,22.0,4.0,2.88,,,,,,bn,False,7.0,18,6.5,6.0,3.0,0.0
Churchill Downs,2026-09-28,8,Race 8 - Allowance,1106.0,"3YO+, Fillies & Mares, Allowance",180759.0,12.0,True,2.0,2.0,53.5,,Sweet Sissone,3.0,Filly,Twirling Candy,Amazing Shoes,Tyler Gaffalione,Gregory D. Foley,4,1,0,0,0.25,25.0,25.0,150.0,22.0,51.0,5.0,9.0,,,,,,tcdn,False,9.0,16,12.0,8.5,10.0,0.0
Churchill Downs,2026-09-28,8,Race 8 - Allowance,1106.0,"3YO+, Fillies & Mares, Allowance",180759.0,12.0,True,3.0,3.0,53.5,,Cactus Cairo,3.0,Filly,Cairo Prince,Cactus Kris,Danny Sheehy,Ryan D. Walsh,2,1,1,0,0.5,50.0,100.0,950.0,0.0,26.0,2.0,1.67,,,,,,bn,False,16.0,20,15.0,15.0,6.0,0.0
Churchill Downs,2026-09-28,8,Race 8 - Allowance,1106.0,"3YO+, Fillies & Mares, Allowance",180759.0,12.0,True,4.0,4.0,54.5,,Balright,3.0,Filly,Omaha Beach,Clara Allen,Rafael Bejarano,"Jerry Dixon, Jr.",1,1,0,0,1.0,100.0,100.0,2500.0,0.0,36.0,1.0,26.0,,,,,,dn,False,21.0,20,9.0,17.0,5.0,0.0
Churchill Downs,2026-09-28,8,Race 8 - Allowance,1106.0,"3YO+, Fillies & Mares, Allowance",180759.0,12.0,True,5.0,5.0,55.0,,Shirley Ann,4.0,Filly,Outwork,Hey Paige,Joseph C. Bealmear,Clarke Vesty,7,1,2,2,0.14285714285714285,14.0,71.0,-57.0,0.0,27.0,2.0,1.57,,,,,,bn,False,11.0,23,6.0,9.0,2.0,0.0
Churchill Downs,2026-09-28,8,Race 8 - Allowance,1106.0,"3YO+, Fillies & Mares, Allowance",180759.0,12.0,True,6.0,6.0,53.5,,Beach Heist,3.0,Filly,Omaha Beach,Pearl Heist,Axel Concepcion,William Walden,5,1,2,1,0.2,20.0,80.0,30.0,20.0,50.0,7.0,5.5,,,,,,dn,False,3.9,25,5.5,3.7,1.0,1.0
Churchill Downs,2026-09-28,8,Race 8 - Allowance,1106.0,"3YO+, Fillies & Mares, Allowance",180759.0,12.0,True,7.0,7.0,53.5,,Mackinac,3.0,Filly,Twirling Candy,Violencia,Luis Saez,George R. Arnold Ii,5,1,2,0,0.2,20.0,60.0,-62.0,25.0,28.0,2.0,5.0,,,,,,n,False,3.0,36,4.0,2.8,9.0,0.0
Churchill Downs,2026-09-28,8,Race 8 - Allowance,1106.0,"3YO+, Fillies & Mares, Allowance",180759.0,12.0,True,8.0,8.0,53.5,,Mystic Realm,3.0,Filly,Mendelssohn,Magic Humor,Adam Beschizza,Edward Vaughan,4,1,0,0,0.25,25.0,25.0,-65.0,3.0,69.0,6.0,34.0,,,,,,,False,31.0,21,34.0,26.0,7.0,0.0
Churchill Downs,2026-09-28,8,Race 8 - Allowance,1106.0,"3YO+, Fillies & Mares, Allowance",180759.0,12.0,True,9.0,9.0,55.0,,Moonlight Dash,4.0,Filly,Maclean's Music,Moon Dash,Yedsit Hazlewood,Philip A. Bauer,7,1,2,1,0.14285714285714285,14.0,57.0,-14.0,0.0,14.0,4.0,6.0,,,,,,tn,False,13.0,9,9.0,12.0,4.0,0.0
Churchill Downs,2026-09-28,8,Race 8 - Allowance,1106.0,"3YO+, Fillies & Mares, Allowance",180759.0,12.0,True,10.0,10.0,55.0,,Dashin' Diva,4.0,Filly,Caracaro,Giants Diva,Gerardo Corrales,Lonnie Briley,9,1,0,1,0.1111111111111111,11.0,22.0,89.0,0.0,28.0,11.0,11.0,,,,,,on,False,35.0,8,19.0,34.0,8.0,0.0
Churchill Downs,2026-09-28,8,Race 8 - Allowance,1106.0,"3YO+, Fillies & Mares, Allowance",180759.0,12.0,True,11.0,11.0,55.0,,Debt Free,4.0,Filly,Not This Time,Break Even,"Brian Joseph Hernandez, Jr.",Conor Murphy,7,1,1,1,0.14285714285714285,14.0,43.0,-61.0,4.0,287.0,2.0,3.25,,,,,,dbn,False,21.0,9,8.0,17.0,12.0,0.0
Churchill Downs,2026-09-28,8,Race 8 - Allowance,1106.0,"3YO+, Fillies & Mares, Allowance",180759.0,12.0,True,12.0,12.0,55.0,,Lindy Can,4.0,Filly,Kantharos,Northern Michigan,Summer Pauly,Dana Hancock,11,2,0,3,0.18181818181818182,18.0,45.0,-40.0,67.0,43.0,1.0,6.0,,,,,,dn,False,51.0,13,41.0,41.0,11.0,0.0
Churchill Downs,2026-09-28,8,Race 8 - Allowance,1106.0,"3YO+, Fillies & Mares, Allowance",180759.0,12.0,True,13.0,13.0,54.5,,Now Or Nevermore,3.0,Filly,Honest Mischief,Celebrate Now,Mitchell Murrill,Chris Banks,2,1,0,0,0.5,50.0,50.0,750.0,0.0,30.0,8.0,21.0,,,,,,n,False,3.5,0,,,,
Churchill Downs,2026-09-28,8,Race 8 - Allowance,1106.0,"3YO+, Fillies & Mares, Allowance",180759.0,12.0,True,14.0,14.0,55.0,,Zoe's Prime,5.0,Mare,Bolt D'Oro,Petunia,Micah Meeks,Jose M. Camejo,7,1,2,1,0.14285714285714285,14.0,57.0,-100.0,0.0,27.0,3.0,15.0,,,,,,dn,False,9.0,0,,,,
Churchill Downs,2026-09-28,8,Race 8 - Allowance,1106.0,"3YO+, Fillies & Mares, Allowance",180759.0,12.0,True,15.0,15.0,53.5,,Storm Cloud Rising,3.0,Filly,Runhappy,Demigoddess,Yedsit Hazlewood,Andres Cambray,16,3,1,1,0.1875,19.0,31.0,131.0,0.0,17.0,1.0,5.5,,,,,,tdn,False,13.0,0,,,,
Bursa,2026-09-28,8,Race 8,1300.0,,24967.0,13.0,False,1.0,5.0,55.0,,Bella Mare,4.0,Mare,Run Away And Hıde,Laik Kız,Y. Gokce,C. Yıldırım,25,5,2,3,0.2,20.0,40.0,-100.0,0.0,17.0,12.0,,,,,,,tdon,False,,0,,,,
Bursa,2026-09-28,8,Race 8,1300.0,,24967.0,13.0,False,2.0,11.0,58.0,,Filius Ventus,5.0,Stallion,Torok,Serenara,O. Yıldız,O. Bozyel,66,2,5,10,0.030303030303030304,3.0,26.0,-100.0,0.0,24.0,3.0,,,,,,,n,False,,0,,,,
Bursa,2026-09-28,8,Race 8,1300.0,,24967.0,13.0,False,3.0,1.0,58.0,,Kızım Beril,4.0,Mare,Kınowa,Snoozy Tımes,T. Alıcı,S. Akduman,36,7,2,5,0.19444444444444445,19.0,39.0,-100.0,0.0,7.0,7.0,,,,,,,tcdn,False,,0,,,,
Bursa,2026-09-28,8,Race 8,1300.0,,24967.0,13.0,False,4.0,8.0,55.0,,Red Smoke,3.0,Filly,Authorızed,Red Hare,E. Akpınar,H. Dolmaz,22,3,2,5,0.13636363636363635,14.0,45.0,-100.0,0.0,7.0,5.0,,,,,,,tcdn,False,,0,,,,
Bursa,2026-09-28,8,Race 8,1300.0,,24967.0,13.0,False,5.0,2.0,53.0,,Wadron,3.0,Colt,Ardad,Wadjet,O. F. Ozen,M. Esmer,13,3,4,1,0.23076923076923078,23.0,62.0,-100.0,50.0,7.0,10.0,,,,,,,ton,False,,0,,,,
Bursa,2026-09-28,8,Race 8,1300.0,,24967.0,13.0,False,6.0,6.0,54.0,,Bıçkıdereli Ege,4.0,Stallion,Marcavelly,Tuya Naz,K. Yılmaz,T. Ates,28,3,2,3,0.10714285714285714,11.0,29.0,-100.0,0.0,38.0,5.0,,,,,,,tcdn,False,,0,,,,
Bursa,2026-09-28,8,Race 8,1300.0,,24967.0,13.0,False,7.0,12.0,56.0,,King Bora,7.0,Stallion,Justenuffhumor,West Of Gırl,S. Tırpan,F. Kıran,88,13,5,12,0.14772727272727273,15.0,34.0,-100.0,0.0,14.0,8.0,,,,,,,tn,False,,0,,,,
Bursa,2026-09-28,8,Race 8,1300.0,,24967.0,13.0,False,8.0,9.0,56.0,,Lets Wın Together,4.0,Stallion,Touch The Wolf,Fi Fenomoni,A. Kursun,A. Mantas,3,0,1,1,0.0,0.0,67.0,-100.0,50.0,498.0,3.0,,,,,,,b,False,,0,,,,
Bursa,2026-09-28,8,Race 8,1300.0,,24967.0,13.0,False,9.0,4.0,56.0,,Mamba Forever,8.0,Gelding,Luxor,Ascella,C. Altun,M. U. Turan,52,12,11,4,0.23076923076923078,23.0,52.0,-100.0,17.0,24.0,1.0,,,,,,,tsn,False,,0,,,,
Bursa,2026-09-28,8,Race 8,1300.0,,24967.0,13.0,False,10.0,13.0,52.0,,Lord Of North,5.0,Stallion,Trappe Shot,Bougaınvıllea,D. Budak,T. Biricik,25,1,0,1,0.04,4.0,8.0,-100.0,0.0,21.0,6.0,,,,,,,t,False,,0,,,,
Bursa,2026-09-28,8,Race 8,1300.0,,24967.0,13.0,False,11.0,10.0,56.0,,Jesko,5.0,Colt,Lıon Heart,Balbadem,A. Yıldız,Y. Akbulut,26,6,1,2,0.23076923076923078,23.0,35.0,-100.0,0.0,24.0,4.0,,,,,,,tcd,False,,0,,,,
Bursa,2026-09-28,8,Race 8,1300.0,,24967.0,13.0,False,12.0,3.0,56.0,,Hero Wind,4.0,Stallion,Lılbourne Lad,Deverov,O. Eren,S. Kocak,9,0,0,0,0.0,0.0,0.0,-100.0,0.0,24.0,10.0,,,,,,,o,False,,0,,,,
Bursa,2026-09-28,8,Race 8,1300.0,,24967.0,13.0,False,13.0,7.0,56.0,,Çağıranhan,4.0,Stallion,Invıncıble Son,Dark Enchantress,N. Sen,F. Sezer,0,0,0,0,,0.0,0.0,0.0,0.0,,,,,,,,,,False,,0,,,,
Adana,2026-09-28,9,Race 9,1500.0,,27770.0,16.0,True,1.0,3.0,61.0,,Huayra,3.0,Colt,Authorızed,Altınbaşak,I. Katar,S. Polat,32,0,4,6,0.0,0.0,31.0,-100.0,0.0,49.0,11.0,,,,,,,o,False,34.0,2,31.0,26.0,15.0,0.0
Adana,2026-09-28,9,Race 9,1500.0,,27770.0,16.0,True,2.0,16.0,60.0,,Earthquake,3.0,Colt,Sadler'S Joy,Dreamıng Of Stella,M. G. Arslan,G. Kose,24,0,2,5,0.0,0.0,29.0,-100.0,0.0,23.0,10.0,,,,,,,o,False,31.0,4,31.0,23.0,12.0,0.0
Adana,2026-09-28,9,Race 9,1500.0,,27770.0,16.0,True,4.0,8.0,60.0,,Son Of Fearless,3.0,Colt,Bluegrass Cat,Fantasy Song,F. R. Bebek,Ser. Ceylan,15,0,2,1,0.0,0.0,20.0,-100.0,50.0,9.0,6.0,,,,,,,,False,35.0,5,34.0,34.0,11.0,0.0
Adana,2026-09-28,9,Race 9,1500.0,,27770.0,16.0,True,5.0,5.0,60.0,,Sosan,3.0,Colt,Enyalıos,Lady Julıet,I. Akyavuz,Ser. Ceylan,21,0,1,4,0.0,0.0,24.0,-100.0,0.0,8.0,9.0,,,,,,,,False,18.0,7,17.0,17.0,3.0,0.0
Adana,2026-09-28,9,Race 9,1500.0,,27770.0,16.0,True,6.0,18.0,60.0,,Sultana,3.0,Filly,Fınesse,Nayman Sultan,M. Akyavuz,V. Tekin,20,0,6,1,0.0,0.0,35.0,-100.0,0.0,14.0,13.0,,,,,,,o,False,26.0,10,26.0,20.0,14.0,0.0
Adana,2026-09-28,9,Race 9,1500.0,,27770.0,16.0,True,7.0,12.0,58.0,,Fearless Queen,3.0,Filly,Kluger,Gılyana,Sal. Celik,A. Ciftci,11,0,1,2,0.0,0.0,27.0,-100.0,33.0,40.0,4.0,,,,,,,,False,11.0,4,11.0,10.0,8.0,0.0
Adana,2026-09-28,9,Race 9,1500.0,,27770.0,16.0,True,8.0,10.0,54.0,,Moneta Fly,3.0,Colt,Kuloğlu,Brave Steps,T. Bali,E. Cetinkurt,24,0,1,2,0.0,0.0,13.0,-100.0,0.0,119.0,12.0,,,,,,,o,False,51.0,6,51.0,41.0,10.0,0.0
Adana,2026-09-28,9,Race 9,1500.0,,27770.0,16.0,True,9.0,11.0,58.0,,O Papatya,3.0,Filly,Bluegrass Cat,Mıdas Lıfe,M. A. Akgobek,Y. Tuncay,14,0,2,0,0.0,0.0,14.0,-100.0,6.0,14.0,10.0,,,,,,,o,False,21.0,3,19.0,19.0,4.0,0.0
Adana,2026-09-28,9,Race 9,1500.0,,27770.0,16.0,True,10.0,13.0,58.0,,Royal Romance,3.0,Filly,Torok,Clıp,M. S. Celik,I. Temel,6,0,1,3,0.0,0.0,67.0,-100.0,20.0,14.0,2.0,,,,,,,b,False,1.4,14,1.4,1.28,1.0,1.0
Adana,2026-09-28,9,Race 9,1500.0,,27770.0,16.0,True,11.0,4.0,52.0,,Gray Sword,3.0,Filly,General Quarters,Atakan Alevi,E. Atlamaz,G. Kose,14,0,1,2,0.0,0.0,21.0,-100.0,0.0,9.0,3.0,,,,,,,,False,34.0,7,34.0,23.0,7.0,0.0
Adana,2026-09-28,9,Race 9,1500.0,,27770.0,16.0,True,12.0,1.0,56.0,,Lıght To Vıctory,3.0,Filly,Epaulette,Rumeysa,F. Cetinbas,Y. Baysal,24,0,1,2,0.0,0.0,13.0,-100.0,0.0,29.0,8.0,,,,,,,,False,35.0,2,31.0,34.0,16.0,0.0
Adana,2026-09-28,9,Race 9,1500.0,,27770.0,16.0,True,13.0,14.0,56.0,,Lord Seyfo,3.0,Colt,Touch The Wolf,Çatladıkapı,E. Akkılıç,E. Pul,7,0,1,0,0.0,0.0,14.0,-100.0,0.0,29.0,2.0,,,,,,,,False,21.0,9,21.0,15.0,2.0,0.0
Adana,2026-09-28,9,Race 9,1500.0,,27770.0,16.0,True,14.0,6.0,52.0,,Ramsgate,3.0,Colt,Hakeem,Touch Of Class,R. Kurt,M. Tek,12,0,0,0,0.0,0.0,0.0,-100.0,0.0,29.0,11.0,,,,,,,o,False,35.0,4,31.0,34.0,6.0,0.0
Adana,2026-09-28,9,Race 9,1500.0,,27770.0,16.0,True,16.0,15.0,55.0,,Barakhan,3.0,Colt,Vıctoıre Pısa,Whıte Water,M. Kıyak,A. Dinc,18,0,2,0,0.0,0.0,11.0,-100.0,0.0,28.0,11.0,,,,,,,o,False,101.0,4,126.0,71.0,13.0,0.0
Adana,2026-09-28,9,Race 9,1500.0,,27770.0,16.0,True,17.0,17.0,58.0,,Kip Musa,3.0,Colt,Agresıvo,Nefes,N. Demir,R. Atlı,9,0,1,1,0.0,0.0,22.0,-100.0,0.0,40.0,7.0,,,,,,,,False,21.0,10,26.0,16.0,5.0,0.0
Adana,2026-09-28,9,Race 9,1500.0,,27770.0,16.0,True,18.0,9.0,54.0,,Lıon Gold,3.0,Colt,Güngör Baba,Edanur,M. T. Coskun,Y. Tuncay,16,0,0,1,0.0,0.0,6.0,-100.0,7.0,21.0,9.0,,,,,,,,False,61.0,3,51.0,51.0,9.0,0.0
Adana,2026-09-28,9,Race 9,1500.0,,27770.0,16.0,True,3.0,2.0,57.0,,Roxy Baran,3.0,Colt,Tızway,Persephone,İsm. Yıldırım,V. Tekin,24,0,0,4,0.0,0.0,17.0,-100.0,0.0,41.0,5.0,,,,,,,,False,34.0,2,31.0,21.0,,
Adana,2026-09-28,9,Race 9,1500.0,,27770.0,16.0,True,15.0,7.0,56.0,,My Dream Horse,3.0,Filly,Epaulette,Pasaklı Kontes,V. Demir,E. Acer,25,0,1,5,0.0,0.0,24.0,-100.0,0.0,21.0,13.0,,,,,,,o,False,126.0,1,126.0,126.0,,
Churchill Downs,2026-09-28,9,Race 9 - Starter Allowance,1710.0,"3YO+, Allowance",118134.0,9.0,True,2.0,2.0,53.5,,Bigtimetimmyjim,3.0,Gelding,Girvin,Miss Bosconovitch,Gerardo Corrales,Lonnie Briley,4,1,0,0,0.25,25.0,25.0,225.0,0.0,28.0,11.0,51.0,,,,,,don,False,31.0,10,23.0,26.0,9.0,0.0
Churchill Downs,2026-09-28,9,Race 9 - Starter Allowance,1710.0,"3YO+, Allowance",118134.0,9.0,True,3.0,3.0,55.25,,South Bend Tom,4.0,Gelding,Liam's Map,Glycine,Axel Concepcion,"Albert M. Stall, Jr.",11,2,1,2,0.18181818181818182,18.0,45.0,-47.0,15.0,39.0,3.0,4.0,,,,,,tdbn,False,5.0,26,5.0,4.4,3.0,0.0
Churchill Downs,2026-09-28,9,Race 9 - Starter Allowance,1710.0,"3YO+, Allowance",118134.0,9.0,True,4.0,4.0,55.25,,Funny Uncle,6.0,Gelding,Distorted Humor,Night Owl,Jose L. Ortiz,Joe Sharp,39,4,6,8,0.10256410256410256,10.0,46.0,-3.0,20.0,36.0,2.0,10.0,,,,,,dsn,False,2.75,29,3.5,2.6,6.0,0.0
Churchill Downs,2026-09-28,9,Race 9 - Starter Allowance,1710.0,"3YO+, Allowance",118134.0,9.0,True,5.0,5.0,53.5,,Large Risk,3.0,Gelding,Volatile,Anabranch,Evin A. Roman,Cipriano Contreras,5,1,0,0,0.2,20.0,20.0,-62.0,24.0,213.0,8.0,26.0,,,,,,tcdn,False,41.0,13,34.0,34.0,8.0,0.0
Churchill Downs,2026-09-28,9,Race 9 - Starter Allowance,1710.0,"3YO+, Allowance",118134.0,9.0,True,6.0,6.0,54.0,,Lolo Le Plume,4.0,Filly,Instilled Regard,Le Plume,Luis Saez,"Robert B. Hess, Jr.",17,1,5,4,0.058823529411764705,6.0,59.0,-86.0,9.0,213.0,7.0,5.5,,,,,,tcdn,False,18.0,27,8.5,16.0,7.0,0.0
Churchill Downs,2026-09-28,9,Race 9 - Starter Allowance,1710.0,"3YO+, Allowance",118134.0,9.0,True,7.0,7.0,55.25,,Consolidated,4.0,Gelding,Unified,Causeway Carolyn,Luan Machado,Arnaud Delacour,8,3,0,1,0.375,38.0,50.0,256.0,15.0,93.0,5.0,15.0,,,,,,tcdn,False,11.0,18,8.5,9.0,5.0,0.0
Churchill Downs,2026-09-28,9,Race 9 - Starter Allowance,1710.0,"3YO+, Allowance",118134.0,9.0,True,8.0,8.0,53.5,,Spirit Of A Walkon,3.0,Colt,Uncle Mo,Delta'S Kingdom,"Brian Joseph Hernandez, Jr.",Dale L. Romans,11,2,2,1,0.18181818181818182,18.0,45.0,-14.0,11.0,51.0,2.0,3.75,,,,,,dn,False,4.4,20,4.5,4.2,4.0,0.0
Churchill Downs,2026-09-28,9,Race 9 - Starter Allowance,1710.0,"3YO+, Allowance",118134.0,9.0,True,9.0,9.0,53.5,,Jets Rio,3.0,Gelding,Candy Ride,Jeweled Princess,Rafael Bejarano,Ron Moquett,9,1,1,2,0.1111111111111111,11.0,44.0,-39.0,19.0,44.0,3.0,11.0,,,,,,sn,False,21.0,24,10.0,17.0,2.0,0.0
Churchill Downs,2026-09-28,9,Race 9 - Starter Allowance,1710.0,"3YO+, Allowance",118134.0,9.0,True,10.0,10.0,53.5,,Rugged Love,3.0,Gelding,Cupid,Princess Addy,Tyler Gaffalione,Brendan P. Walsh,3,1,0,1,0.3333333333333333,33.0,67.0,25.0,21.0,51.0,7.0,4.5,,,,,,tn,False,6.5,16,9.0,6.0,1.0,1.0
Churchill Downs,2026-09-28,9,Race 9 - Starter Allowance,1710.0,"3YO+, Allowance",118134.0,9.0,True,1.0,1.0,53.5,,Feral,3.0,Gelding,Volatile,Love This Kitty,Ben Curtis,Michael A. Tomlinson,9,2,1,2,0.2222222222222222,22.0,56.0,0.0,100.0,37.0,1.0,4.0,,,,,,n,False,8.5,1,8.5,8.5,,
Bunbury,2026-09-28,1,Wa Stockfeeds - Growing Together Maiden,1000.0,"3-Y-O, Maiden, Set Weights",25000.0,10.0,False,1.0,6.0,57.0,50.0,Capall Gasta,3.0,Gelding,Splintex,Beffunjar,Jefferson Tsang,Daniel O'Connor,10,0,0,0,0.0,0.0,0.0,-100.0,33.0,18.0,4.0,101.0,0.24,0.23,0.69,0.64,2.11,,False,71.0,11,91.0,61.0,,
Bunbury,2026-09-28,1,Wa Stockfeeds - Growing Together Maiden,1000.0,"3-Y-O, Maiden, Set Weights",25000.0,10.0,False,2.0,1.0,57.0,54.0,Magnificent Malcom,3.0,Gelding,Shooting to Win,Magnalux,Holly Watson,Joshua Krispyn,4,0,0,0,0.0,0.0,0.0,-100.0,17.0,68.0,4.0,8.5,-0.12,-0.68,-0.57,-0.61,0.72,,False,17.0,5,15.0,15.0,,
Bunbury,2026-09-28,1,Wa Stockfeeds - Growing Together Maiden,1000.0,"3-Y-O, Maiden, Set Weights",25000.0,10.0,False,3.0,2.0,57.0,53.0,Fredath,3.0,Gelding,Bondi,Mikimoto Gift,Jarrad Noske,Graeme Ballantyne,0,0,0,0,,0.0,0.0,0.0,6.0,,,,,,,,,,False,15.0,8,14.0,13.0,,
Bunbury,2026-09-28,1,Wa Stockfeeds - Growing Together Maiden,1000.0,"3-Y-O, Maiden, Set Weights",25000.0,10.0,False,4.0,3.0,57.0,52.5,Spinifex,3.0,Gelding,Snippetson,Spinalong,Natika Riordan,Chris Willis,0,0,0,0,,0.0,0.0,0.0,0.0,,,,,,,,,,False,151.0,3,91.0,126.0,,
Bunbury,2026-09-28,1,Wa Stockfeeds - Growing Together Maiden,1000.0,"3-Y-O, Maiden, Set Weights",25000.0,10.0,False,5.0,4.0,55.0,50.0,Aura Magna,3.0,Filly,Magnus,Massagi,Holly Nottle,Darren McAuliffe,5,0,2,0,0.0,0.0,40.0,-100.0,18.0,18.0,2.0,14.0,0.03,-0.09,0.41,0.51,1.88,,False,6.5,4,6.5,5.75,,
Bunbury,2026-09-28,1,Wa Stockfeeds - Growing Together Maiden,1000.0,"3-Y-O, Maiden, Set Weights",25000.0,10.0,False,6.0,10.0,55.0,52.5,Divine Mirage,3.0,Filly,Playing God,Hazira,Laqdar Ramoly,Neville Parnham,3,0,0,1,0.0,0.0,33.0,-100.0,9.0,180.0,6.0,11.0,-0.07,-0.77,-0.18,-0.62,0.74,,False,10.0,8,8.0,8.5,,
Bunbury,2026-09-28,1,Wa Stockfeeds - Growing Together Maiden,1000.0,"3-Y-O, Maiden, Set Weights",25000.0,10.0,False,7.0,9.0,55.0,,Mr Kaplan,3.0,Filly,Capitalist,Edinburgh,Steven Parnham,Trevor Andrews,2,0,1,0,0.0,0.0,50.0,-100.0,9.0,177.0,11.0,41.0,-0.06,-0.24,0.03,-0.3,1.06,o,False,10.0,5,8.0,8.0,,
Bunbury,2026-09-28,1,Wa Stockfeeds - Growing Together Maiden,1000.0,"3-Y-O, Maiden, Set Weights",25000.0,10.0,False,8.0,8.0,55.0,52.0,Prophecy Girl,3.0,Filly,Hellbent,Ober Purkla,Chris Parnham,Michael Lane,2,0,0,1,0.0,0.0,50.0,-100.0,21.0,11.0,3.0,16.0,-0.25,-0.93,-0.46,-0.65,1.5,,True,12.0,9,8.0,10.0,,
Bunbury,2026-09-28,1,Wa Stockfeeds - Growing Together Maiden,1000.0,"3-Y-O, Maiden, Set Weights",25000.0,10.0,False,9.0,7.0,55.0,56.5,Splintabelle,3.0,Filly,Splintex,Snippety Belle,Brad Parnham,David Harrison,1,0,0,1,0.0,0.0,100.0,-100.0,11.0,25.0,3.0,3.2,0.1,-0.32,-0.52,-0.39,0.5,b,True,16.0,9,8.5,12.0,,
Bunbury,2026-09-28,1,Wa Stockfeeds - Growing Together Maiden,1000.0,"3-Y-O, Maiden, Set Weights",25000.0,10.0,False,10.0,5.0,55.0,53.0,Andalady,3.0,Filly,Anders,Cape Lady,Lucy Fiore,Tiarnna Noske,0,0,0,0,,0.0,0.0,0.0,0.0,,,,,,,,,,False,1.65,9,1.85,1.45,,
Bunbury,2026-09-28,7,Wa Stockfeeds Handicap,1695.0,"3-Y-O & Up, Class 1, Handicap",30000.0,12.0,False,1.0,11.0,60.0,56.5,Show On The Road,4.0,Gelding,I'm All the Talk,World Class,Brad Parnham,Ryan Hill,9,1,2,3,0.1111111111111111,11.0,67.0,-74.0,13.0,15.0,3.0,3.3,0.09,-0.11,-0.36,-0.59,0.32,b,False,14.0,6,9.0,11.0,,
Bunbury,2026-09-28,7,Wa Stockfeeds Handicap,1695.0,"3-Y-O & Up, Class 1, Handicap",30000.0,12.0,False,2.0,13.0,59.5,,Hype Machine,4.0,Gelding,Maschino,Hallowell Angel,Steven Parnham,Stefan Vahala,7,1,0,0,0.14285714285714285,14.0,14.0,771.0,10.0,25.0,4.0,14.0,0.19,0.17,0.21,0.09,1.54,ts,False,29.0,7,21.0,21.0,,
Bunbury,2026-09-28,7,Wa Stockfeeds Handicap,1695.0,"3-Y-O & Up, Class 1, Handicap",30000.0,12.0,False,3.0,12.0,59.0,51.5,Barney Rommel,4.0,Gelding,Rommel,Silk Spun,Sharni Webster,Tom Wolfe,11,1,2,2,0.09090909090909091,9.0,45.0,64.0,0.0,18.0,3.0,3.5,-0.27,-0.87,-0.84,-1.03,0.97,tb,False,18.0,8,13.0,13.0,,
Bunbury,2026-09-28,7,Wa Stockfeeds Handicap,1695.0,"3-Y-O & Up, Class 1, Handicap",30000.0,12.0,False,5.0,4.0,57.5,53.0,Awesome Force,4.0,Gelding,Admire Mars,Keyanaz,Joey Azzopardi,Ross Price,14,1,1,4,0.07142857142857142,7.0,43.0,-89.0,11.0,15.0,10.0,3.2,-0.16,-0.81,-0.95,-1.11,1.37,tcdbo,False,13.0,6,8.5,10.0,,
Bunbury,2026-09-28,7,Wa Stockfeeds Handicap,1695.0,"3-Y-O & Up, Class 1, Handicap",30000.0,12.0,False,6.0,14.0,57.5,52.0,Back In The Fold,3.0,Gelding,Gingerbread Man,Blackwood,Chris Parnham,Daniel Morton,2,1,0,1,0.5,50.0,100.0,175.0,23.0,18.0,1.0,5.5,-0.1,-0.62,-0.26,-0.2,1.55,tcd,False,15.0,12,10.0,10.0,,
Bunbury,2026-09-28,7,Wa Stockfeeds Handicap,1695.0,"3-Y-O & Up, Class 1, Handicap",30000.0,12.0,False,7.0,10.0,57.0,54.5,Authorative,7.0,Gelding,Xtravagant,Morning Mist,Brayden Gaerth,Tara Itzstein,27,1,3,5,0.037037037037037035,4.0,33.0,-87.0,13.0,19.0,6.0,101.0,-0.01,-0.55,-0.55,-0.9,1.01,,False,51.0,7,41.0,34.0,,
Bunbury,2026-09-28,7,Wa Stockfeeds Handicap,1695.0,"3-Y-O & Up, Class 1, Handicap",30000.0,12.0,False,9.0,5.0,57.0,54.0,Sweet Issy,4.0,Mare,King's Legacy,Isabella,Holly Watson,Joshua Krispyn,8,0,2,1,0.0,0.0,38.0,-100.0,17.0,18.0,2.0,7.0,-0.3,-0.76,-0.88,-0.83,0.78,,True,12.0,12,12.0,10.0,,
Bunbury,2026-09-28,7,Wa Stockfeeds Handicap,1695.0,"3-Y-O & Up, Class 1, Handicap",30000.0,12.0,False,10.0,1.0,56.5,50.0,She's Resolute,6.0,Mare,War Chant,Calico Blue,Jefferson Tsang,Brendon Fitz-gerald,20,0,2,2,0.0,0.0,20.0,-100.0,16.0,18.0,13.0,101.0,0.31,-0.25,-0.09,-0.22,2.06,o(HT),True,126.0,5,81.0,101.0,,
Bunbury,2026-09-28,7,Wa Stockfeeds Handicap,1695.0,"3-Y-O & Up, Class 1, Handicap",30000.0,12.0,False,11.0,2.0,55.5,51.0,Royal Reflection,3.0,Filly,Ocean Park,Royal Star,William Pike,Michael Grantham,1,1,0,0,1.0,100.0,100.0,75.0,25.0,18.0,1.0,1.75,-0.57,-1.85,-1.47,-1.98,0.48,t,False,1.4,7,1.35,1.25,,
Bunbury,2026-09-28,7,Wa Stockfeeds Handicap,1695.0,"3-Y-O & Up, Class 1, Handicap",30000.0,12.0,False,12.0,7.0,54.0,53.0,Pavliani,7.0,Mare,Pierro,Resonates,Lucy Fiore,Jarrad Humphries,30,1,0,2,0.03333333333333333,3.0,10.0,-33.0,16.0,12.0,5.0,10.0,0.31,0.15,,-0.11,1.32,,True,71.0,7,61.0,41.0,,
Bunbury,2026-09-28,7,Wa Stockfeeds Handicap,1695.0,"3-Y-O & Up, Class 1, Handicap",30000.0,12.0,False,13.0,3.0,54.0,51.0,Asarka,9.0,Gelding,Americain,Silver Flame,Ava Catarino,Brad Graham,42,1,1,3,0.023809523809523808,2.0,12.0,-93.0,0.0,15.0,7.0,151.0,-0.01,-0.4,-0.45,-0.61,1.19,s,False,151.0,4,101.0,126.0,,
Bunbury,2026-09-28,7,Wa Stockfeeds Handicap,1695.0,"3-Y-O & Up, Class 1, Handicap",30000.0,12.0,False,14.0,9.0,58.5,50.0,Solo Vega,4.0,Mare,Lucky Vega,Singles,Victoria Corver,Ryan Hill,10,1,2,1,0.1,10.0,40.0,80.0,8.0,18.0,2.0,4.8,-0.22,-0.95,-1.01,-1.3,0.38,t,True,13.0,5,8.5,10.0,,
Bunbury,2026-09-28,7,Wa Stockfeeds Handicap,1695.0,"3-Y-O & Up, Class 1, Handicap",30000.0,12.0,False,4.0,6.0,58.5,51.0,Good Show,4.0,Gelding,Trapeze Artist,Enticing Star,Jason Lyon,Dylan Bairstow,9,1,0,1,0.1111111111111111,11.0,22.0,33.0,0.0,18.0,8.0,41.0,-0.12,-0.43,-0.6,-0.36,1.99,ts,True,61.0,1,41.0,41.0,,
Bunbury,2026-09-28,7,Wa Stockfeeds Handicap,1695.0,"3-Y-O & Up, Class 1, Handicap",30000.0,12.0,False,8.0,8.0,57.0,52.0,More Heroic,5.0,Gelding,Pierro,Sookie,Shaun McGruddy,Rebecca Bayliss,10,1,0,1,0.1,10.0,20.0,40.0,0.0,11.0,5.0,21.0,-0.21,-0.84,-1.21,-1.59,1.47,s,True,12.0,6,17.0,11.0,,
Bunbury,2026-09-28,4,Western Grains - Integrated Grain Logistics Maiden,2025.0,"3-Y-O & Up, Maiden, Set Weights",25000.0,11.0,False,1.0,13.0,58.0,55.5,Saisoku,4.0,Gelding,Maurice,Kevikki,Taj Dyson,Stefan Vahala,10,0,3,1,0.0,0.0,40.0,-100.0,4.0,11.0,2.0,6.0,0.21,-0.19,-0.25,-0.58,1.57,,True,7.5,7,7.0,6.25,,
Bunbury,2026-09-28,4,Western Grains - Integrated Grain Logistics Maiden,2025.0,"3-Y-O & Up, Maiden, Set Weights",25000.0,11.0,False,2.0,1.0,58.0,52.5,Going Hard,9.0,Gelding,All American,Fabulous Moolah,Natika Riordan,Michael Miller,35,0,1,0,0.0,0.0,3.0,-100.0,0.0,25.0,8.0,41.0,0.27,-0.04,-0.34,-0.42,2.89,,True,71.0,5,41.0,61.0,,
Bunbury,2026-09-28,4,Western Grains - Integrated Grain Logistics Maiden,2025.0,"3-Y-O & Up, Maiden, Set Weights",25000.0,11.0,False,4.0,6.0,58.0,53.0,He'snotallthere,7.0,Gelding,God Has Spoken,Consider,Paul Harvey,Tom Widdeson,9,0,2,1,0.0,0.0,33.0,-100.0,9.0,11.0,6.0,4.2,0.38,-0.07,-0.18,-0.32,2.58,,False,8.5,5,7.0,7.0,,
Bunbury,2026-09-28,4,Western Grains - Integrated Grain Logistics Maiden,2025.0,"3-Y-O & Up, Maiden, Set Weights",25000.0,11.0,False,5.0,4.0,58.0,56.5,Mystacheeno,4.0,Gelding,Maschino,Konditori,Brad Parnham,Joshua Krispyn,13,0,0,1,0.0,0.0,8.0,-100.0,18.0,11.0,3.0,5.5,0.36,0.17,0.42,0.31,2.25,,True,11.0,10,9.0,9.0,,
Bunbury,2026-09-28,4,Western Grains - Integrated Grain Logistics Maiden,2025.0,"3-Y-O & Up, Maiden, Set Weights",25000.0,11.0,False,6.0,5.0,58.0,,Super Show,4.0,Gelding,Playing God,Talent Show,Jessica Valas,Graeme Ballantyne,5,0,0,0,0.0,0.0,0.0,-100.0,0.0,11.0,11.0,101.0,0.24,-0.14,0.01,-0.09,2.73,o,True,126.0,6,101.0,81.0,,
Bunbury,2026-09-28,4,Western Grains - Integrated Grain Logistics Maiden,2025.0,"3-Y-O & Up, Maiden, Set Weights",25000.0,11.0,False,7.0,10.0,58.0,52.0,Rare Rock,4.0,Gelding,Playing God,Pink Argyle,Shaun McGruddy,Tania Burns,5,0,0,0,0.0,0.0,0.0,-100.0,0.0,15.0,6.0,101.0,0.41,0.63,0.58,0.58,2.53,,False,151.0,4,126.0,101.0,,
Bunbury,2026-09-28,4,Western Grains - Integrated Grain Logistics Maiden,2025.0,"3-Y-O & Up, Maiden, Set Weights",25000.0,11.0,False,8.0,9.0,58.0,51.5,Rock The Mic,4.0,Gelding,Microphone,Feliciana,Sharni Webster,Joshua Krispyn,4,0,0,0,0.0,0.0,0.0,-100.0,0.0,18.0,7.0,101.0,-0.19,-0.7,-0.54,-0.48,1.43,,False,34.0,6,34.0,23.0,,
Bunbury,2026-09-28,4,Western Grains - Integrated Grain Logistics Maiden,2025.0,"3-Y-O & Up, Maiden, Set Weights",25000.0,11.0,False,9.0,11.0,56.0,53.0,Flavoursome,5.0,Mare,Toronado,Butterboom,Chloe Azzopardi,Daniel O'Connor,21,0,2,2,0.0,0.0,19.0,-100.0,0.0,18.0,3.0,15.0,-0.11,-0.51,-0.83,-1.19,1.33,,False,15.0,10,16.0,13.0,,
Bunbury,2026-09-28,4,Western Grains - Integrated Grain Logistics Maiden,2025.0,"3-Y-O & Up, Maiden, Set Weights",25000.0,11.0,False,10.0,14.0,56.0,51.0,Boutique Belle,4.0,Mare,Pierro,Antique Belle,William Pike,Michael Grantham,10,0,3,1,0.0,0.0,40.0,-100.0,25.0,18.0,2.0,1.6,0.03,-0.28,-0.37,-0.34,0.97,b,False,3.0,6,2.8,2.45,,
Bunbury,2026-09-28,4,Western Grains - Integrated Grain Logistics Maiden,2025.0,"3-Y-O & Up, Maiden, Set Weights",25000.0,11.0,False,11.0,12.0,56.0,52.5,Forever Victorious,4.0,Mare,Rommel,Forever Famous,Clint Johnston-porter,Holly Taylor,8,0,2,1,0.0,0.0,38.0,-100.0,15.0,11.0,3.0,2.8,0.04,-0.15,-0.08,-0.52,1.29,b,True,2.7,15,4.2,2.35,,
Bunbury,2026-09-28,4,Western Grains - Integrated Grain Logistics Maiden,2025.0,"3-Y-O & Up, Maiden, Set Weights",25000.0,11.0,False,13.0,2.0,56.0,50.0,Pure 'N' Simple,4.0,Mare,Maschino,Pure Ivy,Jefferson Tsang,Robyn Lockwood,8,0,0,1,0.0,0.0,13.0,-100.0,17.0,15.0,3.0,19.0,-0.2,-0.56,-0.49,-0.7,1.39,,False,19.0,10,11.0,16.0,,
Bunbury,2026-09-28,4,Western Grains - Integrated Grain Logistics Maiden,2025.0,"3-Y-O & Up, Maiden, Set Weights",25000.0,11.0,False,3.0,8.0,58.0,54.0,Sylva Jack,4.0,Gelding,Ghaiyyath,Sylvian,Zephen Johnston-porter,Darren McAuliffe,13,0,1,2,0.0,0.0,23.0,-100.0,9.0,11.0,5.0,19.0,-0.19,-0.87,-0.94,-1.11,2.14,,False,14.0,8,11.0,12.0,,
Bunbury,2026-09-28,4,Western Grains - Integrated Grain Logistics Maiden,2025.0,"3-Y-O & Up, Maiden, Set Weights",25000.0,11.0,False,12.0,3.0,56.0,53.0,Lead Cinga,5.0,Mare,Ducimus,Pretty Cingin,Kayla Holroyd,Carey Martin,15,0,1,0,0.0,0.0,7.0,-100.0,0.0,11.0,10.0,101.0,0.61,0.29,-0.03,0.02,1.8,o(D/A),False,126.0,1,101.0,101.0,,
Bunbury,2026-09-28,4,Western Grains - Integrated Grain Logistics Maiden,2025.0,"3-Y-O & Up, Maiden, Set Weights",25000.0,11.0,False,14.0,7.0,53.5,46.0,Miss Applecross,3.0,Filly,Dundeel,Corrs,Tash Faithfull,Jason Pateman,4,0,0,0,0.0,0.0,0.0,-100.0,7.0,11.0,7.0,51.0,0.42,0.31,0.08,0.11,2.1,,False,51.0,5,34.0,34.0,,
Bunbury,2026-09-28,8,Western Grains Premium Poultry Handicap,1200.0,"3-Y-O & Up, Class 3, Handicap",30000.0,13.0,False,1.0,11.0,60.0,50.0,Yamashita's Gold,4.0,Gelding,Wootton Bassett,Fortune of War,Jefferson Tsang,Dylan Bairstow,18,2,2,3,0.1111111111111111,11.0,39.0,-44.0,0.0,11.0,3.0,9.0,-0.33,-0.93,-1.21,-1.18,0.14,ds,False,7.0,3,5.5,5.25,,
Bunbury,2026-09-28,8,Western Grains Premium Poultry Handicap,1200.0,"3-Y-O & Up, Class 3, Handicap",30000.0,13.0,False,2.0,2.0,59.5,52.0,Girls On Fire,4.0,Mare,Better Than Ready,Amelia's On Fire,Chris Parnham,Michael Lane,13,2,3,1,0.15384615384615385,15.0,46.0,-65.0,21.0,11.0,7.0,21.0,-0.11,-0.56,-0.45,-0.68,0.77,tcds,True,10.0,7,7.0,9.0,,
Bunbury,2026-09-28,8,Western Grains Premium Poultry Handicap,1200.0,"3-Y-O & Up, Class 3, Handicap",30000.0,13.0,False,3.0,10.0,59.0,56.5,Guarantor,4.0,Gelding,Playing God,Nickel Queen,Brad Parnham,Neville Parnham,13,2,2,3,0.15384615384615385,15.0,54.0,-57.0,10.0,19.0,5.0,6.0,-0.2,-0.62,-0.78,-0.83,0.77,s,False,12.0,4,10.0,10.0,,
Bunbury,2026-09-28,8,Western Grains Premium Poultry Handicap,1200.0,"3-Y-O & Up, Class 3, Handicap",30000.0,13.0,False,4.0,3.0,58.5,52.0,Espinho,5.0,Gelding,Written Tycoon,The Broken Shore,Shaun McGruddy,Chris & Michael Gangemi,12,1,1,3,0.08333333333333333,8.0,42.0,-83.0,7.0,12.0,5.0,9.0,-0.09,-0.59,-0.7,-0.6,0.19,s,True,12.0,6,9.5,10.0,,
Bunbury,2026-09-28,8,Western Grains Premium Poultry Handicap,1200.0,"3-Y-O & Up, Class 3, Handicap",30000.0,13.0,False,5.0,12.0,58.5,52.5,Kanas Mtoto,4.0,Gelding,Long Leaf,Beauty Kanas,Clint Johnston-porter,Summer Dickson,3,1,0,0,0.3333333333333333,33.0,33.0,-17.0,4.0,173.0,1.0,2.5,-0.07,-0.31,-0.23,-0.33,0.9,d,False,13.0,13,8.0,9.0,,
Bunbury,2026-09-28,8,Western Grains Premium Poultry Handicap,1200.0,"3-Y-O & Up, Class 3, Handicap",30000.0,13.0,False,6.0,6.0,58.0,46.0,Just Gifted,5.0,Mare,Justify,Tingu,Tash Faithfull,Tim Crosby,15,3,2,1,0.2,20.0,40.0,49.0,8.0,154.0,4.0,8.0,0.11,-0.27,-0.35,-0.58,0.82,ds,False,8.0,6,8.5,7.5,,
Bunbury,2026-09-28,8,Western Grains Premium Poultry Handicap,1200.0,"3-Y-O & Up, Class 3, Handicap",30000.0,13.0,False,7.0,5.0,58.0,51.0,Surround Me,6.0,Mare,So You Think,Entourage,William Pike,Grant & Alana Williams,12,2,1,1,0.16666666666666666,17.0,33.0,-48.0,30.0,19.0,4.0,3.8,-0.16,-0.28,-0.43,-0.52,1.21,tsh,False,3.4,4,3.3,3.0,,
Bunbury,2026-09-28,8,Western Grains Premium Poultry Handicap,1200.0,"3-Y-O & Up, Class 3, Handicap",30000.0,13.0,False,8.0,9.0,57.5,54.0,Run Pattie Run,6.0,Mare,Gingerbread Man,Pattie Me Lass,Holly Watson,Darren Taylor,26,3,3,4,0.11538461538461539,12.0,38.0,-22.0,13.0,18.0,2.0,16.0,-0.24,-0.95,-0.98,-1.23,0.54,tcds,False,13.0,6,16.0,12.0,,
Bunbury,2026-09-28,8,Western Grains Premium Poultry Handicap,1200.0,"3-Y-O & Up, Class 3, Handicap",30000.0,13.0,False,9.0,13.0,57.0,53.0,Mean Feat,6.0,Gelding,Lean Mean Machine,Eloquent Ruby,Joey Azzopardi,Rebecca Bayliss,22,3,4,2,0.13636363636363635,14.0,41.0,-21.0,0.0,11.0,12.0,26.0,-0.03,-0.21,-0.26,-0.42,0.77,dso,False,31.0,5,26.0,26.0,,
Bunbury,2026-09-28,8,Western Grains Premium Poultry Handicap,1200.0,"3-Y-O & Up, Class 3, Handicap",30000.0,13.0,False,11.0,7.0,55.5,53.0,Cosmic Treat,4.0,Mare,Universal Ruler,Cosmic Jeuney,Lucy Fiore,Darren McAuliffe,10,1,2,0,0.1,10.0,30.0,-54.0,11.0,12.0,8.0,5.5,-0.08,-0.31,-0.36,-0.29,0.94,,False,7.0,4,8.5,5.25,,
Bunbury,2026-09-28,8,Western Grains Premium Poultry Handicap,1200.0,"3-Y-O & Up, Class 3, Handicap",30000.0,13.0,False,12.0,1.0,55.5,53.0,So Immaculate,5.0,Mare,So You Think,Pristine Girl,Chloe Azzopardi,Daniel O'Connor,18,3,2,2,0.16666666666666666,17.0,39.0,-6.0,0.0,18.0,5.0,17.0,0.15,-0.23,-0.1,-0.11,1.23,t,False,26.0,10,19.0,23.0,,
Bunbury,2026-09-28,8,Western Grains Premium Poultry Handicap,1200.0,"3-Y-O & Up, Class 3, Handicap",30000.0,13.0,False,13.0,14.0,55.0,51.5,Romming Danger,6.0,Mare,Rommel,Magic And Danger,Chanel Cooper,Graeme Ballantyne,32,3,2,4,0.09375,9.0,28.0,150.0,5.0,23.0,8.0,91.0,-0.26,-0.82,-1.0,-1.2,0.63,ds,False,41.0,4,29.0,31.0,,
Bunbury,2026-09-28,8,Western Grains Premium Poultry Handicap,1200.0,"3-Y-O & Up, Class 3, Handicap",30000.0,13.0,False,14.0,4.0,54.5,50.0,Queen Selyse,4.0,Mare,Universal Ruler,Lady Baratheon,Madi Derrick,Phil Naylor,21,2,2,3,0.09523809523809523,10.0,33.0,-19.0,0.0,18.0,11.0,81.0,0.02,-0.35,-0.32,-0.27,1.36,dso(HT),False,151.0,4,91.0,101.0,,
Bunbury,2026-09-28,8,Western Grains Premium Poultry Handicap,1200.0,"3-Y-O & Up, Class 3, Handicap",30000.0,13.0,False,10.0,8.0,56.5,54.5,Champagne Talks,4.0,Mare,I'm All the Talk,Classic Champagne,Alex Hearn,Chris Stelmach,8,1,0,1,0.125,13.0,25.0,-13.0,5.0,11.0,1.0,7.0,0.09,-0.49,-0.53,-0.66,0.94,t,True,31.0,3,23.0,23.0,,
