track,meeting_date,race_number,race_name,distance,race_class,track_condition,track_type,group_type,prize_money,starters,apprentice_claim,number,barrier,weight,jockey_weight,jockey_claim,rating_official,horse,age,sex,colour,sire,dam,lifetime_stakes,jockey,trainer,has_blinkers,punters_edge,star_sum,class_change,form_letters,best_odds,n_bookmakers,bm_mean,bm_min,bm_max,bm_std,n_flucs,fluc_open,fluc_last,fluc_min,finish_position,won,form_n,form_pos_mean,form_pos_best,form_pos_worst,form_win_rate,form_place_rate,form_top2_rate,form_margin_mean,form_sp_mean,form_days_mean,form_hr_mean,form_hr_last,form_n_track,form_n_dist,form_n_class,form_n_fav,form_n_firstup,form_trend,win_pct,place_pct,roi,rating,total_prize,avg_prize,tj_win,days_since_run,last_run_finish,last_run_sp,avgRT,avgL200,avgL400,avgL600,avgL800,career_runs,career_winrate,career_placerate,ly_runs,ly_winrate,ly_placerate,cs_runs,cs_winrate,cs_placerate,dist_runs,dist_winrate,dist_placerate,trk_runs,trk_winrate,trk_placerate,trkdist_runs,trkdist_winrate,trkdist_placerate,turf_runs,turf_winrate,turf_placerate,synth_runs,synth_winrate,synth_placerate,firstup_runs,firstup_winrate,firstup_placerate,secondup_runs,secondup_winrate,secondup_placerate,thirdup_runs,thirdup_winrate,thirdup_placerate,firm_runs,firm_winrate,firm_placerate,good_runs,good_winrate,good_placerate,soft_runs,soft_winrate,soft_placerate,heavy_runs,heavy_winrate,heavy_placerate,wet_runs,wet_winrate,wet_placerate,dry_runs,dry_winrate,dry_placerate,fav_runs,fav_winrate,fav_placerate,cw_runs,cw_winrate,cw_placerate,acw_runs,acw_winrate,acw_placerate,cls_runs,cls_winrate,cls_placerate,implied_prob,log_odds,fluc_move,bm_spread,bm_consensus,barrier_rel,number_rel,prize_per_starter,weight_vs_field,pe_x_market,pe_rank,market_rank,market_rank_pct,form_place_rank,place_rank,field_imp_mean,pred_prob,pred_rank
Hipodromo de las Americas,2026-09-28,1,1 1/2f Stakes,274.0,,"{'eventId': '3438115', 'overall': None, 'rating': None, 'surface': 'Dirt', '__typename': 'TrackCondition'}",Dirt,,,6.0,False,1.0,1.0,58.0,,,96.0,Bv Bina,4.0,Filly,Sorrel,Check On Chic,Bug In The Oak Tree,0.0,M Bautista,J Rodriguez,False,0.79,20.0,S,,2.6,5,2.5200000000000005,2.45,2.6,0.0678232998312526,4,2.8,2.45,2.45,1.0,1.0,5.0,4.4,3.0,6.0,0.0,0.2,0.0,,16.0,30.8,86.33333333333333,79.0,5.0,4.0,5.0,0.0,0.0,0.666666666666667,0.0,43.0,-100.0,96.0,0.0,0.0,0.0,28.0,3.0,10.0,,,,,,7,0.0,0.4285714285714285,7,0.0,0.4285714285714285,2,0.0,0.5,6,0.0,0.3333333333333333,7,0.0,0.4285714285714285,6,0.0,0.3333333333333333,0,0.0,,0,0.0,,1,0.0,1.0,1,0.0,1.0,1,0.0,0.0,0,,,0,,,0,,,0,,,0,0.0,,0,0.0,,,,0.8090909090909091,7,0.0,0.4285714285714285,0,,,0,,,0.3846153846153846,0.9555114450274363,-0.12499999999999988,0.05952380952380948,0.39682539682539675,0.16666666666666666,0.16666666666666666,3711.8333333333335,0.9128709269530545,0.3038461538461538,0.6666666666666666,2.0,0.8333333333333334,0.5833333333333334,1.0,0.21225649671533112,0.216131895846835,2.0
Hipodromo de las Americas,2026-09-28,1,1 1/2f Stakes,274.0,,"{'eventId': '3438115', 'overall': None, 'rating': None, 'surface': 'Dirt', '__typename': 'TrackCondition'}",Dirt,,,6.0,False,2.0,2.0,58.0,,,94.0,Peggy Mystery,8.0,Mare,CHESTNUT,Mr Queens Mystery,Peggy O Toole,0.0,L Fernandez Pasten,A Pasten,False,0.95,20.0,S,,5.5,5,5.3,5.0,5.5,0.2449489742783178,3,4.2,5.0,4.2,4.0,0.0,5.0,4.2,2.0,7.0,0.0,0.4,0.2,,10.0,54.6,86.66666666666667,85.0,5.0,2.0,5.0,0.0,3.0,-0.5,0.0,36.0,-100.0,94.0,0.0,0.0,3.0,14.0,5.0,13.0,,,,,,14,0.0,0.3571428571428571,10,0.0,0.5,2,0.0,0.0,6,0.0,0.3333333333333333,14,0.0,0.3571428571428571,6,0.0,0.3333333333333333,0,0.0,,0,0.0,,3,0.0,0.6666666666666666,2,0.0,0.0,1,0.0,0.0,0,,,0,,,0,,,0,,,0,0.0,,0,0.0,,,,0.8090909090909091,14,0.0,0.3571428571428571,0,,,0,,,0.18181818181818182,1.7047480922384253,0.19047619047619044,0.09433962264150944,0.18867924528301888,0.3333333333333333,0.3333333333333333,3711.8333333333335,0.9128709269530545,0.17272727272727273,0.8333333333333334,3.0,0.6666666666666666,1.0,0.8333333333333334,0.21225649671533112,0.15044152379594558,3.0
Hipodromo de las Americas,2026-09-28,1,1 1/2f Stakes,274.0,,"{'eventId': '3438115', 'overall': None, 'rating': None, 'surface': 'Dirt', '__typename': 'TrackCondition'}",Dirt,,,6.0,False,3.0,3.0,57.25,,,97.0,Kracklin Rosie,3.0,Filly,CHESTNUT,Cyber Monday,Ring A Ring Of Roses,0.0,H Mendoza,F Cabello,False,0.71,5.0,S,o,2.35,5,2.2500000000000004,2.15,2.35,0.0836660026534075,4,2.2,2.15,2.05,6.0,0.0,4.0,5.75,3.0,9.0,0.0,0.25,0.0,,5.875,31.5,77.0,84.0,4.0,2.0,4.0,0.0,1.0,-0.5,0.0,25.0,-100.0,97.0,0.0,0.0,8.0,28.0,9.0,3.75,,,,,,4,0.0,0.25,4,0.0,0.25,1,0.0,0.0,2,0.0,0.5,4,0.0,0.25,2,0.0,0.5,0,0.0,,0,0.0,,1,0.0,0.0,1,0.0,0.0,1,0.0,1.0,0,,,0,,,0,,,0,,,0,0.0,,0,0.0,,,,0.8090909090909091,4,0.0,0.25,0,,,0,,,0.425531914893617,0.8544153281560676,-0.022727272727272846,0.08888888888888895,0.44444444444444436,0.5,0.5,3711.8333333333335,-0.9128709269530545,0.3021276595744681,0.5,1.0,1.0,0.8333333333333334,0.6666666666666666,0.21225649671533112,0.3688267596261807,1.0
Hipodromo de las Americas,2026-09-28,1,1 1/2f Stakes,274.0,,"{'eventId': '3438115', 'overall': None, 'rating': None, 'surface': 'Dirt', '__typename': 'TrackCondition'}",Dirt,,,6.0,False,4.0,4.0,57.25,,,100.0,Vgc Romeo,3.0,Colt,BROWN,Secretzzoom,Slew By Nueve,0.0,J Aburto,F Cabello,False,1.0,9.0,S,b,6.0,5,6.0,6.0,6.0,0.0,5,5.5,6.0,4.6,3.0,0.0,5.0,5.4,3.0,8.0,0.0,0.2,0.0,,16.174,12.6,85.8,87.0,5.0,2.0,5.0,1.0,0.0,2.333333333333333,0.0,17.0,-100.0,100.0,0.0,0.0,0.0,21.0,3.0,2.87,,,,,,18,0.0,0.1666666666666666,16,0.0,0.1875,4,0.0,0.25,11,0.0,0.2727272727272727,18,0.0,0.1666666666666666,11,0.0,0.2727272727272727,0,0.0,,0,0.0,,2,0.0,0.0,2,0.0,0.5,2,0.0,0.0,0,,,0,,,0,,,0,,,0,0.0,,0,0.0,,1.0,0.0,1.0,18,0.0,0.1666666666666666,0,,,0,,,0.16666666666666666,1.791759469228055,0.09090909090909091,0.0,0.16666666666666666,0.6666666666666666,0.6666666666666666,3711.8333333333335,-0.9128709269530545,0.16666666666666666,1.0,4.0,0.5,0.5833333333333334,0.5,0.21225649671533112,0.14964780949739767,4.0
Hipodromo de las Americas,2026-09-28,1,1 1/2f Stakes,274.0,,"{'eventId': '3438115', 'overall': None, 'rating': None, 'surface': 'Dirt', '__typename': 'TrackCondition'}",Dirt,,,6.0,False,5.0,5.0,58.0,,,70.0,Skyleronair,10.0,Gelding,CHESTNUT,Southern Corona,Jumpn Jessie,0.0,J Cisneros Leyva,F Cabello,False,0.01,3.0,S,,14.0,5,13.6,13.0,14.0,0.4898979485566356,2,12.0,13.0,12.0,5.0,0.0,4.0,6.5,4.0,8.0,0.0,0.0,0.0,,3.25,96.25,70.0,70.0,4.0,3.0,4.0,0.0,3.0,1.0,0.0,0.0,-100.0,70.0,0.0,0.0,13.0,21.0,4.0,3.25,,,,,,4,0.0,0.0,3,0.0,0.0,1,0.0,0.0,3,0.0,0.0,4,0.0,0.0,3,0.0,0.0,0,0.0,,0,0.0,,3,0.0,0.0,1,0.0,0.0,0,,,0,,,0,,,0,,,0,,,0,0.0,,0,0.0,,,,0.8090909090909091,4,0.0,0.0,0,,,0,,,0.07142857142857142,2.6390573296152584,0.08333333333333333,0.07352941176470588,0.07352941176470588,0.8333333333333334,0.8333333333333334,3711.8333333333335,0.9128709269530545,0.0007142857142857143,0.16666666666666666,5.0,0.3333333333333333,0.25,0.25,0.21225649671533112,0.05441095385241012,6.0
Hipodromo de las Americas,2026-09-28,1,1 1/2f Stakes,274.0,,"{'eventId': '3438115', 'overall': None, 'rating': None, 'surface': 'Dirt', '__typename': 'TrackCondition'}",Dirt,,,6.0,False,6.0,6.0,57.25,,,72.0,Mexican Fire Mc,3.0,Filly,BROWN,Trixter Six,Mongooseseparategirl,0.0,E Jimenez,H Lopez,False,0.54,3.0,S,o,23.0,5,21.0,19.0,23.0,1.7888543819998317,3,17.0,19.0,17.0,2.0,0.0,5.0,5.4,5.0,6.0,0.0,0.0,0.0,,5.359999999999999,33.8,76.66666666666667,76.0,5.0,3.0,5.0,0.0,1.0,-0.1666666666666669,0.0,0.0,-100.0,72.0,0.0,0.0,13.0,21.0,5.0,3.75,,,,,,10,0.0,0.0,10,0.0,0.0,2,0.0,0.0,5,0.0,0.0,10,0.0,0.0,5,0.0,0.0,0,0.0,,0,0.0,,3,0.0,0.0,3,0.0,0.0,2,0.0,0.0,0,,,0,,,0,,,0,,,0,0.0,,0,0.0,,,,0.8090909090909091,10,0.0,0.0,0,,,0,,,0.043478260869565216,3.1354942159291497,0.11764705882352941,0.19047619047619047,0.047619047619047616,1.0,1.0,3711.8333333333335,-0.9128709269530545,0.02347826086956522,0.3333333333333333,6.0,0.16666666666666666,0.25,0.25,0.21225649671533112,0.060541057381230896,5.0
Hipodromo de las Americas,2026-09-28,2,1 1/2f Stakes,320.0,,"{'eventId': '3438116', 'overall': None, 'rating': None, 'surface': 'Dirt', '__typename': 'TrackCondition'}",Dirt,,,7.0,False,1.0,1.0,55.75,,,70.0,The Line Rain,2.0,Gelding,BROWN,The Deadline,Oklahoma Rain,0.0,E Jimenez,J Godinez,False,0.01,6.0,S,,26.0,5,23.6,23.0,26.0,1.2,2,19.0,23.0,19.0,6.0,0.0,2.0,7.5,7.0,8.0,0.0,0.0,0.0,,14.0,18.0,81.0,72.0,2.0,2.0,2.0,0.0,1.0,0.1666666666666667,0.0,0.0,-100.0,70.0,0.0,0.0,0.0,21.0,7.0,13.0,,,,,,2,0.0,0.0,2,0.0,0.0,2,0.0,0.0,2,0.0,0.0,2,0.0,0.0,2,0.0,0.0,0,0.0,,0,0.0,,1,0.0,0.0,1,0.0,0.0,0,,,0,,,0,,,0,,,0,,,0,0.0,,0,0.0,,,,0.8090909090909091,2,0.0,0.0,0,,,0,,,0.038461538461538464,3.258096538021482,0.21052631578947367,0.1271186440677966,0.0423728813559322,0.14285714285714285,0.14285714285714285,3711.8333333333335,0.0,0.00038461538461538467,0.14285714285714285,7.0,0.14285714285714285,0.21428571428571427,0.21428571428571427,0.17837955695098553,0.028734162474626856,7.0
Hipodromo de las Americas,2026-09-28,2,1 1/2f Stakes,320.0,,"{'eventId': '3438116', 'overall': None, 'rating': None, 'surface': 'Dirt', '__typename': 'TrackCondition'}",Dirt,,,7.0,False,2.0,2.0,55.75,,,96.0,Dk Pistolero,2.0,Colt,CHESTNUT,Bullish One,La Paz,0.0,J Cisneros Leyva,H Lopez,False,0.58,25.0,S,tcd,2.8,5,2.78,2.75,2.8,0.0244948974278316,4,2.6,2.75,2.55,2.0,0.0,5.0,3.4,1.0,5.0,0.2,0.4,0.4,0.0,9.0,29.6,90.0,82.0,5.0,4.0,5.0,0.0,1.0,0.6666666666666665,17.0,50.0,-100.0,96.0,0.0,0.0,0.0,21.0,2.0,4.5,,,,,,6,0.1666666666666666,0.5,6,0.1666666666666666,0.5,3,0.0,0.3333333333333333,4,0.25,0.5,6,0.1666666666666666,0.5,4,0.25,0.5,0,0.0,,0,0.0,,2,0.0,0.5,2,0.0,0.0,2,0.5,1.0,0,,,0,,,0,,,0,,,0,0.0,,0,0.0,,,,0.8090909090909091,6,0.1666666666666666,0.5,0,,,0,,,0.35714285714285715,1.0296194171811581,0.057692307692307654,0.017985611510791304,0.3597122302158274,0.2857142857142857,0.2857142857142857,3711.8333333333335,0.0,0.20714285714285713,0.7142857142857143,1.0,1.0,0.7857142857142857,0.9285714285714286,0.17837955695098553,0.2323632284192182,2.0
Hipodromo de las Americas,2026-09-28,2,1 1/2f Stakes,320.0,,"{'eventId': '3438116', 'overall': None, 'rating': None, 'surface': 'Dirt', '__typename': 'TrackCondition'}",Dirt,,,7.0,False,3.0,3.0,55.75,,,92.0,Mr Classic Perry,2.0,Gelding,CHESTNUT,Moonshine Memory,La Gimena,0.0,J Martinez,G Parra,False,0.75,11.0,S,,7.5,5,7.1,7.0,7.5,0.1999999999999999,2,6.0,7.0,6.0,3.0,0.0,5.0,4.8,2.0,9.0,0.0,0.4,0.2,,10.776666666666666,29.6,80.33333333333333,87.0,5.0,3.0,5.0,0.0,2.0,-1.166666666666667,0.0,40.0,-100.0,92.0,0.0,0.0,6.0,21.0,2.0,9.0,,,,,,5,0.0,0.4,5,0.0,0.4,3,0.0,0.6666666666666666,3,0.0,0.6666666666666666,5,0.0,0.4,3,0.0,0.6666666666666666,0,0.0,,0,0.0,,2,0.0,0.5,2,0.0,0.0,1,0.0,1.0,0,,,0,,,0,,,0,,,0,0.0,,0,0.0,,,,0.8090909090909091,5,0.0,0.4,0,,,0,,,0.13333333333333333,2.0149030205422647,0.16666666666666666,0.07042253521126761,0.14084507042253522,0.42857142857142855,0.42857142857142855,3711.8333333333335,0.0,0.1,0.8571428571428571,5.0,0.42857142857142855,0.7857142857142857,0.7142857142857143,0.17837955695098553,0.0918560544448755,5.0
Hipodromo de las Americas,2026-09-28,2,1 1/2f Stakes,320.0,,"{'eventId': '3438116', 'overall': None, 'rating': None, 'surface': 'Dirt', '__typename': 'TrackCondition'}",Dirt,,,7.0,False,4.0,4.0,55.75,,,100.0,Dk Reason Baby,2.0,Gelding,CHESTNUT,Danny Cartel,Ms Darlin Reason Sa,0.0,A Estrada,A Carranza,False,0.19,16.0,S,t,3.6,5,3.6,3.6,3.6,0.0,2,3.2,3.6,3.2,1.0,1.0,4.0,3.75,1.0,6.0,0.25,0.5,0.25,0.0,2.85,37.0,99.5,100.0,4.0,2.0,4.0,0.0,2.0,-3.5,25.0,50.0,-100.0,100.0,0.0,0.0,22.0,21.0,5.0,3.5,,,,,,4,0.25,0.5,4,0.25,0.5,2,0.0,0.0,2,0.0,0.0,4,0.25,0.5,2,0.0,0.0,0,0.0,,0,0.0,,2,0.5,0.5,2,0.0,0.5,0,,,0,,,0,,,0,,,0,,,0,0.0,,0,0.0,,,,0.8090909090909091,4,0.25,0.5,0,,,0,,,0.2777777777777778,1.2809338454620642,0.12499999999999997,0.0,0.2777777777777778,0.5714285714285714,0.5714285714285714,3711.8333333333335,0.0,0.05277777777777778,0.5714285714285714,2.0,0.8571428571428571,1.0,0.9285714285714286,0.17837955695098553,0.28890244151348143,1.0
Hipodromo de las Americas,2026-09-28,2,1 1/2f Stakes,320.0,,"{'eventId': '3438116', 'overall': None, 'rating': None, 'surface': 'Dirt', '__typename': 'TrackCondition'}",Dirt,,,7.0,False,5.0,5.0,55.75,,,70.0,Hf Old Gemstone,2.0,Filly,CHESTNUT,Jess Is Back,Whos Kissin Who,0.0,A Moreno,G Parra,False,0.02,6.0,S,,20.0,5,18.6,18.0,20.0,0.7999999999999999,2,15.0,18.0,15.0,4.0,0.0,3.0,6.333333333333333,6.0,7.0,0.0,0.0,0.0,,16.0,11.666666666666666,76.66666666666667,70.0,3.0,2.0,3.0,0.0,1.0,1.0,0.0,0.0,-100.0,70.0,0.0,0.0,0.0,21.0,6.0,8.0,,,,,,3,0.0,0.0,3,0.0,0.0,3,0.0,0.0,2,0.0,0.0,3,0.0,0.0,2,0.0,0.0,0,0.0,,0,0.0,,1,0.0,0.0,1,0.0,0.0,1,0.0,0.0,0,,,0,,,0,,,0,,,0,0.0,,0,0.0,,,,0.8090909090909091,3,0.0,0.0,0,,,0,,,0.05,2.995732273553991,0.2,0.1075268817204301,0.05376344086021505,0.7142857142857143,0.7142857142857143,3711.8333333333335,0.0,0.001,0.2857142857142857,6.0,0.2857142857142857,0.21428571428571427,0.21428571428571427,0.17837955695098553,0.03572148463187661,6.0
Hipodromo de las Americas,2026-09-28,2,1 1/2f Stakes,320.0,,"{'eventId': '3438116', 'overall': None, 'rating': None, 'surface': 'Dirt', '__typename': 'TrackCondition'}",Dirt,,,7.0,False,6.0,6.0,55.75,,,90.0,Rg Doe Storm,2.0,Filly,CHESTNUT,Red Storm Cat,Favored,0.0,M Lopez Marmolejo,C Serrano,False,1.0,8.0,S,tcdn,6.5,5,6.1,6.0,6.5,0.2,2,5.5,6.0,5.5,7.0,0.0,5.0,6.0,1.0,9.0,0.2,0.2,0.2,0.0,12.7,12.8,88.4,83.0,5.0,4.0,5.0,0.0,0.0,4.166666666666667,13.0,25.0,-19.0,90.0,0.0,0.0,17.0,21.0,1.0,6.5,,,,,,8,0.125,0.25,8,0.125,0.25,4,0.25,0.25,5,0.2,0.4,8,0.125,0.25,5,0.2,0.4,0,0.0,,0,0.0,,1,0.0,0.0,1,0.0,1.0,1,0.0,0.0,0,,,0,,,0,,,0,,,0,0.0,,0,0.0,,,,0.8090909090909091,8,0.125,0.25,0,,,0,,,0.15384615384615385,1.8718021769015913,0.09090909090909091,0.0819672131147541,0.1639344262295082,0.8571428571428571,0.8571428571428571,3711.8333333333335,0.0,0.15384615384615385,1.0,4.0,0.5714285714285714,0.42857142857142855,0.5,0.17837955695098553,0.11710477632658016,4.0
Hipodromo de las Americas,2026-09-28,2,1 1/2f Stakes,320.0,,"{'eventId': '3438116', 'overall': None, 'rating': None, 'surface': 'Dirt', '__typename': 'TrackCondition'}",Dirt,,,7.0,False,7.0,7.0,55.75,,,92.0,Legendario Cat,2.0,Colt,GREY,Zulu Dragon,Lyndy Corona,0.0,A Gomez Lopez,A Magdaleno,False,0.13,10.0,S,t,4.2,5,4.2,4.2,4.2,0.0,2,3.7,4.2,3.7,5.0,0.0,4.0,4.5,1.0,7.0,0.25,0.25,0.25,0.0,13.5,33.5,98.0,100.0,4.0,2.0,4.0,0.0,2.0,-1.0,25.0,25.0,-100.0,92.0,0.0,0.0,22.0,35.0,5.0,6.0,,,,,,4,0.25,0.25,4,0.25,0.25,2,0.0,0.0,2,0.0,0.0,4,0.25,0.25,2,0.0,0.0,0,0.0,,0,0.0,,2,0.0,0.0,2,0.5,0.5,0,,,0,,,0,,,0,,,0,,,0,0.0,,0,0.0,,,,0.8090909090909091,4,0.25,0.25,0,,,0,,,0.23809523809523808,1.4350845252893227,0.13513513513513511,0.0,0.23809523809523808,1.0,1.0,3711.8333333333335,0.0,0.030952380952380953,0.42857142857142855,3.0,0.7142857142857143,0.5714285714285714,0.5,0.17837955695098553,0.2053178521893412,3.0
Hipodromo de las Americas,2026-09-28,3,1 1/2f Stakes,320.0,,"{'eventId': '3438117', 'overall': None, 'rating': None, 'surface': 'Dirt', '__typename': 'TrackCondition'}",Dirt,,,7.0,False,1.0,1.0,55.75,,,84.0,Baccarat Sr,2.0,Filly,BROWN,Swingin Good Reason,One Slick Fire,0.0,H Mendoza,V Sanchez,False,0.01,1.0,S,,3.2,5,3.01,2.85,3.2,0.1562049935181332,4,3.2,2.85,2.85,2.0,0.0,3.0,3.6666666666666665,2.0,5.0,0.0,0.3333333333333333,0.3333333333333333,,6.25,37.333333333333336,82.5,75.0,3.0,2.0,3.0,0.0,2.0,-2.5,0.0,33.0,-100.0,84.0,0.0,0.0,0.0,35.0,5.0,7.0,,,,,,3,0.0,0.3333333333333333,3,0.0,0.3333333333333333,2,0.0,0.0,2,0.0,0.0,3,0.0,0.3333333333333333,2,0.0,0.0,0,0.0,,0,0.0,,2,0.0,0.5,1,0.0,0.0,0,,,0,,,0,,,0,,,0,,,0,0.0,,0,0.0,,,,0.8090909090909091,3,0.0,0.3333333333333333,0,,,0,,,0.3125,1.1631508098056809,-0.10937500000000003,0.1162790697674419,0.33222591362126247,0.14285714285714285,0.14285714285714285,3711.8333333333335,0.0,0.003125,0.14285714285714285,2.0,0.8571428571428571,0.42857142857142855,0.42857142857142855,0.1830184455184455,0.18324085285950004,2.0
Hipodromo de las Americas,2026-09-28,3,1 1/2f Stakes,320.0,,"{'eventId': '3438117', 'overall': None, 'rating': None, 'surface': 'Dirt', '__typename': 'TrackCondition'}",Dirt,,,7.0,False,2.0,2.0,55.75,,,100.0,Dk Sheraton,2.0,Filly,CHESTNUT,Bullish One,Sola Shes,0.0,J Cisneros Leyva,J Aguilar,False,1.0,24.0,S,t,6.5,5,6.0,5.5,6.5,0.4472135954999579,2,6.0,5.5,5.5,1.0,1.0,4.0,3.0,1.0,6.0,0.25,0.75,0.5,0.0,3.06,36.75,98.5,97.0,4.0,2.0,4.0,1.0,2.0,1.0,25.0,75.0,-100.0,100.0,0.0,0.0,14.0,21.0,2.0,3.25,,,,,,4,0.25,0.75,4,0.25,0.75,2,0.0,1.0,2,0.0,1.0,4,0.25,0.75,2,0.0,1.0,0,0.0,,0,0.0,,2,0.0,0.5,2,0.5,1.0,0,,,0,,,0,,,0,,,0,,,0,0.0,,0,0.0,,1.0,0.0,1.0,4,0.25,0.75,0,,,0,,,0.15384615384615385,1.8718021769015913,-0.08333333333333333,0.16666666666666666,0.16666666666666666,0.2857142857142857,0.2857142857142857,3711.8333333333335,0.0,0.15384615384615385,1.0,3.0,0.7142857142857143,1.0,1.0,0.1830184455184455,0.08701937298652573,5.0
Hipodromo de las Americas,2026-09-28,3,1 1/2f Stakes,320.0,,"{'eventId': '3438117', 'overall': None, 'rating': None, 'surface': 'Dirt', '__typename': 'TrackCondition'}",Dirt,,,7.0,False,3.0,3.0,55.75,,,70.0,Rm Mayito,2.0,Colt,GREY,Jess Cant Wait,Luna De Plata,0.0,A Moreno,P Roqueni,False,0.02,6.0,S,o,20.0,5,18.2,16.0,20.0,1.833030277982336,3,13.0,16.0,13.0,7.0,0.0,3.0,7.666666666666667,7.0,9.0,0.0,0.0,0.0,,14.0,40.0,71.5,70.0,3.0,1.0,3.0,0.0,2.0,2.0,0.0,0.0,-100.0,70.0,0.0,0.0,0.0,21.0,7.0,13.0,,,,,,3,0.0,0.0,3,0.0,0.0,2,0.0,0.0,1,0.0,0.0,3,0.0,0.0,1,0.0,0.0,0,0.0,,0,0.0,,2,0.0,0.0,1,0.0,0.0,0,,,0,,,0,,,0,,,0,,,0,0.0,,0,0.0,,,,0.8090909090909091,3,0.0,0.0,0,,,0,,,0.05,2.995732273553991,0.23076923076923078,0.21978021978021978,0.054945054945054944,0.42857142857142855,0.42857142857142855,3711.8333333333335,0.0,0.001,0.2857142857142857,6.5,0.21428571428571427,0.14285714285714285,0.14285714285714285,0.1830184455184455,0.0402904971851861,7.0
Hipodromo de las Americas,2026-09-28,3,1 1/2f Stakes,320.0,,"{'eventId': '3438117', 'overall': None, 'rating': None, 'surface': 'Dirt', '__typename': 'TrackCondition'}",Dirt,,,7.0,False,4.0,4.0,55.75,,,96.0,Se Fire One,2.0,Filly,GREY,Wave Carver,Wine Down,0.0,M Lopez Marmolejo,C Perez,False,0.46,18.0,S,tcdn,11.0,5,10.3,9.0,11.0,0.8717797887081347,3,6.0,9.0,6.0,6.0,0.0,2.0,2.5,1.0,4.0,0.5,0.5,0.5,0.0,19.25,11.0,79.0,78.0,2.0,2.0,2.0,0.0,1.0,0.1666666666666667,50.0,50.0,125.0,96.0,0.0,0.0,25.0,35.0,1.0,4.5,,,,,,2,0.5,0.5,2,0.5,0.5,2,0.5,0.5,2,0.5,0.5,2,0.5,0.5,2,0.5,0.5,0,0.0,,0,0.0,,1,0.0,0.0,1,1.0,1.0,0,,,0,,,0,,,0,,,0,,,0,0.0,,0,0.0,,,,0.8090909090909091,2,0.5,0.5,0,,,0,,,0.09090909090909091,2.3978952727983707,0.5,0.1941747572815534,0.0970873786407767,0.5714285714285714,0.5714285714285714,3711.8333333333335,0.0,0.041818181818181824,0.5714285714285714,4.0,0.5714285714285714,0.6428571428571429,0.6428571428571429,0.1830184455184455,0.128926768735092,3.0
Hipodromo de las Americas,2026-09-28,3,1 1/2f Stakes,320.0,,"{'eventId': '3438117', 'overall': None, 'rating': None, 'surface': 'Dirt', '__typename': 'TrackCondition'}",Dirt,,,7.0,False,5.0,5.0,55.75,,,96.0,At Coronas Prizo,2.0,Colt,CHESTNUT,Coronas Bar,Ms Fast Prize Shonda,0.0,L Fernandez Pasten,V Carapia,False,0.49,9.0,S,tn,20.0,5,18.2,16.0,20.0,1.833030277982336,5,10.0,16.0,10.0,5.0,0.0,2.0,3.5,1.0,6.0,0.5,0.5,0.5,0.0,8.0,14.5,76.5,70.0,2.0,1.0,2.0,1.0,1.0,0.1666666666666667,50.0,50.0,50.0,96.0,0.0,0.0,50.0,28.0,1.0,3.0,,,,,,2,0.5,0.5,2,0.5,0.5,2,0.5,0.5,1,0.0,0.0,2,0.5,0.5,1,0.0,0.0,0,0.0,,0,0.0,,1,0.0,0.0,1,1.0,1.0,0,,,0,,,0,,,0,,,0,,,0,0.0,,0,0.0,,1.0,1.0,1.0,2,0.5,0.5,0,,,0,,,0.05,2.995732273553991,0.6,0.21978021978021978,0.054945054945054944,0.7142857142857143,0.7142857142857143,3711.8333333333335,0.0,0.0245,0.7142857142857143,6.5,0.21428571428571427,0.6428571428571429,0.6428571428571429,0.1830184455184455,0.09716473890489748,4.0
Hipodromo de las Americas,2026-09-28,3,1 1/2f Stakes,320.0,,"{'eventId': '3438117', 'overall': None, 'rating': None, 'surface': 'Dirt', '__typename': 'TrackCondition'}",Dirt,,,7.0,False,6.0,6.0,55.75,,,94.0,Miss Storm Cat,2.0,Filly,CHESTNUT,Red Storm Cat,Miss Behavin Daze,0.0,J Martinez,G Parra,False,0.44,6.0,S,t,12.0,5,11.0,10.0,12.0,0.8944271909999159,4,5.5,10.0,5.5,3.0,0.0,4.0,3.25,1.0,4.0,0.25,0.25,0.25,0.0,2.87,33.5,100.0,100.0,4.0,1.0,4.0,0.0,2.0,-1.5,25.0,25.0,-100.0,94.0,0.0,0.0,6.0,56.0,4.0,2.87,,,,,,4,0.25,0.25,4,0.25,0.25,1,0.0,0.0,1,0.0,0.0,4,0.25,0.25,1,0.0,0.0,0,0.0,,0,0.0,,2,0.5,0.5,1,0.0,0.0,1,0.0,0.0,0,,,0,,,0,,,0,,,0,0.0,,0,0.0,,,,0.8090909090909091,4,0.25,0.25,0,,,0,,,0.08333333333333333,2.4849066497880004,0.8181818181818182,0.18181818181818182,0.09090909090909091,0.8571428571428571,0.8571428571428571,3711.8333333333335,0.0,0.03666666666666667,0.42857142857142855,5.0,0.42857142857142855,0.2857142857142857,0.2857142857142857,0.1830184455184455,0.0722455763605762,6.0
Hipodromo de las Americas,2026-09-28,3,1 1/2f Stakes,320.0,,"{'eventId': '3438117', 'overall': None, 'rating': None, 'surface': 'Dirt', '__typename': 'TrackCondition'}",Dirt,,,7.0,False,7.0,7.0,55.75,,,99.0,Kc Jess Krash,2.0,Filly,BROWN,Krash Cartel,Jess Blazin Queen,0.0,A Estrada,L Solis,False,0.56,10.0,S,t,1.85,5,1.7599999999999998,1.65,1.85,0.08,4,2.3,1.65,1.65,4.0,0.0,5.0,3.4,1.0,7.0,0.2,0.6,0.4,0.0,2.875,31.0,96.5,99.0,5.0,2.0,5.0,1.0,2.0,-2.6666666666666665,20.0,60.0,-100.0,99.0,0.0,0.0,0.0,35.0,7.0,3.75,,,,,,5,0.2,0.6,5,0.2,0.6,2,0.0,0.5,2,0.0,0.5,5,0.2,0.6,2,0.0,0.5,0,0.0,,0,0.0,,2,0.0,1.0,2,0.5,0.5,1,0.0,0.0,0,,,0,,,0,,,0,,,0,0.0,,0,0.0,,1.0,0.0,1.0,5,0.2,0.6,0,,,0,,,0.5405405405405405,0.6151856390902335,-0.2826086956521739,0.11363636363636376,0.5681818181818182,1.0,1.0,3711.8333333333335,0.0,0.30270270270270266,0.8571428571428571,1.0,1.0,0.8571428571428571,0.8571428571428571,0.1830184455184455,0.3911121929682225,1.0
Hipodromo de las Americas,2026-09-28,4,1 1/2f Stakes,320.0,,"{'eventId': '3438118', 'overall': None, 'rating': None, 'surface': 'Dirt', '__typename': 'TrackCondition'}",Dirt,,,7.0,False,1.0,1.0,55.75,,,88.0,Red Stolen Show,2.0,Filly,GREY,Red Storm Cat,Stolen Show,0.0,J Martinez,G Parra,False,0.47,6.0,S,t,9.5,5,8.8,8.0,9.5,0.6782329983125268,5,5.5,8.0,5.5,3.0,0.0,5.0,3.4,1.0,6.0,0.2,0.6,0.4,0.0,7.81,31.0,93.0,94.0,5.0,2.0,5.0,0.0,2.0,-1.8333333333333333,20.0,60.0,-100.0,88.0,0.0,0.0,6.0,35.0,6.0,13.0,,,,,,5,0.2,0.6,5,0.2,0.6,2,0.0,0.5,2,0.0,0.5,5,0.2,0.6,2,0.0,0.5,0,0.0,,0,0.0,,2,0.5,1.0,2,0.0,0.5,1,0.0,0.0,0,,,0,,,0,,,0,,,0,0.0,,0,0.0,,,,0.8090909090909091,5,0.2,0.6,0,,,0,,,0.10526315789473684,2.2512917986064953,0.45454545454545453,0.17045454545454544,0.11363636363636363,0.14285714285714285,0.14285714285714285,3711.8333333333335,0.0,0.04947368421052631,0.5,3.0,0.7142857142857143,0.7142857142857143,0.7142857142857143,0.1812662066421465,0.08064367701947064,4.0
Hipodromo de las Americas,2026-09-28,4,1 1/2f Stakes,320.0,,"{'eventId': '3438118', 'overall': None, 'rating': None, 'surface': 'Dirt', '__typename': 'TrackCondition'}",Dirt,,,7.0,False,2.0,2.0,55.75,,,87.0,Dk Kiss My Danny,2.0,Gelding,CHESTNUT,Danny Cartel,Kiss My Crystals,0.0,E Jimenez,L Solis,False,0.47,6.0,,,3.2,5,2.99,2.8,3.2,0.174355957741627,3,3.0,2.8,2.8,1.0,1.0,1.0,3.0,3.0,3.0,0.0,1.0,0.0,,12.2,0.0,,79.0,1.0,0.0,1.0,0.0,1.0,0.1666666666666667,0.0,100.0,-100.0,87.0,0.0,0.0,0.0,169.0,3.0,10.0,,,,,,1,0.0,1.0,1,0.0,1.0,0,0.0,,0,0.0,,1,0.0,1.0,0,0.0,,0,0.0,,0,0.0,,1,0.0,1.0,0,,,0,,,0,,,0,,,0,,,0,,,0,0.0,,0,0.0,,,,0.8090909090909091,1,0.0,1.0,0,,,0,,,0.3125,1.1631508098056809,-0.06666666666666672,0.13377926421404693,0.33444816053511706,0.2857142857142857,0.2857142857142857,3711.8333333333335,0.0,0.14687499999999998,0.5,2.0,0.8571428571428571,1.0,1.0,0.1812662066421465,0.1983133261349315,3.0
Hipodromo de las Americas,2026-09-28,4,1 1/2f Stakes,320.0,,"{'eventId': '3438118', 'overall': None, 'rating': None, 'surface': 'Dirt', '__typename': 'TrackCondition'}",Dirt,,,7.0,False,3.0,3.0,55.75,,,81.0,Californian Jess,2.0,Colt,CHESTNUT,California King,Jess Coronita,0.0,M Morales,A Magdaleno,False,0.53,11.0,S,tcdn,18.0,5,16.6,15.0,18.0,1.3564659966250536,6,8.0,15.0,8.0,4.0,0.0,4.0,4.0,1.0,8.0,0.25,0.5,0.5,0.0,15.166666666666666,33.25,87.33333333333333,84.0,4.0,2.0,4.0,0.0,2.0,-5.0,25.0,50.0,-38.0,81.0,0.0,0.0,0.0,21.0,8.0,26.0,,,,,,4,0.25,0.5,4,0.25,0.5,1,0.0,0.0,2,0.5,0.5,4,0.25,0.5,2,0.5,0.5,0,0.0,,0,0.0,,2,0.0,0.5,1,1.0,1.0,1,0.0,0.0,0,,,0,,,0,,,0,,,0,0.0,,0,0.0,,,,0.8090909090909091,4,0.25,0.5,0,,,0,,,0.05555555555555555,2.8903717578961645,0.875,0.18072289156626503,0.06024096385542168,0.42857142857142855,0.42857142857142855,3711.8333333333335,0.0,0.029444444444444443,0.8571428571428571,6.5,0.21428571428571427,0.5,0.42857142857142855,0.1812662066421465,0.03823436924155413,6.0
Hipodromo de las Americas,2026-09-28,4,1 1/2f Stakes,320.0,,"{'eventId': '3438118', 'overall': None, 'rating': None, 'surface': 'Dirt', '__typename': 'TrackCondition'}",Dirt,,,7.0,False,4.0,4.0,55.75,,,70.0,Sucesor Rooms,2.0,Colt,GREY,Tenampa Rooms,Ja Gols Mystique,0.0,J Cisneros Leyva,C Serrano,False,0.33,6.0,S,,14.0,5,12.8,11.0,14.0,1.16619037896906,4,13.0,11.0,11.0,7.0,0.0,3.0,5.666666666666667,4.0,9.0,0.0,0.0,0.0,,21.0,44.66666666666666,70.0,70.0,3.0,1.0,3.0,0.0,2.0,5.0,0.0,0.0,-100.0,70.0,0.0,0.0,0.0,56.0,4.0,21.0,,,,,,3,0.0,0.0,3,0.0,0.0,1,0.0,0.0,1,0.0,0.0,3,0.0,0.0,1,0.0,0.0,0,0.0,,0,0.0,,2,0.0,0.0,1,0.0,0.0,0,,,0,,,0,,,0,,,0,,,0,0.0,,0,0.0,,,,0.8090909090909091,3,0.0,0.0,0,,,0,,,0.07142857142857142,2.6390573296152584,-0.15384615384615385,0.234375,0.078125,0.5714285714285714,0.5714285714285714,3711.8333333333335,0.0,0.02357142857142857,0.2857142857142857,4.0,0.5714285714285714,0.14285714285714285,0.14285714285714285,0.1812662066421465,0.035253435367935806,7.0
Hipodromo de las Americas,2026-09-28,4,1 1/2f Stakes,320.0,,"{'eventId': '3438118', 'overall': None, 'rating': None, 'surface': 'Dirt', '__typename': 'TrackCondition'}",Dirt,,,7.0,False,5.0,5.0,55.75,,,94.0,Guesswhoiam,2.0,Colt,CHESTNUT,Mr Eagle Master,Doyouknowhoiam,0.0,O Cervantes Barrientos,L Ramirez,False,0.01,18.0,,t,16.0,5,14.6,13.0,16.0,1.3564659966250536,5,7.5,13.0,7.5,6.0,0.0,3.0,3.0,1.0,7.0,0.6666666666666666,0.6666666666666666,0.6666666666666666,0.0,12.2,12.0,,79.0,3.0,0.0,3.0,0.0,1.0,-3.0,67.0,67.0,-100.0,94.0,0.0,0.0,0.0,147.0,7.0,10.0,,,,,,3,0.6666666666666666,0.6666666666666666,3,0.6666666666666666,0.6666666666666666,0,0.0,,0,0.0,,3,0.6666666666666666,0.6666666666666666,0,0.0,,0,0.0,,0,0.0,,1,1.0,1.0,1,1.0,1.0,1,0.0,0.0,0,,,0,,,0,,,0,,,0,0.0,,0,0.0,,,,0.8090909090909091,3,0.6666666666666666,0.6666666666666666,0,,,0,,,0.0625,2.772588722239781,0.7333333333333333,0.20547945205479454,0.0684931506849315,0.7142857142857143,0.7142857142857143,3711.8333333333335,0.0,0.000625,0.14285714285714285,5.0,0.42857142857142855,0.8571428571428571,0.8571428571428571,0.1812662066421465,0.20469787826147234,2.0
Hipodromo de las Americas,2026-09-28,4,1 1/2f Stakes,320.0,,"{'eventId': '3438118', 'overall': None, 'rating': None, 'surface': 'Dirt', '__typename': 'TrackCondition'}",Dirt,,,7.0,False,6.0,6.0,55.75,,,100.0,Kc Flyin Jess,2.0,Gelding,CHESTNUT,Krash Cartel,Jess Love To Fly,0.0,A Estrada,A Carranza,False,1.0,16.0,S,tcdn,1.65,5,1.53,1.4,1.65,0.1029563014098699,5,2.05,1.4,1.4,2.0,0.0,4.0,3.75,1.0,9.0,0.5,0.5,0.5,0.0,2.37,33.25,91.0,94.0,4.0,2.0,4.0,0.0,2.0,2.5,50.0,50.0,-21.0,100.0,0.0,0.0,22.0,35.0,4.0,10.0,,,,,,4,0.5,0.5,4,0.5,0.5,2,0.5,0.5,2,0.5,0.5,4,0.5,0.5,2,0.5,0.5,0,0.0,,0,0.0,,2,1.0,1.0,2,0.0,0.0,0,,,0,,,0,,,0,,,0,,,0,0.0,,0,0.0,,,,0.8090909090909091,4,0.5,0.5,0,,,0,,,0.6060606060606061,0.5007752879124892,-0.3170731707317073,0.16339869281045752,0.6535947712418301,0.8571428571428571,0.8571428571428571,3711.8333333333335,0.0,0.6060606060606061,1.0,1.0,1.0,0.5,0.42857142857142855,0.1812662066421465,0.39573608142544003,1.0
Hipodromo de las Americas,2026-09-28,4,1 1/2f Stakes,320.0,,"{'eventId': '3438118', 'overall': None, 'rating': None, 'surface': 'Dirt', '__typename': 'TrackCondition'}",Dirt,,,7.0,False,7.0,7.0,55.75,,,84.0,Dk Fosse Gold,2.0,Gelding,CHESTNUT,Bullish One,Morena Gold,0.0,A Moreno,R Lopez,False,0.52,1.0,S,t,18.0,5,16.6,15.0,18.0,1.3564659966250536,4,12.0,15.0,12.0,5.0,0.0,5.0,5.0,2.0,9.0,0.0,0.4,0.4,,9.916666666666666,33.8,90.33333333333331,92.0,5.0,2.0,5.0,0.0,1.0,-2.5,17.0,50.0,-100.0,84.0,0.0,0.0,0.0,21.0,9.0,15.0,,,,,,6,0.1666666666666666,0.5,6,0.1666666666666666,0.5,2,0.0,0.0,2,0.0,0.0,6,0.1666666666666666,0.5,2,0.0,0.0,0,0.0,,0,0.0,,2,0.5,1.0,2,0.0,0.5,2,0.0,0.0,0,,,0,,,0,,,0,,,0,0.0,,0,0.0,,,,0.8090909090909091,6,0.1666666666666666,0.5,0,,,0,,,0.05555555555555555,2.8903717578961645,0.25,0.18072289156626503,0.06024096385542168,1.0,1.0,3711.8333333333335,0.0,0.028888888888888888,0.7142857142857143,6.5,0.21428571428571427,0.2857142857142857,0.42857142857142855,0.1812662066421465,0.04712123254919553,5.0
Hipodromo de las Americas,2026-09-28,5,1 1/2f Stakes,320.0,,"{'eventId': '3438119', 'overall': None, 'rating': None, 'surface': 'Dirt', '__typename': 'TrackCondition'}",Dirt,,,7.0,False,1.0,1.0,55.75,,,85.0,Mata Reyes,2.0,Colt,CHESTNUT,Southern Corona,Trinity 2,0.0,H Mendoza,A Lopez,False,0.98,6.0,S,,11.0,5,10.2,10.0,11.0,0.3999999999999999,2,8.0,10.0,8.0,6.0,0.0,5.0,4.6,2.0,7.0,0.0,0.2,0.2,,12.5,32.4,91.66666666666669,85.0,5.0,3.0,5.0,0.0,1.0,1.833333333333333,0.0,29.0,-100.0,85.0,0.0,0.0,25.0,21.0,2.0,6.0,,,,,,7,0.0,0.2857142857142857,7,0.0,0.2857142857142857,2,0.0,0.5,3,0.0,0.3333333333333333,7,0.0,0.2857142857142857,3,0.0,0.3333333333333333,0,0.0,,0,0.0,,2,0.0,0.0,2,0.0,1.0,1,0.0,0.0,0,,,0,,,0,,,0,,,0,0.0,,0,0.0,,,,0.8090909090909091,7,0.0,0.2857142857142857,0,,,0,,,0.09090909090909091,2.3978952727983707,0.25,0.09803921568627452,0.09803921568627452,0.14285714285714285,0.14285714285714285,3711.8333333333335,0.0,0.0890909090909091,0.8571428571428571,4.0,0.5714285714285714,0.2857142857142857,0.5714285714285714,0.1753711900589617,0.07149208491181996,6.0
Hipodromo de las Americas,2026-09-28,5,1 1/2f Stakes,320.0,,"{'eventId': '3438119', 'overall': None, 'rating': None, 'surface': 'Dirt', '__typename': 'TrackCondition'}",Dirt,,,7.0,False,2.0,2.0,55.75,,,100.0,Peligrosita Eagle,2.0,Filly,CHESTNUT,Mr Eagle Master,Peligrosita,0.0,J Cisneros Leyva,J Aguilar,False,0.91,23.0,S,tcdn,1.35,5,1.332,1.3,1.35,0.0193907194296653,3,1.3,1.3,1.25,1.0,1.0,5.0,2.2,1.0,6.0,0.6,0.8,0.8,0.0,2.1,32.4,96.0,92.0,5.0,2.0,5.0,1.0,2.0,2.0,60.0,80.0,-30.0,100.0,0.0,0.0,14.0,35.0,1.0,10.0,,,,,,5,0.6,0.8,5,0.6,0.8,2,1.0,1.0,2,1.0,1.0,5,0.6,0.8,2,1.0,1.0,0,0.0,,0,0.0,,2,1.0,1.0,2,0.5,1.0,1,0.0,0.0,0,,,0,,,0,,,0,,,0,0.0,,0,0.0,,1.0,1.0,1.0,5,0.6,0.8,0,,,0,,,0.7407407407407407,0.30010459245033816,0.0,0.037537537537537566,0.7507507507507507,0.2857142857142857,0.2857142857142857,3711.8333333333335,0.0,0.674074074074074,0.7142857142857143,1.0,1.0,1.0,1.0,0.1753711900589617,0.4570739374320601,1.0
Hipodromo de las Americas,2026-09-28,5,1 1/2f Stakes,320.0,,"{'eventId': '3438119', 'overall': None, 'rating': None, 'surface': 'Dirt', '__typename': 'TrackCondition'}",Dirt,,,7.0,False,4.0,4.0,55.75,,,89.0,Kc Miss Universe,2.0,Filly,CHESTNUT,Krash Cartel,Miss Racy Runaway,0.0,A Estrada,L Solis,False,1.0,13.0,S,tn,26.0,5,22.0,21.0,26.0,2.0,3,15.0,21.0,15.0,3.0,0.0,5.0,3.8,1.0,6.0,0.2,0.4,0.2,0.0,3.06,32.4,94.0,98.0,5.0,1.0,5.0,0.0,2.0,0.5,20.0,40.0,-30.0,89.0,0.0,0.0,0.0,35.0,1.0,3.5,,,,,,5,0.2,0.4,5,0.2,0.4,2,0.5,0.5,1,0.0,0.0,5,0.2,0.4,1,0.0,0.0,0,0.0,,0,0.0,,2,0.0,0.5,2,0.5,0.5,1,0.0,0.0,0,,,0,,,0,,,0,,,0,0.0,,0,0.0,,,,0.8090909090909091,5,0.2,0.4,0,,,0,,,0.038461538461538464,3.258096538021482,0.4,0.22727272727272727,0.045454545454545456,0.5714285714285714,0.5714285714285714,3711.8333333333335,0.0,0.038461538461538464,1.0,6.0,0.2857142857142857,0.8571428571428571,0.8571428571428571,0.1753711900589617,0.07638080518826695,5.0
Hipodromo de las Americas,2026-09-28,5,1 1/2f Stakes,320.0,,"{'eventId': '3438119', 'overall': None, 'rating': None, 'surface': 'Dirt', '__typename': 'TrackCondition'}",Dirt,,,7.0,False,5.0,5.0,55.75,,,82.0,Dk Hipnotica,2.0,Filly,CHESTNUT,Danny Cartel,La Chuchena,0.0,J Martinez,G Parra,False,0.31,6.0,S,,7.0,5,6.6,6.5,7.0,0.2,2,5.5,6.5,5.5,5.0,0.0,4.0,5.0,2.0,7.0,0.0,0.25,0.25,,9.5,38.75,70.0,70.0,4.0,2.0,4.0,0.0,2.0,1.0,0.0,25.0,-100.0,82.0,0.0,0.0,6.0,35.0,2.0,4.0,,,,,,4,0.0,0.25,4,0.0,0.25,2,0.0,0.5,2,0.0,0.5,4,0.0,0.25,2,0.0,0.5,0,0.0,,0,0.0,,2,0.0,0.0,2,0.0,0.5,0,,,0,,,0,,,0,,,0,,,0,0.0,,0,0.0,,,,0.8090909090909091,4,0.0,0.25,0,,,0,,,0.14285714285714285,1.9459101490553132,0.18181818181818182,0.07575757575757576,0.15151515151515152,0.7142857142857143,0.7142857142857143,3711.8333333333335,0.0,0.04428571428571428,0.42857142857142855,2.0,0.8571428571428571,0.5,0.35714285714285715,0.1753711900589617,0.15842875762524,2.0
Hipodromo de las Americas,2026-09-28,5,1 1/2f Stakes,320.0,,"{'eventId': '3438119', 'overall': None, 'rating': None, 'surface': 'Dirt', '__typename': 'TrackCondition'}",Dirt,,,7.0,False,6.0,6.0,55.75,,,70.0,Se Elder Cartel,2.0,Colt,CHESTNUT,Mi Viejo,Cartels Fast Lady,0.0,M Lopez Marmolejo,C Perez,False,0.01,3.0,S,,8.5,5,8.1,8.0,8.5,0.2,2,6.0,8.0,6.0,4.0,0.0,3.0,6.333333333333333,5.0,8.0,0.0,0.0,0.0,,15.666666666666666,14.0,78.33333333333333,70.0,3.0,2.0,3.0,0.0,1.0,2.5,0.0,0.0,-100.0,70.0,0.0,0.0,25.0,35.0,6.0,13.0,,,,,,3,0.0,0.0,3,0.0,0.0,2,0.0,0.0,2,0.0,0.0,3,0.0,0.0,2,0.0,0.0,0,0.0,,0,0.0,,1,0.0,0.0,1,0.0,0.0,1,0.0,0.0,0,,,0,,,0,,,0,,,0,0.0,,0,0.0,,,,0.8090909090909091,3,0.0,0.0,0,,,0,,,0.11764705882352941,2.1400661634962708,0.3333333333333333,0.0617283950617284,0.1234567901234568,0.8571428571428571,0.8571428571428571,3711.8333333333335,0.0,0.0011764705882352942,0.14285714285714285,3.0,0.7142857142857143,0.14285714285714285,0.14285714285714285,0.1753711900589617,0.129992558059129,3.0
Hipodromo de las Americas,2026-09-28,5,1 1/2f Stakes,320.0,,"{'eventId': '3438119', 'overall': None, 'rating': None, 'surface': 'Dirt', '__typename': 'TrackCondition'}",Dirt,,,7.0,False,7.0,7.0,55.75,,,83.0,Dkprize Ribbon,2.0,Filly,CHESTNUT,Danny Cartel,One Prize Ribbon,0.0,A Moreno,R Ojeda,False,0.15,5.0,S,,16.0,5,14.4,14.0,16.0,0.7999999999999999,2,11.0,14.0,11.0,2.0,0.0,3.0,5.333333333333333,2.0,10.0,0.0,0.3333333333333333,0.3333333333333333,,7.5,37.333333333333336,83.0,83.0,3.0,1.0,3.0,0.0,2.0,-5.0,0.0,33.0,-100.0,83.0,0.0,0.0,0.0,57.0,4.0,7.5,,,,,,3,0.0,0.3333333333333333,3,0.0,0.3333333333333333,1,0.0,0.0,1,0.0,0.0,3,0.0,0.3333333333333333,1,0.0,0.0,0,0.0,,0,0.0,,2,0.0,0.5,1,0.0,0.0,0,,,0,,,0,,,0,,,0,,,0,0.0,,0,0.0,,,,0.8090909090909091,3,0.0,0.3333333333333333,0,,,0,,,0.0625,2.772588722239781,0.2727272727272727,0.1388888888888889,0.06944444444444445,1.0,1.0,3711.8333333333335,0.0,0.009375,0.2857142857142857,5.0,0.42857142857142855,0.7142857142857143,0.7142857142857143,0.1753711900589617,0.10663185678348398,4.0
Hipodromo de las Americas,2026-09-28,6,1 1/2f Stakes,320.0,,"{'eventId': '3438120', 'overall': None, 'rating': None, 'surface': 'Dirt', '__typename': 'TrackCondition'}",Dirt,,,7.0,False,1.0,1.0,55.75,,,100.0,Krash Jumpns,2.0,Filly,CHESTNUT,Krash Cartel,Jumpns Last Call,0.0,E Jimenez,C Serrano,False,1.0,2.0,S,b,10.0,3,9.5,9.0,10.0,0.408248290463863,2,8.5,9.0,8.5,2.0,0.0,5.0,3.2,2.0,6.0,0.0,0.6,0.6,,10.55,35.2,96.0,95.0,5.0,2.0,5.0,1.0,2.0,2.0,0.0,60.0,-100.0,100.0,0.0,0.0,0.0,21.0,2.0,2.1,,,,,,5,0.0,0.6,5,0.0,0.6,2,0.0,1.0,2,0.0,1.0,5,0.0,0.6,2,0.0,1.0,0,0.0,,0,0.0,,2,0.0,0.5,2,0.0,1.0,1,0.0,0.0,0,,,0,,,0,,,0,,,0,0.0,,0,0.0,,1.0,0.0,1.0,5,0.0,0.6,0,,,0,,,0.1,2.302585092994046,0.058823529411764705,0.10526315789473684,0.10526315789473684,0.14285714285714285,0.14285714285714285,3711.8333333333335,0.0,0.1,1.0,4.0,0.5714285714285714,0.5714285714285714,0.5714285714285714,0.19954765448218642,0.03166063027342167,5.0
Hipodromo de las Americas,2026-09-28,6,1 1/2f Stakes,320.0,,"{'eventId': '3438120', 'overall': None, 'rating': None, 'surface': 'Dirt', '__typename': 'TrackCondition'}",Dirt,,,7.0,False,2.0,2.0,55.75,,,85.0,Divoc Tricks Rg,2.0,Gelding,CHESTNUT,Divoc 91,Turnin Tricks,0.0,J Martinez,G Parra,False,0.83,2.0,S,tcdn,13.0,3,12.333333333333334,12.0,13.0,0.4714045207910317,1,12.0,12.0,12.0,5.0,0.0,3.0,6.666666666666667,1.0,10.0,0.3333333333333333,0.3333333333333333,0.3333333333333333,0.0,17.0,28.0,70.0,70.0,3.0,2.0,3.0,0.0,2.0,5.0,33.0,33.0,467.0,85.0,0.0,0.0,6.0,57.0,1.0,17.0,,,,,,3,0.3333333333333333,0.3333333333333333,3,0.3333333333333333,0.3333333333333333,1,1.0,1.0,2,0.5,0.5,3,0.3333333333333333,0.3333333333333333,2,0.5,0.5,0,0.0,,0,0.0,,2,0.5,0.5,1,0.0,0.0,0,,,0,,,0,,,0,,,0,,,0,0.0,,0,0.0,,,,0.8090909090909091,3,0.3333333333333333,0.3333333333333333,0,,,0,,,0.07692307692307693,2.5649493574615367,0.0,0.08108108108108107,0.08108108108108107,0.2857142857142857,0.2857142857142857,3711.8333333333335,0.0,0.06384615384615384,0.5,5.5,0.35714285714285715,0.2857142857142857,0.2857142857142857,0.19954765448218642,0.04769641836967206,4.0
Hipodromo de las Americas,2026-09-28,6,1 1/2f Stakes,320.0,,"{'eventId': '3438120', 'overall': None, 'rating': None, 'surface': 'Dirt', '__typename': 'TrackCondition'}",Dirt,,,7.0,False,3.0,3.0,55.75,,,70.0,Renata Chicks,2.0,Filly,CHESTNUT,Chicks Americano,Adivina Corona,0.0,O Cervantes Barrientos,L Ramirez,False,0.01,6.0,S,,17.0,3,15.666666666666666,15.0,17.0,0.9428090415820634,1,15.0,15.0,15.0,7.0,0.0,1.0,5.0,5.0,5.0,0.0,0.0,0.0,,11.0,0.0,87.0,87.0,1.0,0.0,1.0,0.0,1.0,0.1666666666666667,0.0,0.0,-100.0,70.0,0.0,0.0,0.0,77.0,5.0,11.0,,,,,,1,0.0,0.0,1,0.0,0.0,0,0.0,,0,0.0,,1,0.0,0.0,0,0.0,,0,0.0,,0,0.0,,1,0.0,0.0,0,,,0,,,0,,,0,,,0,,,0,,,0,0.0,,0,0.0,,,,0.8090909090909091,1,0.0,0.0,0,,,0,,,0.058823529411764705,2.833213344056216,0.0,0.12765957446808512,0.06382978723404256,0.42857142857142855,0.42857142857142855,3711.8333333333335,0.0,0.0005882352941176471,0.14285714285714285,7.0,0.14285714285714285,0.14285714285714285,0.14285714285714285,0.19954765448218642,0.029593901440728817,6.0
Hipodromo de las Americas,2026-09-28,6,1 1/2f Stakes,320.0,,"{'eventId': '3438120', 'overall': None, 'rating': None, 'surface': 'Dirt', '__typename': 'TrackCondition'}",Dirt,,,7.0,False,4.0,4.0,55.75,,,100.0,Dk Reyna De Oro,2.0,Filly,CHESTNUT,Bullish One,Miss Princesa Gold,0.0,A Gomez Lopez,V Sanchez,False,0.87,21.0,S,tcdn,3.0,3,3.0,3.0,3.0,0.0,1,3.0,3.0,3.0,3.0,0.0,3.0,1.6666666666666667,1.0,3.0,0.6666666666666666,1.0,0.6666666666666666,0.0,3.5,30.33333333333333,91.66666666666669,85.0,3.0,3.0,3.0,0.0,2.0,-1.0,67.0,100.0,133.0,100.0,0.0,0.0,20.0,35.0,3.0,10.0,,,,,,3,0.6666666666666666,1.0,3,0.6666666666666666,1.0,2,0.5,1.0,3,0.6666666666666666,1.0,3,0.6666666666666666,1.0,3,0.6666666666666666,1.0,0,0.0,,0,0.0,,2,1.0,1.0,1,0.0,1.0,0,,,0,,,0,,,0,,,0,,,0,0.0,,0,0.0,,,,0.8090909090909091,3,0.6666666666666666,1.0,0,,,0,,,0.3333333333333333,1.0986122886681098,0.0,0.0,0.3333333333333333,0.5714285714285714,0.5714285714285714,3711.8333333333335,0.0,0.29,0.7142857142857143,2.0,0.8571428571428571,0.8571428571428571,0.8571428571428571,0.19954765448218642,0.2912036638313919,2.0
Hipodromo de las Americas,2026-09-28,6,1 1/2f Stakes,320.0,,"{'eventId': '3438120', 'overall': None, 'rating': None, 'surface': 'Dirt', '__typename': 'TrackCondition'}",Dirt,,,7.0,False,5.0,5.0,55.75,,,83.0,Red Kiss Cat,2.0,Colt,GREY,Red Storm Cat,Holland Kiss,0.0,A Moreno,R Garcia,False,0.61,6.0,S,,13.0,3,12.333333333333334,12.0,13.0,0.4714045207910317,3,9.0,12.0,9.0,6.0,0.0,2.0,3.5,2.0,5.0,0.0,0.5,0.5,,10.0,11.0,73.5,70.0,2.0,2.0,2.0,0.0,1.0,0.1666666666666667,0.0,50.0,-100.0,83.0,0.0,0.0,0.0,35.0,2.0,8.0,,,,,,2,0.0,0.5,2,0.0,0.5,2,0.0,0.5,2,0.0,0.5,2,0.0,0.5,2,0.0,0.5,0,0.0,,0,0.0,,1,0.0,0.0,1,0.0,1.0,0,,,0,,,0,,,0,,,0,,,0,0.0,,0,0.0,,,,0.8090909090909091,2,0.0,0.5,0,,,0,,,0.07692307692307693,2.5649493574615367,0.3333333333333333,0.08108108108108107,0.08108108108108107,0.7142857142857143,0.7142857142857143,3711.8333333333335,0.0,0.04692307692307692,0.2857142857142857,5.5,0.35714285714285715,0.42857142857142855,0.42857142857142855,0.19954765448218642,0.02704160174637501,7.0
Hipodromo de las Americas,2026-09-28,6,1 1/2f Stakes,320.0,,"{'eventId': '3438120', 'overall': None, 'rating': None, 'surface': 'Dirt', '__typename': 'TrackCondition'}",Dirt,,,7.0,False,6.0,6.0,55.75,,,99.0,Dk Francia,2.0,Filly,CHESTNUT,Danny Cartel,After Hours Affair,0.0,J Ambrosio,L Solis,False,0.95,14.0,S,tcdn,2.15,3,2.1333333333333333,2.1,2.15,0.0235702260395515,3,2.35,2.1,2.1,1.0,1.0,3.0,2.0,1.0,3.0,0.3333333333333333,1.0,0.6666666666666666,0.0,1.66,44.66666666666666,96.5,95.0,3.0,2.0,3.0,1.0,2.0,1.5,33.0,100.0,-45.0,99.0,0.0,0.0,0.0,35.0,2.0,10.0,,,,,,3,0.3333333333333333,1.0,3,0.3333333333333333,1.0,2,0.5,1.0,2,0.5,1.0,3,0.3333333333333333,1.0,2,0.5,1.0,0,0.0,,0,0.0,,2,0.5,1.0,1,0.0,1.0,0,,,0,,,0,,,0,,,0,,,0,0.0,,0,0.0,,1.0,1.0,1.0,3,0.3333333333333333,1.0,0,,,0,,,0.46511627906976744,0.7654678421395714,-0.10638297872340426,0.023437499999999917,0.46875,0.8571428571428571,0.8571428571428571,3711.8333333333335,0.0,0.441860465116279,0.8571428571428571,1.0,1.0,0.8571428571428571,0.8571428571428571,0.19954765448218642,0.29161893914397025,1.0
Hipodromo de las Americas,2026-09-28,6,1 1/2f Stakes,320.0,,"{'eventId': '3438120', 'overall': None, 'rating': None, 'surface': 'Dirt', '__typename': 'TrackCondition'}",Dirt,,,7.0,False,7.0,7.0,55.75,,,99.0,Br Esmeralda,2.0,Filly,CHESTNUT,Jess Lips,Br Southern Ruby,0.0,E Mendez Guzman,A Penagos,False,0.83,11.0,S,tcdn,3.5,3,3.5,3.5,3.5,0.0,1,3.5,3.5,3.5,4.0,0.0,4.0,2.0,1.0,3.0,0.25,1.0,0.75,0.0,3.5,44.0,89.0,89.0,4.0,1.0,4.0,0.0,2.0,1.0,25.0,100.0,-13.0,99.0,0.0,0.0,100.0,21.0,1.0,3.5,,,,,,4,0.25,1.0,4,0.25,1.0,1,1.0,1.0,1,1.0,1.0,4,0.25,1.0,1,1.0,1.0,0,0.0,,0,0.0,,2,0.5,1.0,1,0.0,1.0,1,0.0,1.0,0,,,0,,,0,,,0,,,0,0.0,,0,0.0,,,,0.8090909090909091,4,0.25,1.0,0,,,0,,,0.2857142857142857,1.252762968495368,0.0,0.0,0.2857142857142857,1.0,1.0,3711.8333333333335,0.0,0.23714285714285713,0.5,3.0,0.7142857142857143,0.8571428571428571,0.8571428571428571,0.19954765448218642,0.28118484519444026,3.0
Hipodromo de las Americas,2026-09-28,7,1 1/2f Stakes,320.0,,"{'eventId': '3438121', 'overall': None, 'rating': None, 'surface': 'Dirt', '__typename': 'TrackCondition'}",Dirt,,,6.0,False,1.0,1.0,55.75,,,100.0,Dk Miss Chiapas,2.0,Filly,CHESTNUT,Danny Cartel,Tympest,0.0,A Estrada,L Solis,False,1.0,21.0,S,tcdn,3.7,5,3.6,3.5,3.7,0.0894427190999916,5,4.0,3.5,3.4,3.0,0.0,3.0,2.333333333333333,1.0,4.0,0.3333333333333333,0.6666666666666666,0.6666666666666666,0.0,2.625,32.666666666666664,95.0,97.0,3.0,3.0,3.0,1.0,2.0,-0.5,33.0,67.0,-25.0,100.0,0.0,0.0,0.0,35.0,1.0,2.25,,,,,,3,0.3333333333333333,0.6666666666666666,3,0.3333333333333333,0.6666666666666666,2,0.5,0.5,3,0.3333333333333333,0.6666666666666666,3,0.3333333333333333,0.6666666666666666,3,0.3333333333333333,0.6666666666666666,0,0.0,,0,0.0,,2,0.0,0.5,1,1.0,1.0,0,,,0,,,0,,,0,,,0,,,0,0.0,,0,0.0,,1.0,1.0,1.0,3,0.3333333333333333,0.6666666666666666,0,,,0,,,0.27027027027027023,1.308332819650179,-0.125,0.0555555555555556,0.2777777777777778,0.16666666666666666,0.16666666666666666,3711.8333333333335,0.0,0.27027027027027023,1.0,3.0,0.7142857142857143,0.8333333333333334,0.8571428571428571,0.1834884277392988,0.23951794235592852,3.0
Hipodromo de las Americas,2026-09-28,7,1 1/2f Stakes,320.0,,"{'eventId': '3438121', 'overall': None, 'rating': None, 'surface': 'Dirt', '__typename': 'TrackCondition'}",Dirt,,,6.0,False,2.0,2.0,55.75,,,92.0,Demon Kat Rg,2.0,Gelding,CHESTNUT,Divoc 91,Krystal Kat,0.0,J Martinez,G Parra,False,0.52,26.0,S,tcdn,2.05,5,2.02,2.0,2.05,0.0244948974278316,5,2.35,2.0,1.9,2.0,0.0,3.0,2.6666666666666665,1.0,5.0,0.3333333333333333,0.6666666666666666,0.6666666666666666,0.0,8.75,35.333333333333336,78.0,78.0,3.0,2.0,3.0,0.0,2.0,3.5,33.0,67.0,200.0,92.0,0.0,0.0,6.0,35.0,1.0,9.0,,,,,,3,0.3333333333333333,0.6666666666666666,3,0.3333333333333333,0.6666666666666666,2,0.5,1.0,2,0.5,1.0,3,0.3333333333333333,0.6666666666666666,2,0.5,1.0,0,0.0,,0,0.0,,2,0.0,0.5,1,1.0,1.0,0,,,0,,,0,,,0,,,0,,,0,0.0,,0,0.0,,,,0.8090909090909091,3,0.3333333333333333,0.6666666666666666,0,,,0,,,0.48780487804878053,0.7178397931503168,-0.14893617021276598,0.024752475247524663,0.49504950495049505,0.3333333333333333,0.3333333333333333,3711.8333333333335,0.0,0.2536585365853659,0.8333333333333334,1.0,1.0,0.8333333333333334,0.8571428571428571,0.1834884277392988,0.3356239296240577,1.0
Hipodromo de las Americas,2026-09-28,7,1 1/2f Stakes,320.0,,"{'eventId': '3438121', 'overall': None, 'rating': None, 'surface': 'Dirt', '__typename': 'TrackCondition'}",Dirt,,,6.0,False,4.0,4.0,55.75,,,76.0,Se Shiny Crown,2.0,Colt,CHESTNUT,Coronas Bar,On Fleek,0.0,H Mendoza,C Perez,False,0.01,6.0,S,,26.0,5,22.8,21.0,26.0,1.833030277982336,3,8.0,21.0,8.0,4.0,0.0,2.0,4.5,4.0,5.0,0.0,0.0,0.0,,18.0,10.5,77.5,70.0,2.0,2.0,2.0,0.0,1.0,0.1666666666666667,0.0,0.0,-100.0,76.0,0.0,0.0,0.0,35.0,4.0,17.0,,,,,,2,0.0,0.0,2,0.0,0.0,2,0.0,0.0,2,0.0,0.0,2,0.0,0.0,2,0.0,0.0,0,0.0,,0,0.0,,1,0.0,0.0,1,0.0,0.0,0,,,0,,,0,,,0,,,0,,,0,0.0,,0,0.0,,,,0.8090909090909091,2,0.0,0.0,0,,,0,,,0.038461538461538464,3.258096538021482,1.625,0.21929824561403508,0.043859649122807015,0.6666666666666666,0.6666666666666666,3711.8333333333335,0.0,0.00038461538461538467,0.16666666666666666,6.0,0.2857142857142857,0.25,0.21428571428571427,0.1834884277392988,0.039068299382762135,6.0
Hipodromo de las Americas,2026-09-28,7,1 1/2f Stakes,320.0,,"{'eventId': '3438121', 'overall': None, 'rating': None, 'surface': 'Dirt', '__typename': 'TrackCondition'}",Dirt,,,6.0,False,5.0,5.0,55.75,,,70.0,Walk Thru Chocolata,2.0,Filly,CHESTNUT,Renewed,Power Possum,0.0,J Medina,A Penagos,False,0.04,6.0,S,,9.0,5,8.4,8.0,9.0,0.3741657386773941,4,15.0,8.0,7.5,6.0,0.0,1.0,6.0,6.0,6.0,0.0,0.0,0.0,,29.0,0.0,70.0,70.0,1.0,1.0,1.0,0.0,1.0,0.1666666666666667,0.0,0.0,-100.0,70.0,0.0,0.0,0.0,63.0,6.0,29.0,,,,,,1,0.0,0.0,1,0.0,0.0,0,0.0,,1,0.0,0.0,1,0.0,0.0,1,0.0,0.0,0,0.0,,0,0.0,,1,0.0,0.0,0,,,0,,,0,,,0,,,0,,,0,,,0,0.0,,0,0.0,,,,0.8090909090909091,1,0.0,0.0,0,,,0,,,0.1111111111111111,2.1972245773362196,-0.4666666666666667,0.11904761904761904,0.11904761904761904,0.8333333333333334,0.8333333333333334,3711.8333333333335,0.0,0.0044444444444444444,0.3333333333333333,4.0,0.5714285714285714,0.25,0.21428571428571427,0.1834884277392988,0.08514812341710233,4.0
Hipodromo de las Americas,2026-09-28,7,1 1/2f Stakes,320.0,,"{'eventId': '3438121', 'overall': None, 'rating': None, 'surface': 'Dirt', '__typename': 'TrackCondition'}",Dirt,,,6.0,False,6.0,6.0,55.75,,,88.0,Gotta Be Fritz,2.0,Filly,CHESTNUT,Fearless Fritz,Jess Gotta B Fancy,0.0,L Fernandez Pasten,A Pasten,False,0.17,1.0,S,,15.0,5,13.8,13.0,15.0,0.7483314773547882,3,6.5,13.0,6.5,5.0,0.0,5.0,4.6,2.0,8.0,0.0,0.6,0.2,,2.5666666666666664,32.4,96.66666666666669,100.0,5.0,3.0,5.0,2.0,1.0,-0.666666666666667,0.0,50.0,-100.0,88.0,0.0,0.0,3.0,35.0,8.0,4.0,,,,,,6,0.0,0.5,6,0.0,0.5,2,0.0,0.5,3,0.0,0.6666666666666666,6,0.0,0.5,3,0.0,0.6666666666666666,0,0.0,,0,0.0,,2,0.0,0.5,2,0.0,0.5,2,0.0,0.5,0,,,0,,,0,,,0,,,0,0.0,,0,0.0,,2.0,0.0,1.0,6,0.0,0.5,0,,,0,,,0.06666666666666667,2.70805020110221,1.0,0.14492753623188406,0.07246376811594203,1.0,1.0,3711.8333333333335,0.0,0.011333333333333334,0.5,5.0,0.42857142857142855,0.5,0.5714285714285714,0.1834884277392988,0.04669271807528984,5.0
Hipodromo de las Americas,2026-09-28,7,1 1/2f Stakes,320.0,,"{'eventId': '3438121', 'overall': None, 'rating': None, 'surface': 'Dirt', '__typename': 'TrackCondition'}",Dirt,,,6.0,False,7.0,7.0,55.75,,,88.0,Kc Shado,2.0,Colt,BROWN,Krash Cartel,Pouring Rain,0.0,A Gomez Lopez,V Sanchez,False,0.35,17.0,S,b,3.5,5,3.46,3.4,3.5,0.0489897948556636,3,3.0,3.4,3.0,1.0,1.0,3.0,3.333333333333333,2.0,6.0,0.0,0.6666666666666666,0.6666666666666666,,3.2466666666666666,35.0,86.66666666666667,85.0,3.0,3.0,3.0,1.0,2.0,-2.0,0.0,67.0,-100.0,88.0,0.0,0.0,20.0,21.0,6.0,2.37,,,,,,3,0.0,0.6666666666666666,3,0.0,0.6666666666666666,2,0.0,0.5,3,0.0,0.6666666666666666,3,0.0,0.6666666666666666,3,0.0,0.6666666666666666,0,0.0,,0,0.0,,2,0.0,1.0,1,0.0,0.0,0,,,0,,,0,,,0,,,0,,,0,0.0,,0,0.0,,1.0,0.0,0.0,3,0.0,0.6666666666666666,0,,,0,,,0.2857142857142857,1.252762968495368,0.1333333333333333,0.02890173410404627,0.28901734104046245,1.1666666666666667,1.1666666666666667,3711.8333333333335,0.0,0.09999999999999999,0.6666666666666666,2.0,0.8571428571428571,0.8333333333333334,0.8571428571428571,0.1834884277392988,0.2539489871448594,2.0
Hipodromo de las Americas,2026-09-28,8,1 1/2f Stakes,320.0,,"{'eventId': '3438122', 'overall': None, 'rating': None, 'surface': 'Dirt', '__typename': 'TrackCondition'}",Dirt,,,7.0,False,1.0,1.0,55.75,,,100.0,Br Delfia,2.0,Filly,CHESTNUT,Jess Lips,Spottin Paint,0.0,H Mendoza,L Diaz,False,1.0,16.0,S,tcdn,8.0,5,7.8,7.5,8.0,0.2449489742783178,5,5.5,7.5,5.5,4.0,0.0,4.0,2.5,1.0,4.0,0.25,0.75,0.5,0.0,9.456666666666669,33.25,88.0,100.0,4.0,3.0,4.0,1.0,2.0,2.0,25.0,75.0,-38.0,100.0,0.0,0.0,100.0,21.0,1.0,2.5,,,,,,4,0.25,0.75,4,0.25,0.75,2,0.5,1.0,3,0.3333333333333333,1.0,4,0.25,0.75,3,0.3333333333333333,1.0,0,0.0,,0,0.0,,2,0.0,0.5,2,0.5,1.0,0,,,0,,,0,,,0,,,0,,,0,0.0,,0,0.0,,1.0,1.0,1.0,4,0.25,0.75,0,,,0,,,0.125,2.0794415416798357,0.36363636363636365,0.06410256410256411,0.12820512820512822,0.14285714285714285,0.14285714285714285,3711.8333333333335,0.0,0.125,1.0,3.0,0.75,1.0,1.0,0.16175588883466271,0.14470489499141884,3.0
Hipodromo de las Americas,2026-09-28,8,1 1/2f Stakes,320.0,,"{'eventId': '3438122', 'overall': None, 'rating': None, 'surface': 'Dirt', '__typename': 'TrackCondition'}",Dirt,,,7.0,False,2.0,2.0,55.75,,,91.0,Kc Jess Junior,2.0,Gelding,CHESTNUT,Krash Cartel,Jess Blazin Queen,0.0,J Martinez,G Parra,False,0.58,3.0,S,,19.0,5,17.8,17.0,19.0,0.7483314773547882,5,9.0,17.0,9.0,7.0,0.0,4.0,4.75,2.0,8.0,0.0,0.5,0.25,,7.123333333333334,38.75,83.0,96.0,4.0,2.0,4.0,0.0,2.0,1.5,0.0,50.0,-100.0,91.0,0.0,0.0,6.0,35.0,2.0,2.87,,,,,,4,0.0,0.5,4,0.0,0.5,2,0.0,0.5,2,0.0,0.5,4,0.0,0.5,2,0.0,0.5,0,0.0,,0,0.0,,2,0.0,0.5,1,0.0,0.0,1,0.0,1.0,0,,,0,,,0,,,0,,,0,0.0,,0,0.0,,,,0.8090909090909091,4,0.0,0.5,0,,,0,,,0.05263157894736842,2.9444389791664403,0.8888888888888888,0.11235955056179775,0.056179775280898875,0.2857142857142857,0.2857142857142857,3711.8333333333335,0.0,0.03052631578947368,0.8571428571428571,6.0,0.375,0.5714285714285714,0.625,0.16175588883466271,0.03797166291527045,7.0
Hipodromo de las Americas,2026-09-28,8,1 1/2f Stakes,320.0,,"{'eventId': '3438122', 'overall': None, 'rating': None, 'surface': 'Dirt', '__typename': 'TrackCondition'}",Dirt,,,7.0,False,4.0,4.0,55.75,,,92.0,Dk Seis Nueve,2.0,Gelding,CHESTNUT,Bullish One,Ladie Dany,0.0,M Lopez Marmolejo,H Anaya,False,0.39,19.0,S,tcdn,1.8,5,1.7899999999999998,1.75,1.8,0.02,6,2.0,1.75,1.75,1.0,1.0,3.0,2.6666666666666665,1.0,5.0,0.3333333333333333,0.6666666666666666,0.6666666666666666,0.0,5.5,44.333333333333336,80.5,87.0,3.0,2.0,3.0,0.0,2.0,-1.0,33.0,67.0,83.0,92.0,0.0,0.0,0.0,35.0,5.0,10.0,,,,,,3,0.3333333333333333,0.6666666666666666,3,0.3333333333333333,0.6666666666666666,2,0.5,0.5,2,0.5,0.5,3,0.3333333333333333,0.6666666666666666,2,0.5,0.5,0,0.0,,0,0.0,,2,0.5,1.0,1,0.0,0.0,0,,,0,,,0,,,0,,,0,,,0,0.0,,0,0.0,,,,0.8090909090909091,3,0.3333333333333333,0.6666666666666666,0,,,0,,,0.5555555555555556,0.5877866649021191,-0.125,0.027932960893854775,0.558659217877095,0.5714285714285714,0.5714285714285714,3711.8333333333335,0.0,0.21666666666666667,0.5714285714285714,1.0,1.0,0.8571428571428571,0.8125,0.16175588883466271,0.3179902355617635,2.0
Hipodromo de las Americas,2026-09-28,8,1 1/2f Stakes,320.0,,"{'eventId': '3438122', 'overall': None, 'rating': None, 'surface': 'Dirt', '__typename': 'TrackCondition'}",Dirt,,,7.0,False,5.0,5.0,55.75,,,95.0,Kc Mexicana Diva,2.0,Filly,CHESTNUT,Krash Cartel,Pouring Rain,0.0,A Moreno,A Magdaleno,False,0.53,2.0,S,tcdn,12.0,5,10.8,10.0,12.0,0.7483314773547882,5,5.5,10.0,5.5,6.0,0.0,3.0,4.333333333333333,1.0,8.0,0.3333333333333333,0.3333333333333333,0.3333333333333333,0.0,2.75,35.333333333333336,78.0,78.0,3.0,1.0,3.0,1.0,2.0,5.5,33.0,33.0,-8.0,95.0,0.0,0.0,0.0,63.0,1.0,2.75,,,,,,3,0.3333333333333333,0.3333333333333333,3,0.3333333333333333,0.3333333333333333,0,0.0,,1,1.0,1.0,3,0.3333333333333333,0.3333333333333333,1,1.0,1.0,0,0.0,,0,0.0,,2,0.5,0.5,1,0.0,0.0,0,,,0,,,0,,,0,,,0,,,0,0.0,,0,0.0,,1.0,1.0,1.0,3,0.3333333333333333,0.3333333333333333,0,,,0,,,0.08333333333333333,2.4849066497880004,0.8181818181818182,0.18518518518518517,0.09259259259259259,0.7142857142857143,0.7142857142857143,3711.8333333333335,0.0,0.04416666666666667,0.7142857142857143,5.0,0.5,0.42857142857142855,0.5,0.16175588883466271,0.04496220812924319,6.0
Hipodromo de las Americas,2026-09-28,8,1 1/2f Stakes,320.0,,"{'eventId': '3438122', 'overall': None, 'rating': None, 'surface': 'Dirt', '__typename': 'TrackCondition'}",Dirt,,,7.0,False,6.0,6.0,55.75,,,75.0,Se Good Streak,2.0,Filly,CHESTNUT,Mi Viejo,Miss Streakin Stoli,0.0,J Ambrosio,G Parra,False,0.01,6.0,S,b,8.5,5,8.1,7.5,8.5,0.4898979485566356,5,9.0,7.5,7.5,5.0,0.0,2.0,4.0,4.0,4.0,0.0,0.0,0.0,,4.0,7.0,90.0,86.0,2.0,2.0,2.0,1.0,1.0,0.1666666666666667,0.0,0.0,-100.0,75.0,0.0,0.0,0.0,35.0,4.0,3.0,,,,,,2,0.0,0.0,2,0.0,0.0,2,0.0,0.0,2,0.0,0.0,2,0.0,0.0,2,0.0,0.0,0,0.0,,0,0.0,,1,0.0,0.0,1,0.0,0.0,0,,,0,,,0,,,0,,,0,,,0,0.0,,0,0.0,,1.0,0.0,0.0,2,0.0,0.0,0,,,0,,,0.11764705882352941,2.1400661634962708,-0.16666666666666666,0.1234567901234568,0.1234567901234568,0.8571428571428571,0.8571428571428571,3711.8333333333335,0.0,0.0011764705882352942,0.14285714285714285,4.0,0.625,0.14285714285714285,0.1875,0.16175588883466271,0.06714301996150965,4.0
Hipodromo de las Americas,2026-09-28,8,1 1/2f Stakes,320.0,,"{'eventId': '3438122', 'overall': None, 'rating': None, 'surface': 'Dirt', '__typename': 'TrackCondition'}",Dirt,,,7.0,False,7.0,7.0,55.75,,,85.0,Dk Zarzamora,2.0,Filly,CHESTNUT,Bullish One,Verdura,0.0,E Torres,J Godinez,False,0.32,2.0,S,tn,21.0,5,19.0,18.0,21.0,1.095445115010332,3,17.0,18.0,17.0,3.0,0.0,4.0,5.0,1.0,7.0,0.25,0.25,0.25,0.0,5.75,28.0,83.5,92.0,4.0,1.0,4.0,0.0,2.0,2.0,25.0,25.0,13.0,85.0,0.0,0.0,0.0,57.0,7.0,7.0,,,,,,4,0.25,0.25,4,0.25,0.25,1,0.0,0.0,1,0.0,0.0,4,0.25,0.25,1,0.0,0.0,0,0.0,,0,0.0,,2,0.5,0.5,2,0.0,0.0,0,,,0,,,0,,,0,,,0,,,0,0.0,,0,0.0,,,,0.8090909090909091,4,0.25,0.25,0,,,0,,,0.047619047619047616,3.044522437723423,0.058823529411764705,0.15789473684210525,0.05263157894736842,1.0,1.0,3711.8333333333335,0.0,0.015238095238095238,0.2857142857142857,7.0,0.25,0.2857142857142857,0.375,0.16175588883466271,0.0516265375074898,5.0
Hipodromo de las Americas,2026-09-28,8,1 1/2f Stakes,320.0,,"{'eventId': '3438122', 'overall': None, 'rating': None, 'surface': 'Dirt', '__typename': 'TrackCondition'}",Dirt,,,7.0,False,8.0,8.0,55.75,,,99.0,Good Old Titan Krash,2.0,Gelding,BROWN,Swingin Good Reason,Miss Niftys Krash,0.0,C Gomez Palacios,A Lopez,False,0.33,16.0,S,tbo,3.6,5,3.5,3.4,3.6,0.0894427190999916,4,3.3,3.4,3.3,2.0,0.0,5.0,4.2,1.0,8.0,0.2,0.6,0.4,0.0,2.833333333333333,31.0,97.0,96.0,5.0,2.0,5.0,2.0,1.0,-1.3333333333333337,33.0,67.0,-100.0,99.0,0.0,0.0,21.0,35.0,8.0,2.37,,,,,,6,0.3333333333333333,0.6666666666666666,6,0.3333333333333333,0.6666666666666666,2,0.0,0.5,2,0.0,0.5,6,0.3333333333333333,0.6666666666666666,2,0.0,0.5,0,0.0,,0,0.0,,2,0.5,1.0,2,0.5,1.0,2,0.0,0.0,0,,,0,,,0,,,0,,,0,0.0,,0,0.0,,2.0,0.0,0.5,6,0.3333333333333333,0.6666666666666666,0,,,0,,,0.2777777777777778,1.2809338454620642,0.03030303030303033,0.0571428571428572,0.2857142857142857,1.1428571428571428,1.1428571428571428,3711.8333333333335,0.0,0.09166666666666667,0.42857142857142855,2.0,0.875,0.7142857142857143,0.8125,0.16175588883466271,0.3356014409333045,1.0
Hipodromo de las Americas,2026-09-28,9,1f Stakes,201.0,,"{'eventId': '3438123', 'overall': None, 'rating': None, 'surface': 'Dirt', '__typename': 'TrackCondition'}",Dirt,,,9.0,False,1.0,1.0,55.75,,,95.0,Se Jeweled Crown,2.0,Colt,BROWN,Coronas Bar,Cananea,0.0,J Martinez,C Perez,False,0.67,11.0,S,,6.0,5,5.5,5.0,6.0,0.4472135954999579,4,4.0,5.0,4.0,3.0,0.0,3.0,4.0,2.0,7.0,0.0,0.6666666666666666,0.3333333333333333,,9.2,11.666666666666666,95.66666666666669,90.0,3.0,1.0,3.0,1.0,1.0,-3.0,0.0,67.0,-100.0,95.0,0.0,0.0,0.0,35.0,7.0,6.5,,,,,,3,0.0,0.6666666666666666,3,0.0,0.6666666666666666,2,0.0,0.5,1,0.0,1.0,3,0.0,0.6666666666666666,1,0.0,1.0,0,0.0,,0,0.0,,1,0.0,1.0,1,0.0,1.0,1,0.0,0.0,0,,,0,,,0,,,0,,,0,0.0,,0,0.0,,1.0,0.0,1.0,3,0.0,0.6666666666666666,0,,,0,,,0.16666666666666666,1.791759469228055,0.25,0.18181818181818182,0.18181818181818182,0.1111111111111111,0.1111111111111111,3711.8333333333335,0.0,0.11166666666666666,0.8888888888888888,4.0,0.7,0.8333333333333334,1.0,0.13298860823813852,0.10526801023493092,4.0
Hipodromo de las Americas,2026-09-28,9,1f Stakes,201.0,,"{'eventId': '3438123', 'overall': None, 'rating': None, 'surface': 'Dirt', '__typename': 'TrackCondition'}",Dirt,,,9.0,False,3.0,3.0,55.75,,,85.0,Ag El Duque,2.0,Colt,CHESTNUT,Jess Navigating,The Only Rose,0.0,M Lopez Marmolejo,C Serrano,False,0.41,7.0,S,,46.0,5,39.0,31.0,46.0,6.782329983125268,6,17.0,31.0,17.0,6.0,0.0,5.0,4.8,2.0,9.0,0.0,0.2,0.2,,9.5,31.0,87.5,87.0,5.0,2.0,5.0,0.0,2.0,0.5,0.0,20.0,-100.0,85.0,0.0,0.0,17.0,35.0,5.0,7.0,,,,,,5,0.0,0.2,5,0.0,0.2,2,0.0,0.0,2,0.0,0.5,5,0.0,0.2,2,0.0,0.5,0,0.0,,0,0.0,,2,0.0,0.0,2,0.0,0.5,1,0.0,0.0,0,,,0,,,0,,,0,,,0,0.0,,0,0.0,,,,0.8090909090909091,5,0.0,0.2,0,,,0,,,0.021739130434782608,3.828641396489095,0.8235294117647058,0.38461538461538464,0.02564102564102564,0.3333333333333333,0.3333333333333333,3711.8333333333335,0.0,0.008913043478260869,0.5555555555555556,7.5,0.35,0.5,0.6,0.13298860823813852,0.03600727831211929,7.0
Hipodromo de las Americas,2026-09-28,9,1f Stakes,201.0,,"{'eventId': '3438123', 'overall': None, 'rating': None, 'surface': 'Dirt', '__typename': 'TrackCondition'}",Dirt,,,9.0,False,4.0,4.0,55.75,,,72.0,Je Bala Perdida,2.0,Filly,CHESTNUT,Senior Solo,Sharapova,0.0,E Jimenez,V Sanchez,False,0.14,6.0,,,8.5,5,7.7,7.0,8.5,0.6782329983125268,3,13.0,7.0,6.5,7.0,0.0,,4.6,2.0,,0.0,0.4,0.2,,12.2,25.8,,79.0,1.0,1.0,,0.0,,0.1666666666666667,0.0,0.0,0.0,72.0,0.0,0.0,0.0,21.0,5.0,10.0,,,,,,0,0.08,0.375,0,0.0,,0,0.0,,0,0.0,,0,0.0,,0,0.0,,0,0.0,,0,0.0,,0,0.0,,0,,,0,,,0,,,0,,,0,,,0,,,0,0.0,,0,0.0,,0.0,,0.8090909090909091,0,,,0,,,0,,,0.11764705882352941,2.1400661634962708,-0.46153846153846156,0.19480519480519481,0.12987012987012986,0.4444444444444444,0.4444444444444444,3711.8333333333335,0.0,0.01647058823529412,0.2222222222222222,5.0,0.6,0.5416666666666666,0.3,0.13298860823813852,0.05454164754366303,5.0
Hipodromo de las Americas,2026-09-28,9,1f Stakes,201.0,,"{'eventId': '3438123', 'overall': None, 'rating': None, 'surface': 'Dirt', '__typename': 'TrackCondition'}",Dirt,,,9.0,False,5.0,5.0,55.75,,,90.0,Romantic Blue Sky,2.0,Colt,CHESTNUT,My Famous Romance,A Blue Sky,0.0,A Moreno,H Zaragoza,False,0.58,6.0,S,,5.5,5,5.0,4.6,5.5,0.4147288270665545,2,4.4,4.6,4.4,1.0,1.0,1.0,3.0,3.0,3.0,0.0,1.0,0.0,,3.5,43.0,71.0,71.0,1.0,0.0,1.0,0.0,0.0,0.1666666666666667,0.0,50.0,-100.0,90.0,0.0,0.0,0.0,42.0,3.0,3.5,,,,,,2,0.0,0.5,2,0.0,0.5,1,0.0,1.0,1,0.0,0.0,2,0.0,0.5,1,0.0,0.0,0,0.0,,0,0.0,,1,0.0,0.0,1,0.0,1.0,0,,,0,,,0,,,0,,,0,,,0,0.0,,0,0.0,,,,0.8090909090909091,2,0.0,0.5,0,,,0,,,0.18181818181818182,1.7047480922384253,0.04545454545454529,0.18000000000000008,0.2,0.5555555555555556,0.5555555555555556,3711.8333333333335,0.0,0.10545454545454545,0.7777777777777778,3.0,0.8,1.0,0.8,0.13298860823813852,0.1888299739089723,3.0
Hipodromo de las Americas,2026-09-28,9,1f Stakes,201.0,,"{'eventId': '3438123', 'overall': None, 'rating': None, 'surface': 'Dirt', '__typename': 'TrackCondition'}",Dirt,,,9.0,False,6.0,6.0,55.75,,,100.0,Kc Reaper,2.0,Colt,CHESTNUT,Mr Eagle Master,Warm Devotion,0.0,H Mendoza,L Munoz,False,1.0,17.0,S,,2.25,5,2.07,1.9,2.25,0.1503329637837291,7,3.3,1.9,1.8,3.0,0.0,5.0,3.4,2.0,6.0,0.0,0.6,0.4,,8.25,31.0,94.33333333333331,93.0,5.0,2.0,5.0,0.0,1.0,2.333333333333333,0.0,60.0,-100.0,100.0,0.0,0.0,33.0,35.0,2.0,4.0,,,,,,5,0.0,0.6,5,0.0,0.6,1,0.0,1.0,2,0.0,0.5,5,0.0,0.6,2,0.0,0.5,0,0.0,,0,0.0,,1,0.0,1.0,1,0.0,0.0,1,0.0,0.0,0,,,0,,,0,,,0,,,0,0.0,,0,0.0,,,,0.8090909090909091,5,0.0,0.6,0,,,0,,,0.4444444444444444,0.8109302162163288,-0.42424242424242425,0.1690821256038648,0.48309178743961356,0.6666666666666666,0.6666666666666666,3711.8333333333335,0.0,0.4444444444444444,1.0,1.0,1.0,0.6666666666666666,0.9,0.13298860823813852,0.302448900940126,1.0
Hipodromo de las Americas,2026-09-28,9,1f Stakes,201.0,,"{'eventId': '3438123', 'overall': None, 'rating': None, 'surface': 'Dirt', '__typename': 'TrackCondition'}",Dirt,,,9.0,False,7.0,7.0,55.75,,,89.0,Principe Storm,2.0,Gelding,GREY,Red Storm Cat,Alpha Princess,0.0,J Cisneros Leyva,J Aguilar,False,0.29,1.0,S,,3.2,5,2.89,2.65,3.2,0.2537715508089904,6,2.0,2.65,1.9,1.0,1.0,4.0,4.5,4.0,5.0,0.0,0.0,0.0,,11.0,33.75,79.33333333333333,84.0,4.0,2.0,4.0,0.0,2.0,1.0,0.0,0.0,-100.0,89.0,0.0,0.0,14.0,35.0,4.0,7.5,,,,,,4,0.0,0.0,4,0.0,0.0,2,0.0,0.0,2,0.0,0.0,4,0.0,0.0,2,0.0,0.0,0,0.0,,0,0.0,,2,0.0,0.0,1,0.0,0.0,1,0.0,0.0,0,,,0,,,0,,,0,,,0,0.0,,0,0.0,,,,0.8090909090909091,4,0.0,0.0,0,,,0,,,0.3125,1.1631508098056809,0.32499999999999996,0.1903114186851212,0.3460207612456747,0.7777777777777778,0.7777777777777778,3711.8333333333335,0.0,0.090625,0.3333333333333333,2.0,0.9,0.25,0.3,0.13298860823813852,0.24113806536440316,2.0
Hipodromo de las Americas,2026-09-28,9,1f Stakes,201.0,,"{'eventId': '3438123', 'overall': None, 'rating': None, 'surface': 'Dirt', '__typename': 'TrackCondition'}",Dirt,,,9.0,False,8.0,8.0,55.75,,,80.0,Phenomenal High,2.0,Filly,CHESTNUT,A Phenomenal Jess,Valentina High,0.0,C Gomez Palacios,L Olvera,False,0.38,6.0,S,o,61.0,5,53.0,41.0,61.0,9.797958971132712,4,21.0,41.0,21.0,5.0,0.0,5.0,5.8,4.0,8.0,0.0,0.0,0.0,,9.333333333333334,32.2,82.33333333333333,84.0,5.0,1.0,5.0,0.0,1.0,-1.166666666666667,0.0,0.0,-100.0,80.0,0.0,0.0,0.0,21.0,8.0,13.0,,,,,,6,0.0,0.0,6,0.0,0.0,2,0.0,0.0,2,0.0,0.0,6,0.0,0.0,2,0.0,0.0,0,0.0,,0,0.0,,2,0.0,0.0,2,0.0,0.0,2,0.0,0.0,0,,,0,,,0,,,0,,,0,0.0,,0,0.0,,,,0.8090909090909091,6,0.0,0.0,0,,,0,,,0.01639344262295082,4.110873864173311,0.9523809523809523,0.37735849056603776,0.018867924528301886,0.8888888888888888,0.8888888888888888,3711.8333333333335,0.0,0.006229508196721312,0.4444444444444444,9.0,0.2,0.25,0.3,0.13298860823813852,0.03555612553999908,8.0
Hipodromo de las Americas,2026-09-28,9,1f Stakes,201.0,,"{'eventId': '3438123', 'overall': None, 'rating': None, 'surface': 'Dirt', '__typename': 'TrackCondition'}",Dirt,,,9.0,False,9.0,9.0,55.75,,,85.0,At Corono Aguerrido,2.0,Gelding,CHESTNUT,Aguerrido,None As Classic,0.0,L Fernandez Pasten,V Carapia,False,0.49,6.0,,,101.0,5,85.0,61.0,101.0,16.24807680927192,5,51.0,61.0,51.0,8.0,0.0,,4.6,2.0,,0.0,0.4,0.2,,12.2,25.8,,79.0,1.0,1.0,,0.0,,0.1666666666666667,0.0,0.0,0.0,85.0,0.0,0.0,50.0,21.0,5.0,10.0,,,,,,0,0.08,0.375,0,0.0,,0,0.0,,0,0.0,,0,0.0,,0,0.0,,0,0.0,,0,0.0,,0,0.0,,0,,,0,,,0,,,0,,,0,,,0,,,0,0.0,,0,0.0,,0.0,,0.8090909090909091,0,,,0,,,0,,,0.009900990099009901,4.61512051684126,0.19607843137254902,0.47058823529411764,0.011764705882352941,1.0,1.0,3711.8333333333335,0.0,0.0048514851485148515,0.6666666666666666,10.0,0.1,0.5416666666666666,0.3,0.13298860823813852,0.03620999815578626,6.0
Hipodromo Presidente Remon,2026-09-28,5,1m 1/2f Stakes - Race 5,1710.0,Group 3,"{'eventId': '3438128', 'overall': None, 'rating': None, 'surface': 'Dirt', '__typename': 'TrackCondition'}",Dirt,G3,,10.0,False,1.0,1.0,56.25,,,100.0,Jaque Doble,5.0,Unknown,BAY,Indiano,Goyesca,0.0,L Arango,E Ocana,False,0.38,29.0,S,tcdbn,1.8,1,1.8,1.8,1.8,,0,,,,2.0,0.0,5.0,1.8,1.0,3.0,0.4,1.0,0.8,0.0,2.1475,73.0,100.0,100.0,5.0,1.0,2.0,4.0,3.0,-1.1666666666666667,50.0,90.0,-56.0,100.0,0.0,0.0,28.0,77.0,3.0,2.0,,,,,,10,0.5,0.9,5,0.4,1.0,0,0.0,,2,1.0,1.0,10,0.5,0.9,2,1.0,1.0,0,0.0,,0,0.0,,6,0.5,0.8333333333333334,2,0.5,1.0,2,0.5,1.0,0,,,0,,,0,,,0,,,0,0.0,,0,0.0,,4.0,0.25,1.0,10,0.5,0.9,0,,,0,,,0.5555555555555556,0.5877866649021191,0.16393442622950818,0.0,0.5555555555555556,0.1,0.1,3711.8333333333335,0.0,0.2111111111111111,0.5,1.0,1.0,1.0,1.0,0.1509475938578106,0.20863903342703394,1.0
Hipodromo Presidente Remon,2026-09-28,5,1m 1/2f Stakes - Race 5,1710.0,Group 3,"{'eventId': '3438128', 'overall': None, 'rating': None, 'surface': 'Dirt', '__typename': 'TrackCondition'}",Dirt,G3,,10.0,False,2.0,2.0,56.25,,,74.0,Sol Dama Blanca,4.0,Unknown,GREY,Dublin,Beautiful Ally,0.0,J Carrion,R Amaya,False,1.0,6.0,U,tn,15.0,1,15.0,15.0,15.0,,0,,,,5.0,0.0,5.0,2.8,1.0,7.0,0.4,0.8,0.6,0.0,13.374,16.8,86.0,100.0,5.0,0.0,0.0,1.0,0.0,1.3333333333333337,12.0,54.0,-59.0,74.0,0.0,0.0,22.0,7.0,1.0,2.37,,,,,,26,0.1153846153846153,0.5384615384615384,24,0.125,0.5833333333333334,3,0.6666666666666666,1.0,0,0.0,,26,0.1153846153846153,0.5384615384615384,0,0.0,,0,0.0,,0,0.0,,1,0.0,0.0,1,0.0,0.0,1,0.0,0.0,0,,,0,,,0,,,0,,,0,0.0,,0,0.0,,2.0,0.5,1.0,26,0.1153846153846153,0.5384615384615384,0,,,0,,,0.06666666666666667,2.70805020110221,0.16393442622950818,0.0,0.06666666666666667,0.2,0.2,3711.8333333333335,0.0,0.06666666666666667,1.0,8.5,0.25,0.7,0.1,0.1509475938578106,0.05085210392046396,7.0
Hipodromo Presidente Remon,2026-09-28,5,1m 1/2f Stakes - Race 5,1710.0,Group 3,"{'eventId': '3438128', 'overall': None, 'rating': None, 'surface': 'Dirt', '__typename': 'TrackCondition'}",Dirt,G3,,10.0,False,3.0,3.0,56.25,,-2.25,70.0,Lady Greeley,5.0,Unknown,BAY,Leave The Light On,Algarette,0.0,D Aparicio,A Berguido,False,0.08,4.0,U,tn,34.0,1,34.0,34.0,34.0,,0,,,,8.0,0.0,5.0,3.0,1.0,6.0,0.4,0.6,0.4,0.0,8.866,18.2,86.8,80.0,5.0,1.0,0.0,0.0,0.0,0.8333333333333335,28.0,61.0,-14.0,70.0,0.0,0.0,30.0,21.0,4.0,10.0,,,,,,18,0.2777777777777778,0.6111111111111112,12,0.3333333333333333,0.6666666666666666,2,0.5,0.5,2,0.0,0.0,18,0.2777777777777778,0.6111111111111112,2,0.0,0.0,0,0.0,,0,0.0,,2,0.5,1.0,2,0.0,0.0,2,1.0,1.0,0,,,0,,,0,,,0,,,0,0.0,,0,0.0,,2.0,0.5,1.0,18,0.2777777777777778,0.6111111111111112,0,,,0,,,0.029411764705882353,3.5263605246161616,0.16393442622950818,0.0,0.029411764705882353,0.3,0.3,3711.8333333333335,0.0,0.0023529411764705885,0.2,10.0,0.1,0.3,0.4,0.1509475938578106,0.0434426294605207,9.0
Hipodromo Presidente Remon,2026-09-28,5,1m 1/2f Stakes - Race 5,1710.0,Group 3,"{'eventId': '3438128', 'overall': None, 'rating': None, 'surface': 'Dirt', '__typename': 'TrackCondition'}",Dirt,G3,,10.0,False,4.0,4.0,56.25,,,74.0,My Sharona,7.0,Unknown,BAY,Greenspring,Hishi Rock,0.0,S Sanchez,L Magallon,False,0.22,6.0,U,tcdn,8.5,1,8.5,8.5,8.5,,0,,,,7.0,0.0,5.0,3.4,1.0,5.0,0.2,0.4,0.2,0.0,6.833333333333333,28.0,86.0,92.0,5.0,0.0,1.0,0.0,0.0,-1.0,33.0,56.0,71.0,74.0,0.0,0.0,22.0,29.0,4.0,4.5,,,,,,9,0.3333333333333333,0.5555555555555556,9,0.3333333333333333,0.5555555555555556,2,0.0,0.0,1,1.0,1.0,9,0.3333333333333333,0.5555555555555556,1,1.0,1.0,0,0.0,,0,0.0,,1,0.0,1.0,1,1.0,1.0,1,1.0,1.0,0,,,0,,,0,,,0,,,0,0.0,,0,0.0,,,,0.8090909090909091,9,0.3333333333333333,0.5555555555555556,0,,,0,,,0.11764705882352941,2.1400661634962708,0.16393442622950818,0.0,0.11764705882352941,0.4,0.4,3711.8333333333335,0.0,0.02588235294117647,0.3,5.0,0.6,0.1,0.2,0.1509475938578106,0.07323171671567916,6.0
Hipodromo Presidente Remon,2026-09-28,5,1m 1/2f Stakes - Race 5,1710.0,Group 3,"{'eventId': '3438128', 'overall': None, 'rating': None, 'surface': 'Dirt', '__typename': 'TrackCondition'}",Dirt,G3,,10.0,False,5.0,5.0,56.25,,,76.0,Wonder Lady,5.0,Unknown,CHESTNUT,Dublin,One Million Lady,0.0,O Hernandez Jr,R Fernandez P,False,0.38,4.0,U,tcdn,6.0,1,6.0,6.0,6.0,,0,,,,1.0,1.0,5.0,2.6,1.0,6.0,0.4,0.8,0.6,0.0,5.998,25.4,91.6,100.0,5.0,1.0,2.0,0.0,0.0,0.1666666666666665,29.0,64.0,20.0,76.0,0.0,0.0,15.0,29.0,3.0,8.0,,,,,,14,0.2857142857142857,0.6428571428571429,9,0.3333333333333333,0.6666666666666666,2,0.0,1.0,3,0.3333333333333333,0.6666666666666666,14,0.2857142857142857,0.6428571428571429,3,0.3333333333333333,0.6666666666666666,0,0.0,,0,0.0,,3,0.0,0.0,2,0.5,1.0,2,0.5,0.5,0,,,0,,,0,,,0,,,0,0.0,,0,0.0,,,,0.8090909090909091,14,0.2857142857142857,0.6428571428571429,0,,,0,,,0.16666666666666666,1.791759469228055,0.16393442622950818,0.0,0.16666666666666666,0.5,0.5,3711.8333333333335,0.0,0.06333333333333332,0.5,3.0,0.8,0.7,0.7,0.1509475938578106,0.15093734388997745,3.0
Hipodromo Presidente Remon,2026-09-28,5,1m 1/2f Stakes - Race 5,1710.0,Group 3,"{'eventId': '3438128', 'overall': None, 'rating': None, 'surface': 'Dirt', '__typename': 'TrackCondition'}",Dirt,G3,,10.0,False,6.0,6.0,56.25,,,70.0,Noche De Cumbia,5.0,Unknown,CHESTNUT,The Roudhouse,Blaugrana,0.0,J Barria,N Ayala,False,0.46,4.0,U,tn,15.0,1,15.0,15.0,15.0,,0,,,,3.0,0.0,5.0,2.8,1.0,5.0,0.2,0.6,0.6,0.0,7.424000000000001,55.2,95.0,90.0,5.0,1.0,0.0,0.0,1.0,-1.1666666666666663,38.0,62.0,-48.0,70.0,0.0,0.0,0.0,21.0,2.0,15.0,,,,,,13,0.3846153846153846,0.6153846153846154,9,0.3333333333333333,0.5555555555555556,2,0.0,0.5,1,0.0,1.0,13,0.3846153846153846,0.6153846153846154,1,0.0,1.0,0,0.0,,0,0.0,,3,0.3333333333333333,0.6666666666666666,3,0.6666666666666666,0.6666666666666666,3,0.0,0.3333333333333333,0,,,0,,,0,,,0,,,0,0.0,,0,0.0,,1.0,1.0,1.0,13,0.3846153846153846,0.6153846153846154,0,,,0,,,0.06666666666666667,2.70805020110221,0.16393442622950818,0.0,0.06666666666666667,0.6,0.6,3711.8333333333335,0.0,0.03066666666666667,0.7,8.5,0.25,0.3,0.55,0.1509475938578106,0.04901967015527269,8.0
Hipodromo Presidente Remon,2026-09-28,5,1m 1/2f Stakes - Race 5,1710.0,Group 3,"{'eventId': '3438128', 'overall': None, 'rating': None, 'surface': 'Dirt', '__typename': 'TrackCondition'}",Dirt,G3,,10.0,False,8.0,8.0,56.25,,,82.0,Aryna,4.0,Unknown,BAY,El Indispensable,Ale A,0.0,O Benitez,J Cespedes,False,0.52,6.0,U,tn,5.5,1,5.5,5.5,5.5,,0,,,,9.0,0.0,5.0,3.2,1.0,8.0,0.4,0.6,0.6,0.0,6.516,21.0,84.0,99.0,5.0,0.0,2.0,2.0,0.0,1.1666666666666663,36.0,57.0,-41.0,82.0,0.0,0.0,21.0,17.0,1.0,2.0,,,,,,14,0.3571428571428571,0.5714285714285714,10,0.4,0.5,2,0.5,0.5,1,0.0,0.0,14,0.3571428571428571,0.5714285714285714,1,0.0,0.0,0,0.0,,0,0.0,,2,0.5,1.0,2,0.0,0.5,2,0.5,0.5,0,,,0,,,0,,,0,,,0,0.0,,0,0.0,,4.0,0.5,0.5,14,0.3571428571428571,0.5714285714285714,0,,,0,,,0.18181818181818182,1.7047480922384253,0.16393442622950818,0.0,0.18181818181818182,0.8,0.8,3711.8333333333335,0.0,0.09454545454545456,0.8,2.0,0.9,0.3,0.3,0.1509475938578106,0.2044559507830121,2.0
Hipodromo Presidente Remon,2026-09-28,5,1m 1/2f Stakes - Race 5,1710.0,Group 3,"{'eventId': '3438128', 'overall': None, 'rating': None, 'surface': 'Dirt', '__typename': 'TrackCondition'}",Dirt,G3,,10.0,False,9.0,9.0,56.25,,,86.0,Romelier,4.0,Unknown,BAY,Salustio,Keki Keki,0.0,L Lezcano,R Arango,False,0.72,5.0,U,tcdn,9.5,1,9.5,9.5,9.5,,0,,,,6.0,0.0,5.0,2.4,1.0,4.0,0.2,0.8,0.6,0.0,7.172,15.4,94.5,90.0,5.0,1.0,1.0,1.0,0.0,-0.1666666666666665,30.0,75.0,-91.0,86.0,0.0,0.0,27.0,21.0,3.0,3.25,,,,,,20,0.3,0.75,15,0.2,0.8,3,0.3333333333333333,1.0,5,0.2,0.8,20,0.3,0.75,5,0.2,0.8,0,0.0,,0,0.0,,3,0.3333333333333333,1.0,3,0.3333333333333333,1.0,3,0.6666666666666666,0.6666666666666666,0,,,0,,,0,,,0,,,0,0.0,,0,0.0,,2.0,0.5,0.5,20,0.3,0.75,0,,,0,,,0.10526315789473684,2.2512917986064953,0.16393442622950818,0.0,0.10526315789473684,0.9,0.9,3711.8333333333335,0.0,0.07578947368421052,0.9,6.0,0.5,0.7,0.9,0.1509475938578106,0.08998233601737408,5.0
Hipodromo Presidente Remon,2026-09-28,5,1m 1/2f Stakes - Race 5,1710.0,Group 3,"{'eventId': '3438128', 'overall': None, 'rating': None, 'surface': 'Dirt', '__typename': 'TrackCondition'}",Dirt,G3,,10.0,False,10.0,10.0,56.25,,,72.0,Dejanira,6.0,Unknown,BAY,Speir,Paynter S Moon,0.0,M Castillo,M Rojas A,False,0.01,3.0,U,tn,13.0,1,13.0,13.0,13.0,,0,,,,4.0,0.0,5.0,2.2,1.0,5.0,0.6,0.8,0.6,0.0,11.333333333333334,40.6,72.33333333333333,73.0,5.0,0.0,2.0,0.0,1.0,-1.3333333333333333,38.0,62.0,-13.0,72.0,0.0,0.0,12.0,36.0,1.0,6.5,,,,,,13,0.3846153846153846,0.6153846153846154,10,0.4,0.7,1,1.0,1.0,3,0.0,0.3333333333333333,13,0.3846153846153846,0.6153846153846154,3,0.0,0.3333333333333333,0,0.0,,0,0.0,,2,0.5,0.5,3,0.0,0.6666666666666666,3,0.3333333333333333,0.3333333333333333,0,,,0,,,0,,,0,,,0,0.0,,0,0.0,,1.0,1.0,1.0,13,0.3846153846153846,0.6153846153846154,0,,,0,,,0.07692307692307693,2.5649493574615367,0.16393442622950818,0.0,0.07692307692307693,1.0,1.0,3711.8333333333335,0.0,0.0007692307692307693,0.1,7.0,0.4,0.7,0.55,0.1509475938578106,0.12943921563066596,4.0
Hipodromo Presidente Remon,2026-09-28,7,1m 1f Stakes - Race 7,1811.0,Group 2,"{'eventId': '3438130', 'overall': None, 'rating': None, 'surface': 'Dirt', '__typename': 'TrackCondition'}",Dirt,G2,,8.0,False,1.0,1.0,54.5,,,76.0,Silencio Criminal,3.0,Unknown,CHESTNUT,Giant Gizmo,Miss Tip Tap Top,0.0,A Rivas,A Rodriguez,False,0.49,3.0,S,tn,51.0,1,51.0,51.0,51.0,,0,,,,2.0,0.0,5.0,3.8,1.0,8.0,0.2,0.6,0.4,0.0,6.225,57.4,97.33333333333331,92.0,5.0,1.0,1.0,1.0,2.0,-2.833333333333333,25.0,63.0,-36.0,76.0,0.0,0.0,24.0,28.0,8.0,15.0,,,,,,8,0.25,0.625,8,0.25,0.625,2,0.0,0.5,1,0.0,0.0,8,0.25,0.625,1,0.0,0.0,0,0.0,,0,0.0,,3,0.3333333333333333,1.0,3,0.0,0.0,1,0.0,1.0,0,,,0,,,0,,,0,,,0,0.0,,0,0.0,,2.0,0.0,1.0,8,0.25,0.625,0,,,0,,,0.0196078431372549,3.9318256327243257,0.16393442622950818,0.0,0.0196078431372549,0.125,0.125,3711.8333333333335,0.0,0.009607843137254901,0.625,8.0,0.125,0.4375,0.625,0.18125763268952122,0.030169858014353228,7.0
Hipodromo Presidente Remon,2026-09-28,7,1m 1f Stakes - Race 7,1811.0,Group 2,"{'eventId': '3438130', 'overall': None, 'rating': None, 'surface': 'Dirt', '__typename': 'TrackCondition'}",Dirt,G2,,8.0,False,3.0,3.0,54.5,,,70.0,Capo Falcone,3.0,Unknown,CHESTNUT,Salustio,Hurrem,0.0,L Lezcano,R Arango,False,0.6,14.0,S,tn,2.7,1,2.7,2.7,2.7,,0,,,,4.0,0.0,5.0,2.8,1.0,7.0,0.4,0.8,0.6,0.0,13.833333333333334,49.2,84.0,78.0,5.0,2.0,2.0,1.0,1.0,-2.833333333333333,22.0,78.0,-69.0,70.0,0.0,0.0,27.0,28.0,2.0,29.0,,,,,,9,0.2222222222222222,0.7777777777777778,8,0.25,0.875,2,0.0,0.5,2,0.0,0.5,9,0.2222222222222222,0.7777777777777778,2,0.0,0.5,0,0.0,,0,0.0,,2,0.0,0.0,2,0.0,1.0,1,0.0,1.0,0,,,0,,,0,,,0,,,0,0.0,,0,0.0,,1.0,1.0,1.0,9,0.2222222222222222,0.7777777777777778,0,,,0,,,0.37037037037037035,0.9932517730102834,0.16393442622950818,0.0,0.37037037037037035,0.375,0.375,3711.8333333333335,0.0,0.2222222222222222,0.75,2.0,0.875,0.75,0.75,0.18125763268952122,0.20263566008287434,3.0
Hipodromo Presidente Remon,2026-09-28,7,1m 1f Stakes - Race 7,1811.0,Group 2,"{'eventId': '3438130', 'overall': None, 'rating': None, 'surface': 'Dirt', '__typename': 'TrackCondition'}",Dirt,G2,,8.0,False,4.0,4.0,54.5,,,76.0,Imponente,3.0,Unknown,BAY,Giant Gizmo,A Capela,0.0,J Osorio,R Jaen,False,0.36,2.0,U,tn,9.0,1,9.0,9.0,9.0,,0,,,,6.0,0.0,2.0,4.5,1.0,8.0,0.5,0.5,0.5,0.0,4.0,35.0,78.0,70.0,2.0,0.0,0.0,0.0,2.0,0.1666666666666667,50.0,50.0,150.0,76.0,0.0,0.0,16.0,22.0,1.0,5.0,,,,,,2,0.5,0.5,2,0.5,0.5,1,1.0,1.0,0,0.0,,2,0.5,0.5,0,0.0,,0,0.0,,0,0.0,,2,0.5,0.5,0,,,0,,,0,,,0,,,0,,,0,,,0,0.0,,0,0.0,,,,0.8090909090909091,2,0.5,0.5,0,,,0,,,0.1111111111111111,2.1972245773362196,0.16393442622950818,0.0,0.1111111111111111,0.5,0.5,3711.8333333333335,0.0,0.039999999999999994,0.5,4.0,0.625,0.125,0.3125,0.18125763268952122,0.07978696721939559,4.0
Hipodromo Presidente Remon,2026-09-28,7,1m 1f Stakes - Race 7,1811.0,Group 2,"{'eventId': '3438130', 'overall': None, 'rating': None, 'surface': 'Dirt', '__typename': 'TrackCondition'}",Dirt,G2,,8.0,False,5.0,5.0,54.5,,,87.0,Spotlight,3.0,Unknown,CHESTNUT,Leave The Light On,Dublitin,0.0,J Carrion,L Paz Rodriguez,False,1.0,24.0,S,tn,5.5,1,5.5,5.5,5.5,,0,,,,3.0,0.0,5.0,2.0,1.0,3.0,0.4,1.0,0.6,0.0,5.5,73.2,91.66666666666669,92.0,5.0,2.0,2.0,0.0,3.0,-0.8333333333333333,33.0,100.0,30.0,87.0,0.0,0.0,27.0,28.0,3.0,3.5,,,,,,6,0.3333333333333333,1.0,5,0.4,1.0,2,0.0,1.0,2,0.0,1.0,6,0.3333333333333333,1.0,2,0.0,1.0,0,0.0,,0,0.0,,4,0.5,1.0,2,0.0,1.0,0,,,0,,,0,,,0,,,0,,,0,0.0,,0,0.0,,,,0.8090909090909091,6,0.3333333333333333,1.0,0,,,0,,,0.18181818181818182,1.7047480922384253,0.16393442622950818,0.0,0.18181818181818182,0.625,0.625,3711.8333333333335,0.0,0.18181818181818182,1.0,3.0,0.75,0.9375,0.9375,0.18125763268952122,0.20426924526634596,2.0
Hipodromo Presidente Remon,2026-09-28,7,1m 1f Stakes - Race 7,1811.0,Group 2,"{'eventId': '3438130', 'overall': None, 'rating': None, 'surface': 'Dirt', '__typename': 'TrackCondition'}",Dirt,G2,,8.0,False,6.0,6.0,54.5,,,74.0,Con Paso Firme,3.0,Unknown,BAY,Jaguar Paw,Tale Of Tuscany,0.0,J Barria,R Arango,False,0.24,6.0,S,tn,13.0,1,13.0,13.0,13.0,,0,,,,7.0,0.0,5.0,3.2,1.0,5.0,0.2,0.6,0.4,0.0,6.55,21.2,79.2,79.0,5.0,2.0,2.0,0.0,0.0,-3.0,17.0,50.0,-59.0,74.0,0.0,0.0,22.0,28.0,5.0,15.0,,,,,,12,0.1666666666666666,0.5,12,0.1666666666666666,0.5,2,0.0,0.0,2,0.0,0.0,12,0.1666666666666666,0.5,2,0.0,0.0,0,0.0,,0,0.0,,2,0.5,1.0,2,0.0,0.5,2,0.5,1.0,0,,,0,,,0,,,0,,,0,0.0,,0,0.0,,1.0,0.0,1.0,12,0.1666666666666666,0.5,0,,,0,,,0.07692307692307693,2.5649493574615367,0.16393442622950818,0.0,0.07692307692307693,0.75,0.75,3711.8333333333335,0.0,0.018461538461538463,0.375,6.0,0.375,0.4375,0.3125,0.18125763268952122,0.05259774845848324,6.0
Hipodromo Presidente Remon,2026-09-28,7,1m 1f Stakes - Race 7,1811.0,Group 2,"{'eventId': '3438130', 'overall': None, 'rating': None, 'surface': 'Dirt', '__typename': 'TrackCondition'}",Dirt,G2,,8.0,False,7.0,7.0,54.5,,,76.0,Mente Brillante,3.0,Unknown,BAY,Dublin,Martes De Carnaval,0.0,L Jurado,R Jaen,False,0.01,1.0,S,tn,9.5,1,9.5,9.5,9.5,,0,,,,5.0,0.0,5.0,3.0,1.0,4.0,0.2,0.6,0.2,0.0,10.5,31.0,73.0,76.0,5.0,2.0,2.0,0.0,0.0,-0.8333333333333335,18.0,45.0,-34.0,76.0,0.0,0.0,0.0,28.0,4.0,6.5,,,,,,11,0.1818181818181818,0.4545454545454545,11,0.1818181818181818,0.4545454545454545,2,0.0,0.5,2,0.0,0.5,11,0.1818181818181818,0.4545454545454545,2,0.0,0.5,0,0.0,,0,0.0,,2,0.0,0.0,2,0.0,0.5,2,0.5,0.5,0,,,0,,,0,,,0,,,0,0.0,,0,0.0,,,,0.8090909090909091,11,0.1818181818181818,0.4545454545454545,0,,,0,,,0.10526315789473684,2.2512917986064953,0.16393442622950818,0.0,0.10526315789473684,0.875,0.875,3711.8333333333335,0.0,0.0010526315789473684,0.125,5.0,0.5,0.4375,0.125,0.18125763268952122,0.07668426202306099,5.0
Hipodromo Presidente Remon,2026-09-28,7,1m 1f Stakes - Race 7,1811.0,Group 2,"{'eventId': '3438130', 'overall': None, 'rating': None, 'surface': 'Dirt', '__typename': 'TrackCondition'}",Dirt,G2,,8.0,False,8.0,8.0,54.5,,,100.0,Indian Music,3.0,Unknown,CHESTNUT,California Music,India Mora,0.0,Y Lasso,A Rodriguez,False,0.93,35.0,S,tcdn,1.8,1,1.8,1.8,1.8,,0,,,,1.0,1.0,5.0,1.4,1.0,3.0,0.8,1.0,0.8,0.0,1.955,29.6,98.5,100.0,5.0,2.0,2.0,3.0,1.0,0.6666666666666667,80.0,100.0,54.0,100.0,0.0,0.0,29.0,28.0,1.0,1.66,,,,,,5,0.8,1.0,5,0.8,1.0,2,1.0,1.0,2,1.0,1.0,5,0.8,1.0,2,1.0,1.0,0,0.0,,0,0.0,,1,1.0,1.0,1,1.0,1.0,1,0.0,1.0,0,,,0,,,0,,,0,,,0,0.0,,0,0.0,,3.0,0.6666666666666666,1.0,5,0.8,1.0,0,,,0,,,0.5555555555555556,0.5877866649021191,0.16393442622950818,0.0,0.5555555555555556,1.0,1.0,3711.8333333333335,0.0,0.5166666666666667,0.875,1.0,1.0,0.9375,0.9375,0.18125763268952122,0.3538562589354866,1.0
Hipodromo Presidente Remon,2026-09-28,1,5f Stakes - Race 1,1006.0,,"{'eventId': '3438124', 'overall': None, 'rating': None, 'surface': 'Dirt', '__typename': 'TrackCondition'}",Dirt,,,6.0,False,2.0,2.0,54.0,,,83.0,Fire Light,3.0,Unknown,BAY,Live The Light On,Sweet Juana,0.0,O Benitez,J Cespedes,False,0.01,15.0,D,to,1.4,1,1.4,1.4,1.4,,0,,,,4.0,0.0,5.0,3.2,1.0,9.0,0.2,0.8,0.8,0.0,9.366666666666667,61.8,85.66666666666667,80.0,5.0,0.0,3.0,1.0,1.0,-3.833333333333333,17.0,67.0,-100.0,83.0,0.0,0.0,21.0,56.0,9.0,13.0,,,,,,6,0.1666666666666666,0.6666666666666666,6,0.1666666666666666,0.6666666666666666,1,0.0,0.0,0,0.0,,6,0.1666666666666666,0.6666666666666666,0,0.0,,0,0.0,,0,0.0,,2,0.0,0.5,1,1.0,1.0,1,0.0,1.0,0,,,0,,,0,,,0,,,0,0.0,,0,0.0,,1.0,0.0,1.0,6,0.1666666666666666,0.6666666666666666,0,,,0,,,0.7142857142857143,0.3364722366212129,0.16393442622950818,0.0,0.7142857142857143,0.3333333333333333,0.3333333333333333,3711.8333333333335,1.4320837803927338,0.0071428571428571435,0.16666666666666666,1.0,1.0,1.0,0.8571428571428571,0.21900305576776166,0.22763226509315201,2.0
Hipodromo Presidente Remon,2026-09-28,1,5f Stakes - Race 1,1006.0,,"{'eventId': '3438124', 'overall': None, 'rating': None, 'surface': 'Dirt', '__typename': 'TrackCondition'}",Dirt,,,6.0,False,3.0,3.0,52.5,,,100.0,Wisemans Breeze,3.0,Unknown,BAY,Malibu Wind,Negra Consentida,0.0,R Fuentes,P Torres,False,0.22,18.0,S,tcdn,11.0,1,11.0,11.0,11.0,,0,,,,2.0,0.0,4.0,3.25,1.0,6.0,0.5,0.5,0.5,0.0,2.6566666666666667,35.25,89.66666666666667,94.0,4.0,1.0,4.0,1.0,2.0,0.5,50.0,50.0,24.0,100.0,0.0,0.0,0.0,7.0,5.0,3.0,,,,,,4,0.5,0.5,4,0.5,0.5,2,0.5,0.5,1,1.0,1.0,4,0.5,0.5,1,1.0,1.0,0,0.0,,0,0.0,,2,0.5,0.5,2,0.5,0.5,0,,,0,,,0,,,0,,,0,,,0,0.0,,0,0.0,,1.0,1.0,1.0,4,0.5,0.5,0,,,0,,,0.09090909090909091,2.3978952727983707,0.16393442622950818,0.0,0.09090909090909091,0.5,0.5,3711.8333333333335,0.2972249355532107,0.02,0.5,4.0,0.5,0.3333333333333333,0.5714285714285714,0.21900305576776166,0.07942001660546387,5.0
Hipodromo Presidente Remon,2026-09-28,1,5f Stakes - Race 1,1006.0,,"{'eventId': '3438124', 'overall': None, 'rating': None, 'surface': 'Dirt', '__typename': 'TrackCondition'}",Dirt,,,6.0,False,4.0,4.0,50.75,,-2.25,92.0,Molecular,3.0,Unknown,CHESTNUT,Dandy Del Barrio,Pop Funky,0.0,M Haldar,J Zuniga,False,1.0,8.0,S,tn,12.0,1,12.0,12.0,12.0,,0,,,,6.0,0.0,5.0,2.6,1.0,4.0,0.2,0.6,0.6,0.0,6.375,28.2,94.25,94.0,5.0,0.0,5.0,0.0,0.0,0.1666666666666665,14.0,57.0,-64.0,92.0,0.0,0.0,17.0,7.0,4.0,4.5,,,,,,7,0.1428571428571428,0.5714285714285714,7,0.1428571428571428,0.5714285714285714,2,0.5,0.5,0,0.0,,7,0.1428571428571428,0.5714285714285714,0,0.0,,0,0.0,,0,0.0,,1,0.0,1.0,1,0.0,0.0,1,0.0,0.0,0,,,0,,,0,,,0,,,0,0.0,,0,0.0,,,,0.8090909090909091,7,0.1428571428571428,0.5714285714285714,0,,,0,,,0.08333333333333333,2.4849066497880004,0.16393442622950818,0.0,0.08333333333333333,0.6666666666666666,0.6666666666666666,3711.8333333333335,-1.0267770500928994,0.08333333333333333,1.0,5.0,0.3333333333333333,0.5833333333333334,0.7142857142857143,0.21900305576776166,0.11750808948692125,4.0
Hipodromo Presidente Remon,2026-09-28,1,5f Stakes - Race 1,1006.0,,"{'eventId': '3438124', 'overall': None, 'rating': None, 'surface': 'Dirt', '__typename': 'TrackCondition'}",Dirt,,,6.0,False,5.0,5.0,52.5,,,100.0,Leader Of The Band,3.0,Unknown,BAY,Tom S D Etat,Nalea,0.0,F Salgado,E Ocana,False,0.08,12.0,D,to,6.0,1,6.0,6.0,6.0,,0,,,,1.0,1.0,4.0,3.75,1.0,9.0,0.25,0.75,0.5,0.0,4.04,30.0,91.66666666666669,88.0,4.0,1.0,3.0,0.0,2.0,-3.5,25.0,75.0,-100.0,100.0,0.0,0.0,21.0,28.0,9.0,6.5,,,,,,4,0.25,0.75,4,0.25,0.75,2,0.0,0.5,1,0.0,1.0,4,0.25,0.75,1,0.0,1.0,0,0.0,,0,0.0,,2,0.5,1.0,1,0.0,1.0,1,0.0,0.0,0,,,0,,,0,,,0,,,0,0.0,,0,0.0,,,,0.8090909090909091,4,0.25,0.75,0,,,0,,,0.16666666666666666,1.791759469228055,0.16393442622950818,0.0,0.16666666666666666,0.8333333333333334,0.8333333333333334,3711.8333333333335,0.2972249355532107,0.013333333333333332,0.3333333333333333,3.0,0.6666666666666666,0.8333333333333334,1.0,0.21900305576776166,0.17222336237769068,3.0
Hipodromo Presidente Remon,2026-09-28,1,5f Stakes - Race 1,1006.0,,"{'eventId': '3438124', 'overall': None, 'rating': None, 'surface': 'Dirt', '__typename': 'TrackCondition'}",Dirt,,,6.0,False,6.0,6.0,52.5,,,75.0,Kandahar W,3.0,Unknown,CHESTNUT,Dublin,Aurora Boreal,0.0,A Delgado,Z Torchia,False,0.49,6.0,S,tn,17.0,1,17.0,17.0,17.0,,0,,,,3.0,0.0,5.0,3.2,1.0,5.0,0.2,0.6,0.2,0.0,11.6,17.0,84.2,70.0,5.0,0.0,5.0,0.0,0.0,-0.5,11.0,33.0,-50.0,75.0,0.0,0.0,50.0,7.0,3.0,3.0,,,,,,9,0.1111111111111111,0.3333333333333333,9,0.1111111111111111,0.3333333333333333,2,0.0,0.5,0,0.0,,9,0.1111111111111111,0.3333333333333333,0,0.0,,0,0.0,,0,0.0,,1,0.0,0.0,1,0.0,0.0,1,0.0,0.0,0,,,0,,,0,,,0,,,0,0.0,,0,0.0,,,,0.8090909090909091,9,0.1111111111111111,0.3333333333333333,0,,,0,,,0.058823529411764705,2.833213344056216,0.16393442622950818,0.0,0.058823529411764705,1.0,1.0,3711.8333333333335,0.2972249355532107,0.028823529411764706,0.6666666666666666,6.0,0.16666666666666666,0.5833333333333334,0.14285714285714285,0.21900305576776166,0.06952481421911375,6.0
Hipodromo Presidente Remon,2026-09-28,1,5f Stakes - Race 1,1006.0,,"{'eventId': '3438124', 'overall': None, 'rating': None, 'surface': 'Dirt', '__typename': 'TrackCondition'}",Dirt,,,6.0,False,7.0,7.0,52.5,,,83.0,Majestic Winner,3.0,Unknown,BROWN,Dandy Del Barrio,Ultimate Life,0.0,S Sanchez,B Galvez,False,0.61,3.0,S,tn,5.0,1,5.0,5.0,5.0,,0,,,,5.0,0.0,5.0,3.8,1.0,6.0,0.2,0.4,0.2,0.0,6.274,22.6,76.4,74.0,5.0,0.0,5.0,1.0,1.0,3.0,20.0,40.0,-48.0,83.0,0.0,0.0,15.0,7.0,3.0,6.0,,,,,,5,0.2,0.4,5,0.2,0.4,2,0.5,1.0,0,0.0,,5,0.2,0.4,0,0.0,,0,0.0,,0,0.0,,1,0.0,0.0,1,0.0,0.0,1,0.0,0.0,0,,,0,,,0,,,0,,,0,0.0,,0,0.0,,1.0,0.0,0.0,5,0.2,0.4,0,,,0,,,0.2,1.6094379124341003,0.16393442622950818,0.0,0.2,1.1666666666666667,1.1666666666666667,3711.8333333333335,0.2972249355532107,0.122,0.8333333333333334,2.0,0.8333333333333334,0.16666666666666666,0.2857142857142857,0.21900305576776166,0.33369145221765845,1.0
Hipodromo Presidente Remon,2026-09-28,6,6 1/2f Stakes - Race 6,1308.0,,"{'eventId': '3438129', 'overall': None, 'rating': None, 'surface': 'Dirt', '__typename': 'TrackCondition'}",Dirt,,,7.0,False,1.0,1.0,51.25,,,87.0,Just War,5.0,Unknown,BAY,Bashart,Dublitin,0.0,C Castillo,Z Torchia,False,0.48,20.0,S,tn,8.5,1,8.5,8.5,8.5,,0,,,,3.0,0.0,5.0,3.6,1.0,7.0,0.2,0.4,0.4,0.0,8.3,24.2,85.8,85.0,5.0,0.0,5.0,0.0,1.0,-3.1666666666666665,45.0,73.0,-21.0,87.0,0.0,0.0,36.0,8.0,7.0,6.0,,,,,,11,0.4545454545454545,0.7272727272727273,11,0.4545454545454545,0.7272727272727273,3,0.3333333333333333,0.3333333333333333,0,0.0,,11,0.4545454545454545,0.7272727272727273,0,0.0,,0,0.0,,0,0.0,,2,1.0,1.0,2,0.0,0.5,2,0.5,0.5,0,,,0,,,0,,,0,,,0,0.0,,0,0.0,,,,0.8090909090909091,11,0.4545454545454545,0.7272727272727273,0,,,0,,,0.11764705882352941,2.1400661634962708,0.16393442622950818,0.0,0.11764705882352941,0.14285714285714285,0.14285714285714285,3711.8333333333335,-0.3891202897251322,0.05647058823529411,0.5714285714285714,4.0,0.5714285714285714,0.35714285714285715,0.8571428571428571,0.19531576585977292,0.09412192359194999,5.0
Hipodromo Presidente Remon,2026-09-28,6,6 1/2f Stakes - Race 6,1308.0,,"{'eventId': '3438129', 'overall': None, 'rating': None, 'surface': 'Dirt', '__typename': 'TrackCondition'}",Dirt,,,7.0,False,2.0,2.0,52.25,,,80.0,Tenderete,4.0,Unknown,BAY,Bashart,Andrea,0.0,A Delgado,Z Torchia,False,0.76,2.0,S,tn,9.5,1,9.5,9.5,9.5,,0,,,,7.0,0.0,5.0,2.4,1.0,4.0,0.4,0.8,0.4,0.0,9.25,11.2,76.0,90.0,5.0,1.0,5.0,0.0,0.0,2.333333333333333,10.0,40.0,-61.0,80.0,0.0,0.0,50.0,14.0,1.0,3.75,,,,,,30,0.1,0.4,30,0.1,0.4,4,0.5,0.75,5,0.0,0.4,30,0.1,0.4,5,0.0,0.4,0,0.0,,0,0.0,,2,0.0,0.0,2,0.0,1.0,2,0.0,0.0,0,,,0,,,0,,,0,,,0,0.0,,0,0.0,,,,0.8090909090909091,30,0.1,0.4,0,,,0,,,0.10526315789473684,2.2512917986064953,0.16393442622950818,0.0,0.10526315789473684,0.2857142857142857,0.2857142857142857,3711.8333333333335,0.2517837168809711,0.08,0.8571428571428571,5.0,0.42857142857142855,0.8571428571428571,0.2857142857142857,0.19531576585977292,0.08837652435948196,6.0
Hipodromo Presidente Remon,2026-09-28,6,6 1/2f Stakes - Race 6,1308.0,,"{'eventId': '3438129', 'overall': None, 'rating': None, 'surface': 'Dirt', '__typename': 'TrackCondition'}",Dirt,,,7.0,False,3.0,3.0,53.5,,,91.0,Sol Catire Bello,4.0,Unknown,CHESTNUT,Salustio,Catch That Cat,0.0,L Santos D,F Smith Moreno,False,0.37,12.0,S,tcdn,4.5,1,4.5,4.5,4.5,,0,,,,1.0,1.0,5.0,4.4,1.0,10.0,0.2,0.4,0.4,0.0,5.72,32.6,93.33333333333331,85.0,5.0,0.0,5.0,1.0,1.0,-4.333333333333334,29.0,59.0,-87.0,91.0,0.0,0.0,0.0,21.0,4.0,6.5,,,,,,17,0.2941176470588235,0.5882352941176471,11,0.1818181818181818,0.5454545454545454,1,0.0,0.0,2,0.5,1.0,17,0.2941176470588235,0.5882352941176471,2,0.5,1.0,0,0.0,,0,0.0,,4,0.25,0.5,3,0.6666666666666666,1.0,2,0.0,0.5,0,,,0,,,0,,,0,,,0,0.0,,0,0.0,,2.0,0.5,1.0,17,0.2941176470588235,0.5882352941176471,0,,,0,,,0.2222222222222222,1.5040773967762742,0.16393442622950818,0.0,0.2222222222222222,0.42857142857142855,0.42857142857142855,3711.8333333333335,1.0529137251386003,0.08222222222222221,0.2857142857142857,3.0,0.7142857142857143,0.35714285714285715,0.5714285714285714,0.19531576585977292,0.10924943702905658,3.0
Hipodromo Presidente Remon,2026-09-28,6,6 1/2f Stakes - Race 6,1308.0,,"{'eventId': '3438129', 'overall': None, 'rating': None, 'surface': 'Dirt', '__typename': 'TrackCondition'}",Dirt,,,7.0,False,4.0,4.0,49.0,,-2.25,85.0,Imparable,4.0,Unknown,BAY,Basharat,Taja Mar,0.0,M Haldar,J Zuniga,False,1.0,2.0,S,tcdn,11.0,1,11.0,11.0,11.0,,0,,,,6.0,0.0,5.0,3.4,1.0,6.0,0.2,0.6,0.2,0.0,9.15,18.0,90.6,100.0,5.0,1.0,5.0,0.0,0.0,2.333333333333333,14.0,50.0,-83.0,85.0,0.0,0.0,17.0,8.0,3.0,5.0,,,,,,22,0.1363636363636363,0.5,19,0.1052631578947368,0.4736842105263157,2,0.5,1.0,6,0.1666666666666666,0.5,22,0.1363636363636363,0.5,6,0.1666666666666666,0.5,0,0.0,,0,0.0,,1,0.0,1.0,1,1.0,1.0,1,0.0,0.0,0,,,0,,,0,,,0,,,0,0.0,,0,0.0,,,,0.8090909090909091,22,0.1363636363636363,0.5,0,,,0,,,0.09090909090909091,2.3978952727983707,0.16393442622950818,0.0,0.09090909090909091,0.5714285714285714,0.5714285714285714,3711.8333333333335,-1.8311543045888645,0.09090909090909091,1.0,6.5,0.21428571428571427,0.6428571428571429,0.42857142857142855,0.19531576585977292,0.10275460859420321,4.0
Hipodromo Presidente Remon,2026-09-28,6,6 1/2f Stakes - Race 6,1308.0,,"{'eventId': '3438129', 'overall': None, 'rating': None, 'surface': 'Dirt', '__typename': 'TrackCondition'}",Dirt,,,7.0,False,5.0,5.0,53.5,,,87.0,Arrepinchoso,4.0,Unknown,CHESTNUT,West Coast,Casting Call,0.0,F Salgado,E Ocana,False,0.39,4.0,S,tn,2.2,1,2.2,2.2,2.2,,0,,,,2.0,0.0,5.0,4.0,1.0,9.0,0.2,0.6,0.4,0.0,6.785,49.0,93.66666666666669,99.0,5.0,1.0,5.0,1.0,2.0,-1.6666666666666663,14.0,64.0,-88.0,87.0,0.0,0.0,21.0,21.0,9.0,12.0,,,,,,14,0.1428571428571428,0.6428571428571429,9,0.2222222222222222,0.6666666666666666,1,0.0,0.0,1,0.0,1.0,14,0.1428571428571428,0.6428571428571429,1,0.0,1.0,0,0.0,,0,0.0,,3,0.0,0.6666666666666666,2,0.0,1.0,2,0.5,1.0,0,,,0,,,0,,,0,,,0,0.0,,0,0.0,,1.0,1.0,1.0,14,0.1428571428571428,0.6428571428571429,0,,,0,,,0.45454545454545453,0.7884573603642703,0.16393442622950818,0.0,0.45454545454545453,0.7142857142857143,0.7142857142857143,3711.8333333333335,1.0529137251386003,0.17727272727272728,0.42857142857142855,1.0,1.0,0.6428571428571429,0.7142857142857143,0.19531576585977292,0.22777535133919927,2.0
Hipodromo Presidente Remon,2026-09-28,6,6 1/2f Stakes - Race 6,1308.0,,"{'eventId': '3438129', 'overall': None, 'rating': None, 'surface': 'Dirt', '__typename': 'TrackCondition'}",Dirt,,,7.0,False,6.0,6.0,52.25,,,100.0,Bravo Ignacio,12.0,Stallion,Gray or Roan,Mutakddim,Biromista,24895.0,L Lezcano,R Arango,False,0.72,22.0,S,tn,3.5,1,3.5,3.5,3.5,,0,,,,4.0,0.0,5.0,1.8,1.0,3.0,0.4,1.0,0.8,0.0,2.24,21.2,99.0,96.0,5.0,1.0,5.0,4.0,0.0,-0.3333333333333332,31.0,85.0,-45.0,100.0,24895.0,1915.0,27.0,14.0,1.0,4.0,,,,,,13,0.3076923076923077,0.8461538461538461,7,0.4285714285714285,1.0,4,0.5,1.0,1,0.0,1.0,12,0.3333333333333333,0.8333333333333334,1,0.0,1.0,0,0.0,,0,0.0,,5,0.4,0.8,2,0.0,1.0,2,0.0,0.5,0,,,0,,,0,,,0,,,0,0.0,,0,0.0,,4.0,0.25,1.0,13,0.3076923076923077,0.8461538461538461,0,,,0,,,0.2857142857142857,1.252762968495368,0.16393442622950818,0.0,0.2857142857142857,0.8571428571428571,0.8571428571428571,3711.8333333333335,0.2517837168809711,0.20571428571428568,0.7142857142857143,2.0,0.8571428571428571,1.0,1.0,0.19531576585977292,0.3144497042036459,1.0
Hipodromo Presidente Remon,2026-09-28,6,6 1/2f Stakes - Race 6,1308.0,,"{'eventId': '3438129', 'overall': None, 'rating': None, 'surface': 'Dirt', '__typename': 'TrackCondition'}",Dirt,,,7.0,False,7.0,7.0,51.25,,-2.25,70.0,Torcedor,5.0,Unknown,BAY,Capo Di Sole,Obligada,0.0,J Valdes,F Reyes T,False,0.01,4.0,S,tcdn,11.0,1,11.0,11.0,11.0,,0,,,,5.0,0.0,5.0,5.0,1.0,8.0,0.2,0.2,0.2,0.0,15.766,15.4,76.4,70.0,5.0,1.0,5.0,0.0,0.0,-2.5,17.0,35.0,-36.0,70.0,0.0,0.0,0.0,21.0,5.0,23.0,,,,,,23,0.1739130434782608,0.3478260869565217,21,0.1428571428571428,0.3333333333333333,3,0.0,0.0,4,0.25,0.5,23,0.1739130434782608,0.3478260869565217,4,0.25,0.5,0,0.0,,0,0.0,,2,0.0,0.0,2,0.5,1.0,2,0.5,0.5,0,,,0,,,0,,,0,,,0,0.0,,0,0.0,,,,0.8090909090909091,23,0.1739130434782608,0.3478260869565217,0,,,0,,,0.09090909090909091,2.3978952727983707,0.16393442622950818,0.0,0.09090909090909091,1.0,1.0,3711.8333333333335,-0.3891202897251322,0.0009090909090909091,0.14285714285714285,6.5,0.21428571428571427,0.14285714285714285,0.14285714285714285,0.19531576585977292,0.06327245088246321,7.0
Hipodromo Presidente Remon,2026-09-28,2,6f Stakes - Race 2,1207.0,,"{'eventId': '3438125', 'overall': None, 'rating': None, 'surface': 'Dirt', '__typename': 'TrackCondition'}",Dirt,,,5.0,False,1.0,1.0,52.25,,,77.0,Gran River Jet,3.0,Unknown,CHESTNUT,Sun River Jet,Ana Victoria,0.0,A Delgado,J Bartoli,False,0.01,6.0,S,,8.5,1,8.5,8.5,8.5,,0,,,,4.0,0.0,2.0,4.5,4.0,5.0,0.0,0.0,0.0,,11.25,6.5,81.5,70.0,2.0,0.0,2.0,0.0,1.0,0.1666666666666667,0.0,0.0,-100.0,77.0,0.0,0.0,0.0,22.0,4.0,17.0,,,,,,2,0.0,0.0,2,0.0,0.0,2,0.0,0.0,0,0.0,,2,0.0,0.0,0,0.0,,0,0.0,,0,0.0,,1,0.0,0.0,1,0.0,0.0,0,,,0,,,0,,,0,,,0,,,0,0.0,,0,0.0,,,,0.8090909090909091,2,0.0,0.0,0,,,0,,,0.11764705882352941,2.1400661634962708,0.16393442622950818,0.0,0.11764705882352941,0.2,0.2,3711.8333333333335,0.4082482901002283,0.0011764705882352942,0.2,3.0,0.6,0.25,0.3333333333333333,0.25441176470588234,0.1146849749458572,3.0
Hipodromo Presidente Remon,2026-09-28,2,6f Stakes - Race 2,1207.0,,"{'eventId': '3438125', 'overall': None, 'rating': None, 'surface': 'Dirt', '__typename': 'TrackCondition'}",Dirt,,,5.0,False,2.0,2.0,52.25,,,94.0,Star Fish,3.0,Unknown,CHESTNUT,Giant Gizmo,Clarisima,0.0,V Sanchez,J Pinilla,False,1.0,4.0,S,,10.0,1,10.0,10.0,10.0,,0,,,,3.0,0.0,5.0,3.6,2.0,7.0,0.0,0.8,0.2,,8.7,14.0,88.75,100.0,5.0,0.0,4.0,1.0,0.0,1.0,0.0,72.0,-100.0,94.0,0.0,0.0,0.0,7.0,3.0,5.5,,,,,,18,0.0,0.7222222222222222,18,0.0,0.7222222222222222,4,0.0,0.75,4,0.0,0.75,18,0.0,0.7222222222222222,4,0.0,0.75,0,0.0,,0,0.0,,1,0.0,0.0,1,0.0,0.0,1,0.0,0.0,0,,,0,,,0,,,0,,,0,0.0,,0,0.0,,1.0,0.0,1.0,18,0.0,0.7222222222222222,0,,,0,,,0.1,2.302585092994046,0.16393442622950818,0.0,0.1,0.4,0.4,3711.8333333333335,0.4082482901002283,0.1,1.0,4.0,0.4,1.0,1.0,0.25441176470588234,0.10408478301064533,4.0
Hipodromo Presidente Remon,2026-09-28,2,6f Stakes - Race 2,1207.0,,"{'eventId': '3438125', 'overall': None, 'rating': None, 'surface': 'Dirt', '__typename': 'TrackCondition'}",Dirt,,,5.0,False,3.0,3.0,51.25,,,100.0,Miss Tik Tok,2.0,Unknown,CHESTNUT,Giant Gizmo,Miss Tip Tap Top,0.0,Y Lasso,A Rodriguez,False,0.33,3.0,,,2.5,1,2.5,2.5,2.5,,0,,,,1.0,1.0,,4.6,2.0,,0.0,0.4,0.2,,12.2,25.8,,79.0,1.0,1.0,,0.0,,0.1666666666666667,0.0,0.0,0.0,100.0,0.0,0.0,29.0,21.0,5.0,10.0,,,,,,0,0.08,0.375,0,0.0,,0,0.0,,0,0.0,,0,0.0,,0,0.0,,0,0.0,,0,0.0,,0,0.0,,0,,,0,,,0,,,0,,,0,,,0,,,0,0.0,,0,0.0,,0.0,,0.8090909090909091,0,,,0,,,0,,,0.4,0.9162907318741551,0.16393442622950818,0.0,0.4,0.6,0.6,3711.8333333333335,-0.4824752519366288,0.132,0.6,2.0,0.8,0.5416666666666666,0.3333333333333333,0.25441176470588234,0.33266688448544146,2.0
Hipodromo Presidente Remon,2026-09-28,2,6f Stakes - Race 2,1207.0,,"{'eventId': '3438125', 'overall': None, 'rating': None, 'surface': 'Dirt', '__typename': 'TrackCondition'}",Dirt,,,5.0,False,5.0,5.0,53.5,,,87.0,Fortantino,3.0,Unknown,BAY,Take Charge Indy,Musically Inclined,0.0,J Carrion,L Paz Rodriguez,False,0.87,8.0,S,,1.6,1,1.6,1.6,1.6,,0,,,,2.0,0.0,2.0,3.5,2.0,5.0,0.0,0.5,0.5,,4.0,98.0,70.0,70.0,2.0,1.0,2.0,0.0,2.0,0.1666666666666667,0.0,50.0,-100.0,87.0,0.0,0.0,27.0,22.0,2.0,4.0,,,,,,2,0.0,0.5,2,0.0,0.5,1,0.0,1.0,1,0.0,0.0,2,0.0,0.5,1,0.0,0.0,0,0.0,,0,0.0,,2,0.0,0.5,0,,,0,,,0,,,0,,,0,,,0,,,0,0.0,,0,0.0,,,,0.8090909090909091,2,0.0,0.5,0,,,0,,,0.625,0.47000362924573563,0.16393442622950818,0.0,0.625,1.0,1.0,3711.8333333333335,1.5216527176462997,0.54375,0.8,1.0,1.0,0.75,0.8333333333333334,0.25441176470588234,0.3873638851991548,1.0
Hipodromo Presidente Remon,2026-09-28,2,6f Stakes - Race 2,1207.0,,"{'eventId': '3438125', 'overall': None, 'rating': None, 'surface': 'Dirt', '__typename': 'TrackCondition'}",Dirt,,,5.0,False,6.0,6.0,51.25,,,83.0,Lelo Lelon,3.0,Unknown,CHESTNUT,Candy For Two,Mesalina,0.0,O Benitez,J Cespedes,False,0.23,3.0,S,,34.0,1,34.0,34.0,34.0,,0,,,,5.0,0.0,5.0,5.4,3.0,8.0,0.0,0.2,0.0,,12.8,22.6,84.8,81.0,5.0,2.0,5.0,0.0,0.0,0.666666666666667,0.0,14.0,-100.0,83.0,0.0,0.0,21.0,42.0,6.0,10.0,,,,,,7,0.0,0.1428571428571428,7,0.0,0.1428571428571428,2,0.0,0.0,2,0.0,0.5,7,0.0,0.1428571428571428,2,0.0,0.5,0,0.0,,0,0.0,,1,0.0,0.0,1,0.0,0.0,1,0.0,1.0,0,,,0,,,0,,,0,,,0,0.0,,0,0.0,,,,0.8090909090909091,7,0.0,0.1428571428571428,0,,,0,,,0.029411764705882353,3.5263605246161616,0.16393442622950818,0.0,0.029411764705882353,1.2,1.2,3711.8333333333335,-0.4824752519366288,0.006764705882352942,0.4,5.0,0.2,0.5,0.6666666666666666,0.25441176470588234,0.06119947235890111,5.0
Hipodromo Presidente Remon,2026-09-28,3,6f Stakes - Race 3,1207.0,,"{'eventId': '3438126', 'overall': None, 'rating': None, 'surface': 'Dirt', '__typename': 'TrackCondition'}",Dirt,,,4.0,False,1.0,1.0,51.25,,,73.0,Leyenda V.,4.0,Unknown,CHESTNUT,Classic Empire,Cayuse,0.0,A Rivas,A Gonzalez,False,0.05,11.0,S,o,5.5,1,5.5,5.5,5.5,,0,,,,2.0,0.0,5.0,5.2,4.0,7.0,0.0,0.0,0.0,,17.2,7.0,77.6,71.0,5.0,2.0,5.0,0.0,0.0,0.333333333333333,0.0,34.0,-100.0,73.0,0.0,0.0,0.0,7.0,5.0,13.0,,,,,,29,0.0,0.3448275862068966,23,0.0,0.3043478260869565,8,0.0,0.125,5,0.0,0.0,29,0.0,0.3448275862068966,5,0.0,0.0,0,0.0,,0,0.0,,3,0.0,0.3333333333333333,3,0.0,0.3333333333333333,2,0.0,1.0,0,,,0,,,0,,,0,,,0,0.0,,0,0.0,,,,0.8090909090909091,29,0.0,0.3448275862068966,0,,,0,,,0.18181818181818182,1.7047480922384253,0.16393442622950818,0.0,0.18181818181818182,0.25,0.25,3711.8333333333335,0.32036328418726906,0.009090909090909092,0.5,3.0,0.5,0.375,0.7142857142857143,0.3062814378603852,0.11724366055776055,3.0
Hipodromo Presidente Remon,2026-09-28,3,6f Stakes - Race 3,1207.0,,"{'eventId': '3438126', 'overall': None, 'rating': None, 'surface': 'Dirt', '__typename': 'TrackCondition'}",Dirt,,,4.0,False,2.0,2.0,53.5,,,100.0,Have A Mallow,3.0,Unknown,CHESTNUT,Have At It,Mejor Imposible,0.0,L Lezcano,R Arango,False,1.0,21.0,S,b,2.6,1,2.6,2.6,2.6,,0,,,,4.0,0.0,5.0,3.0,2.0,5.0,0.0,0.8,0.4,,7.7175,32.2,86.75,100.0,5.0,0.0,5.0,1.0,0.0,1.6666666666666663,0.0,67.0,-100.0,100.0,0.0,0.0,27.0,15.0,2.0,2.37,,,,,,6,0.0,0.6666666666666666,6,0.0,0.6666666666666666,3,0.0,1.0,0,0.0,,6,0.0,0.6666666666666666,0,0.0,,0,0.0,,0,0.0,,1,0.0,0.0,1,0.0,0.0,1,0.0,1.0,0,,,0,,,0,,,0,,,0,0.0,,0,0.0,,1.0,0.0,1.0,6,0.0,0.6666666666666666,0,,,0,,,0.3846153846153846,0.9555114450274363,0.16393442622950818,0.0,0.3846153846153846,0.5,0.5,3711.8333333333335,1.5817937156746456,0.3846153846153846,1.0,2.0,0.75,1.0,1.0,0.3062814378603852,0.3319703782602766,2.0
Hipodromo Presidente Remon,2026-09-28,3,6f Stakes - Race 3,1207.0,,"{'eventId': '3438126', 'overall': None, 'rating': None, 'surface': 'Dirt', '__typename': 'TrackCondition'}",Dirt,,,4.0,False,3.0,3.0,49.5,,,71.0,Sol Sweet Again,2.0,Unknown,BROWN,Speaker S Corner,Kay Two,0.0,N Pitti,F Smith Moreno,False,0.01,6.0,S,,19.0,1,19.0,19.0,19.0,,0,,,,1.0,1.0,1.0,5.0,5.0,5.0,0.0,0.0,0.0,,13.0,0.0,88.0,88.0,1.0,0.0,1.0,0.0,1.0,0.1666666666666667,0.0,0.0,-100.0,71.0,0.0,0.0,75.0,28.0,5.0,13.0,,,,,,1,0.0,0.0,1,0.0,0.0,1,0.0,0.0,0,0.0,,1,0.0,0.0,0,0.0,,0,0.0,,0,0.0,,1,0.0,0.0,0,,,0,,,0,,,0,,,0,,,0,,,0,0.0,,0,0.0,,,,0.8090909090909091,1,0.0,0.0,0,,,0,,,0.05263157894736842,2.9444389791664403,0.16393442622950818,0.0,0.05263157894736842,0.75,0.75,3711.8333333333335,-0.660749273636246,0.0005263157894736842,0.25,4.0,0.25,0.375,0.21428571428571427,0.3062814378603852,0.05962104201399034,4.0
Hipodromo Presidente Remon,2026-09-28,3,6f Stakes - Race 3,1207.0,,"{'eventId': '3438126', 'overall': None, 'rating': None, 'surface': 'Dirt', '__typename': 'TrackCondition'}",Dirt,,,4.0,False,4.0,4.0,50.0,,,83.0,Sol Para Rato,4.0,Unknown,BAY,Mucho Macho Man,Forever After,0.0,J Reyes,J Arosemena,False,0.5,10.0,S,,1.65,1,1.65,1.65,1.65,,0,,,,3.0,0.0,5.0,4.2,3.0,7.0,0.0,0.4,0.0,,21.0,9.8,82.8,83.0,5.0,2.0,5.0,0.0,0.0,1.166666666666667,0.0,33.0,-100.0,83.0,0.0,0.0,0.0,7.0,3.0,17.0,,,,,,21,0.0,0.3333333333333333,18,0.0,0.3888888888888889,6,0.0,0.5,3,0.0,0.3333333333333333,21,0.0,0.3333333333333333,3,0.0,0.3333333333333333,0,0.0,,0,0.0,,2,0.0,0.0,2,0.0,0.5,2,0.0,0.5,0,,,0,,,0,,,0,,,0,0.0,,0,0.0,,1.0,0.0,0.0,21,0.0,0.3333333333333333,0,,,0,,,0.6060606060606061,0.5007752879124892,0.16393442622950818,0.0,0.6060606060606061,1.0,1.0,3711.8333333333335,-0.3804313999723845,0.30303030303030304,0.75,1.0,1.0,0.75,0.5714285714285714,0.3062814378603852,0.49116491916797245,1.0
Hipodromo Presidente Remon,2026-09-28,4,7f Stakes - Race 4,1408.0,,"{'eventId': '3438127', 'overall': None, 'rating': None, 'surface': 'Dirt', '__typename': 'TrackCondition'}",Dirt,,,7.0,False,1.0,1.0,51.25,,,78.0,Panama Shipman,3.0,Unknown,CHESTNUT,Midshipman,Weekend,0.0,L Jurado,A Rodriguez,False,0.11,1.0,S,,21.0,1,21.0,21.0,21.0,,0,,,,6.0,0.0,5.0,4.8,3.0,7.0,0.0,0.2,0.0,,14.75,53.4,94.2,80.0,5.0,0.0,5.0,1.0,2.0,-0.333333333333333,0.0,38.0,-100.0,78.0,0.0,0.0,0.0,14.0,4.0,41.0,,,,,,8,0.0,0.375,8,0.0,0.375,2,0.0,0.0,0,0.0,,8,0.0,0.375,0,0.0,,0,0.0,,0,0.0,,3,0.0,0.3333333333333333,2,0.0,0.5,1,0.0,0.0,0,,,0,,,0,,,0,,,0,0.0,,0,0.0,,2.0,0.0,0.5,8,0.0,0.375,0,,,0,,,0.047619047619047616,3.044522437723423,0.16393442622950818,0.0,0.047619047619047616,0.14285714285714285,0.14285714285714285,3711.8333333333335,-0.7546485797453398,0.005238095238095238,0.2857142857142857,6.0,0.2857142857142857,0.3333333333333333,0.7,0.19414947550836054,0.0380447286959474,6.0
Hipodromo Presidente Remon,2026-09-28,4,7f Stakes - Race 4,1408.0,,"{'eventId': '3438127', 'overall': None, 'rating': None, 'surface': 'Dirt', '__typename': 'TrackCondition'}",Dirt,,,7.0,False,2.0,2.0,52.25,,,99.0,Humphrey Bogart,2.0,Unknown,BAY,Idol,Adopted Family,0.0,L Arango,A Rodriguez,False,0.38,1.0,,,5.0,1,5.0,5.0,5.0,,0,,,,7.0,0.0,,4.6,2.0,,0.0,0.4,0.2,,12.2,25.8,,79.0,1.0,1.0,,0.0,,0.1666666666666667,0.0,0.0,0.0,99.0,0.0,0.0,11.0,21.0,5.0,10.0,,,,,,0,0.08,0.375,0,0.0,,0,0.0,,0,0.0,,0,0.0,,0,0.0,,0,0.0,,0,0.0,,0,0.0,,0,,,0,,,0,,,0,,,0,,,0,,,0,0.0,,0,0.0,,0.0,,0.8090909090909091,0,,,0,,,0,,,0.2,1.6094379124341003,0.16393442622950818,0.0,0.2,0.2857142857142857,0.2857142857142857,3711.8333333333335,0.16007697146112954,0.07600000000000001,0.5714285714285714,4.0,0.5714285714285714,0.5416666666666666,0.3,0.19414947550836054,0.09294535024563046,5.0
Hipodromo Presidente Remon,2026-09-28,4,7f Stakes - Race 4,1408.0,,"{'eventId': '3438127', 'overall': None, 'rating': None, 'surface': 'Dirt', '__typename': 'TrackCondition'}",Dirt,,,7.0,False,4.0,4.0,49.5,,,70.0,Double Dog Dare Ya,3.0,Unknown,CHESTNUT,Daredevil,Petunia Face,0.0,J Garibaldo,A Gutierrez,False,0.01,6.0,S,,41.0,1,41.0,41.0,41.0,,0,,,,5.0,0.0,5.0,6.8,5.0,8.0,0.0,0.0,0.0,,24.125,54.4,77.5,70.0,5.0,0.0,5.0,0.0,4.0,-0.333333333333333,0.0,0.0,-100.0,70.0,0.0,0.0,0.0,8.0,8.0,26.0,,,,,,5,0.0,0.0,5,0.0,0.0,2,0.0,0.0,0,0.0,,5,0.0,0.0,0,0.0,,0,0.0,,0,0.0,,4,0.0,0.0,1,0.0,0.0,0,,,0,,,0,,,0,,,0,,,0,0.0,,0,0.0,,,,0.8090909090909091,5,0.0,0.0,0,,,0,,,0.024390243902439025,3.713572066704308,0.16393442622950818,0.0,0.024390243902439025,0.5714285714285714,0.5714285714285714,3711.8333333333335,-2.355418294356661,0.00024390243902439027,0.14285714285714285,7.0,0.14285714285714285,0.16666666666666666,0.3,0.19414947550836054,0.030276165639249213,7.0
Hipodromo Presidente Remon,2026-09-28,4,7f Stakes - Race 4,1408.0,,"{'eventId': '3438127', 'overall': None, 'rating': None, 'surface': 'Dirt', '__typename': 'TrackCondition'}",Dirt,,,7.0,False,5.0,5.0,52.5,,,90.0,Ambrosio P,4.0,Unknown,BROWN,Tonalist,Katy Lied,0.0,O Hernandez Jr,J Perez,False,0.69,12.0,S,,7.5,1,7.5,7.5,7.5,,0,,,,3.0,0.0,5.0,3.6,3.0,4.0,0.0,0.4,0.0,,7.875,35.0,97.25,95.0,5.0,1.0,5.0,0.0,1.0,-0.6666666666666665,0.0,55.0,-100.0,90.0,0.0,0.0,0.0,8.0,4.0,7.5,,,,,,11,0.0,0.5454545454545454,11,0.0,0.5454545454545454,2,0.0,0.0,3,0.0,0.3333333333333333,11,0.0,0.5454545454545454,3,0.0,0.3333333333333333,0,0.0,,0,0.0,,2,0.0,0.5,2,0.0,0.0,1,0.0,1.0,0,,,0,,,0,,,0,,,0,0.0,,0,0.0,,,,0.8090909090909091,11,0.0,0.5454545454545454,0,,,0,,,0.13333333333333333,2.0149030205422647,0.16393442622950818,0.0,0.13333333333333333,0.7142857142857143,0.7142857142857143,3711.8333333333335,0.3887583592627469,0.092,0.8571428571428571,5.0,0.42857142857142855,0.5833333333333334,1.0,0.19414947550836054,0.0939875000577556,4.0
Hipodromo Presidente Remon,2026-09-28,4,7f Stakes - Race 4,1408.0,,"{'eventId': '3438127', 'overall': None, 'rating': None, 'surface': 'Dirt', '__typename': 'TrackCondition'}",Dirt,,,7.0,False,6.0,6.0,53.0,,-2.25,97.0,Power City,3.0,Unknown,BAY,Know Agenda,Go Go Lolo,0.0,J Valdes,L Paz Rodriguez,False,0.31,20.0,S,b,4.0,1,4.0,4.0,4.0,,0,,,,4.0,0.0,5.0,2.8,2.0,5.0,0.0,0.8,0.6,,10.62,40.8,88.2,100.0,5.0,0.0,5.0,2.0,1.0,-1.1666666666666663,0.0,50.0,-100.0,97.0,0.0,0.0,25.0,21.0,5.0,2.2,,,,,,8,0.0,0.5,8,0.0,0.5,2,0.0,0.5,1,0.0,0.0,8,0.0,0.5,1,0.0,0.0,0,0.0,,0,0.0,,2,0.0,0.5,2,0.0,0.5,2,0.0,0.5,0,,,0,,,0,,,0,,,0,0.0,,0,0.0,,2.0,0.0,0.5,8,0.0,0.5,0,,,0,,,0.25,1.3862943611198906,0.16393442622950818,0.0,0.25,0.8571428571428571,0.8571428571428571,3711.8333333333335,0.8461211348659815,0.0775,0.42857142857142855,3.0,0.7142857142857143,1.0,0.85,0.19414947550836054,0.15633593521512718,3.0
Hipodromo Presidente Remon,2026-09-28,4,7f Stakes - Race 4,1408.0,,"{'eventId': '3438127', 'overall': None, 'rating': None, 'surface': 'Dirt', '__typename': 'TrackCondition'}",Dirt,,,7.0,False,7.0,7.0,52.5,,,85.0,Nico P.,2.0,Unknown,BROWN,Modernist,Grats Road,0.0,M Castillo,V Prescott,False,0.49,2.0,S,,3.0,1,3.0,3.0,3.0,,0,,,,1.0,1.0,2.0,4.5,3.0,6.0,0.0,0.5,0.0,,6.75,10.5,81.5,70.0,2.0,0.0,2.0,0.0,1.0,0.1666666666666667,0.0,50.0,-100.0,85.0,0.0,0.0,15.0,21.0,3.0,7.5,,,,,,2,0.0,0.5,2,0.0,0.5,2,0.0,0.5,0,0.0,,2,0.0,0.5,0,0.0,,0,0.0,,0,0.0,,1,0.0,0.0,1,0.0,1.0,0,,,0,,,0,,,0,,,0,,,0,0.0,,0,0.0,,,,0.8090909090909091,2,0.0,0.5,0,,,0,,,0.3333333333333333,1.0986122886681098,0.16393442622950818,0.0,0.3333333333333333,1.0,1.0,3711.8333333333335,0.3887583592627469,0.16333333333333333,0.7142857142857143,2.0,0.8571428571428571,0.8333333333333334,0.85,0.19414947550836054,0.285004949294583,2.0
Hipodromo Presidente Remon,2026-09-28,4,7f Stakes - Race 4,1408.0,,"{'eventId': '3438127', 'overall': None, 'rating': None, 'surface': 'Dirt', '__typename': 'TrackCondition'}",Dirt,,,7.0,False,10.0,10.0,51.75,,,89.0,Incisivo,3.0,Unknown,BAY,War Of Will,Emma Carly,0.0,N Pitti,E Ocana,False,1.0,7.0,S,b,2.7,1,2.7,2.7,2.7,,0,,,,2.0,0.0,5.0,4.8,2.0,7.0,0.0,0.4,0.2,,6.54,51.6,83.33333333333333,85.0,5.0,0.0,5.0,1.0,2.0,3.833333333333333,0.0,33.0,-100.0,89.0,0.0,0.0,11.0,8.0,3.0,2.62,,,,,,9,0.0,0.3333333333333333,9,0.0,0.3333333333333333,2,0.0,1.0,0,0.0,,9,0.0,0.3333333333333333,0,0.0,,0,0.0,,0,0.0,,3,0.0,0.3333333333333333,3,0.0,0.3333333333333333,1,0.0,1.0,0,,,0,,,0,,,0,,,0,0.0,,0,0.0,,1.0,0.0,1.0,9,0.0,0.3333333333333333,0,,,0,,,0.37037037037037035,0.9932517730102834,0.16393442622950818,0.0,0.37037037037037035,1.4285714285714286,1.4285714285714286,3711.8333333333335,-0.29728580414210515,0.37037037037037035,1.0,1.0,1.0,0.5833333333333334,0.6,0.19414947550836054,0.3034053708517071,1.0
Hipodromo Presidente Remon,2026-09-28,8,7f Stakes - Race 8,1408.0,,"{'eventId': '3438131', 'overall': None, 'rating': None, 'surface': 'Dirt', '__typename': 'TrackCondition'}",Dirt,,,4.0,False,1.0,1.0,56.25,,,70.0,Calvero,4.0,Unknown,BROWN,Laoban,Longtime Love,0.0,S Sanchez,L Paz Rodriguez,False,0.35,5.0,S,o,,0,,,,,0,,,,1.0,1.0,5.0,6.0,4.0,9.0,0.0,0.0,0.0,,22.125,67.4,72.25,70.0,5.0,1.0,5.0,0.0,3.0,0.833333333333333,0.0,9.0,-100.0,70.0,0.0,0.0,0.0,7.0,5.0,26.0,,,,,,11,0.0,0.0909090909090909,7,0.0,0.0,2,0.0,0.0,3,0.0,0.3333333333333333,11,0.0,0.0909090909090909,3,0.0,0.3333333333333333,0,0.0,,0,0.0,,4,0.0,0.0,2,0.0,0.0,2,0.0,0.5,0,,,0,,,0,,,0,,,0,0.0,,0,0.0,,,,0.8090909090909091,11,0.0,0.0909090909090909,0,,,0,,,0.09090909090909091,2.3978952727983707,0.16393442622950818,1.3117408906882593,0.059602649006622516,0.25,0.25,3711.8333333333335,1.7886895649733556,0.03166666666666666,0.5714285714285714,5.0,0.5416666666666666,0.25,0.16666666666666666,0.13955423568984793,0.11482296963325285,4.0
Hipodromo Presidente Remon,2026-09-28,8,7f Stakes - Race 8,1408.0,,"{'eventId': '3438131', 'overall': None, 'rating': None, 'surface': 'Dirt', '__typename': 'TrackCondition'}",Dirt,,,4.0,False,2.0,2.0,51.25,,,99.0,Nux,4.0,Colt,b,Cityscape,Nuly,0.0,J Barria,L Paz Rodriguez,False,0.35,16.0,D,do,,0,,,,,0,,,,4.0,0.0,5.0,4.4,1.0,10.0,0.4,0.6,0.4,0.0,7.25,64.6,83.0,83.0,2.0,1.0,4.0,0.0,2.0,-6.833333333333333,40.0,60.0,13.0,99.0,0.0,0.0,36.0,112.0,10.0,10.0,,,,,,5,0.4,0.6,5,0.4,0.6,0,0.0,,1,1.0,1.0,2,0.0,0.0,0,0.0,,0,0.0,,0,0.0,,2,0.5,0.5,2,0.5,0.5,1,0.0,1.0,0,,,0,,,0,,,0,,,0,0.0,,0,0.0,,0.0,,0.8090909090909091,5,0.4,0.6,0,,,0,,,0.09090909090909091,2.3978952727983707,0.16393442622950818,1.3117408906882593,0.059602649006622516,0.5,0.5,3711.8333333333335,-0.3364861557870657,0.03166666666666666,0.5714285714285714,5.0,0.5416666666666666,0.875,0.8333333333333334,0.13955423568984793,0.2627429788839811,2.0
Hipodromo Presidente Remon,2026-09-28,8,7f Stakes - Race 8,1408.0,,"{'eventId': '3438131', 'overall': None, 'rating': None, 'surface': 'Dirt', '__typename': 'TrackCondition'}",Dirt,,,4.0,False,4.0,4.0,53.0,,,79.0,Fogonazo,4.0,Unknown,CHESTNUT,Brody S Cause,Sweet Force,0.0,M Castillo,P Torres,False,0.35,14.0,S,tcd,,0,,,,,0,,,,2.0,0.0,5.0,4.4,3.0,7.0,0.0,0.2,0.0,,25.2,17.0,75.25,76.0,5.0,0.0,5.0,0.0,0.0,1.5,3.0,38.0,-100.0,79.0,0.0,0.0,14.0,7.0,3.0,26.0,,,,,,29,0.0344827586206896,0.3793103448275862,27,0.037037037037037,0.4074074074074074,4,0.0,0.25,3,0.3333333333333333,0.6666666666666666,29,0.0344827586206896,0.3793103448275862,3,0.3333333333333333,0.6666666666666666,0,0.0,,0,0.0,,0,0.0,,1,0.0,0.0,1,0.0,0.0,0,,,0,,,0,,,0,,,0,0.0,,0,0.0,,,,0.8090909090909091,29,0.0344827586206896,0.3793103448275862,0,,,0,,,0.09090909090909091,2.3978952727983707,0.16393442622950818,1.3117408906882593,0.059602649006622516,1.0,1.0,3711.8333333333335,0.40732534647908175,0.03166666666666666,0.5714285714285714,5.0,0.5416666666666666,0.5,0.3333333333333333,0.13955423568984793,0.18066366486704635,3.0
Hipodromo Presidente Remon,2026-09-28,8,7f Stakes - Race 8,1408.0,,"{'eventId': '3438131', 'overall': None, 'rating': None, 'surface': 'Dirt', '__typename': 'TrackCondition'}",Dirt,,,4.0,False,6.0,6.0,51.75,,-4.5,100.0,Eagle In Charge,4.0,Unknown,BROWN,Take Charge Indy,Allonge,0.0,J Martinez,R Arango,False,0.35,21.0,S,t,,0,,,,,0,,,,3.0,0.0,5.0,4.2,2.0,10.0,0.0,0.6,0.6,,7.537999999999999,21.2,92.2,90.0,5.0,1.0,5.0,1.0,0.0,-3.0,5.0,70.0,-100.0,100.0,0.0,0.0,67.0,7.0,2.0,3.25,,,,,,20,0.05,0.7,18,0.0555555555555555,0.7222222222222222,3,0.0,0.6666666666666666,3,0.0,0.3333333333333333,20,0.05,0.7,3,0.0,0.3333333333333333,0,0.0,,0,0.0,,1,0.0,1.0,1,0.0,0.0,0,,,0,,,0,,,0,,,0,,,0,0.0,,0,0.0,,1.0,0.0,1.0,20,0.05,0.7,0,,,0,,,0.09090909090909091,2.3978952727983707,0.16393442622950818,1.3117408906882593,0.059602649006622516,1.5,1.5,3711.8333333333335,-0.12396858371102358,0.03166666666666666,0.5714285714285714,5.0,0.5416666666666666,0.875,1.0,0.13955423568984793,0.4417703866157197,1.0
Ffos Las,2026-09-27,1,Alex And Salvo Welcome You To The Bridge Handicap,1207.0,"3YO+, Class 6, Handicap, Class 6, Handicap","{'eventId': '3438545', 'overall': 'Soft', 'rating': None, 'surface': 'Turf', '__typename': 'TrackCondition'}",Turf,,13359.0,12.0,False,1.0,4.0,61.25,,,54.0,The Bear Of Saints,4.0,Gelding,b,Yafta,Aalsmeer,6901.0,William Carson,J G M O'Shea,False,0.26,3.0,S,,11.0,19,17.642105263157898,6.0,140.0,28.90542319885161,45,11.0,9.5,7.5,3.0,0.0,5.0,8.25,3.0,12.0,0.0,0.2,0.0,8.790000000000001,43.8,154.6,59.0,56.0,0.0,2.0,3.0,0.0,1.0,6.5,0.0,29.0,-100.0,54.0,5235.0,748.0,9.0,33.0,7.0,29.0,,,,,,7,0.0,0.2857142857142857,3,0.0,0.3333333333333333,1,0.0,0.0,3,0.0,0.3333333333333333,0,0.0,,0,0.0,,7,0.0,0.2857142857142857,0,0.0,,2,0.0,0.0,2,0.0,1.0,2,0.0,0.0,0,,,6,0.0,0.1666666666666666,1,0.0,1.0,0,,,1,0.0,1.0,6,0.0,0.1666666666666666,0.0,,0.8090909090909091,7,0.0,0.2857142857142857,0,,,3,0.0,0.3333333333333333,0.09090909090909091,2.3978952727983707,-0.13636363636363635,7.595465393794748,0.05668257756563245,0.3333333333333333,0.08333333333333333,1113.25,1.4994847123597146,0.02363636363636364,0.25,6.5,0.5416666666666666,0.7916666666666666,0.8333333333333334,0.10226368089581221,0.035824289408877136,7.0
Ffos Las,2026-09-27,1,Alex And Salvo Welcome You To The Bridge Handicap,1207.0,"3YO+, Class 6, Handicap, Class 6, Handicap","{'eventId': '3438545', 'overall': 'Soft', 'rating': None, 'surface': 'Turf', '__typename': 'TrackCondition'}",Turf,,13359.0,12.0,False,2.0,6.0,60.75,,-2.25,53.0,Up The Anti,4.0,Filly,b,Holy Roman Emperor,Katiywa,36209.0,Myla Coppins,A W Carroll,False,0.77,18.0,S,dson,8.5,19,8.322105263157894,2.22,21.0,3.287993435368284,32,12.0,8.0,5.75,2.0,0.0,5.0,6.2,4.0,9.0,0.0,0.0,0.0,9.58,15.6,38.0,58.0,55.0,0.0,3.0,4.0,0.0,2.0,-3.833333333333333,14.0,27.0,176.0,53.0,32873.0,1494.0,20.0,25.0,9.0,5.0,,,,,,22,0.1363636363636363,0.2727272727272727,10,0.2,0.2,1,0.0,0.0,10,0.1,0.1,1,0.0,1.0,0,0.0,,11,0.1818181818181818,0.4545454545454545,7,0.1428571428571428,0.1428571428571428,4,0.0,0.0,2,0.0,0.0,2,0.0,0.5,0,,,9,0.1111111111111111,0.2222222222222222,4,0.25,0.5,2,0.0,0.5,6,0.1666666666666666,0.5,9,0.1111111111111111,0.2222222222222222,2.0,0.5,0.5,22,0.1363636363636363,0.2727272727272727,0,,,17,0.1764705882352941,0.3529411764705882,0.11764705882352941,2.1400661634962708,-0.3333333333333333,2.2566405261826463,0.12016190235264357,0.5,0.16666666666666666,1113.25,1.2387047623841119,0.09058823529411765,0.8333333333333334,4.0,0.75,0.375,0.75,0.10226368089581221,0.0709344756150446,4.0
Ffos Las,2026-09-27,1,Alex And Salvo Welcome You To The Bridge Handicap,1207.0,"3YO+, Class 6, Handicap, Class 6, Handicap","{'eventId': '3438545', 'overall': 'Soft', 'rating': None, 'surface': 'Turf', '__typename': 'TrackCondition'}",Turf,,13359.0,12.0,False,3.0,9.0,60.75,,,53.0,Sub Thirteen,5.0,Gelding,b,Territories,So Refined,60123.0,Callum Hutchinson,J Scott,False,0.99,20.0,U,dsn,3.5,19,3.297894736842105,2.36,4.2,0.310221973964118,39,2.2,3.2,2.15,4.0,0.0,5.0,3.0,2.0,4.0,0.0,0.8,0.2,2.47,13.15,19.6,54.2,53.0,0.0,0.0,3.0,1.0,0.0,0.0,13.0,34.0,-27.0,53.0,59289.0,1853.0,0.0,14.0,3.0,8.0,,,,,,32,0.125,0.34375,15,0.0666666666666666,0.5333333333333333,3,0.0,0.6666666666666666,13,0.0769230769230769,0.1538461538461538,1,0.0,0.0,0,0.0,,22,0.1818181818181818,0.3636363636363636,6,0.0,0.5,4,0.0,0.0,4,0.0,0.0,4,0.25,0.25,0,,,16,0.125,0.3125,9,0.2222222222222222,0.3333333333333333,1,0.0,0.0,10,0.2,0.3,16,0.125,0.3125,2.0,0.0,1.0,32,0.125,0.34375,0,,,16,0.125,0.5,0.2857142857142857,1.252762968495368,0.45454545454545453,0.5579316948611556,0.30322374720714973,0.75,0.25,1113.25,1.2387047623841119,0.28285714285714286,0.9166666666666666,1.0,1.0,1.0,1.0,0.10226368089581221,0.23746253600056272,2.0
Ffos Las,2026-09-27,1,Alex And Salvo Welcome You To The Bridge Handicap,1207.0,"3YO+, Class 6, Handicap, Class 6, Handicap","{'eventId': '3438545', 'overall': 'Soft', 'rating': None, 'surface': 'Turf', '__typename': 'TrackCondition'}",Turf,,13359.0,12.0,False,4.0,8.0,60.25,,-2.25,52.0,Macarone,5.0,Gelding,b,Havana Grey,Multi Quest,67504.0,Ben Ffrench-davis,G Harris,False,1.0,27.0,S,tcdn,4.0,19,3.8368421052631576,3.4,5.8,0.5101192082721443,50,2.8,3.6,2.8,1.0,1.0,5.0,2.8,1.0,5.0,0.4,0.6,0.6,1.7600000000000002,7.7,18.2,48.2,51.0,2.0,3.0,4.0,1.0,0.0,3.0,19.0,31.0,-9.0,52.0,60395.0,1887.0,22.0,15.0,1.0,7.0,,,,,,32,0.1875,0.3125,16,0.1875,0.25,3,0.6666666666666666,0.6666666666666666,14,0.2142857142857142,0.3571428571428571,2,0.5,1.0,2,0.5,1.0,18,0.1666666666666666,0.3333333333333333,7,0.4285714285714285,0.4285714285714285,4,0.25,0.75,3,0.3333333333333333,0.3333333333333333,3,0.0,0.0,0,,,19,0.1578947368421052,0.2631578947368421,6,0.0,0.3333333333333333,0,,,6,0.0,0.3333333333333333,19,0.1578947368421052,0.2631578947368421,4.0,0.5,0.5,32,0.1875,0.3125,0,,,20,0.15,0.3,0.25,1.3862943611198906,0.2857142857142858,0.6255144032921811,0.2606310013717421,0.6666666666666666,0.3333333333333333,1113.25,0.9779248124085095,0.25,1.0,2.0,0.9166666666666666,0.9166666666666666,0.9166666666666666,0.10226368089581221,0.32426434436016194,1.0
Ffos Las,2026-09-27,1,Alex And Salvo Welcome You To The Bridge Handicap,1207.0,"3YO+, Class 6, Handicap, Class 6, Handicap","{'eventId': '3438545', 'overall': 'Soft', 'rating': None, 'surface': 'Turf', '__typename': 'TrackCondition'}",Turf,,13359.0,12.0,False,5.0,1.0,58.5,,,50.0,Shush A Minute,3.0,Filly,b,Mayson,Jeany,373.0,Paddy Bradley,J Ryan,False,0.29,6.0,S,,11.0,19,62.40526315789474,8.0,1000.0,220.9952023144018,22,7.0,8.0,4.5,9.0,0.0,4.0,6.5,5.0,8.0,0.0,0.0,0.0,10.1375,72.5,13.5,54.0,54.0,0.0,3.0,0.0,0.0,1.0,2.0,0.0,0.0,-100.0,50.0,373.0,93.0,0.0,305.0,5.0,21.0,,,,,,4,0.0,0.0,3,0.0,0.0,0,0.0,,3,0.0,0.0,0,0.0,,0,0.0,,2,0.0,0.0,1,0.0,0.0,1,0.0,0.0,0,,,1,0.0,0.0,0,,,3,0.0,0.0,0,,,0,,,0,0.0,,3,0.0,0.0,0.0,,0.8090909090909091,4,0.0,0.0,0,,,0,,,0.09090909090909091,2.3978952727983707,0.14285714285714285,15.89609513367631,0.016024289449270472,0.08333333333333333,0.4166666666666667,1113.25,0.06519498749390062,0.026363636363636363,0.4166666666666667,6.5,0.5416666666666666,0.375,0.25,0.10226368089581221,0.04882692920238994,5.0
Ffos Las,2026-09-27,1,Alex And Salvo Welcome You To The Bridge Handicap,1207.0,"3YO+, Class 6, Handicap, Class 6, Handicap","{'eventId': '3438545', 'overall': 'Soft', 'rating': None, 'surface': 'Turf', '__typename': 'TrackCondition'}",Turf,,13359.0,12.0,False,7.0,7.0,57.25,,,45.0,Blue Point Express,4.0,Filly,b,Blue Point,Miss Fay,14593.0,Finley Marsh,A Wintle,False,0.51,3.0,S,sn,5.5,19,5.921052631578948,5.0,10.5,1.1860278453145592,24,5.0,5.0,4.6,7.0,0.0,5.0,5.4,3.0,10.0,0.0,0.2,0.0,4.51,23.0,62.8,46.6,45.0,1.0,1.0,4.0,0.0,2.0,3.166666666666667,6.0,18.0,-71.0,45.0,14593.0,858.0,12.0,27.0,3.0,17.0,,,,,,17,0.0588235294117647,0.1764705882352941,6,0.0,0.1666666666666666,1,0.0,1.0,2,0.0,0.0,3,0.0,0.0,0,0.0,,15,0.0666666666666666,0.2,2,0.0,0.0,4,0.0,0.25,3,0.0,0.0,3,0.0,0.3333333333333333,1,0.0,0.0,9,0.0,0.0,4,0.25,0.75,1,0.0,0.0,5,0.2,0.6,10,0.0,0.0,1.0,0.0,0.0,17,0.0588235294117647,0.1764705882352941,0,,,12,0.0833333333333333,0.1666666666666666,0.18181818181818182,1.7047480922384253,0.0,0.9288888888888889,0.16888888888888887,0.5833333333333334,0.5833333333333334,1113.25,-0.5867548874451056,0.09272727272727273,0.75,3.0,0.8333333333333334,0.7916666666666666,0.6666666666666666,0.10226368089581221,0.13291398364478044,3.0
Ffos Las,2026-09-27,1,Alex And Salvo Welcome You To The Bridge Handicap,1207.0,"3YO+, Class 6, Handicap, Class 6, Handicap","{'eventId': '3438545', 'overall': 'Soft', 'rating': None, 'surface': 'Turf', '__typename': 'TrackCondition'}",Turf,,13359.0,12.0,False,8.0,11.0,57.25,,-1.25,45.0,Pacific Prince,5.0,Gelding,ch,Australia,Vasilia,415.0,Laura Coughlan,J Bennett,False,0.01,6.0,S,,51.0,19,64.71052631578948,25.0,480.0,98.3418200635274,22,34.0,34.0,26.0,5.0,0.0,5.0,8.4,6.0,10.0,0.0,0.0,0.0,11.989999999999998,62.1,46.0,47.2,43.0,0.0,0.0,3.0,0.0,2.0,0.6666666666666661,0.0,0.0,-100.0,45.0,0.0,0.0,2.0,20.0,8.0,51.0,,,,,,11,0.0,0.0,7,0.0,0.0,2,0.0,0.0,0,0.0,,0,0.0,,0,0.0,,4,0.0,0.0,3,0.0,0.0,5,0.0,0.0,3,0.0,0.0,2,0.0,0.0,0,,,6,0.0,0.0,2,0.0,0.0,0,,,2,0.0,0.0,6,0.0,0.0,0.0,,0.8090909090909091,11,0.0,0.0,0,,,6,0.0,0.0,0.0196078431372549,3.9318256327243257,0.0,7.03131354209028,0.015453436356242373,0.9166666666666666,0.6666666666666666,1113.25,-0.5867548874451056,0.000196078431372549,0.08333333333333333,9.5,0.2916666666666667,0.375,0.25,0.10226368089581221,0.027368607539193474,9.0
Ffos Las,2026-09-27,1,Alex And Salvo Welcome You To The Bridge Handicap,1207.0,"3YO+, Class 6, Handicap, Class 6, Handicap","{'eventId': '3438545', 'overall': 'Soft', 'rating': None, 'surface': 'Turf', '__typename': 'TrackCondition'}",Turf,,13359.0,12.0,False,9.0,10.0,57.25,,,45.0,Lochaber,5.0,Gelding,b,Havana Grey,Yolo Star,26470.0,K T O'Neill,S Dixon,False,0.31,1.0,S,on,71.0,19,56.48947368421052,11.0,71.0,13.384354367254884,21,41.0,51.0,31.0,11.0,0.0,5.0,7.0,4.0,13.0,0.0,0.0,0.0,8.36,35.0,120.4,42.2,41.0,0.0,1.0,2.0,0.0,2.0,-3.333333333333333,3.0,14.0,-95.0,45.0,26470.0,913.0,9.0,14.0,13.0,41.0,,,,,,29,0.0344827586206896,0.1379310344827586,3,0.0,0.0,3,0.0,0.0,13,0.0,0.2307692307692307,0,0.0,,0,0.0,,12,0.0833333333333333,0.25,1,0.0,0.0,4,0.0,0.0,3,0.0,0.0,3,0.0,0.3333333333333333,0,,,23,0.0434782608695652,0.0869565217391304,5,0.0,0.4,0,,,5,0.0,0.4,23,0.0434782608695652,0.0869565217391304,3.0,0.3333333333333333,0.3333333333333333,29,0.0344827586206896,0.1379310344827586,0,,,5,0.0,0.0,0.014084507042253521,4.2626798770413155,0.24390243902439024,1.0621447871051897,0.017702413118419826,0.8333333333333334,0.75,1113.25,-0.5867548874451056,0.0043661971830985915,0.5,11.0,0.16666666666666666,0.375,0.5833333333333334,0.10226368089581221,0.02602617437455624,10.0
Ffos Las,2026-09-27,1,Alex And Salvo Welcome You To The Bridge Handicap,1207.0,"3YO+, Class 6, Handicap, Class 6, Handicap","{'eventId': '3438545', 'overall': 'Soft', 'rating': None, 'surface': 'Turf', '__typename': 'TrackCondition'}",Turf,,13359.0,12.0,False,10.0,12.0,56.25,,,45.0,Savvi Row,3.0,Gelding,b,Tasleet,Kindia,414.0,Tyler Heard,B R Millman,False,0.08,6.0,S,o,51.0,19,42.32105263157895,11.0,100.0,16.793970689611964,29,41.0,34.0,23.0,10.0,0.0,5.0,8.4,5.0,14.0,0.0,0.0,0.0,15.56,44.6,56.4,47.5,46.0,0.0,1.0,2.0,0.0,2.0,-1.833333333333333,0.0,0.0,-100.0,45.0,414.0,83.0,0.0,15.0,14.0,41.0,,,,,,5,0.0,0.0,5,0.0,0.0,1,0.0,0.0,1,0.0,0.0,0,0.0,,0,0.0,,1,0.0,0.0,3,0.0,0.0,2,0.0,0.0,1,0.0,0.0,1,0.0,0.0,0,,,2,0.0,0.0,0,,,0,,,0,0.0,,2,0.0,0.0,0.0,,0.8090909090909091,5,0.0,0.0,0,,,2,0.0,0.0,0.0196078431372549,3.9318256327243257,-0.17073170731707318,2.1029722671309536,0.023628901877875884,1.0,0.8333333333333334,1113.25,-1.1083147873963106,0.001568627450980392,0.16666666666666666,9.5,0.2916666666666667,0.375,0.25,0.10226368089581221,0.027738925818676135,8.0
Ffos Las,2026-09-27,1,Alex And Salvo Welcome You To The Bridge Handicap,1207.0,"3YO+, Class 6, Handicap, Class 6, Handicap","{'eventId': '3438545', 'overall': 'Soft', 'rating': None, 'surface': 'Turf', '__typename': 'TrackCondition'}",Turf,,13359.0,12.0,False,11.0,5.0,56.25,,,45.0,Music And Song,3.0,Filly,b,Space Blues,Music And Dance,1704.0,David Probert,D Flood,False,0.42,6.0,S,(D/A),9.5,19,9.394736842105264,8.2,17.0,1.8406159393015915,44,15.0,8.5,7.5,6.0,0.0,5.0,6.8,5.0,9.0,0.0,0.0,0.0,7.42,57.6,18.4,39.4,39.0,0.0,3.0,2.0,0.0,0.0,-1.166666666666667,0.0,0.0,-100.0,45.0,1704.0,155.0,9.0,4.0,6.0,81.0,,,,,,11,0.0,0.0,11,0.0,0.0,3,0.0,0.0,3,0.0,0.0,0,0.0,,0,0.0,,6,0.0,0.0,5,0.0,0.0,1,0.0,0.0,1,0.0,0.0,1,0.0,0.0,0,,,5,0.0,0.0,1,0.0,0.0,0,,,1,0.0,0.0,5,0.0,0.0,0.0,,0.8090909090909091,11,0.0,0.0,0,,,2,0.0,0.0,0.10526315789473684,2.2512917986064953,-0.43333333333333335,0.9366946778711485,0.10644257703081232,0.4166666666666667,0.9166666666666666,1113.25,-1.1083147873963106,0.04421052631578947,0.6666666666666666,5.0,0.6666666666666666,0.375,0.25,0.10226368089581221,0.043551274080086584,6.0
Ffos Las,2026-09-27,1,Alex And Salvo Welcome You To The Bridge Handicap,1207.0,"3YO+, Class 6, Handicap, Class 6, Handicap","{'eventId': '3438545', 'overall': 'Soft', 'rating': None, 'surface': 'Turf', '__typename': 'TrackCondition'}",Turf,,13359.0,12.0,False,12.0,2.0,56.25,,,45.0,Miss Gold,3.0,Filly,b,Havana Gold,Mrs Ivy,0.0,Benoit D L Sayette,D Flood,False,0.27,6.0,S,,251.0,19,190.6157894736842,6.6,1000.0,201.05830854481755,29,61.0,101.0,61.0,8.0,0.0,5.0,9.0,8.0,11.0,0.0,0.0,0.0,21.49,163.0,68.8,38.0,38.0,2.0,1.0,1.0,0.0,2.0,0.8333333333333339,0.0,0.0,-100.0,45.0,0.0,0.0,0.0,45.0,8.0,201.0,,,,,,5,0.0,0.0,4,0.0,0.0,1,0.0,0.0,1,0.0,0.0,2,0.0,0.0,0,0.0,,3,0.0,0.0,0,0.0,,2,0.0,0.0,1,0.0,0.0,1,0.0,0.0,0,,,5,0.0,0.0,0,,,0,,,0,0.0,,5,0.0,0.0,0.0,,0.8090909090909091,5,0.0,0.0,0,,,1,0.0,0.0,0.00398406374501992,5.5254529391317835,0.6557377049180327,5.211530496728056,0.005246155120523511,0.16666666666666666,1.0,1113.25,-1.1083147873963106,0.0010756972111553786,0.3333333333333333,12.0,0.08333333333333333,0.375,0.25,0.10226368089581221,0.025088459955670887,11.0
Curragh,2026-09-27,1,Army Equitation Centenary Irish European Breeders Fund Maiden,1408.0,"2YO, Maiden","{'eventId': '3438554', 'overall': 'Soft', 'rating': None, 'surface': 'Turf', '__typename': 'TrackCondition'}",Turf,,35689.0,16.0,False,1.0,3.0,60.25,,,81.0,Activity,2.0,Gelding,b,Gleneagles,Punakha,714.0,Nathan Crosse,J Harrington,False,0.06,6.0,S,,101.0,19,83.39473684210526,41.0,450.0,89.03334368700662,23,34.0,41.0,21.0,6.0,0.0,1.0,8.0,8.0,8.0,0.0,0.0,0.0,16.0,15.0,0.0,,79.0,0.0,0.0,1.0,0.0,1.0,0.1666666666666667,0.0,0.0,-100.0,79.0,0.0,0.0,7.0,51.0,8.0,15.0,,,,,,1,0.0,0.0,1,0.0,0.0,1,0.0,0.0,0,0.0,,0,0.0,,0,0.0,,1,0.0,0.0,0,0.0,,1,0.0,0.0,0,,,0,,,0,,,1,0.0,0.0,0,,,0,,,0,0.0,,1,0.0,0.0,0.0,,0.8090909090909091,1,0.0,0.0,0,,,1,0.0,0.0,0.009900990099009901,4.61512051684126,0.20588235294117646,4.90438624171663,0.011991164405175135,0.1875,0.0625,2230.5625,0.24999999955555557,0.000594059405940594,0.3125,12.5,0.28125,0.5,0.5,0.11495800180032192,0.03387574140602362,12.0
Curragh,2026-09-27,1,Army Equitation Centenary Irish European Breeders Fund Maiden,1408.0,"2YO, Maiden","{'eventId': '3438554', 'overall': 'Soft', 'rating': None, 'surface': 'Turf', '__typename': 'TrackCondition'}",Turf,,35689.0,16.0,False,2.0,10.0,60.25,,,81.0,Ah Sure Look,2.0,Gelding,b,Saxon Warrior,Minnie Haha,0.0,J M Sheridan,M Hassett,False,0.04,6.0,,,101.0,19,169.83684210526317,51.0,1000.0,285.2532913422852,22,61.0,51.0,23.0,10.0,0.0,,4.6,2.0,,0.0,0.4,0.2,,12.2,25.8,,79.0,1.0,1.0,,0.0,,0.1666666666666667,0.0,0.0,0.0,79.0,0.0,0.0,0.0,21.0,5.0,10.0,,,,,,0,0.08,0.375,0,0.0,,0,0.0,,0,0.0,,0,0.0,,0,0.0,,0,0.0,,0,0.0,,0,0.0,,0,,,0,,,0,,,0,,,0,,,0,,,0,0.0,,0,0.0,,0.0,,0.8090909090909091,0,,,0,,,0,,,0.009900990099009901,4.61512051684126,-0.16393442622950818,5.587715764355883,0.005888003966655304,0.625,0.125,2230.5625,0.24999999955555557,0.00039603960396039607,0.25,12.5,0.28125,0.5416666666666666,0.5,0.11495800180032192,0.038485469896199144,8.0
Curragh,2026-09-27,1,Army Equitation Centenary Irish European Breeders Fund Maiden,1408.0,"2YO, Maiden","{'eventId': '3438554', 'overall': 'Soft', 'rating': None, 'surface': 'Turf', '__typename': 'TrackCondition'}",Turf,,35689.0,16.0,False,3.0,9.0,60.25,,,81.0,Golden Idol,2.0,Colt,ch,No Nay Never,Jeremy's Legacy,3569.0,Billy Lee,H De Bromhead,False,0.23,6.0,,,10.0,19,61.23684210526316,8.0,1000.0,221.2766408832031,32,8.0,8.0,5.0,3.0,0.0,,4.6,2.0,,0.0,0.4,0.2,,12.2,25.8,,79.0,1.0,1.0,,0.0,,0.1666666666666667,0.0,0.0,0.0,79.0,0.0,0.0,15.0,21.0,5.0,10.0,,,,,,0,0.08,0.375,0,0.0,,0,0.0,,0,0.0,,0,0.0,,0,0.0,,0,0.0,,0,0.0,,0,0.0,,0,,,0,,,0,,,0,,,0,,,0,,,0,0.0,,0,0.0,,0.0,,0.8090909090909091,0,,,0,,,0,,,0.1,2.302585092994046,0.0,16.19939836699613,0.01633003867640739,0.5625,0.1875,2230.5625,0.24999999955555557,0.023000000000000003,0.8125,5.0,0.75,0.5416666666666666,0.5,0.11495800180032192,0.07759226827445102,4.0
Curragh,2026-09-27,1,Army Equitation Centenary Irish European Breeders Fund Maiden,1408.0,"2YO, Maiden","{'eventId': '3438554', 'overall': 'Soft', 'rating': None, 'surface': 'Turf', '__typename': 'TrackCondition'}",Turf,,35689.0,16.0,False,5.0,5.0,60.25,,,81.0,Johntom,2.0,Gelding,b,Cracksman,Caprella,0.0,Gary Carroll,G P Cromwell,False,0.07,6.0,S,,201.0,19,201.44210526315788,71.0,1000.0,276.3907423154277,23,51.0,71.0,27.0,12.0,0.0,1.0,8.0,8.0,8.0,0.0,0.0,0.0,12.3,34.0,0.0,,79.0,0.0,1.0,1.0,0.0,1.0,0.1666666666666667,0.0,0.0,-100.0,79.0,0.0,0.0,9.0,10.0,8.0,34.0,,,,,,1,0.0,0.0,1,0.0,0.0,1,0.0,0.0,1,0.0,0.0,0,0.0,,0,0.0,,1,0.0,0.0,0,0.0,,1,0.0,0.0,0,,,0,,,0,,,0,,,1,0.0,0.0,0,,,1,0.0,0.0,0,0.0,,0.0,,0.8090909090909091,1,0.0,0.0,0,,,1,0.0,0.0,0.004975124378109453,5.303304908059076,0.39215686274509803,4.611746877776036,0.004964205465851492,0.3125,0.3125,2230.5625,0.24999999955555557,0.0003482587064676617,0.375,15.0,0.125,0.5,0.5,0.11495800180032192,0.0344304757373764,10.0
Curragh,2026-09-27,1,Army Equitation Centenary Irish European Breeders Fund Maiden,1408.0,"2YO, Maiden","{'eventId': '3438554', 'overall': 'Soft', 'rating': None, 'surface': 'Turf', '__typename': 'TrackCondition'}",Turf,,35689.0,16.0,False,6.0,1.0,60.25,,-2.25,81.0,Maximilien Luce,2.0,Colt,b,St Mark's Basilica,Sweet Molly Malone,0.0,Wayne Lordan,A P O'Brien,False,0.3,1.0,,,7.5,19,58.626315789473686,5.0,1000.0,221.88566482503472,38,13.0,5.0,4.8,11.0,0.0,,4.6,2.0,,0.0,0.4,0.2,,12.2,25.8,,79.0,1.0,1.0,,0.0,,0.1666666666666667,0.0,0.0,0.0,79.0,0.0,0.0,16.0,21.0,5.0,10.0,,,,,,0,0.08,0.375,0,0.0,,0,0.0,,0,0.0,,0,0.0,,0,0.0,,0,0.0,,0,0.0,,0,0.0,,0,,,0,,,0,,,0,,,0,,,0,,,0,0.0,,0,0.0,,0.0,,0.8090909090909091,0,,,0,,,0,,,0.13333333333333333,2.0149030205422647,-0.6153846153846154,16.971900529670528,0.017057186461980428,0.0625,0.375,2230.5625,0.24999999955555557,0.04,0.875,3.0,0.875,0.5416666666666666,0.5,0.11495800180032192,0.08139595585900544,3.0
Curragh,2026-09-27,1,Army Equitation Centenary Irish European Breeders Fund Maiden,1408.0,"2YO, Maiden","{'eventId': '3438554', 'overall': 'Soft', 'rating': None, 'surface': 'Turf', '__typename': 'TrackCondition'}",Turf,,35689.0,16.0,False,8.0,16.0,60.25,,,81.0,Normanton,2.0,Gelding,b,Ghaiyyath,Allez Sophia,1785.0,Luke McAteer,D Marnane,False,0.03,6.0,,,16.0,19,14.910526315789474,10.5,27.0,3.720341627895864,24,26.0,12.0,9.0,4.0,0.0,,4.6,2.0,,0.0,0.4,0.2,,12.2,25.8,,79.0,1.0,1.0,,0.0,,0.1666666666666667,0.0,0.0,0.0,79.0,0.0,0.0,12.0,21.0,5.0,10.0,,,,,,0,0.08,0.375,0,0.0,,0,0.0,,0,0.0,,0,0.0,,0,0.0,,0,0.0,,0,0.0,,0,0.0,,0,,,0,,,0,,,0,,,0,,,0,,,0,0.0,,0,0.0,,0.0,,0.8090909090909091,0,,,0,,,0,,,0.0625,2.772588722239781,-0.5384615384615384,1.1066007765619486,0.06706671373102718,1.0,0.5,2230.5625,0.24999999955555557,0.001875,0.15625,7.0,0.625,0.5416666666666666,0.5,0.11495800180032192,0.06797439352714961,5.0
Curragh,2026-09-27,1,Army Equitation Centenary Irish European Breeders Fund Maiden,1408.0,"2YO, Maiden","{'eventId': '3438554', 'overall': 'Soft', 'rating': None, 'surface': 'Turf', '__typename': 'TrackCondition'}",Turf,,35689.0,16.0,False,9.0,11.0,60.25,,,81.0,One Flash,2.0,Colt,ch,Mehmas,Taawfan,0.0,Wesley Joyce,A Sexton,False,0.01,6.0,,,61.0,19,107.2842105263158,41.0,1000.0,211.86626681435257,37,101.0,41.0,23.0,8.0,0.0,,4.6,2.0,,0.0,0.4,0.2,,12.2,25.8,,79.0,1.0,1.0,,0.0,,0.1666666666666667,0.0,0.0,0.0,79.0,0.0,0.0,0.0,21.0,5.0,10.0,,,,,,0,0.08,0.375,0,0.0,,0,0.0,,0,0.0,,0,0.0,,0,0.0,,0,0.0,,0,0.0,,0,0.0,,0,,,0,,,0,,,0,,,0,,,0,,,0,0.0,,0,0.0,,0.0,,0.8090909090909091,0,,,0,,,0,,,0.01639344262295082,4.110873864173311,-0.594059405940594,8.938873626373626,0.009321036106750391,0.6875,0.5625,2230.5625,0.24999999955555557,0.0001639344262295082,0.0625,11.0,0.375,0.5416666666666666,0.5,0.11495800180032192,0.03803279061412754,9.0
Curragh,2026-09-27,1,Army Equitation Centenary Irish European Breeders Fund Maiden,1408.0,"2YO, Maiden","{'eventId': '3438554', 'overall': 'Soft', 'rating': None, 'surface': 'Turf', '__typename': 'TrackCondition'}",Turf,,35689.0,16.0,False,10.0,14.0,60.25,,,81.0,Overhead Drive,2.0,Colt,ch,Ghaiyyath,Parisienne Ways,7138.0,Seamie Heffernan,J J Murphy,False,0.1,6.0,,,18.0,19,16.22631578947368,1.2,26.0,5.076969890465971,27,51.0,13.0,12.0,2.0,0.0,,4.6,2.0,,0.0,0.4,0.2,,12.2,25.8,,79.0,1.0,1.0,,0.0,,0.1666666666666667,0.0,0.0,0.0,79.0,0.0,0.0,7.0,21.0,5.0,10.0,,,,,,0,0.08,0.375,0,0.0,,0,0.0,,0,0.0,,0,0.0,,0,0.0,,0,0.0,,0,0.0,,0,0.0,,0,,,0,,,0,,,0,,,0,,,0,,,0,0.0,,0,0.0,,0.0,,0.8090909090909091,0,,,0,,,0,,,0.05555555555555555,2.8903717578961645,-0.7450980392156863,1.5283814466428807,0.06162828413882583,0.875,0.625,2230.5625,0.24999999955555557,0.005555555555555556,0.59375,8.0,0.5625,0.5416666666666666,0.5,0.11495800180032192,0.06261429953596638,6.0
Curragh,2026-09-27,1,Army Equitation Centenary Irish European Breeders Fund Maiden,1408.0,"2YO, Maiden","{'eventId': '3438554', 'overall': 'Soft', 'rating': None, 'surface': 'Turf', '__typename': 'TrackCondition'}",Turf,,35689.0,16.0,False,11.0,6.0,60.25,,,81.0,Raging Bull,2.0,Colt,b,Wootton Bassett,Way To My Heart,21414.0,R L Moore,A P O'Brien,False,0.62,3.0,S,,1.5,19,1.4336842105263157,1.1,1.6,0.1169440048784387,38,3.0,1.32,1.3,1.0,1.0,1.0,7.0,7.0,7.0,0.0,0.0,0.0,7.0,19.0,0.0,,79.0,1.0,1.0,1.0,0.0,1.0,0.1666666666666667,0.0,0.0,-100.0,79.0,0.0,0.0,27.0,49.0,7.0,19.0,,,,,,1,0.0,0.0,1,0.0,0.0,1,0.0,0.0,1,0.0,0.0,1,0.0,0.0,1,0.0,0.0,1,0.0,0.0,0,0.0,,1,0.0,0.0,0,,,0,,,0,,,1,0.0,0.0,0,,,0,,,0,0.0,,1,0.0,0.0,0.0,,0.8090909090909091,1,0.0,0.0,0,,,1,0.0,0.0,0.6666666666666666,0.4054651081081644,-0.5599999999999999,0.34875183553597655,0.6975036710719531,0.375,0.6875,2230.5625,0.24999999955555557,0.41333333333333333,0.9375,1.0,1.0,0.5,0.5,0.11495800180032192,0.35865246234062675,1.0
Curragh,2026-09-27,1,Army Equitation Centenary Irish European Breeders Fund Maiden,1408.0,"2YO, Maiden","{'eventId': '3438554', 'overall': 'Soft', 'rating': None, 'surface': 'Turf', '__typename': 'TrackCondition'}",Turf,,35689.0,16.0,False,12.0,2.0,60.25,,,81.0,Silk Twist,2.0,Colt,b,Churchill,Black Silk,0.0,Scott McCullagh,T Mullins,False,0.03,6.0,S,o,301.0,19,249.94736842105263,120.0,1000.0,263.11283824809755,29,151.0,126.0,23.0,7.0,0.0,1.0,13.0,13.0,13.0,0.0,0.0,0.0,12.9,26.0,0.0,,79.0,0.0,1.0,1.0,0.0,1.0,0.1666666666666667,0.0,0.0,-100.0,79.0,0.0,0.0,0.0,10.0,13.0,26.0,,,,,,1,0.0,0.0,1,0.0,0.0,1,0.0,0.0,1,0.0,0.0,0,0.0,,0,0.0,,1,0.0,0.0,0,0.0,,1,0.0,0.0,0,,,0,,,0,,,0,,,1,0.0,0.0,0,,,1,0.0,0.0,0,0.0,,0.0,,0.8090909090909091,1,0.0,0.0,0,,,1,0.0,0.0,0.0033222591362126247,5.707110264748875,-0.16556291390728478,3.5207412086755108,0.004000842282585807,0.125,0.75,2230.5625,0.24999999955555557,9.966777408637873e-05,0.15625,16.0,0.0625,0.5,0.5,0.11495800180032192,0.0331272930958126,13.0
Curragh,2026-09-27,1,Army Equitation Centenary Irish European Breeders Fund Maiden,1408.0,"2YO, Maiden","{'eventId': '3438554', 'overall': 'Soft', 'rating': None, 'surface': 'Turf', '__typename': 'TrackCondition'}",Turf,,35689.0,16.0,False,13.0,7.0,60.25,,,81.0,Soho Dragon,2.0,Colt,b,Showcasing,Dansky,0.0,D W O'connor,J J Murphy,False,0.09,6.0,,,151.0,19,178.54210526315788,91.0,1000.0,212.29302568257535,28,61.0,91.0,23.0,13.0,0.0,,4.6,2.0,,0.0,0.4,0.2,,12.2,25.8,,79.0,1.0,1.0,,0.0,,0.1666666666666667,0.0,0.0,0.0,79.0,0.0,0.0,0.0,21.0,5.0,10.0,,,,,,0,0.08,0.375,0,0.0,,0,0.0,,0,0.0,,0,0.0,,0,0.0,,0,0.0,,0,0.0,,0,0.0,,0,,,0,,,0,,,0,,,0,,,0,,,0,0.0,,0,0.0,,0.0,,0.8090909090909091,0,,,0,,,0,,,0.006622516556291391,5.017279836814924,0.4918032786885246,5.091236034548832,0.005600919729976712,0.4375,0.8125,2230.5625,0.24999999955555557,0.0005960264900662252,0.46875,14.0,0.1875,0.5416666666666666,0.5,0.11495800180032192,0.033961894439171025,11.0
Curragh,2026-09-27,1,Army Equitation Centenary Irish European Breeders Fund Maiden,1408.0,"2YO, Maiden","{'eventId': '3438554', 'overall': 'Soft', 'rating': None, 'surface': 'Turf', '__typename': 'TrackCondition'}",Turf,,35689.0,16.0,False,14.0,8.0,60.25,,,81.0,Tsali,2.0,Colt,b,Lucky Vega,Highest Praise,0.0,Chris Hayes,Kevin Coleman,False,0.16,6.0,,,41.0,19,85.07894736842105,25.5,1000.0,215.9476826966427,26,17.0,26.0,15.0,9.0,0.0,,4.6,2.0,,0.0,0.4,0.2,,12.2,25.8,,79.0,1.0,1.0,,0.0,,0.1666666666666667,0.0,0.0,0.0,79.0,0.0,0.0,0.0,21.0,5.0,10.0,,,,,,0,0.08,0.375,0,0.0,,0,0.0,,0,0.0,,0,0.0,,0,0.0,,0,0.0,,0,0.0,,0,0.0,,0,,,0,,,0,,,0,,,0,,,0,,,0,0.0,,0,0.0,,0.0,,0.8090909090909091,0,,,0,,,0,,,0.024390243902439025,3.713572066704308,0.5294117647058824,11.454067429631921,0.011753789050417568,0.5,0.875,2230.5625,0.24999999955555557,0.0039024390243902443,0.75,9.5,0.46875,0.5416666666666666,0.5,0.11495800180032192,0.03860914057142902,7.0
Curragh,2026-09-27,1,Army Equitation Centenary Irish European Breeders Fund Maiden,1408.0,"2YO, Maiden","{'eventId': '3438554', 'overall': 'Soft', 'rating': None, 'surface': 'Turf', '__typename': 'TrackCondition'}",Turf,,35689.0,16.0,False,15.0,12.0,60.25,,,81.0,Yellow Sky,2.0,Colt,b,Night Of Thunder,Hoorreya,3273.0,Ben Coen,J P Murtagh,False,0.1,6.0,S,,8.5,19,7.910526315789474,6.5,13.0,1.4377960974103845,28,13.0,6.5,5.5,5.0,0.0,2.0,5.5,5.0,6.0,0.0,0.0,0.0,13.45,21.75,15.5,,79.0,1.0,2.0,2.0,0.0,1.0,0.1666666666666667,0.0,0.0,-100.0,79.0,2204.0,1102.0,13.0,61.0,6.0,9.5,,,,,,2,0.0,0.0,2,0.0,0.0,0,0.0,,2,0.0,0.0,1,0.0,0.0,1,0.0,0.0,2,0.0,0.0,0,0.0,,1,0.0,0.0,1,0.0,0.0,0,,,0,,,1,0.0,0.0,1,0.0,0.0,0,,,1,0.0,0.0,1,0.0,0.0,0.0,,0.8090909090909091,2,0.0,0.0,0,,,2,0.0,0.0,0.11764705882352941,2.1400661634962708,-0.5,0.8216899534264803,0.1264138389886893,0.75,0.9375,2230.5625,0.24999999955555557,0.011764705882352941,0.59375,4.0,0.8125,0.5,0.5,0.11495800180032192,0.1012478147026614,2.0
Kilmore,2026-09-28,1,Bet365 Bet Boost 3yo Maiden Plate,1450.0,"3-Y-O, Maiden, Set Weights","{'eventId': '3436485', 'overall': 'Good', 'rating': '4', 'surface': 'Turf', '__typename': 'TrackCondition'}",Turf,,32000.0,10.0,True,1.0,2.0,58.0,52.0,,81.0,Bloomin' Rich,3.0,Gelding,BAY,Rich Enuff,Molly Blooms,3200.0,Jake Duffy,Craig Weeding,False,0.13,2.0,S,,19.0,19,37.91052631578948,14.5,400.0,85.35053969389286,19,9.5,17.0,6.5,4.0,0.0,5.0,3.2,1.0,4.0,0.2,0.4,0.2,2.2133333333333334,9.0,0.0,,79.0,0.0,1.0,1.0,0.0,1.0,1.1666666666666663,0.0,0.0,-100.0,79.0,1600.0,1600.0,12.0,13.0,4.0,9.0,-0.1,0.04,-0.05,0.27,0.21,1,0.0,0.0,1,0.0,0.0,1,0.0,0.0,1,0.0,0.0,0,0.0,,0,0.0,,1,0.0,0.0,0,0.0,,1,0.0,0.0,0,,,0,,,0,,,1,0.0,0.0,0,,,0,,,0,0.0,,1,0.0,0.0,0.0,,0.8090909090909091,0,,,1,0.0,0.0,1,0.0,0.0,0.05263157894736842,2.9444389791664403,0.7894736842105263,10.16867971678467,0.02637789809801471,0.2,0.1,3200.0,0.5590169937499476,0.006842105263157895,0.45,13.0,0.25,0.75,0.34375,0.2868358017565223,0.08090726205600277,5.0
Kilmore,2026-09-28,1,Bet365 Bet Boost 3yo Maiden Plate,1450.0,"3-Y-O, Maiden, Set Weights","{'eventId': '3436485', 'overall': 'Good', 'rating': '4', 'surface': 'Turf', '__typename': 'TrackCondition'}",Turf,,32000.0,10.0,True,4.0,8.0,58.0,56.0,,81.0,Got Bingo,3.0,Gelding,BAY,So You Think,Bright Idea,640.0,Dylan Dunn,Edward Cummings,False,0.34,6.0,,,31.0,19,66.7578947368421,18.5,780.0,168.13803951637468,19,23.0,26.0,14.0,8.0,0.0,4.0,4.25,3.0,5.0,0.0,0.25,0.0,8.33,12.2,0.0,,79.0,0.0,0.0,0.0,0.0,0.0,1.5,0.0,0.0,0.0,79.0,0.0,0.0,0.0,21.0,5.0,10.0,,,,,,0,0.08,0.375,0,0.0,,0,0.0,,0,0.0,,0,0.0,,0,0.0,,0,0.0,,0,0.0,,0,0.0,,0,,,0,,,0,,,0,,,0,,,0,,,0,0.0,,0,0.0,,0.0,,0.8090909090909091,0,,,0,,,0,,,0.03225806451612903,3.4339872044851463,0.13043478260869565,11.406890570797856,0.014979501734468622,0.8,0.4,3200.0,0.5590169937499476,0.010967741935483872,0.6,15.0,0.125,0.55,0.34375,0.2868358017565223,0.05710532591530287,8.0
Kilmore,2026-09-28,1,Bet365 Bet Boost 3yo Maiden Plate,1450.0,"3-Y-O, Maiden, Set Weights","{'eventId': '3436485', 'overall': 'Good', 'rating': '4', 'surface': 'Turf', '__typename': 'TrackCondition'}",Turf,,32000.0,10.0,True,6.0,5.0,58.0,54.0,,81.0,Musical Journey,3.0,Gelding,BAY,Russian Camelot,Annadeel,6400.0,Cian MacRedmond,Matt Cumani,False,0.92,12.0,S,,11.0,19,11.336842105263155,9.2,24.0,3.0276290056943704,29,9.0,10.0,6.5,9.0,0.0,5.0,4.2,2.0,6.0,0.0,0.4,0.4,1.5,26.0,0.0,,79.0,0.0,0.0,1.0,0.0,1.0,0.333333333333333,0.0,100.0,-100.0,79.0,5760.0,5760.0,10.0,16.0,2.0,26.0,1.11,-0.66,-1.51,-2.3,-2.0,1,0.0,1.0,1,0.0,1.0,1,0.0,1.0,0,0.0,,0,0.0,,0,0.0,,1,0.0,1.0,0,0.0,,1,0.0,1.0,0,,,0,,,0,,,1,0.0,1.0,0,,,0,,,0,0.0,,1,0.0,1.0,0.0,,0.8090909090909091,0,,,1,0.0,1.0,1,0.0,1.0,0.09090909090909091,2.3978952727983707,0.1111111111111111,1.305478180129991,0.08820798514391831,0.5,0.6,3200.0,0.5590169937499476,0.08363636363636365,0.9,10.5,0.40625,0.75,0.9375,0.2868358017565223,0.09066363693272705,4.0
Kilmore,2026-09-28,1,Bet365 Bet Boost 3yo Maiden Plate,1450.0,"3-Y-O, Maiden, Set Weights","{'eventId': '3436485', 'overall': 'Good', 'rating': '4', 'surface': 'Turf', '__typename': 'TrackCondition'}",Turf,,32000.0,10.0,True,9.0,6.0,56.0,56.0,,81.0,Refuse To Curtsy,3.0,Filly,BROWN,Royal Meeting,Tivoli Lass,40725.0,John Allen,Thomas Carberry,False,0.62,5.0,S,,2.15,19,2.065789473684211,1.95,2.24,0.0847482829805067,40,4.2,1.95,1.95,1.0,1.0,5.0,4.8,1.0,10.0,0.2,0.2,0.2,4.79,13.0,43.0,,79.0,0.0,1.0,1.0,0.0,1.0,1.333333333333333,0.0,0.0,-100.0,79.0,9125.0,3042.0,16.0,18.0,4.0,15.0,-0.2,-0.04,-0.52,-0.9,-1.24,3,0.0,0.0,3,0.0,0.0,1,0.0,0.0,1,0.0,0.0,0,0.0,,0,0.0,,3,0.0,0.0,0,0.0,,2,0.0,0.0,1,0.0,0.0,0,,,0,,,2,0.0,0.0,1,0.0,0.0,0,,,1,0.0,0.0,2,0.0,0.0,0.0,,0.8090909090909091,0,,,3,0.0,0.0,1,0.0,0.0,0.46511627906976744,0.7654678421395714,-0.5357142857142857,0.14038216560509562,0.484076433121019,0.6,0.9,3200.0,-1.677050981249843,0.2883720930232558,0.7,4.0,0.8125,0.3,0.34375,0.2868358017565223,0.2287709582793708,1.0
Kilmore,2026-09-28,1,Bet365 Bet Boost 3yo Maiden Plate,1450.0,"3-Y-O, Maiden, Set Weights","{'eventId': '3436485', 'overall': 'Good', 'rating': '4', 'surface': 'Turf', '__typename': 'TrackCondition'}",Turf,,32000.0,10.0,True,10.0,7.0,56.0,54.0,,81.0,Regal Banter,3.0,Filly,BAY,King's Legacy,Chit Chat,6400.0,Lachlan Neindorf,Mark Walker,False,0.79,2.0,S,,9.5,19,8.826315789473686,8.4,11.0,0.6592197183937337,25,5.5,8.5,5.0,7.0,0.0,5.0,5.4,4.0,7.0,0.0,0.0,0.0,1.16,12.2,0.0,,79.0,0.0,0.0,0.0,0.0,0.0,-1.0,0.0,100.0,-100.0,79.0,5760.0,5760.0,17.0,279.0,2.0,5.0,3.12,0.8,1.06,1.3,1.54,1,0.0,1.0,1,0.0,1.0,0,0.0,,0,0.0,,0,0.0,,0,0.0,,1,0.0,1.0,0,0.0,,1,0.0,1.0,0,,,0,,,0,,,1,0.0,1.0,0,,,0,,,0,0.0,,1,0.0,1.0,0.0,,0.8090909090909091,0,,,1,0.0,1.0,1,0.0,1.0,0.10526315789473684,2.2512917986064953,0.5454545454545454,0.2945736434108526,0.11329755515802026,0.7,1.0,3200.0,-1.677050981249843,0.08315789473684211,0.8,9.0,0.5,0.1,0.9375,0.2868358017565223,0.09836339992324335,3.0
Kilmore,2026-09-28,1,Bet365 Bet Boost 3yo Maiden Plate,1450.0,"3-Y-O, Maiden, Set Weights","{'eventId': '3436485', 'overall': 'Good', 'rating': '4', 'surface': 'Turf', '__typename': 'TrackCondition'}",Turf,,32000.0,10.0,True,11.0,9.0,58.0,54.0,,81.0,Magnum,3.0,Gelding,CHESTNUT,Dirty Work,The Huntress,6480.0,Ryan Hurdle,Lindsey Smith,True,1.0,3.0,S,,7.0,19,6.6605263157894745,5.8,9.6,0.8157300487694283,17,5.0,6.25,3.6,5.0,0.0,5.0,3.4,1.0,7.0,0.2,0.6,0.4,4.173333333333333,11.5,3.0,,79.0,0.0,0.0,2.0,0.0,1.0,1.5,0.0,50.0,-100.0,79.0,5520.0,2760.0,21.0,14.0,3.0,15.0,0.52,0.05,-0.46,-0.4,-0.45,2,0.0,0.5,2,0.0,0.5,2,0.0,0.5,0,0.0,,0,0.0,,0,0.0,,2,0.0,0.5,0,0.0,,1,0.0,0.0,1,0.0,1.0,0,,,0,,,0,,,2,0.0,0.5,0,,,2,0.0,0.5,0,0.0,,0.0,,0.8090909090909091,0,,,2,0.0,0.5,2,0.0,0.5,0.14285714285714285,1.9459101490553132,0.25,0.5705254839984195,0.15013828526274198,0.9,1.1,3200.0,0.5590169937499476,0.14285714285714285,1.0,6.5,0.65625,0.95,0.78125,0.2868358017565223,0.1928285291469687,2.0
Kilmore,2026-09-28,1,Bet365 Bet Boost 3yo Maiden Plate,1450.0,"3-Y-O, Maiden, Set Weights","{'eventId': '3436485', 'overall': 'Good', 'rating': '4', 'surface': 'Turf', '__typename': 'TrackCondition'}",Turf,,32000.0,10.0,True,12.0,10.0,58.0,54.0,,81.0,Golden Rainbow,3.0,Gelding,CHESTNUT,Rubick,Rainbow Girl,5520.0,Jake Noonan,Matt Laurie,True,0.13,4.0,S,,81.0,19,94.3315789473684,44.1,660.0,133.79598394032448,22,26.0,61.0,15.0,3.0,0.0,5.0,5.2,3.0,6.0,0.0,0.2,0.0,4.34,31.0,0.0,,79.0,0.0,0.0,1.0,0.0,1.0,-1.333333333333333,0.0,0.0,-100.0,79.0,640.0,640.0,12.0,14.0,6.0,31.0,0.76,-0.15,-0.77,-0.88,-1.39,1,0.0,0.0,1,0.0,0.0,1,0.0,0.0,0,0.0,,0,0.0,,0,0.0,,1,0.0,0.0,0,0.0,,1,0.0,0.0,0,,,0,,,0,,,0,,,1,0.0,0.0,0,,,1,0.0,0.0,0,0.0,,0.0,,0.8090909090909091,0,,,1,0.0,0.0,1,0.0,0.0,0.012345679012345678,4.394449154672439,1.3461538461538463,6.529096691402111,0.010600903866540203,1.0,1.2,3200.0,0.5590169937499476,0.0016049382716049382,0.45,16.0,0.0625,0.3,0.34375,0.2868358017565223,0.05228983001874978,9.0
Kilmore,2026-09-28,1,Bet365 Bet Boost 3yo Maiden Plate,1450.0,"3-Y-O, Maiden, Set Weights","{'eventId': '3436485', 'overall': 'Good', 'rating': '4', 'surface': 'Turf', '__typename': 'TrackCondition'}",Turf,,32000.0,10.0,True,13.0,1.0,58.0,54.0,,81.0,Levent,3.0,Gelding,BAY,Levendi,Miss Chang'e,6720.0,Daniel Stackhouse,Amy & Ash Yargi,False,0.05,6.0,S,,7.5,19,7.436842105263159,5.6,9.0,0.6392516400290096,20,12.0,7.0,6.0,2.0,0.0,4.0,5.25,3.0,7.0,0.0,0.25,0.0,6.06,12.0,0.0,,79.0,1.0,1.0,1.0,0.0,1.0,-1.5,0.0,0.0,-100.0,79.0,960.0,960.0,4.0,15.0,5.0,12.0,1.33,0.3,-0.69,-0.87,-0.67,1,0.0,0.0,1,0.0,0.0,1,0.0,0.0,1,0.0,0.0,1,0.0,0.0,1,0.0,0.0,1,0.0,0.0,0,0.0,,1,0.0,0.0,0,,,0,,,0,,,0,,,1,0.0,0.0,0,,,1,0.0,0.0,0,0.0,,0.0,,0.8090909090909091,0,,,1,0.0,0.0,1,0.0,0.0,0.13333333333333333,2.0149030205422647,-0.4166666666666667,0.4571832979476292,0.13446567586694974,0.1,1.3,3200.0,0.5590169937499476,0.006666666666666667,0.25,8.0,0.5625,0.55,0.34375,0.2868358017565223,0.07622788307224958,6.0
Kilmore,2026-09-28,1,Bet365 Bet Boost 3yo Maiden Plate,1450.0,"3-Y-O, Maiden, Set Weights","{'eventId': '3436485', 'overall': 'Good', 'rating': '4', 'surface': 'Turf', '__typename': 'TrackCondition'}",Turf,,32000.0,10.0,True,15.0,3.0,56.0,50.0,,81.0,A Rus In Grinzing,3.0,Filly,BAY,Russian Camelot,Avila,1490.0,Damien Thornton,Ben Brisbourne,False,0.01,1.0,S,,16.0,19,18.09473684210526,13.0,60.0,9.981323279226665,25,26.0,15.0,13.0,6.0,0.0,5.0,4.0,2.0,7.0,0.0,0.6,0.2,8.92,19.0,0.0,,79.0,0.0,0.0,1.0,0.0,1.0,-0.8333333333333335,0.0,0.0,-100.0,79.0,850.0,850.0,0.0,10.0,7.0,19.0,2.96,-0.06,-0.22,-0.66,-0.1,1,0.0,0.0,1,0.0,0.0,1,0.0,0.0,0,0.0,,0,0.0,,0,0.0,,1,0.0,0.0,0,0.0,,1,0.0,0.0,0,,,0,,,0,,,1,0.0,0.0,0,,,0,,,0,0.0,,1,0.0,0.0,0.0,,0.8090909090909091,0,,,1,0.0,0.0,1,0.0,0.0,0.0625,2.772588722239781,-0.4230769230769231,2.597440372309483,0.05526468877254219,0.3,1.5,3200.0,-1.677050981249843,0.000625,0.1,12.0,0.3125,0.95,0.34375,0.2868358017565223,0.07543792729796707,7.0
Kilmore,2026-09-28,1,Bet365 Bet Boost 3yo Maiden Plate,1450.0,"3-Y-O, Maiden, Set Weights","{'eventId': '3436485', 'overall': 'Good', 'rating': '4', 'surface': 'Turf', '__typename': 'TrackCondition'}",Turf,,32000.0,10.0,True,16.0,4.0,56.0,51.0,,81.0,Chilly Sav,3.0,Filly,BAY,Churchill,Savannabeel,640.0,Luke Cartwright,Peter Moody & Katherine Coleman,True,0.05,8.0,S,o,20.0,19,68.10526315789474,15.0,950.0,207.873669818662,26,51.0,18.0,15.0,10.0,0.0,5.0,6.0,2.0,11.0,0.0,0.2,0.2,7.77,71.0,0.0,,79.0,0.0,0.0,1.0,0.0,1.0,-3.333333333333333,0.0,0.0,-100.0,79.0,0.0,0.0,11.0,18.0,11.0,71.0,-0.1,,-0.99,-1.27,-1.5,1,0.0,0.0,1,0.0,0.0,1,0.0,0.0,0,0.0,,0,0.0,,0,0.0,,1,0.0,0.0,0,0.0,,1,0.0,0.0,0,,,0,,,0,,,0,,,1,0.0,0.0,0,,,1,0.0,0.0,0,0.0,,0.0,,0.8090909090909091,0,,,1,0.0,0.0,1,0.0,0.0,0.05,2.995732273553991,-0.6470588235294118,13.728748068006182,0.014683153013910355,0.4,1.6,3200.0,-1.677050981249843,0.0025000000000000005,0.25,14.0,0.1875,0.3,0.34375,0.2868358017565223,0.04740524735741806,10.0
Epsom Downs,2026-09-27,5,Betfred 'Bet Builder' Handicap (Gbbplus Race),2027.0,"3YO+, Class 3, Handicap, Class 3, Handicap","{'eventId': '3438543', 'overall': 'Good', 'rating': None, 'surface': 'Turf', '__typename': 'TrackCondition'}",Turf,,37117.0,5.0,False,1.0,2.0,62.25,,,95.0,Matins,3.0,Colt,b,Frankel,Sacre Caroline,40074.0,Cieren Fallon,W J Haggas,False,1.0,9.0,D,n,1.6,19,1.5552631578947371,1.1,1.83,0.1289785139614808,28,1.8,1.52,1.52,1.0,1.0,2.0,1.0,1.0,1.0,1.0,1.0,1.0,0.0,1.765,9.5,,79.0,0.0,0.0,0.0,2.0,1.0,0.1666666666666667,100.0,100.0,77.0,95.0,20627.0,10314.0,23.0,44.0,1.0,1.03,,,,,,2,1.0,1.0,2,1.0,1.0,1,1.0,1.0,0,0.0,,0,0.0,,0,0.0,,2,1.0,1.0,0,0.0,,1,1.0,1.0,1,1.0,1.0,0,,,0,,,2,1.0,1.0,0,,,0,,,0,0.0,,2,1.0,1.0,2.0,1.0,1.0,2,1.0,1.0,0,,,0,,,0.625,0.47000362924573563,-0.15555555555555556,0.46937394247038905,0.6429780033840946,0.4,0.2,7423.4,1.463062546585334,0.625,1.0,1.0,1.0,1.0,1.0,0.22023809523809526,0.4549663883012545,1.0
Epsom Downs,2026-09-27,5,Betfred 'Bet Builder' Handicap (Gbbplus Race),2027.0,"3YO+, Class 3, Handicap, Class 3, Handicap","{'eventId': '3438543', 'overall': 'Good', 'rating': None, 'surface': 'Turf', '__typename': 'TrackCondition'}",Turf,,37117.0,5.0,False,2.0,3.0,59.75,,,85.0,Rajeko,4.0,Gelding,b,Kameko,Rajar,55155.0,Hector Crouch,M L W Bell,False,0.03,20.0,D,n,18.0,19,17.38421052631579,8.1,65.0,11.636660000003385,19,23.0,15.0,11.0,5.0,0.0,5.0,12.6,9.0,17.0,0.0,0.0,0.0,13.07,29.2,61.6,93.2,87.0,0.0,0.0,1.0,0.0,2.0,-0.6666666666666661,17.0,33.0,6.0,85.0,54015.0,4501.0,21.0,22.0,9.0,9.0,,,,,,12,0.1666666666666666,0.3333333333333333,6,0.0,0.0,1,0.0,0.0,0,0.0,,0,0.0,,0,0.0,,6,0.1666666666666666,0.1666666666666666,2,0.0,0.0,5,0.4,0.4,4,0.0,0.25,3,0.0,0.3333333333333333,0,,,9,0.2222222222222222,0.4444444444444444,1,0.0,0.0,0,,,1,0.0,0.0,9,0.2222222222222222,0.4444444444444444,2.0,0.5,1.0,12,0.1666666666666666,0.3333333333333333,0,,,1,0.0,0.0,0.05555555555555555,2.8903717578961645,-0.34782608695652173,3.273085074174992,0.05752346351801392,0.6,0.4,7423.4,0.4327368095534078,0.0016666666666666666,0.6,5.0,0.2,0.2,0.6,0.22023809523809526,0.05231716897437851,5.0
Epsom Downs,2026-09-27,5,Betfred 'Bet Builder' Handicap (Gbbplus Race),2027.0,"3YO+, Class 3, Handicap, Class 3, Handicap","{'eventId': '3438543', 'overall': 'Good', 'rating': None, 'surface': 'Turf', '__typename': 'TrackCondition'}",Turf,,37117.0,5.0,False,3.0,4.0,58.5,,,82.0,Cogitate,5.0,Gelding,b,Churchill,Damaniyat Girl,81398.0,Charles Bishop,Eve Johnson Houghton,False,0.01,8.0,D,n,9.0,19,9.084210526315792,6.2,26.0,4.041399335286926,16,5.5,7.5,5.5,4.0,0.0,5.0,4.6,3.0,7.0,0.0,0.2,0.0,3.96,10.5,23.4,85.2,83.0,0.0,0.0,1.0,1.0,0.0,1.0,8.0,29.0,-29.0,82.0,79119.0,3297.0,12.0,45.0,4.0,4.5,,,,,,24,0.0833333333333333,0.2916666666666667,10,0.0,0.4,1,0.0,0.0,0,0.0,,0,0.0,,0,0.0,,13,0.1538461538461538,0.2307692307692307,7,0.0,0.4285714285714285,6,0.1666666666666666,0.5,4,0.0,0.0,2,0.5,0.5,0,,,17,0.1176470588235294,0.2352941176470588,0,,,0,,,0,0.0,,17,0.1176470588235294,0.2352941176470588,4.0,0.25,0.5,24,0.0833333333333333,0.2916666666666667,0,,,6,0.0,0.3333333333333333,0.1111111111111111,2.1972245773362196,0.36363636363636365,2.179606025492468,0.11008111239860947,0.8,0.6,7423.4,-0.08242605896255527,0.0011111111111111111,0.3,4.0,0.4,0.4,0.2,0.22023809523809526,0.08382251828544061,4.0
Epsom Downs,2026-09-27,5,Betfred 'Bet Builder' Handicap (Gbbplus Race),2027.0,"3YO+, Class 3, Handicap, Class 3, Handicap","{'eventId': '3438543', 'overall': 'Good', 'rating': None, 'surface': 'Turf', '__typename': 'TrackCondition'}",Turf,,37117.0,5.0,False,4.0,5.0,56.75,,,78.0,Echalar,4.0,Gelding,b,Too Darn Hot,Rocana,35043.0,Billy Loughnane,Ian Williams,False,0.01,5.0,D,dn,6.0,19,6.178947368421054,5.4,15.5,2.208674035984015,19,4.5,5.5,4.2,3.0,0.0,5.0,3.4,1.0,7.0,0.2,0.6,0.4,3.37,16.2,26.0,74.4,76.0,0.0,3.0,0.0,0.0,0.0,3.166666666666667,11.0,32.0,-16.0,78.0,30481.0,1604.0,19.0,12.0,2.0,6.0,,,,,,19,0.1052631578947368,0.3157894736842105,16,0.125,0.25,3,0.3333333333333333,0.6666666666666666,4,0.25,0.5,0,0.0,,0,0.0,,8,0.125,0.375,8,0.125,0.125,2,0.0,0.0,2,0.0,0.5,2,0.0,0.5,0,,,8,0.125,0.375,3,0.0,0.6666666666666666,0,,,3,0.0,0.6666666666666666,8,0.125,0.375,1.0,0.0,0.0,19,0.1052631578947368,0.3157894736842105,0,,,2,0.0,0.0,0.16666666666666666,1.791759469228055,0.2222222222222222,1.6345826235093694,0.16183986371379896,1.0,0.8,7423.4,-0.8036540748849036,0.0016666666666666666,0.3,2.0,0.8,0.7,0.4,0.22023809523809526,0.2724858573031938,2.0
Epsom Downs,2026-09-27,5,Betfred 'Bet Builder' Handicap (Gbbplus Race),2027.0,"3YO+, Class 3, Handicap, Class 3, Handicap","{'eventId': '3438543', 'overall': 'Good', 'rating': None, 'surface': 'Turf', '__typename': 'TrackCondition'}",Turf,,37117.0,5.0,False,5.0,1.0,56.25,,,77.0,Carnival Day,5.0,Gelding,b,Invincible Spirit,Mardie Gras,88391.0,Patrick Cosgrave,J R Boyle,False,0.26,24.0,D,tcdsn,7.0,19,6.347368421052631,4.4,11.0,1.3484370762020947,12,5.0,6.0,4.8,2.0,0.0,5.0,2.8,1.0,5.0,0.4,0.6,0.4,2.22,4.2,11.2,76.0,74.0,2.0,4.0,0.0,3.0,0.0,3.0,19.0,52.0,-34.0,77.0,79271.0,2557.0,11.0,17.0,1.0,3.5,,,,,,31,0.1935483870967742,0.5161290322580645,12,0.1666666666666666,0.5833333333333334,4,0.5,0.75,18,0.3333333333333333,0.6666666666666666,7,0.2857142857142857,0.7142857142857143,4,0.5,1.0,18,0.1111111111111111,0.4444444444444444,0,0.0,,6,0.0,0.3333333333333333,5,0.2,0.6,4,0.25,0.25,0,,,20,0.1,0.45,11,0.3636363636363636,0.6363636363636364,0,,,11,0.3636363636363636,0.6363636363636364,20,0.1,0.45,7.0,0.4285714285714285,0.5714285714285714,31,0.1935483870967742,0.5161290322580645,0,,,3,0.0,0.3333333333333333,0.14285714285714285,1.9459101490553132,0.2,1.0398009950248757,0.15754560530679934,0.2,1.0,7423.4,-1.0097192222912887,0.037142857142857144,0.8,3.0,0.6,0.7,0.8,0.22023809523809526,0.13640806713573256,3.0
Epsom Downs,2026-09-27,2,Betfred Derby 'Wild Card' Ebf Conditions Stakes (Gbb/gbbplus Race),1713.0,"2YO, Class 2, Class 2","{'eventId': '3438540', 'overall': 'Good', 'rating': None, 'surface': 'Turf', '__typename': 'TrackCondition'}",Turf,,37117.0,5.0,False,1.0,2.0,59.5,,,91.0,Sword Salute,2.0,Colt,ch,Masar,Victory Wave,81336.0,Rowan Scott,C Johnston,False,0.2,18.0,U,n,14.0,19,12.102105263157895,2.04,14.5,2.911985358095362,42,5.0,12.0,5.0,2.0,0.0,5.0,7.0,1.0,13.0,0.4,0.4,0.4,4.4875,38.0,21.0,88.0,91.0,0.0,0.0,1.0,0.0,0.0,5.0,38.0,63.0,416.0,91.0,134617.0,16827.0,25.0,0.0,7.0,12.0,,,,,,8,0.375,0.625,8,0.375,0.625,1,0.0,0.0,0,0.0,,0,0.0,,0,0.0,,5,0.4,0.6,0,0.0,,1,0.0,1.0,1,0.0,1.0,1,1.0,1.0,2,0.0,0.0,3,0.6666666666666666,1.0,0,,,0,,,0,0.0,,5,0.4,0.6,1.0,1.0,1.0,8,0.375,0.625,0,,,2,0.5,1.0,0.07142857142857142,2.6390573296152584,1.4,1.0295729320692355,0.08263025136992258,0.4,0.2,7423.4,1.7888543779998225,0.014285714285714285,0.4,4.0,0.4,0.2,0.2,0.2189640768588137,0.028047714443309717,5.0
Epsom Downs,2026-09-27,2,Betfred Derby 'Wild Card' Ebf Conditions Stakes (Gbb/gbbplus Race),1713.0,"2YO, Class 2, Class 2","{'eventId': '3438540', 'overall': 'Good', 'rating': None, 'surface': 'Turf', '__typename': 'TrackCondition'}",Turf,,37117.0,5.0,False,2.0,4.0,58.5,,,89.0,Al Wathba,2.0,Colt,b,Wootton Bassett,Hidden Breeze,37878.0,Billy Loughnane,C Appleby,False,0.84,19.0,D,bn,4.5,19,4.83421052631579,2.0,22.0,4.092420871227399,32,3.9,4.0,3.0,3.0,0.0,4.0,2.25,1.0,4.0,0.25,0.75,0.75,1.175,2.625,15.25,91.0,91.0,0.0,0.0,0.0,3.0,1.0,-0.5,25.0,75.0,-61.0,89.0,33316.0,8329.0,41.0,0.0,4.0,4.5,,,,,,4,0.25,0.75,4,0.25,0.75,3,0.3333333333333333,0.6666666666666666,0,0.0,,0,0.0,,0,0.0,,3,0.0,0.6666666666666666,1,1.0,1.0,1,0.0,1.0,1,0.0,1.0,1,1.0,1.0,0,,,2,0.0,1.0,1,0.0,0.0,0,,,1,0.0,0.0,2,0.0,1.0,3.0,0.3333333333333333,0.6666666666666666,4,0.25,0.75,0,,,1,0.0,1.0,0.2222222222222222,1.5040773967762742,0.025641025641025664,4.137180185084376,0.20685900925421882,0.8,0.4,7423.4,-0.44721359449996356,0.18666666666666665,0.8,2.5,0.7,0.4,0.4,0.2189640768588137,0.17550060119398567,3.0
Epsom Downs,2026-09-27,2,Betfred Derby 'Wild Card' Ebf Conditions Stakes (Gbb/gbbplus Race),1713.0,"2YO, Class 2, Class 2","{'eventId': '3438540', 'overall': 'Good', 'rating': None, 'surface': 'Turf', '__typename': 'TrackCondition'}",Turf,,37117.0,5.0,False,3.0,3.0,58.5,,,81.0,Bincimbal,2.0,Colt,br,Too Darn Hot,Silk Romance,24784.0,Lewis Edmunds,Harry Charlton,False,1.0,19.0,D,tn,19.0,19,22.721052631578942,12.0,150.0,30.059197365538356,29,7.0,15.0,7.0,5.0,0.0,5.0,2.0,1.0,4.0,0.6,0.8,0.6,4.75,9.55,18.2,74.0,75.0,1.0,0.0,0.0,0.0,1.0,1.6666666666666663,60.0,80.0,485.0,81.0,23644.0,4729.0,17.0,0.0,1.0,19.0,,,,,,5,0.6,0.8,5,0.6,0.8,3,1.0,1.0,0,0.0,,1,1.0,1.0,0,0.0,,4,0.5,0.75,0,0.0,,1,0.0,1.0,1,0.0,0.0,1,1.0,1.0,0,,,5,0.6,0.8,0,,,0,,,0,0.0,,5,0.6,0.8,0.0,,0.8090909090909091,5,0.6,0.8,0,,,1,0.0,0.0,0.05263157894736842,2.9444389791664403,1.1428571428571428,6.0736622654621275,0.04401204540189948,0.6,0.6,7423.4,-0.44721359449996356,0.05263157894736842,1.0,5.0,0.2,0.6,0.6,0.2189640768588137,0.10178782869139351,4.0
Epsom Downs,2026-09-27,2,Betfred Derby 'Wild Card' Ebf Conditions Stakes (Gbb/gbbplus Race),1713.0,"2YO, Class 2, Class 2","{'eventId': '3438540', 'overall': 'Good', 'rating': None, 'surface': 'Turf', '__typename': 'TrackCondition'}",Turf,,37117.0,5.0,False,4.0,1.0,58.5,,,81.0,Quite Cheeky,2.0,Colt,b,Teofilo,Examinee,32644.0,Cieren Fallon,W J Haggas,False,0.76,4.0,D,tsn,4.5,19,4.119473684210527,2.02,4.5,0.5578008858498235,25,3.9,4.2,3.1,1.0,1.0,2.0,1.0,1.0,1.0,1.0,1.0,1.0,0.0,8.0,0.0,,79.0,1.0,0.0,0.0,0.0,1.0,0.1666666666666667,100.0,100.0,700.0,79.0,13197.0,6599.0,23.0,0.0,1.0,4.5,,,,,,2,1.0,1.0,2,1.0,1.0,2,1.0,1.0,0,0.0,,1,1.0,1.0,0,0.0,,1,1.0,1.0,0,0.0,,1,1.0,1.0,1,1.0,1.0,0,,,0,,,0,,,2,1.0,1.0,0,,,2,1.0,1.0,0,0.0,,0.0,,0.8090909090909091,2,1.0,1.0,0,,,1,1.0,1.0,0.2222222222222222,1.5040773967762742,0.076923076923077,0.6020186533793279,0.24274945700779352,0.2,0.8,7423.4,-0.44721359449996356,0.1688888888888889,0.6,2.5,0.7,0.9,0.9,0.2189640768588137,0.2936683953777074,2.0
Epsom Downs,2026-09-27,2,Betfred Derby 'Wild Card' Ebf Conditions Stakes (Gbb/gbbplus Race),1713.0,"2YO, Class 2, Class 2","{'eventId': '3438540', 'overall': 'Good', 'rating': None, 'surface': 'Turf', '__typename': 'TrackCondition'}",Turf,,37117.0,5.0,False,5.0,5.0,58.5,,,81.0,Rose Moon,2.0,Colt,b,Sea The Moon,Rosenart,17589.0,Rossa Ryan,R M Beckett,False,0.01,6.0,D,n,1.9,19,2.0673684210526315,1.8,5.0,0.7211164013291668,42,2.9,1.8,1.7,4.0,0.0,1.0,1.0,1.0,1.0,1.0,1.0,1.0,0.0,3.5,0.0,,79.0,0.0,0.0,0.0,0.0,1.0,0.1666666666666667,100.0,100.0,250.0,79.0,15310.0,15310.0,21.0,0.0,1.0,1.83,,,,,,1,1.0,1.0,1,1.0,1.0,1,1.0,1.0,0,0.0,,0,0.0,,0,0.0,,1,1.0,1.0,0,0.0,,1,1.0,1.0,0,,,0,,,0,,,1,1.0,1.0,0,,,0,,,0,0.0,,1,1.0,1.0,0.0,,0.8090909090909091,1,1.0,1.0,0,,,1,0.0,0.0,0.5263157894736842,0.6418538861723947,-0.3793103448275862,1.5478615071283097,0.48370672097759676,1.0,1.0,7423.4,-0.44721359449996356,0.005263157894736842,0.2,1.0,1.0,0.9,0.9,0.2189640768588137,0.4009954602936038,1.0
Epsom Downs,2026-09-27,7,Betfred 'Follow Us On X' Handicap,1411.0,"3YO+, Class 4, Handicap, Class 4, Handicap","{'eventId': '3438546', 'overall': 'Good', 'rating': None, 'surface': 'Turf', '__typename': 'TrackCondition'}",Turf,,24126.0,10.0,False,1.0,1.0,63.5,,,79.0,Musical Angel,4.0,Filly,b,Dark Angel,Gift Of Music,50646.0,Harry Davies,S Dow,False,0.82,13.0,S,tcdsn,4.8,19,56.72631578947368,3.5,1000.0,222.33188525763924,29,3.1,4.2,3.0,8.0,0.0,5.0,3.2,2.0,6.0,0.0,0.8,0.4,3.41,8.2,14.2,80.0,79.0,3.0,5.0,2.0,1.0,0.0,2.0,15.0,60.0,-8.0,79.0,50646.0,2532.0,13.0,17.0,2.0,11.0,,,,,,20,0.15,0.6,11,0.1818181818181818,0.5454545454545454,2,0.0,1.0,11,0.1818181818181818,0.6363636363636364,6,0.1666666666666666,0.6666666666666666,5,0.2,0.6,11,0.1818181818181818,0.7272727272727273,1,0.0,0.0,4,0.0,0.25,3,0.0,0.3333333333333333,2,0.5,0.5,0,,,15,0.1333333333333333,0.6,4,0.25,0.75,0,,,4,0.25,0.75,15,0.1333333333333333,0.6,4.0,0.0,0.25,20,0.15,0.6,0,,,6,0.1666666666666666,0.5,0.20833333333333334,1.5686159179138452,0.3548387096774194,17.566802746335128,0.017628502505102988,0.1,0.1,2412.6,1.3513278488626137,0.17083333333333334,0.8,2.0,0.9,1.0,0.95,0.11477145682269896,0.14376680532178948,3.0
Epsom Downs,2026-09-27,7,Betfred 'Follow Us On X' Handicap,1411.0,"3YO+, Class 4, Handicap, Class 4, Handicap","{'eventId': '3438546', 'overall': 'Good', 'rating': None, 'surface': 'Turf', '__typename': 'TrackCondition'}",Turf,,24126.0,10.0,False,2.0,3.0,63.0,,,78.0,Bridget's View,4.0,Filly,ch,Sergei Prokofiev,Samasana,51141.0,Rossa Ryan,S C Williams,False,0.54,4.0,S,dn,12.0,19,62.76315789473684,7.2,1000.0,220.91165228738728,13,8.0,9.5,7.5,4.0,0.0,5.0,6.0,5.0,7.0,0.0,0.0,0.0,6.15,20.1,29.2,82.2,79.0,0.0,3.0,4.0,0.0,0.0,1.666666666666667,15.0,23.0,-6.0,78.0,49635.0,3818.0,15.0,31.0,5.0,11.0,,,,,,13,0.1538461538461538,0.2307692307692307,9,0.1111111111111111,0.1111111111111111,2,0.0,0.0,9,0.1111111111111111,0.2222222222222222,0,0.0,,0,0.0,,5,0.0,0.2,5,0.2,0.2,4,0.25,0.5,2,0.5,0.5,1,0.0,0.0,0,,,7,0.1428571428571428,0.1428571428571428,1,0.0,1.0,0,,,1,0.0,1.0,7,0.1428571428571428,0.1428571428571428,3.0,0.3333333333333333,0.6666666666666666,13,0.1538461538461538,0.2307692307692307,0,,,6,0.1666666666666666,0.1666666666666666,0.08333333333333333,2.4849066497880004,0.1875,15.818197064989517,0.015932914046121592,0.3,0.2,2412.6,1.1582810133108117,0.045,0.7,7.0,0.4,0.2,0.3,0.11477145682269896,0.055859537962372294,8.0
Epsom Downs,2026-09-27,7,Betfred 'Follow Us On X' Handicap,1411.0,"3YO+, Class 4, Handicap, Class 4, Handicap","{'eventId': '3438546', 'overall': 'Good', 'rating': None, 'surface': 'Turf', '__typename': 'TrackCondition'}",Turf,,24126.0,10.0,False,3.0,9.0,61.75,,,75.0,Wreck It Ryley,6.0,Gelding,gr,Gutaifan,Bucks Frizz,121764.0,Hector Crouch,A D Brown,False,0.14,5.0,U,dson,10.0,19,61.484210526315806,8.5,1000.0,221.2120946135724,18,23.0,8.5,7.5,7.0,0.0,5.0,7.2,3.0,11.0,0.0,0.2,0.0,7.739999999999999,30.0,18.2,76.8,76.0,0.0,1.0,3.0,0.0,0.0,-3.0,11.0,42.0,-34.0,75.0,121764.0,2297.0,100.0,22.0,11.0,34.0,,,,,,53,0.1132075471698113,0.4150943396226415,13,0.1538461538461538,0.3076923076923077,2,0.0,0.0,18,0.0555555555555555,0.2777777777777778,0,0.0,,0,0.0,,37,0.1081081081081081,0.3783783783783784,9,0.1111111111111111,0.5555555555555556,4,0.25,0.5,4,0.25,0.5,4,0.0,0.25,0,,,31,0.1290322580645161,0.3548387096774194,12,0.0833333333333333,0.5,1,0.0,0.0,13,0.0769230769230769,0.4615384615384615,31,0.1290322580645161,0.3548387096774194,7.0,0.1428571428571428,0.7142857142857143,53,0.1132075471698113,0.4150943396226415,0,,,20,0.0,0.15,0.1,2.302585092994046,-0.6304347826086957,16.126091422701588,0.0162643382982366,0.9,0.3,2412.6,0.6756639244313069,0.014000000000000002,0.3,6.0,0.5,0.45,0.7,0.11477145682269896,0.12981432923451916,4.0
Epsom Downs,2026-09-27,7,Betfred 'Follow Us On X' Handicap,1411.0,"3YO+, Class 4, Handicap, Class 4, Handicap","{'eventId': '3438546', 'overall': 'Good', 'rating': None, 'surface': 'Turf', '__typename': 'TrackCondition'}",Turf,,24126.0,10.0,False,4.0,5.0,61.75,,,75.0,Silver Trumpet,5.0,Gelding,gr,Advertise,Cherubic,84017.0,Charles Bishop,Eve Johnson Houghton,False,0.96,13.0,S,tcdn,5.0,19,54.55263157894737,1.2,950.0,211.0607330115921,35,5.0,4.8,4.2,2.0,0.0,5.0,3.8,2.0,5.0,0.0,0.4,0.4,2.62,4.0,12.4,75.0,75.0,2.0,5.0,1.0,0.0,0.0,-2.0,19.0,43.0,-6.0,75.0,94547.0,2555.0,12.0,17.0,5.0,4.0,,,,,,37,0.1891891891891892,0.4324324324324324,14,0.1428571428571428,0.5,5,0.0,0.4,29,0.2413793103448276,0.4827586206896552,6,0.3333333333333333,0.6666666666666666,6,0.3333333333333333,0.6666666666666666,16,0.1875,0.375,3,0.0,0.0,4,0.0,0.25,4,0.25,0.5,4,0.25,0.25,0,,,25,0.28,0.48,9,0.0,0.4444444444444444,0,,,9,0.0,0.4444444444444444,25,0.28,0.48,6.0,0.5,0.5,37,0.1891891891891892,0.4324324324324324,0,,,12,0.0,0.25,0.2,1.6094379124341003,-0.040000000000000036,17.39237819585142,0.018330921369995177,0.5,0.4,2412.6,0.6756639244313069,0.192,0.9,3.0,0.8,0.7,0.8,0.11477145682269896,0.1503029001155687,2.0
Epsom Downs,2026-09-27,7,Betfred 'Follow Us On X' Handicap,1411.0,"3YO+, Class 4, Handicap, Class 4, Handicap","{'eventId': '3438546', 'overall': 'Good', 'rating': None, 'surface': 'Turf', '__typename': 'TrackCondition'}",Turf,,24126.0,10.0,False,5.0,10.0,60.25,,,75.0,Velvet Rhythm,3.0,Filly,b,Awtaad,Tea Dancing,72959.0,Rowan Scott,C Johnston,False,1.0,33.0,D,dsn,7.5,19,59.11315789473684,5.0,1000.0,221.77040512662572,23,3.7,6.5,3.7,5.0,0.0,5.0,8.8,3.0,24.0,0.0,0.4,0.0,9.75,11.6,12.6,76.5,75.0,1.0,4.0,2.0,0.0,0.0,6.333333333333334,27.0,60.0,75.0,75.0,72208.0,4814.0,25.0,8.0,3.0,8.5,,,,,,15,0.2666666666666666,0.6,13,0.3076923076923077,0.6153846153846154,4,0.0,0.5,12,0.3333333333333333,0.6666666666666666,1,0.0,0.0,1,0.0,0.0,11,0.3636363636363636,0.6363636363636364,1,0.0,1.0,2,0.5,1.0,2,0.5,0.5,2,0.0,0.5,0,,,11,0.2727272727272727,0.6363636363636364,3,0.3333333333333333,0.3333333333333333,0,,,3,0.3333333333333333,0.3333333333333333,11,0.2727272727272727,0.6363636363636364,3.0,0.6666666666666666,0.6666666666666666,15,0.2666666666666666,0.6,0,,,3,0.3333333333333333,0.6666666666666666,0.13333333333333333,2.0149030205422647,0.7567567567567567,16.832123937141077,0.016916707474513647,1.0,0.5,2412.6,0.09652341777590098,0.13333333333333333,1.0,4.0,0.7,0.7,0.95,0.11477145682269896,0.0713312040708252,6.0
Epsom Downs,2026-09-27,7,Betfred 'Follow Us On X' Handicap,1411.0,"3YO+, Class 4, Handicap, Class 4, Handicap","{'eventId': '3438546', 'overall': 'Good', 'rating': None, 'surface': 'Turf', '__typename': 'TrackCondition'}",Turf,,24126.0,10.0,False,6.0,8.0,59.75,,-3.25,74.0,Havana Smile,3.0,Gelding,b,Havana Grey,Abundant Moon,24478.0,Toby Moore,G & J Moore,False,0.34,2.0,S,n,8.5,19,61.06052631578947,6.75,1000.0,221.33227139954283,21,8.0,6.75,6.5,3.0,0.0,5.0,4.4,1.0,7.0,0.2,0.4,0.2,3.41,16.7,67.0,75.0,75.0,0.0,1.0,4.0,1.0,1.0,0.666666666666667,10.0,30.0,50.0,74.0,21469.0,2147.0,0.0,16.0,3.0,7.5,,,,,,10,0.1,0.3,7,0.1428571428571428,0.2857142857142857,1,0.0,1.0,4,0.0,0.0,1,0.0,0.0,1,0.0,0.0,7,0.1428571428571428,0.4285714285714285,1,0.0,0.0,2,0.0,0.0,2,0.5,1.0,2,0.0,0.0,0,,,9,0.1111111111111111,0.3333333333333333,0,,,0,,,0,0.0,,9,0.1111111111111111,0.3333333333333333,1.0,0.0,0.0,10,0.1,0.3,0,,,4,0.25,0.5,0.11764705882352941,2.1400661634962708,-0.15625,16.266646554324872,0.016377192604404605,0.8,0.6,2412.6,-0.09652341777590098,0.04,0.5,5.0,0.6,0.7,0.5,0.11477145682269896,0.09655280566240862,5.0
Epsom Downs,2026-09-27,7,Betfred 'Follow Us On X' Handicap,1411.0,"3YO+, Class 4, Handicap, Class 4, Handicap","{'eventId': '3438546', 'overall': 'Good', 'rating': None, 'surface': 'Turf', '__typename': 'TrackCondition'}",Turf,,24126.0,10.0,False,7.0,6.0,59.5,,,70.0,Eazy On The Eye,4.0,Filly,b,Expert Eye,Yaa Mous,50960.0,George Wood,H Main,False,0.37,2.0,S,n,4.5,19,4.510526315789474,1.1,9.4,1.6498467988979448,21,7.0,4.2,4.0,1.0,1.0,5.0,4.6,2.0,10.0,0.0,0.6,0.6,5.12,6.6,26.0,69.8,71.0,0.0,2.0,3.0,1.0,0.0,0.1666666666666669,10.0,33.0,233.0,70.0,38124.0,1815.0,9.0,23.0,7.0,8.0,,,,,,21,0.0952380952380952,0.3333333333333333,8,0.0,0.5,2,0.0,0.5,6,0.0,0.1666666666666666,1,0.0,0.0,0,0.0,,11,0.0,0.2727272727272727,2,0.0,0.5,3,0.0,0.0,2,0.0,0.0,3,0.3333333333333333,1.0,0,,,18,0.1111111111111111,0.3333333333333333,1,0.0,0.0,0,,,1,0.0,0.0,18,0.1111111111111111,0.3333333333333333,4.0,0.25,0.25,21,0.0952380952380952,0.3333333333333333,0,,,9,0.0,0.2222222222222222,0.2222222222222222,1.5040773967762742,-0.39999999999999997,1.840140023337223,0.2217036172695449,0.6,0.7,2412.6,-0.19304683555180197,0.08222222222222221,0.6,1.0,1.0,0.9,0.6,0.11477145682269896,0.18983103375405977,1.0
Epsom Downs,2026-09-27,7,Betfred 'Follow Us On X' Handicap,1411.0,"3YO+, Class 4, Handicap, Class 4, Handicap","{'eventId': '3438546', 'overall': 'Good', 'rating': None, 'surface': 'Turf', '__typename': 'TrackCondition'}",Turf,,24126.0,10.0,False,8.0,7.0,58.0,,,70.0,Fresh Fade,3.0,Gelding,ch,Cotai Glory,Julienne,64844.0,Kieren Fox,M J Attwater,False,0.1,1.0,S,n,29.0,19,128.41578947368424,21.0,1000.0,298.955777865412,23,19.0,23.0,16.0,6.0,0.0,5.0,9.2,5.0,18.0,0.0,0.0,0.0,7.27,54.4,22.8,76.25,72.0,1.0,2.0,4.0,0.0,0.0,7.0,6.0,29.0,-75.0,70.0,64844.0,3814.0,6.0,27.0,5.0,19.0,,,,,,17,0.0588235294117647,0.2941176470588235,9,0.0,0.0,2,0.0,0.0,4,0.0,0.0,1,0.0,0.0,1,0.0,0.0,14,0.0714285714285714,0.3571428571428571,2,0.0,0.0,2,0.0,0.5,2,0.0,0.5,2,0.0,0.0,0,,,10,0.1,0.4,5,0.0,0.2,0,,,5,0.0,0.2,10,0.1,0.4,2.0,0.0,1.0,17,0.0588235294117647,0.2941176470588235,0,,,5,0.0,0.0,0.034482758620689655,3.367295829986474,0.21052631578947367,7.623673101356611,0.007787204393622687,0.7,0.8,2412.6,-0.7721873422072079,0.0034482758620689655,0.2,9.0,0.2,0.2,0.4,0.11477145682269896,0.04656692930194701,9.0
Epsom Downs,2026-09-27,7,Betfred 'Follow Us On X' Handicap,1411.0,"3YO+, Class 4, Handicap, Class 4, Handicap","{'eventId': '3438546', 'overall': 'Good', 'rating': None, 'surface': 'Turf', '__typename': 'TrackCondition'}",Turf,,24126.0,10.0,False,9.0,4.0,56.75,,,67.0,Our Guy,3.0,Gelding,b,Zoustar,Felissa,12343.0,George Bass,D J Coakley,False,0.01,5.0,D,n,101.0,19,171.97894736842102,51.0,1000.0,284.2228102608518,32,29.0,71.0,26.0,10.0,0.0,5.0,5.2,1.0,9.0,0.2,0.2,0.2,7.779999999999999,22.4,32.2,67.0,68.0,0.0,2.0,0.0,0.0,2.0,0.333333333333333,20.0,20.0,580.0,67.0,12343.0,2469.0,11.0,86.0,9.0,19.0,,,,,,5,0.2,0.2,5,0.2,0.2,0,0.0,,2,0.0,0.0,0,0.0,,0,0.0,,1,1.0,1.0,4,0.0,0.0,2,0.5,0.5,1,0.0,0.0,2,0.0,0.0,0,,,1,1.0,1.0,0,,,0,,,0,0.0,,1,1.0,1.0,0.0,,0.8090909090909091,5,0.2,0.2,0,,,1,0.0,0.0,0.009900990099009901,4.61512051684126,1.4482758620689655,5.518117272615989,0.005814665197698618,0.4,0.9,2412.6,-1.2548044310867128,9.900990099009902e-05,0.1,10.0,0.1,0.45,0.2,0.11477145682269896,0.044671282420027,10.0
Epsom Downs,2026-09-27,7,Betfred 'Follow Us On X' Handicap,1411.0,"3YO+, Class 4, Handicap, Class 4, Handicap","{'eventId': '3438546', 'overall': 'Good', 'rating': None, 'surface': 'Turf', '__typename': 'TrackCondition'}",Turf,,24126.0,10.0,False,10.0,2.0,55.75,,,62.0,Middleton View,4.0,Gelding,b,Bated Breath,Tested,16617.0,S M Levey,S C Williams,False,0.17,1.0,D,n,26.0,19,32.921052631578945,17.0,240.0,48.8798912367143,21,19.0,17.0,17.0,9.0,0.0,5.0,6.6,4.0,9.0,0.0,0.0,0.0,7.859999999999999,28.9,40.4,67.8,64.0,0.0,3.0,1.0,0.0,1.0,0.1666666666666669,8.0,15.0,-62.0,62.0,16617.0,1278.0,13.0,10.0,8.0,34.0,,,,,,13,0.0769230769230769,0.1538461538461538,9,0.1111111111111111,0.1111111111111111,1,0.0,0.0,4,0.0,0.0,0,0.0,,0,0.0,,6,0.0,0.0,6,0.1666666666666666,0.1666666666666666,6,0.1666666666666666,0.3333333333333333,2,0.0,0.0,1,0.0,0.0,0,,,6,0.0,0.1666666666666666,1,0.0,0.0,0,,,1,0.0,0.0,6,0.0,0.1666666666666666,1.0,0.0,0.0,13,0.0769230769230769,0.1538461538461538,0,,,1,0.0,0.0,0.038461538461538464,3.258096538021482,-0.10526315789473684,6.773780975219824,0.030375699440447643,0.2,1.0,2412.6,-1.6408981021903166,0.006538461538461539,0.4,8.0,0.3,0.2,0.1,0.11477145682269896,0.07130317215648273,7.0
Epsom Downs,2026-09-27,4,Betfred 'Nifty 50' Jump Jockeys Derby Handicap (Professional Jump Jockeys) (Gbbplus Race),2420.0,"4YO+, Class 4, Handicap, Class 4, Handicap","{'eventId': '3438542', 'overall': 'Good', 'rating': None, 'surface': 'Turf', '__typename': 'TrackCondition'}",Turf,,37117.0,13.0,False,1.0,10.0,74.75,,,86.0,Marnier,4.0,Gelding,b,Saxon Warrior,Manzanilla,58815.0,Caoilin Quinn,G & J Moore,False,0.43,10.0,U,dn,10.0,19,62.31052631578947,9.0,1000.0,221.02238966064485,24,11.0,9.0,6.5,11.0,0.0,5.0,4.4,1.0,6.0,0.2,0.4,0.2,3.4799999999999995,15.0,25.6,85.8,87.0,0.0,1.0,2.0,0.0,0.0,-2.6666666666666665,15.0,54.0,-53.0,86.0,58815.0,4524.0,18.0,28.0,6.0,21.0,,,,,,13,0.1538461538461538,0.5384615384615384,9,0.2222222222222222,0.4444444444444444,2,0.0,0.0,5,0.2,0.4,0,0.0,,0,0.0,,10,0.1,0.5,3,0.3333333333333333,0.6666666666666666,3,0.0,0.3333333333333333,3,0.3333333333333333,0.6666666666666666,2,0.0,0.5,0,,,7,0.1428571428571428,0.5714285714285714,3,0.0,0.3333333333333333,0,,,3,0.0,0.3333333333333333,7,0.1428571428571428,0.5714285714285714,5.0,0.2,0.6,13,0.1538461538461538,0.5384615384615384,0,,,3,0.3333333333333333,1.0,0.1,2.302585092994046,-0.18181818181818182,15.90421488301377,0.016048652757834278,0.7692307692307693,0.07692307692307693,2855.153846153846,1.4353415365439954,0.043000000000000003,0.6923076923076923,5.5,0.6538461538461539,0.5,0.8076923076923077,0.09238132025018228,0.08247178263585173,3.0
Epsom Downs,2026-09-27,4,Betfred 'Nifty 50' Jump Jockeys Derby Handicap (Professional Jump Jockeys) (Gbbplus Race),2420.0,"4YO+, Class 4, Handicap, Class 4, Handicap","{'eventId': '3438542', 'overall': 'Good', 'rating': None, 'surface': 'Turf', '__typename': 'TrackCondition'}",Turf,,37117.0,13.0,False,2.0,8.0,74.0,,,84.0,Tiger,4.0,Gelding,b,Wooded,Edya,60276.0,Harry Cobden,Ian Williams,False,0.49,2.0,U,n,6.0,19,5.944736842105264,4.5,10.5,1.299483170223951,19,7.5,5.5,5.0,12.0,0.0,5.0,3.4,1.0,8.0,0.2,0.6,0.6,2.91,3.382,22.6,76.4,84.0,0.0,2.0,2.0,3.0,0.0,-2.6666666666666665,14.0,36.0,0.0,84.0,60276.0,4305.0,0.0,28.0,8.0,4.33,,,,,,14,0.1428571428571428,0.3571428571428571,9,0.1111111111111111,0.4444444444444444,3,0.3333333333333333,0.6666666666666666,3,0.0,0.3333333333333333,0,0.0,,0,0.0,,11,0.0909090909090909,0.3636363636363636,0,0.0,,3,0.0,0.0,3,0.3333333333333333,0.3333333333333333,3,0.0,0.6666666666666666,0,,,8,0.25,0.25,6,0.0,0.5,0,,,6,0.0,0.5,8,0.25,0.25,3.0,0.3333333333333333,1.0,14,0.1428571428571428,0.3571428571428571,0,,,4,0.25,0.25,0.16666666666666666,1.791759469228055,-0.26666666666666666,1.0092961487383796,0.16821602478972994,0.6153846153846154,0.15384615384615385,2855.153846153846,1.122613492269047,0.08166666666666667,0.9230769230769231,2.0,0.9230769230769231,0.7307692307692307,0.3076923076923077,0.09238132025018228,0.1499617756516493,2.0
Epsom Downs,2026-09-27,4,Betfred 'Nifty 50' Jump Jockeys Derby Handicap (Professional Jump Jockeys) (Gbbplus Race),2420.0,"4YO+, Class 4, Handicap, Class 4, Handicap","{'eventId': '3438542', 'overall': 'Good', 'rating': None, 'surface': 'Turf', '__typename': 'TrackCondition'}",Turf,,37117.0,13.0,False,3.0,5.0,73.5,,,83.0,Gordon Grey,6.0,Gelding,gr,Australia,Lady Aquitaine,100350.0,Tom Cannon,George Baker,False,0.15,11.0,S,tcdn,15.0,19,13.773684210526318,4.1,18.2,2.9105691440648287,12,10.0,13.0,10.0,10.0,0.0,5.0,6.6,4.0,13.0,0.0,0.0,0.0,17.339999999999996,12.2,19.2,85.0,83.0,3.0,5.0,2.0,0.0,1.0,4.333333333333334,22.0,41.0,-8.0,83.0,109931.0,2681.0,27.0,17.0,4.0,8.0,,,,,,41,0.2195121951219512,0.4146341463414634,9,0.0,0.1111111111111111,4,0.0,0.0,19,0.3157894736842105,0.4736842105263157,5,0.4,0.4,5,0.4,0.4,23,0.217391304347826,0.4347826086956521,0,0.0,,6,0.0,0.0,5,0.2,0.6,5,0.2,0.4,1,0.0,0.0,26,0.3461538461538461,0.5,13,0.0,0.2307692307692307,1,0.0,1.0,14,0.0,0.2857142857142857,27,0.3333333333333333,0.4814814814814814,7.0,0.7142857142857143,1.0,41,0.2195121951219512,0.4146341463414634,0,,,5,0.4,0.4,0.06666666666666667,2.70805020110221,0.3,1.0236912495223536,0.07260221627818111,0.38461538461538464,0.23076923076923078,2855.153846153846,0.9141281294190812,0.01,0.38461538461538464,8.5,0.4230769230769231,0.11538461538461539,0.46153846153846156,0.09238132025018228,0.02657112684198745,11.0
Epsom Downs,2026-09-27,4,Betfred 'Nifty 50' Jump Jockeys Derby Handicap (Professional Jump Jockeys) (Gbbplus Race),2420.0,"4YO+, Class 4, Handicap, Class 4, Handicap","{'eventId': '3438542', 'overall': 'Good', 'rating': None, 'surface': 'Turf', '__typename': 'TrackCondition'}",Turf,,37117.0,13.0,False,4.0,6.0,73.0,,,82.0,Oneforthegutter,7.0,Gelding,b,Muhaarar,Rainbow Springs,471062.0,C J Todd,Ian Williams,False,0.46,7.0,U,dsn,7.0,19,7.747894736842106,2.26,25.0,4.370851511580791,29,12.0,6.5,6.5,2.0,0.0,5.0,7.0,5.0,8.0,0.0,0.0,0.0,7.17,19.8,28.0,86.8,84.0,0.0,1.0,0.0,0.0,0.0,1.666666666666667,9.0,30.0,49.0,82.0,461942.0,10743.0,11.0,8.0,7.0,15.0,,,,,,43,0.0930232558139534,0.3023255813953488,8,0.0,0.0,3,0.0,0.0,11,0.1818181818181818,0.3636363636363636,0,0.0,,0,0.0,,29,0.0689655172413793,0.2758620689655172,1,0.0,0.0,8,0.125,0.25,7,0.0,0.4285714285714285,7,0.4285714285714285,0.7142857142857143,0,,,31,0.0967741935483871,0.3225806451612903,10,0.1,0.3,1,0.0,0.0,11,0.0909090909090909,0.2727272727272727,31,0.0967741935483871,0.3225806451612903,1.0,0.0,1.0,43,0.0930232558139534,0.3023255813953488,0,,,1,0.0,0.0,0.14285714285714285,1.9459101490553132,-0.4583333333333333,2.9349908294273486,0.12906731879627742,0.46153846153846156,0.3076923076923077,2855.153846153846,0.7056427665691154,0.06571428571428571,0.7692307692307693,3.0,0.8461538461538461,0.11538461538461539,0.07692307692307693,0.09238132025018228,0.0655279059937467,5.0
Epsom Downs,2026-09-27,4,Betfred 'Nifty 50' Jump Jockeys Derby Handicap (Professional Jump Jockeys) (Gbbplus Race),2420.0,"4YO+, Class 4, Handicap, Class 4, Handicap","{'eventId': '3438542', 'overall': 'Good', 'rating': None, 'surface': 'Turf', '__typename': 'TrackCondition'}",Turf,,37117.0,13.0,False,5.0,12.0,72.5,,,81.0,Fox Avatar,5.0,Gelding,b,Frankel,Come On Leicester,45515.0,Brendan Powell,R Varian,False,0.48,4.0,S,dn,8.5,19,60.61578947368421,5.5,1000.0,221.4215823245638,17,6.5,6.5,3.9,13.0,0.0,5.0,4.2,1.0,7.0,0.2,0.4,0.2,4.24,6.0,80.8,83.6,83.0,0.0,2.0,4.0,0.0,1.0,1.166666666666667,25.0,42.0,-26.0,81.0,45515.0,3793.0,0.0,18.0,4.0,7.5,,,,,,12,0.25,0.4166666666666667,4,0.0,0.25,2,0.0,0.5,2,0.5,0.5,0,0.0,,0,0.0,,5,0.2,0.4,3,0.3333333333333333,0.3333333333333333,3,0.0,0.3333333333333333,3,0.3333333333333333,0.3333333333333333,3,0.3333333333333333,0.6666666666666666,0,,,8,0.25,0.5,1,0.0,0.0,0,,,1,0.0,0.0,8,0.25,0.5,2.0,0.5,0.5,12,0.25,0.4166666666666667,0,,,7,0.2857142857142857,0.4285714285714285,0.11764705882352941,2.1400661634962708,0.0,16.406616306329774,0.01649735174090475,0.9230769230769231,0.38461538461538464,2855.153846153846,0.49715740371914957,0.05647058823529411,0.8461538461538461,4.0,0.7692307692307693,0.5,0.5384615384615384,0.09238132025018228,0.06263127063882636,7.0
Epsom Downs,2026-09-27,4,Betfred 'Nifty 50' Jump Jockeys Derby Handicap (Professional Jump Jockeys) (Gbbplus Race),2420.0,"4YO+, Class 4, Handicap, Class 4, Handicap","{'eventId': '3438542', 'overall': 'Good', 'rating': None, 'surface': 'Turf', '__typename': 'TrackCondition'}",Turf,,37117.0,13.0,False,6.0,2.0,71.75,,,79.0,Hengest,4.0,Gelding,b,Night Of Thunder,Contribution,30621.0,Lee Edwards,Dylan Cunha,False,0.21,1.0,S,n,26.0,19,126.4263157894737,21.0,1000.0,299.6445452832498,50,16.0,21.0,14.0,5.0,0.0,5.0,6.8,3.0,12.0,0.0,0.4,0.0,9.32,11.0,21.0,80.75,80.0,1.0,1.0,4.0,0.0,0.0,3.0,20.0,33.0,-37.0,79.0,29481.0,1965.0,14.0,8.0,7.0,15.0,,,,,,15,0.2,0.3333333333333333,14,0.2142857142857142,0.3571428571428571,3,0.0,0.6666666666666666,3,0.0,0.0,3,0.0,0.3333333333333333,1,0.0,0.0,12,0.25,0.3333333333333333,0,0.0,,2,0.0,0.0,1,0.0,0.0,1,0.0,0.0,0,,,10,0.3,0.3,4,0.0,0.5,1,0.0,0.0,5,0.0,0.4,10,0.3,0.3,2.0,1.0,1.0,15,0.2,0.3333333333333333,0,,,4,0.0,0.25,0.038461538461538464,3.258096538021482,0.3125,7.743640980808458,0.007909745639232336,0.15384615384615385,0.46153846153846156,2855.153846153846,0.18442935944420094,0.008076923076923077,0.5384615384615384,11.0,0.23076923076923078,0.5,0.15384615384615385,0.09238132025018228,0.020740653367852756,13.0
Epsom Downs,2026-09-27,4,Betfred 'Nifty 50' Jump Jockeys Derby Handicap (Professional Jump Jockeys) (Gbbplus Race),2420.0,"4YO+, Class 4, Handicap, Class 4, Handicap","{'eventId': '3438542', 'overall': 'Good', 'rating': None, 'surface': 'Turf', '__typename': 'TrackCondition'}",Turf,,37117.0,13.0,False,7.0,3.0,71.75,,,79.0,Nibras Gold,8.0,Gelding,b,Golden Horn,Whipped,151452.0,J J Burke,James Owen,False,1.0,26.0,S,dsn,11.0,19,62.23684210526316,6.5,1000.0,221.0378848464582,24,5.5,10.0,4.8,6.0,0.0,5.0,1.8,1.0,3.0,0.4,1.0,0.8,1.6,4.55,69.8,93.4,76.0,0.0,1.0,2.0,3.0,1.0,0.5,22.0,68.0,-11.0,79.0,150882.0,4078.0,25.0,15.0,1.0,3.75,,,,,,37,0.2162162162162162,0.6756756756756757,6,0.3333333333333333,0.8333333333333334,2,0.5,1.0,7,0.2857142857142857,0.7142857142857143,0,0.0,,0,0.0,,24,0.25,0.75,6,0.3333333333333333,0.5,7,0.2857142857142857,0.7142857142857143,7,0.1428571428571428,0.7142857142857143,7,0.4285714285714285,0.7142857142857143,0,,,26,0.1923076923076923,0.7692307692307693,5,0.2,0.4,0,,,5,0.2,0.4,26,0.1923076923076923,0.7692307692307693,9.0,0.3333333333333333,0.8888888888888888,37,0.2162162162162162,0.6756756756756757,0,,,3,0.3333333333333333,1.0,0.09090909090909091,2.3978952727983707,0.8181818181818182,15.963213530655391,0.016067653276955602,0.23076923076923078,0.5384615384615384,2855.153846153846,0.18442935944420094,0.09090909090909091,1.0,7.0,0.5384615384615384,1.0,1.0,0.09238132025018228,0.06552084685052358,6.0
Epsom Downs,2026-09-27,4,Betfred 'Nifty 50' Jump Jockeys Derby Handicap (Professional Jump Jockeys) (Gbbplus Race),2420.0,"4YO+, Class 4, Handicap, Class 4, Handicap","{'eventId': '3438542', 'overall': 'Good', 'rating': None, 'surface': 'Turf', '__typename': 'TrackCondition'}",Turf,,37117.0,13.0,False,8.0,4.0,71.25,,,78.0,Flash Man,4.0,Gelding,b,The Grey Gatsby,Dubai Empress,100173.0,K Brogan,T Lawes,False,0.39,5.0,S,dsn,101.0,19,119.15263157894738,7.4,1000.0,209.0581469564491,19,23.0,61.0,23.0,4.0,0.0,5.0,3.2,1.0,7.0,0.2,0.8,0.4,12.5,8.466,38.2,111.0,112.0,0.0,0.0,0.0,1.0,2.0,1.1666666666666663,16.0,58.0,-47.0,78.0,97894.0,5152.0,15.0,126.0,3.0,3.2,,,,,,19,0.1578947368421052,0.5789473684210527,8,0.125,0.625,0,0.0,,8,0.125,0.625,0,0.0,,0,0.0,,18,0.1666666666666666,0.6111111111111112,0,0.0,,4,0.0,0.5,3,0.3333333333333333,0.6666666666666666,2,0.5,1.0,0,,,6,0.1666666666666666,0.6666666666666666,13,0.1538461538461538,0.5384615384615384,0,,,13,0.1538461538461538,0.5384615384615384,6,0.1666666666666666,0.6666666666666666,3.0,0.3333333333333333,1.0,19,0.1578947368421052,0.5789473684210527,0,,,0,,,0.009900990099009901,4.61512051684126,1.6521739130434783,8.330491629488934,0.008392596846150447,0.3076923076923077,0.6153846153846154,2855.153846153846,-0.024056003405764824,0.0038613861386138618,0.6153846153846154,13.0,0.07692307692307693,0.8846153846153846,0.9230769230769231,0.09238132025018228,0.027591238595671842,10.0
Epsom Downs,2026-09-27,4,Betfred 'Nifty 50' Jump Jockeys Derby Handicap (Professional Jump Jockeys) (Gbbplus Race),2420.0,"4YO+, Class 4, Handicap, Class 4, Handicap","{'eventId': '3438542', 'overall': 'Good', 'rating': None, 'surface': 'Turf', '__typename': 'TrackCondition'}",Turf,,37117.0,13.0,False,9.0,9.0,70.75,,,77.0,Damascus Steel,6.0,Gelding,gr,Mastercraftsman,Shanjia,143141.0,B S Hughes,Gihan Arnolda,False,0.12,4.0,S,tcdsn,10.0,19,9.450526315789476,2.26,17.0,2.493160061330348,17,14.0,9.0,9.0,9.0,0.0,5.0,5.0,1.0,8.0,0.2,0.2,0.2,9.99,13.6,11.6,77.75,78.0,2.0,4.0,3.0,0.0,0.0,-0.833333333333333,19.0,43.0,76.0,77.0,143141.0,2651.0,0.0,15.0,6.0,6.5,,,,,,54,0.1851851851851851,0.4259259259259259,17,0.2941176470588235,0.4705882352941176,3,0.0,0.0,28,0.2142857142857142,0.5,2,0.5,0.5,2,0.5,0.5,25,0.16,0.32,14,0.2142857142857142,0.6428571428571429,5,0.0,0.2,5,0.0,0.2,5,0.2,0.6,0,,,26,0.2307692307692307,0.4230769230769231,12,0.0833333333333333,0.25,2,0.0,0.0,14,0.0714285714285714,0.2142857142857142,26,0.2307692307692307,0.4230769230769231,5.0,0.2,0.6,54,0.1851851851851851,0.4259259259259259,0,,,13,0.2307692307692307,0.4615384615384615,0.1,2.302585092994046,-0.35714285714285715,1.559701492537313,0.10581421251949207,0.6923076923076923,0.6923076923076923,2855.153846153846,-0.2325413662557306,0.012,0.23076923076923078,5.5,0.6538461538461539,0.2692307692307692,0.6153846153846154,0.09238132025018228,0.06555572386733312,4.0
Epsom Downs,2026-09-27,4,Betfred 'Nifty 50' Jump Jockeys Derby Handicap (Professional Jump Jockeys) (Gbbplus Race),2420.0,"4YO+, Class 4, Handicap, Class 4, Handicap","{'eventId': '3438542', 'overall': 'Good', 'rating': None, 'surface': 'Turf', '__typename': 'TrackCondition'}",Turf,,37117.0,13.0,False,10.0,11.0,69.75,,,75.0,Seeking Charles,5.0,Gelding,ch,Olympic Glory,Marie Cuddy,33087.0,James Davies,M D I Usher,False,0.1,9.0,S,tcdsn,4.2,19,4.542105263157896,3.9,13.0,2.007437693723724,31,4.8,3.9,3.7,7.0,0.0,5.0,2.8,1.0,7.0,0.4,0.8,0.6,7.88,17.5,38.8,67.33333333333333,67.0,1.0,3.0,1.0,0.0,1.0,3.0,15.0,46.0,100.0,75.0,33087.0,2545.0,7.0,27.0,1.0,13.0,,,,,,13,0.1538461538461538,0.4615384615384615,9,0.2222222222222222,0.5555555555555556,3,0.6666666666666666,1.0,6,0.3333333333333333,0.8333333333333334,1,1.0,1.0,1,1.0,1.0,8,0.125,0.5,2,0.0,0.0,4,0.0,0.25,4,0.0,0.5,3,0.3333333333333333,0.6666666666666666,0,,,5,0.0,0.4,5,0.4,0.6,1,0.0,1.0,6,0.3333333333333333,0.6666666666666666,5,0.0,0.4,0.0,,0.8090909090909091,13,0.1538461538461538,0.4615384615384615,0,,,3,0.3333333333333333,0.3333333333333333,0.23809523809523808,1.4350845252893227,-0.1875,2.0034762456546926,0.22016222479721895,0.8461538461538461,0.7692307692307693,2855.153846153846,-0.6495120919556622,0.023809523809523808,0.15384615384615385,1.0,1.0,0.8846153846153846,0.6923076923076923,0.09238132025018228,0.34222763419559843,1.0
Epsom Downs,2026-09-27,4,Betfred 'Nifty 50' Jump Jockeys Derby Handicap (Professional Jump Jockeys) (Gbbplus Race),2420.0,"4YO+, Class 4, Handicap, Class 4, Handicap","{'eventId': '3438542', 'overall': 'Good', 'rating': None, 'surface': 'Turf', '__typename': 'TrackCondition'}",Turf,,37117.0,13.0,False,11.0,1.0,69.75,,,75.0,Taritino,6.0,Gelding,b,Buratino,Archange,143614.0,Taylor Fisher,J Tickle,False,0.14,4.0,U,dsn,23.0,19,25.405263157894737,10.0,140.0,27.208463731253893,20,9.0,19.0,9.0,8.0,0.0,5.0,3.8,1.0,6.0,0.2,0.2,0.2,6.08,11.0,18.2,75.6,75.0,0.0,1.0,3.0,1.0,0.0,-2.0,16.0,35.0,-25.0,75.0,143614.0,2611.0,12.0,14.0,4.0,12.0,,,,,,55,0.1636363636363636,0.3454545454545454,16,0.25,0.4375,3,0.0,0.0,8,0.375,0.625,0,0.0,,0,0.0,,47,0.1702127659574468,0.3829787234042553,3,0.0,0.0,4,0.0,0.0,4,0.25,0.5,4,0.0,0.0,0,,,37,0.2162162162162162,0.4324324324324324,12,0.0833333333333333,0.25,3,0.0,0.0,15,0.0666666666666666,0.2,37,0.2162162162162162,0.4324324324324324,9.0,0.6666666666666666,0.7777777777777778,55,0.1636363636363636,0.3454545454545454,0,,,8,0.125,0.125,0.043478260869565216,3.1354942159291497,1.1111111111111112,5.117049927491196,0.03936192251916304,0.07692307692307693,0.8461538461538461,2855.153846153846,-0.6495120919556622,0.006086956521739131,0.3076923076923077,10.0,0.3076923076923077,0.2692307692307692,0.23076923076923078,0.09238132025018228,0.02514020609305218,12.0
Epsom Downs,2026-09-27,4,Betfred 'Nifty 50' Jump Jockeys Derby Handicap (Professional Jump Jockeys) (Gbbplus Race),2420.0,"4YO+, Class 4, Handicap, Class 4, Handicap","{'eventId': '3438542', 'overall': 'Good', 'rating': None, 'surface': 'Turf', '__typename': 'TrackCondition'}",Turf,,37117.0,13.0,False,12.0,7.0,67.5,,,70.0,Zarakerjack,4.0,Gelding,b,Zarak,Villanelle,54595.0,Freddie Mitchell,G & J Moore,False,0.18,1.0,S,n,15.0,19,22.142105263157895,13.0,160.0,32.51408303440014,21,11.0,13.0,10.0,1.0,1.0,5.0,3.2,2.0,4.0,0.0,0.6,0.2,7.769999999999999,11.266,65.0,71.66666666666667,71.0,0.0,1.0,1.0,1.0,1.0,-0.5,8.0,54.0,-23.0,70.0,35148.0,2704.0,12.0,13.0,4.0,34.0,,,,,,13,0.0769230769230769,0.5384615384615384,4,0.0,0.75,1,0.0,0.0,1,0.0,1.0,1,0.0,1.0,0,0.0,,8,0.125,0.625,1,0.0,1.0,2,0.0,0.0,1,0.0,0.0,1,0.0,0.0,0,,,10,0.1,0.6,2,0.0,0.0,0,,,2,0.0,0.0,10,0.1,0.6,1.0,0.0,0.0,13,0.0769230769230769,0.5384615384615384,0,,,1,0.0,0.0,0.06666666666666667,2.70805020110221,0.18181818181818182,6.6389351081530785,0.04516282386498693,0.5384615384615384,0.9230769230769231,2855.153846153846,-1.587696224780508,0.012,0.46153846153846156,8.5,0.4230769230769231,0.7307692307692307,0.8076923076923077,0.09238132025018228,0.034543567834683674,8.0
Epsom Downs,2026-09-27,4,Betfred 'Nifty 50' Jump Jockeys Derby Handicap (Professional Jump Jockeys) (Gbbplus Race),2420.0,"4YO+, Class 4, Handicap, Class 4, Handicap","{'eventId': '3438542', 'overall': 'Good', 'rating': None, 'surface': 'Turf', '__typename': 'TrackCondition'}",Turf,,37117.0,13.0,False,13.0,13.0,66.75,,,68.0,Oasis Sunrise,4.0,Filly,br,Bated Breath,Sunrise Rose,84531.0,Joe Anderson,G Harris,False,0.01,1.0,D,dsn,51.0,19,91.68684210526315,1.25,1000.0,214.8782004091628,17,16.0,31.0,16.0,3.0,0.0,5.0,4.8,3.0,9.0,0.0,0.4,0.0,7.340000000000001,14.4,15.8,71.6,70.0,0.0,3.0,1.0,1.0,0.0,-3.6666666666666665,11.0,37.0,-20.0,68.0,79969.0,2104.0,22.0,19.0,5.0,5.5,,,,,,38,0.1052631578947368,0.3684210526315789,17,0.1764705882352941,0.5882352941176471,3,0.0,0.0,5,0.2,0.6,0,0.0,,0,0.0,,28,0.1428571428571428,0.4642857142857143,1,0.0,0.0,3,0.0,0.0,3,0.0,0.6666666666666666,3,0.3333333333333333,0.6666666666666666,3,0.3333333333333333,0.3333333333333333,28,0.0714285714285714,0.3928571428571428,6,0.1666666666666666,0.3333333333333333,0,,,6,0.1666666666666666,0.3333333333333333,31,0.0967741935483871,0.3870967741935484,4.0,0.5,0.5,38,0.1052631578947368,0.3684210526315789,0,,,1,0.0,1.0,0.0196078431372549,3.9318256327243257,0.9375,10.893057030510032,0.01090669039350191,1.0,1.0,2855.153846153846,-1.9004242690554567,0.000196078431372549,0.07692307692307693,12.0,0.15384615384615385,0.5,0.38461538461538464,0.09238132025018228,0.03151626743322293,9.0
Epsom Downs,2026-09-27,6,Betfred 'The Classic Bookmaker' Handicap,1713.0,"3YO+, Class 4, Handicap, Class 4, Handicap","{'eventId': '3438544', 'overall': 'Good', 'rating': None, 'surface': 'Turf', '__typename': 'TrackCondition'}",Turf,,22269.0,9.0,False,1.0,4.0,64.0,,,84.0,Dr Strangelove,4.0,Gelding,b,Mohaather,Cheap Thrills,49505.0,Oisin Murphy,Oliver Cole,False,0.52,9.0,S,on,13.0,19,115.57368421052632,10.0,1000.0,303.35692169300864,8,7.5,11.0,7.5,7.0,0.0,5.0,4.6,2.0,11.0,0.0,0.6,0.4,4.2700000000000005,10.766,27.6,85.6,85.0,0.0,0.0,3.0,0.0,0.0,-5.666666666666666,17.0,58.0,258.0,84.0,49505.0,4125.0,0.0,22.0,11.0,17.0,,,,,,12,0.1666666666666666,0.5833333333333334,8,0.125,0.5,2,0.0,0.0,0,0.0,,0,0.0,,0,0.0,,7,0.1428571428571428,0.7142857142857143,3,0.0,0.0,3,0.3333333333333333,0.3333333333333333,3,0.3333333333333333,1.0,3,0.0,0.6666666666666666,0,,,7,0.2857142857142857,0.8571428571428571,2,0.0,0.5,0,,,2,0.0,0.5,7,0.2857142857142857,0.8571428571428571,1.0,0.0,1.0,12,0.1666666666666666,0.5833333333333334,0,,,5,0.2,0.6,0.07692307692307693,2.5649493574615367,0.4666666666666667,8.565963841704995,0.008652488728994944,0.4444444444444444,0.1111111111111111,2474.3333333333335,1.5056594356401911,0.04,0.5555555555555556,6.0,0.4444444444444444,0.5555555555555556,0.5555555555555556,0.13056306800951756,0.043191758933957755,7.0
Epsom Downs,2026-09-27,6,Betfred 'The Classic Bookmaker' Handicap,1713.0,"3YO+, Class 4, Handicap, Class 4, Handicap","{'eventId': '3438544', 'overall': 'Good', 'rating': None, 'surface': 'Turf', '__typename': 'TrackCondition'}",Turf,,22269.0,9.0,False,2.0,7.0,61.75,,,84.0,Swiped,3.0,Gelding,b,Too Darn Hot,Give And Take,46930.0,Rossa Ryan,R M Beckett,False,1.0,20.0,S,tcdn,4.33,19,3.903684210526316,2.44,4.5,0.4332400638313443,31,4.8,3.9,3.6,1.0,1.0,5.0,2.6,1.0,8.0,0.6,0.8,0.8,5.9,3.21,12.6,76.5,84.0,1.0,2.0,2.0,3.0,0.0,-3.166666666666667,40.0,60.0,34.0,84.0,35080.0,3508.0,21.0,43.0,8.0,3.75,,,,,,10,0.4,0.6,8,0.5,0.75,1,0.0,0.0,2,1.0,1.0,1,1.0,1.0,1,1.0,1.0,9,0.3333333333333333,0.5555555555555556,0,0.0,,2,0.0,0.0,2,0.0,0.5,1,1.0,1.0,1,0.0,1.0,9,0.4444444444444444,0.5555555555555556,0,,,0,,,0,0.0,,10,0.4,0.6,5.0,0.6,0.8,10,0.4,0.6,0,,,2,0.5,0.5,0.23094688221709006,1.4655675420143985,-0.1875,0.5277066199271943,0.25616826210057975,0.7777777777777778,0.2222222222222222,2474.3333333333335,0.6528033916761666,0.23094688221709006,1.0,2.0,0.8888888888888888,0.7777777777777778,0.6666666666666666,0.13056306800951756,0.34033382207045665,1.0
Epsom Downs,2026-09-27,6,Betfred 'The Classic Bookmaker' Handicap,1713.0,"3YO+, Class 4, Handicap, Class 4, Handicap","{'eventId': '3438544', 'overall': 'Good', 'rating': None, 'surface': 'Turf', '__typename': 'TrackCondition'}",Turf,,22269.0,9.0,False,3.0,8.0,61.75,,,84.0,Jungle Ruler,3.0,Gelding,b,Lucky Vega,Lilli Milena,78836.0,Jason Watson,M Appleby,False,0.45,7.0,S,n,6.5,19,58.40526315789475,3.25,1000.0,221.9386810139096,24,9.5,5.5,5.5,6.0,0.0,5.0,4.2,2.0,7.0,0.0,0.4,0.2,3.91,11.175999999999998,31.0,85.4,85.0,0.0,0.0,3.0,1.0,0.0,-0.5,20.0,40.0,128.0,84.0,78836.0,7884.0,13.0,22.0,7.0,12.0,,,,,,10,0.2,0.4,10,0.2,0.4,1,0.0,0.0,0,0.0,,0,0.0,,0,0.0,,5,0.0,0.4,4,0.5,0.5,2,1.0,1.0,1,0.0,0.0,1,0.0,0.0,0,,,3,0.0,0.6666666666666666,2,0.0,0.0,1,0.0,0.0,3,0.0,0.0,3,0.0,0.6666666666666666,2.0,0.5,1.0,10,0.2,0.4,0,,,3,0.0,0.3333333333333333,0.15384615384615385,1.8718021769015913,-0.42105263157894735,17.066098945660986,0.017121744615661887,0.8888888888888888,0.3333333333333333,2474.3333333333335,0.6528033916761666,0.06923076923076923,0.4444444444444444,4.0,0.6666666666666666,0.3333333333333333,0.2777777777777778,0.13056306800951756,0.10814199496240293,4.0
Epsom Downs,2026-09-27,6,Betfred 'The Classic Bookmaker' Handicap,1713.0,"3YO+, Class 4, Handicap, Class 4, Handicap","{'eventId': '3438544', 'overall': 'Good', 'rating': None, 'surface': 'Turf', '__typename': 'TrackCondition'}",Turf,,22269.0,9.0,False,4.0,2.0,60.75,,,82.0,Thanos,3.0,Gelding,br,Lope Y Fernandez,Reedanjas,70058.0,Lewis Edmunds,Harry Charlton,False,0.99,22.0,U,sn,5.0,19,4.537894736842105,1.4,5.5,1.0187483494200045,28,3.8,4.6,3.6,2.0,0.0,5.0,1.6,1.0,3.0,0.6,1.0,0.8,1.1,3.5840000000000005,60.0,66.4,74.0,0.0,0.0,0.0,4.0,1.0,-0.6666666666666667,30.0,70.0,14.0,82.0,64498.0,6450.0,17.0,27.0,1.0,6.0,,,,,,10,0.3,0.7,7,0.4285714285714285,1.0,1,1.0,1.0,0,0.0,,0,0.0,,0,0.0,,7,0.4285714285714285,0.7142857142857143,3,0.0,0.6666666666666666,2,0.0,0.5,2,0.5,0.5,2,0.5,0.5,0,,,6,0.3333333333333333,0.6666666666666666,1,1.0,1.0,0,,,1,1.0,1.0,6,0.3333333333333333,0.6666666666666666,6.0,0.3333333333333333,1.0,10,0.3,0.7,0,,,0,,,0.2,1.6094379124341003,0.21052631578947364,0.9035026675945256,0.22036650429134771,0.2222222222222222,0.4444444444444444,2474.3333333333335,0.27375626102548906,0.198,0.8888888888888888,3.0,0.7777777777777778,0.9444444444444444,0.9444444444444444,0.13056306800951756,0.14943013132733268,3.0
Epsom Downs,2026-09-27,6,Betfred 'The Classic Bookmaker' Handicap,1713.0,"3YO+, Class 4, Handicap, Class 4, Handicap","{'eventId': '3438544', 'overall': 'Good', 'rating': None, 'surface': 'Turf', '__typename': 'TrackCondition'}",Turf,,22269.0,9.0,False,5.0,3.0,60.75,,,77.0,Bubbles Wonky,5.0,Gelding,b,Lope De Vega,Belle Josephine,73807.0,Kieren Fox,M Pattinson,False,0.39,2.0,S,sbn,19.0,19,68.19999999999999,15.0,1000.0,219.629247405234,19,11.0,15.0,10.0,4.0,0.0,5.0,2.6,1.0,3.0,0.2,1.0,0.2,1.96,15.2,34.0,74.8,77.0,0.0,0.0,2.0,1.0,1.0,1.0,12.0,40.0,-29.0,77.0,72417.0,2897.0,0.0,28.0,3.0,4.0,,,,,,25,0.12,0.4,10,0.1,0.6,2,0.5,1.0,1,0.0,0.0,1,0.0,0.0,0,0.0,,16,0.1875,0.5,5,0.0,0.4,5,0.0,0.4,5,0.4,0.6,4,0.25,0.5,0,,,12,0.1666666666666666,0.5,8,0.125,0.25,0,,,8,0.125,0.25,12,0.1666666666666666,0.5,4.0,0.25,0.5,25,0.12,0.4,0,,,7,0.1428571428571428,0.5714285714285714,0.05263157894736842,2.9444389791664403,0.36363636363636365,14.442815249266864,0.014662756598240472,0.3333333333333333,0.5555555555555556,2474.3333333333335,0.27375626102548906,0.020526315789473684,0.2777777777777778,7.0,0.3333333333333333,0.9444444444444444,0.2777777777777778,0.13056306800951756,0.03962133019316394,8.0
Epsom Downs,2026-09-27,6,Betfred 'The Classic Bookmaker' Handicap,1713.0,"3YO+, Class 4, Handicap, Class 4, Handicap","{'eventId': '3438544', 'overall': 'Good', 'rating': None, 'surface': 'Turf', '__typename': 'TrackCondition'}",Turf,,22269.0,9.0,False,6.0,1.0,60.75,,,82.0,Crown Office,3.0,Gelding,b,No Nay Never,Antonia De Vega,25218.0,Cieren Fallon,W J Haggas,False,0.76,5.0,S,sbn,3.5,19,59.66842105263158,3.3,1000.0,222.2116251936229,22,3.5,3.3,3.1,5.0,0.0,5.0,6.0,2.0,13.0,0.0,0.2,0.2,5.75,6.220000000000001,62.2,82.2,82.0,0.0,0.0,2.0,1.0,1.0,4.166666666666667,13.0,38.0,-81.0,82.0,24526.0,3066.0,23.0,22.0,5.0,2.1,,,,,,8,0.125,0.375,6,0.1666666666666666,0.3333333333333333,1,0.0,0.0,0,0.0,,0,0.0,,0,0.0,,8,0.125,0.375,0,0.0,,2,0.0,0.5,2,0.0,0.0,2,0.5,0.5,0,,,6,0.0,0.3333333333333333,1,1.0,1.0,1,0.0,0.0,2,0.5,0.5,6,0.0,0.3333333333333333,3.0,0.3333333333333333,0.3333333333333333,8,0.125,0.375,0,,,2,0.0,0.5,0.2857142857142857,1.252762968495368,-0.0571428571428572,16.703978124724355,0.016759283761136102,0.1111111111111111,0.6666666666666666,2474.3333333333335,0.27375626102548906,0.21714285714285714,0.7777777777777778,1.0,1.0,0.16666666666666666,0.1111111111111111,0.13056306800951756,0.17568567662125373,2.0
Epsom Downs,2026-09-27,6,Betfred 'The Classic Bookmaker' Handicap,1713.0,"3YO+, Class 4, Handicap, Class 4, Handicap","{'eventId': '3438544', 'overall': 'Good', 'rating': None, 'surface': 'Turf', '__typename': 'TrackCondition'}",Turf,,22269.0,9.0,False,7.0,5.0,57.5,,,75.0,Likeness,3.0,Filly,b,Blue Point,Tayybah,33945.0,George Bass,J Channon,False,0.53,12.0,D,tcdsn,9.0,19,16.2,7.0,160.0,33.89629695657656,21,7.5,8.0,5.25,3.0,0.0,5.0,2.6,1.0,5.0,0.4,0.6,0.6,2.96,14.7,61.4,74.25,71.0,1.0,2.0,1.0,0.0,2.0,2.6666666666666665,20.0,70.0,420.0,75.0,31168.0,3117.0,15.0,17.0,1.0,26.0,,,,,,10,0.2,0.7,7,0.2857142857142857,0.7142857142857143,3,0.6666666666666666,1.0,2,1.0,1.0,1,1.0,1.0,1,1.0,1.0,3,0.3333333333333333,1.0,5,0.0,0.4,3,0.0,0.6666666666666666,3,0.3333333333333333,0.6666666666666666,2,0.5,0.5,0,,,3,0.0,1.0,2,1.0,1.0,0,,,2,1.0,1.0,3,0.0,1.0,3.0,0.0,0.6666666666666666,10,0.2,0.7,0,,,1,0.0,0.0,0.1111111111111111,2.1972245773362196,0.06666666666666667,9.444444444444445,0.0617283950617284,0.5555555555555556,0.7777777777777778,2474.3333333333335,-0.958146913589213,0.058888888888888886,0.6666666666666666,5.0,0.5555555555555556,0.5555555555555556,0.9444444444444444,0.13056306800951756,0.09669981326905823,5.0
Epsom Downs,2026-09-27,6,Betfred 'The Classic Bookmaker' Handicap,1713.0,"3YO+, Class 4, Handicap, Class 4, Handicap","{'eventId': '3438544', 'overall': 'Good', 'rating': None, 'surface': 'Turf', '__typename': 'TrackCondition'}",Turf,,22269.0,9.0,False,9.0,6.0,55.75,,-2.25,65.0,Play Me,4.0,Gelding,b,Too Darn Hot,Initially,51730.0,D Murphy,J R Boyle,False,0.39,6.0,D,tcdn,29.0,19,127.95263157894736,17.0,1000.0,299.1204498955335,11,13.0,23.0,12.0,8.0,0.0,5.0,3.0,1.0,4.0,0.2,0.6,0.2,3.34,8.6,5.4,65.0,66.0,3.0,2.0,1.0,0.0,0.0,0.0,15.0,52.0,86.0,65.0,51730.0,1568.0,14.0,17.0,3.0,7.0,,,,,,33,0.1515151515151515,0.5151515151515151,15,0.2,0.4666666666666667,7,0.2857142857142857,0.5714285714285714,12,0.1666666666666666,0.6666666666666666,9,0.2222222222222222,0.6666666666666666,6,0.1666666666666666,0.6666666666666666,20,0.15,0.45,1,0.0,1.0,3,0.0,0.6666666666666666,3,0.0,0.0,3,0.0,0.0,0,,,26,0.1923076923076923,0.4615384615384615,6,0.0,0.6666666666666666,0,,,6,0.0,0.6666666666666666,26,0.1923076923076923,0.4615384615384615,1.0,0.0,0.0,33,0.1515151515151515,0.5151515151515151,0,,,3,0.0,0.0,0.034482758620689655,3.367295829986474,0.7692307692307693,7.682530541730081,0.007815392209287977,0.6666666666666666,1.0,2474.3333333333335,-1.6214793922278987,0.013448275862068966,0.2777777777777778,8.0,0.2222222222222222,0.5555555555555556,0.4444444444444444,0.13056306800951756,0.04689547262237417,6.0
Epsom Downs,2026-09-27,1,Betfred 'Turbo Boost' Nursery,1411.0,"2YO, Class 4, Class 4","{'eventId': '3438539', 'overall': 'Good', 'rating': None, 'surface': 'Turf', '__typename': 'TrackCondition'}",Turf,,22269.0,9.0,False,1.0,9.0,61.25,,-1.25,83.0,The Ginger Kid,2.0,Colt,ch,Mehmas,Bella De Medici,53350.0,Ashley Lewis,E Walker,False,0.41,14.0,U,n,3.9,19,3.3594736842105264,1.78,4.5,0.5742590070710394,36,4.2,3.1,3.1,2.0,0.0,5.0,6.4,1.0,21.0,0.2,0.6,0.6,5.18,14.45,19.6,82.33333333333333,83.0,0.0,3.0,1.0,0.0,0.0,4.0,17.0,50.0,250.0,83.0,47790.0,7965.0,19.0,38.0,6.0,13.0,,,,,,6,0.1666666666666666,0.5,6,0.1666666666666666,0.5,1,0.0,0.0,3,0.0,0.6666666666666666,0,0.0,,0,0.0,,6,0.1666666666666666,0.5,0,0.0,,1,0.0,0.0,1,1.0,1.0,1,0.0,0.0,0,,,5,0.2,0.6,1,0.0,0.0,0,,,1,0.0,0.0,5,0.2,0.6,1.0,0.0,0.0,6,0.1666666666666666,0.5,0,,,1,0.0,1.0,0.25641025641025644,1.3609765531356006,-0.2619047619047619,0.8096506344978849,0.2976656744477518,1.0,0.1111111111111111,2474.3333333333335,1.543120958585054,0.10512820512820513,0.625,2.0,0.875,0.6111111111111112,0.3888888888888889,0.14080108488003226,0.24819431681006776,2.0
Epsom Downs,2026-09-27,1,Betfred 'Turbo Boost' Nursery,1411.0,"2YO, Class 4, Class 4","{'eventId': '3438539', 'overall': 'Good', 'rating': None, 'surface': 'Turf', '__typename': 'TrackCondition'}",Turf,,22269.0,9.0,False,2.0,8.0,59.75,,,80.0,Telegraphic,2.0,Colt,b,Kameko,Roubles,26923.0,Billy Loughnane,C Johnston,False,0.28,22.0,U,don,9.5,19,5.557894736842106,2.8,12.0,2.271636504807118,17,10.0,3.5,3.5,7.0,0.0,4.0,6.0,1.0,17.0,0.25,0.5,0.5,8.625,13.125,14.25,82.0,82.0,0.0,4.0,0.0,0.0,1.0,-7.0,25.0,50.0,13.0,80.0,26923.0,6731.0,11.0,38.0,17.0,26.0,,,,,,4,0.25,0.5,4,0.25,0.5,2,0.0,0.5,4,0.25,0.5,0,0.0,,0,0.0,,4,0.25,0.5,0,0.0,,1,0.0,0.0,1,1.0,1.0,1,0.0,1.0,0,,,3,0.3333333333333333,0.6666666666666666,1,0.0,0.0,0,,,1,0.0,0.0,3,0.3333333333333333,0.6666666666666666,0.0,,0.8090909090909091,4,0.25,0.5,0,,,0,,,0.10526315789473684,2.2512917986064953,-0.65,1.65530303030303,0.1799242424242424,0.8888888888888888,0.2222222222222222,2474.3333333333335,0.8921168041819847,0.02947368421052632,0.5,4.0,0.625,0.4444444444444444,0.3888888888888889,0.14080108488003226,0.07324120141559273,5.0
Epsom Downs,2026-09-27,1,Betfred 'Turbo Boost' Nursery,1411.0,"2YO, Class 4, Class 4","{'eventId': '3438539', 'overall': 'Good', 'rating': None, 'surface': 'Turf', '__typename': 'TrackCondition'}",Turf,,22269.0,9.0,False,3.0,5.0,59.0,,,78.0,Rogue Imperial,2.0,Colt,b,Too Darn Hot,Celestial Queen,36331.0,Rossa Ryan,A Watson,False,1.0,5.0,S,,11.0,19,8.41421052631579,1.1,11.0,2.5856594715946435,42,6.0,8.5,6.0,1.0,1.0,5.0,3.6,1.0,7.0,0.2,0.6,0.4,5.04,6.876,19.0,76.0,77.0,0.0,0.0,0.0,0.0,1.0,3.5,20.0,60.0,-42.0,78.0,24481.0,4896.0,20.0,34.0,1.0,2.88,,,,,,5,0.2,0.6,5,0.2,0.6,2,0.5,1.0,0,0.0,,0,0.0,,0,0.0,,5,0.2,0.6,0,0.0,,1,0.0,0.0,1,0.0,1.0,1,0.0,0.0,0,,,5,0.2,0.6,0,,,0,,,0,0.0,,5,0.2,0.6,0.0,,0.8090909090909091,5,0.2,0.6,0,,,0,,,0.09090909090909091,2.3978952727983707,0.4166666666666667,1.1765809720397824,0.11884656283230124,0.5555555555555556,0.3333333333333333,2474.3333333333335,0.56661472698045,0.09090909090909091,1.0,5.5,0.4375,0.6111111111111112,0.6666666666666666,0.14080108488003226,0.0645214275814071,6.0
Epsom Downs,2026-09-27,1,Betfred 'Turbo Boost' Nursery,1411.0,"2YO, Class 4, Class 4","{'eventId': '3438539', 'overall': 'Good', 'rating': None, 'surface': 'Turf', '__typename': 'TrackCondition'}",Turf,,22269.0,9.0,False,4.0,1.0,59.0,,,78.0,Clive The Writer,2.0,Gelding,b,Calyx,Ruminyahui,13496.0,Hector Crouch,W Muir & C Grassick,False,0.01,7.0,S,dn,11.0,19,58.86052631578947,3.35,950.0,210.0530074572327,36,9.5,7.5,7.5,6.0,0.0,3.0,4.666666666666667,1.0,7.0,0.3333333333333333,0.3333333333333333,0.3333333333333333,3.766666666666667,44.96,18.33333333333333,79.0,79.0,0.0,2.0,1.0,1.0,1.0,3.5,33.0,33.0,-4.0,78.0,13496.0,4499.0,0.0,16.0,6.0,6.0,,,,,,3,0.3333333333333333,0.3333333333333333,3,0.3333333333333333,0.3333333333333333,2,0.5,0.5,2,0.5,0.5,0,0.0,,0,0.0,,2,0.0,0.0,1,1.0,1.0,1,0.0,0.0,1,1.0,1.0,1,0.0,0.0,0,,,2,0.0,0.0,0,,,0,,,0,0.0,,2,0.0,0.0,1.0,1.0,1.0,3,0.3333333333333333,0.3333333333333333,0,,,1,0.0,0.0,0.09090909090909091,2.3978952727983707,-0.21052631578947367,16.08293468055618,0.016989314615281442,0.1111111111111111,0.4444444444444444,2474.3333333333335,0.56661472698045,0.0009090909090909091,0.125,5.5,0.4375,0.2222222222222222,0.2222222222222222,0.14080108488003226,0.1172741051080785,3.0
Epsom Downs,2026-09-27,1,Betfred 'Turbo Boost' Nursery,1411.0,"2YO, Class 4, Class 4","{'eventId': '3438539', 'overall': 'Good', 'rating': None, 'surface': 'Turf', '__typename': 'TrackCondition'}",Turf,,22269.0,9.0,False,5.0,3.0,58.0,,,76.0,Give Hand,2.0,Colt,b,Mohaather,Montalcino,6933.0,Lewis Edmunds,Harry Charlton,False,0.49,3.0,U,,3.5,19,53.00789473684211,2.7,950.0,211.4236369940182,28,4.4,2.7,2.7,5.0,0.0,3.0,3.0,3.0,3.0,0.0,1.0,0.0,3.6,19.33333333333333,7.0,,79.0,1.0,3.0,0.0,0.0,1.0,0.0,0.0,100.0,-100.0,76.0,6241.0,2080.0,17.0,17.0,3.0,8.5,,,,,,3,0.0,1.0,3,0.0,1.0,3,0.0,1.0,3,0.0,1.0,1,0.0,1.0,1,0.0,1.0,1,0.0,1.0,1,0.0,1.0,1,0.0,1.0,1,0.0,1.0,1,0.0,1.0,0,,,0,,,2,0.0,1.0,0,,,2,0.0,1.0,0,0.0,,0.0,,0.8090909090909091,3,0.0,1.0,0,,,0,,,0.2857142857142857,1.252762968495368,-0.38636363636363635,17.870922901256016,0.01886511443181254,0.3333333333333333,0.5555555555555556,2474.3333333333335,0.13261195737840373,0.13999999999999999,0.75,1.0,1.0,1.0,1.0,0.14080108488003226,0.3392892937172141,1.0
Epsom Downs,2026-09-27,1,Betfred 'Turbo Boost' Nursery,1411.0,"2YO, Class 4, Class 4","{'eventId': '3438539', 'overall': 'Good', 'rating': None, 'surface': 'Turf', '__typename': 'TrackCondition'}",Turf,,22269.0,9.0,False,7.0,2.0,55.75,,,71.0,Leucothea,2.0,Filly,b,Soldier's Call,Maine Island,24874.0,S M Levey,R Hannon,False,0.05,6.0,U,o,26.0,19,72.97894736842106,7.4,950.0,206.8155333139767,30,20.0,19.0,13.0,3.0,0.0,5.0,8.8,2.0,18.0,0.0,0.4,0.4,6.890000000000001,30.25,24.8,72.0,73.0,0.0,0.0,0.0,0.0,0.0,-3.666666666666667,0.0,57.0,-100.0,71.0,22097.0,3157.0,13.0,17.0,10.0,21.0,,,,,,7,0.0,0.5714285714285714,7,0.0,0.5714285714285714,3,0.0,0.3333333333333333,0,0.0,,0,0.0,,0,0.0,,6,0.0,0.5,1,0.0,1.0,1,0.0,1.0,1,0.0,1.0,1,0.0,1.0,1,0.0,1.0,3,0.0,0.3333333333333333,2,0.0,0.5,0,,,2,0.0,0.5,4,0.0,0.5,2.0,0.0,1.0,7,0.0,0.5714285714285714,0,,,0,,,0.038461538461538464,3.258096538021482,-0.05,12.916053656425788,0.013702581854896869,0.2222222222222222,0.7777777777777778,2474.3333333333335,-0.8438942742262004,0.0019230769230769232,0.25,8.0,0.125,0.3333333333333333,0.5555555555555556,0.14080108488003226,0.06191669643117551,7.0
Epsom Downs,2026-09-27,1,Betfred 'Turbo Boost' Nursery,1411.0,"2YO, Class 4, Class 4","{'eventId': '3438539', 'overall': 'Good', 'rating': None, 'surface': 'Turf', '__typename': 'TrackCondition'}",Turf,,22269.0,9.0,False,8.0,6.0,55.75,,,71.0,Angel Of Desire,2.0,Filly,b,Harry Angel,Whims Of Desire,4134.0,Cieren Fallon,A J Perrett,False,0.2,2.0,U,,13.0,19,25.20526315789473,3.5,280.0,60.09202130841289,19,9.0,10.0,9.0,4.0,0.0,3.0,3.333333333333333,3.0,4.0,0.0,0.6666666666666666,0.0,2.8833333333333333,13.0,5.333333333333333,,79.0,1.0,3.0,0.0,0.0,1.0,1.0,0.0,67.0,-100.0,71.0,2744.0,915.0,11.0,27.0,3.0,6.5,,,,,,3,0.0,0.6666666666666666,3,0.0,0.6666666666666666,3,0.0,0.6666666666666666,3,0.0,0.6666666666666666,1,0.0,1.0,1,0.0,1.0,2,0.0,0.5,0,0.0,,1,0.0,0.0,1,0.0,1.0,1,0.0,1.0,0,,,1,0.0,0.0,2,0.0,1.0,0,,,2,0.0,1.0,1,0.0,0.0,0.0,,0.8090909090909091,3,0.0,0.6666666666666666,0,,,0,,,0.07692307692307693,2.5649493574615367,0.1111111111111111,10.969931092086034,0.03967425349759867,0.6666666666666666,0.8888888888888888,2474.3333333333335,-0.8438942742262004,0.015384615384615385,0.375,7.0,0.25,0.8333333333333334,0.8333333333333334,0.14080108488003226,0.09556295893646426,4.0
Ffos Las,2026-09-27,3,"Bridge, Family Run And Proud Handicap",1006.0,"3YO+, Class 6, Handicap, Class 6, Handicap","{'eventId': '3438548', 'overall': 'Soft', 'rating': None, 'surface': 'Turf', '__typename': 'TrackCondition'}",Turf,,13359.0,5.0,False,1.0,5.0,63.5,,-2.25,50.0,Call Time,5.0,Gelding,b,Soldier's Call,Broken Time,59740.0,Millie Wonnacott,J S Moore,False,1.0,32.0,S,tdshn,1.45,19,1.3478947368421053,1.1,1.5,0.1194099064641323,15,2.05,1.35,1.35,1.0,1.0,5.0,4.4,1.0,7.0,0.2,0.4,0.2,2.59,5.6,33.8,51.8,50.0,2.0,4.0,5.0,1.0,2.0,2.333333333333333,10.0,42.0,-78.0,50.0,52631.0,1698.0,13.0,6.0,1.0,3.0,,,,,,31,0.0967741935483871,0.4193548387096774,10,0.1,0.3,3,0.3333333333333333,0.6666666666666666,14,0.1428571428571428,0.5,6,0.1666666666666666,1.0,3,0.0,1.0,23,0.1304347826086956,0.4782608695652174,1,0.0,0.0,7,0.1428571428571428,0.2857142857142857,6,0.0,0.3333333333333333,5,0.2,0.2,0,,,14,0.0,0.1428571428571428,13,0.1538461538461538,0.6153846153846154,3,0.3333333333333333,1.0,16,0.1875,0.6875,14,0.0,0.1428571428571428,6.0,0.3333333333333333,0.8333333333333334,31,0.0967741935483871,0.4193548387096774,0,,,14,0.1428571428571428,0.5714285714285714,0.6896551724137931,0.371563556432483,-0.34146341463414626,0.29675907848496674,0.7418976962124171,1.0,0.2,2671.8,1.5837675765167119,0.6896551724137931,1.0,1.0,1.0,0.8,0.8,0.26349762475523125,0.5488361702963229,1.0
Ffos Las,2026-09-27,3,"Bridge, Family Run And Proud Handicap",1006.0,"3YO+, Class 6, Handicap, Class 6, Handicap","{'eventId': '3438548', 'overall': 'Soft', 'rating': None, 'surface': 'Turf', '__typename': 'TrackCondition'}",Turf,,13359.0,5.0,False,2.0,1.0,60.75,,,49.0,Some Nightmare,9.0,Gelding,b,Dream Ahead,Isolde's Return,91708.0,William Carson,J G M O'Shea,False,0.43,23.0,S,tcdsn,4.4,19,5.312105263157895,4.0,21.0,3.716096677326285,35,3.6,4.0,2.9,4.0,0.0,5.0,3.4,2.0,7.0,0.0,0.8,0.4,2.13,7.116,11.6,49.0,49.0,0.0,1.0,3.0,0.0,0.0,1.5,12.0,43.0,-48.0,49.0,90874.0,1180.0,9.0,15.0,3.0,3.75,,,,,,77,0.1168831168831168,0.4285714285714285,20,0.0,0.55,5,0.0,0.8,35,0.1142857142857142,0.4,3,0.3333333333333333,0.6666666666666666,2,0.5,0.5,39,0.1025641025641025,0.4358974358974359,15,0.0666666666666666,0.4,10,0.1,0.3,9,0.0,0.3333333333333333,9,0.3333333333333333,0.5555555555555556,4,0.0,0.5,35,0.2,0.5428571428571428,20,0.05,0.25,3,0.0,0.3333333333333333,23,0.0434782608695652,0.2608695652173913,39,0.1794871794871795,0.5384615384615384,8.0,0.25,0.375,77,0.1168831168831168,0.4285714285714285,0,,,23,0.0434782608695652,0.4347826086956521,0.22727272727272727,1.4816045409242156,0.11111111111111108,3.2002377885663327,0.18824928168037253,0.2,0.4,2671.8,0.1788124683164036,0.09772727272727272,0.7,3.0,0.6,1.0,1.0,0.26349762475523125,0.24993278190617182,2.0
Ffos Las,2026-09-27,3,"Bridge, Family Run And Proud Handicap",1006.0,"3YO+, Class 6, Handicap, Class 6, Handicap","{'eventId': '3438548', 'overall': 'Soft', 'rating': None, 'surface': 'Turf', '__typename': 'TrackCondition'}",Turf,,13359.0,5.0,False,4.0,4.0,59.0,,,45.0,Bama Lama,8.0,Mare,ch,Equiano,Kindia,80089.0,Saffie Osborne,B R Millman,False,0.28,23.0,S,tcdshn,7.0,19,7.352631578947368,6.0,19.5,2.9186096944395383,21,6.0,6.0,4.2,2.0,0.0,5.0,6.6,6.0,9.0,0.0,0.0,0.0,6.180000000000001,22.1,75.2,42.6,42.0,1.0,3.0,4.0,0.0,2.0,-1.5,11.0,36.0,-44.0,45.0,78108.0,1183.0,19.0,6.0,6.0,34.0,,,,,,66,0.106060606060606,0.3636363636363636,4,0.0,0.0,2,0.0,0.0,23,0.1304347826086956,0.391304347826087,11,0.1818181818181818,0.6363636363636364,5,0.4,0.8,38,0.1052631578947368,0.3947368421052631,6,0.0,0.0,10,0.0,0.0,9,0.1111111111111111,0.2222222222222222,6,0.1666666666666666,0.5,0,,,35,0.1142857142857142,0.4,18,0.1111111111111111,0.4444444444444444,7,0.1428571428571428,0.2857142857142857,25,0.12,0.4,35,0.1142857142857142,0.4,6.0,0.1666666666666666,0.8333333333333334,66,0.106060606060606,0.3636363636363636,0,,,33,0.1212121212121212,0.3636363636363636,0.14285714285714285,1.9459101490553132,0.0,1.8360773085182536,0.13600572655690768,0.8,0.8,2671.8,-0.7152498732656107,0.04,0.4,4.0,0.4,0.3,0.6,0.26349762475523125,0.12735835868329545,3.0
Ffos Las,2026-09-27,3,"Bridge, Family Run And Proud Handicap",1006.0,"3YO+, Class 6, Handicap, Class 6, Handicap","{'eventId': '3438548', 'overall': 'Soft', 'rating': None, 'surface': 'Turf', '__typename': 'TrackCondition'}",Turf,,13359.0,5.0,False,5.0,2.0,58.5,,,45.0,Snow Day,3.0,Filly,b,Aclaim,Neige D'antan,1666.0,Jack Doughty,A W Carroll,False,0.01,1.0,S,,51.0,19,35.410526315789475,22.6,70.0,10.743609838158244,21,29.0,31.0,14.0,3.0,0.0,5.0,8.6,6.0,14.0,0.0,0.0,0.0,12.51,110.0,68.8,39.25,43.0,1.0,0.0,3.0,0.0,1.0,1.833333333333334,0.0,0.0,-100.0,45.0,0.0,0.0,13.0,27.0,9.0,81.0,,,,,,7,0.0,0.0,5,0.0,0.0,2,0.0,0.0,0,0.0,,1,0.0,0.0,0,0.0,,4,0.0,0.0,2,0.0,0.0,2,0.0,0.0,2,0.0,0.0,1,0.0,0.0,0,,,4,0.0,0.0,1,0.0,0.0,0,,,1,0.0,0.0,4,0.0,0.0,0.0,,0.8090909090909091,7,0.0,0.0,0,,,3,0.0,0.0,0.0196078431372549,3.9318256327243257,0.06896551724137931,1.3385850178359096,0.028240190249702733,0.4,1.0,2671.8,-0.9706962565747577,0.000196078431372549,0.2,5.0,0.2,0.3,0.2,0.26349762475523125,0.0738726891142098,4.0
Ffos Las,2026-09-27,6,"Bridge, For All Family Occasions Handicap (Div 1)",1609.0,"3YO+, Class 6, Handicap, Class 6, Handicap","{'eventId': '3438551', 'overall': 'Soft', 'rating': None, 'surface': 'Turf', '__typename': 'TrackCondition'}",Turf,,13359.0,10.0,False,1.0,6.0,61.25,,,58.0,Rosemary's Rose,4.0,Filly,b,Belardo,Escallonia,38468.0,Saffie Osborne,B R Millman,False,1.0,21.0,S,dn,3.3,19,3.2084210526315795,1.61,5.0,0.5767081096770817,29,5.0,3.0,2.8,2.0,0.0,5.0,3.0,2.0,5.0,0.0,0.8,0.4,3.03,4.05,20.0,58.0,59.0,2.0,1.0,5.0,2.0,0.0,-1.6666666666666663,9.0,45.0,-60.0,58.0,35132.0,1597.0,19.0,28.0,5.0,4.0,,,,,,22,0.0909090909090909,0.4545454545454545,16,0.125,0.5,2,0.0,0.5,12,0.1666666666666666,0.5,3,0.0,0.6666666666666666,1,0.0,1.0,12,0.0,0.3333333333333333,8,0.25,0.5,3,0.0,0.3333333333333333,2,0.0,0.5,1,0.0,0.0,0,,,12,0.0,0.4166666666666667,2,0.0,0.5,0,,,2,0.0,0.5,12,0.0,0.4166666666666667,6.0,0.1666666666666666,0.6666666666666666,22,0.0909090909090909,0.4545454545454545,0,,,16,0.0625,0.5,0.30303030303030304,1.1939224684724346,-0.4,1.0565944881889762,0.3116797900262467,0.6,0.1,1335.9,1.20949561321227,0.30303030303030304,1.0,1.0,1.0,1.0,1.0,0.12146016593278257,0.3184423411724651,1.0
Ffos Las,2026-09-27,6,"Bridge, For All Family Occasions Handicap (Div 1)",1609.0,"3YO+, Class 6, Handicap, Class 6, Handicap","{'eventId': '3438551', 'overall': 'Soft', 'rating': None, 'surface': 'Turf', '__typename': 'TrackCondition'}",Turf,,13359.0,10.0,False,2.0,1.0,60.75,,-3.25,57.0,Prince Ali,8.0,Gelding,br,Twilight Son,Desert Liaison,87901.0,Zoe Lewis,T Faulkner,False,0.3,28.0,S,dsn,11.0,19,9.339999999999998,2.36,14.0,2.114650649261256,26,4.2,9.0,4.2,4.0,0.0,5.0,3.8,1.0,9.0,0.4,0.6,0.6,2.75,10.6,29.4,50.4,51.0,0.0,2.0,4.0,0.0,0.0,-2.0,15.0,40.0,110.0,57.0,87067.0,1583.0,12.0,27.0,1.0,11.0,,,,,,55,0.1454545454545454,0.4,12,0.1666666666666666,0.3333333333333333,2,0.5,0.5,4,0.25,0.75,1,0.0,0.0,0,0.0,,10,0.2,0.4,23,0.1304347826086956,0.3478260869565217,10,0.1,0.2,8,0.25,0.25,5,0.2,0.4,0,,,27,0.1481481481481481,0.4814814814814814,5,0.2,0.2,0,,,5,0.2,0.2,27,0.1481481481481481,0.4814814814814814,4.0,0.0,0.5,55,0.1454545454545454,0.4,0,,,26,0.1538461538461538,0.3846153846153846,0.09090909090909091,2.3978952727983707,1.1428571428571428,1.2462526766595292,0.10706638115631693,0.1,0.2,1335.9,0.9249084101035007,0.02727272727272727,0.6,5.5,0.55,0.8,0.9,0.12146016593278257,0.06277280777596672,5.0
Ffos Las,2026-09-27,6,"Bridge, For All Family Occasions Handicap (Div 1)",1609.0,"3YO+, Class 6, Handicap, Class 6, Handicap","{'eventId': '3438551', 'overall': 'Soft', 'rating': None, 'surface': 'Turf', '__typename': 'TrackCondition'}",Turf,,13359.0,10.0,False,3.0,10.0,60.25,,-2.25,60.0,Thestral,3.0,Gelding,b,Dream Ahead,Vasilia,11735.0,Myla Coppins,A W Carroll,False,0.17,11.0,S,n,29.0,19,22.65263157894737,15.0,32.0,3.8786009986039023,19,10.0,21.0,10.0,9.0,0.0,5.0,6.0,2.0,10.0,0.0,0.4,0.2,9.08,14.466,26.2,64.8,63.0,1.0,3.0,4.0,0.0,0.0,-2.5,13.0,38.0,13.0,60.0,11735.0,1467.0,20.0,54.0,5.0,15.0,,,,,,8,0.125,0.375,8,0.125,0.375,1,0.0,0.0,4,0.0,0.25,1,0.0,0.0,0,0.0,,3,0.0,0.3333333333333333,4,0.25,0.5,2,0.0,0.0,2,0.5,0.5,1,0.0,1.0,0,,,4,0.0,0.25,0,,,0,,,0,0.0,,4,0.0,0.25,0.0,,0.8090909090909091,8,0.125,0.375,0,,,4,0.0,0.5,0.034482758620689655,3.367295829986474,1.1,0.7504646840148698,0.0441449814126394,1.0,0.3,1335.9,0.6403212069947312,0.0058620689655172415,0.3,10.0,0.1,0.45,0.8,0.12146016593278257,0.052474272940810966,6.0
Ffos Las,2026-09-27,6,"Bridge, For All Family Occasions Handicap (Div 1)",1609.0,"3YO+, Class 6, Handicap, Class 6, Handicap","{'eventId': '3438551', 'overall': 'Soft', 'rating': None, 'surface': 'Turf', '__typename': 'TrackCondition'}",Turf,,13359.0,10.0,False,4.0,7.0,60.25,,,56.0,Homeland,4.0,Gelding,b,Land Force,Karen's Caper,29518.0,Finley Marsh,T Faulkner,False,0.19,4.0,U,tn,6.0,19,5.521052631578947,4.4,7.0,0.7053024340988101,19,3.8,5.0,3.8,8.0,0.0,5.0,3.2,1.0,5.0,0.2,0.6,0.2,2.74,11.32,54.4,55.2,56.0,1.0,3.0,4.0,2.0,1.0,-1.3333333333333337,10.0,35.0,-74.0,56.0,29518.0,1476.0,10.0,27.0,5.0,34.0,,,,,,20,0.1,0.35,8,0.125,0.375,1,0.0,0.0,7,0.0,0.2857142857142857,1,1.0,1.0,0,0.0,,13,0.1538461538461538,0.5384615384615384,2,0.0,0.0,3,0.0,0.6666666666666666,3,0.0,0.0,3,0.3333333333333333,0.6666666666666666,0,,,16,0.125,0.4375,2,0.0,0.0,0,,,2,0.0,0.0,16,0.125,0.4375,3.0,0.6666666666666666,1.0,20,0.1,0.35,0,,,15,0.1333333333333333,0.4,0.16666666666666666,1.791759469228055,0.31578947368421056,0.4709246901811248,0.1811248808388942,0.7,0.4,1335.9,0.6403212069947312,0.03166666666666666,0.4,2.5,0.85,0.8,0.6,0.12146016593278257,0.31211596630941757,2.0
Ffos Las,2026-09-27,6,"Bridge, For All Family Occasions Handicap (Div 1)",1609.0,"3YO+, Class 6, Handicap, Class 6, Handicap","{'eventId': '3438551', 'overall': 'Soft', 'rating': None, 'surface': 'Turf', '__typename': 'TrackCondition'}",Turf,,13359.0,10.0,False,5.0,3.0,59.75,,-3.25,55.0,Scarfo,5.0,Gelding,ch,Soldier's Call,Midsummer Breeze,51423.0,Charlie Tucker,B J Llewellyn,False,0.27,3.0,S,dn,6.0,19,5.821052631578948,5.0,6.8,0.3931371092934386,22,6.0,5.25,4.0,5.0,0.0,5.0,3.6,2.0,6.0,0.0,0.6,0.2,3.79,14.0,18.0,49.8,55.0,1.0,4.0,4.0,0.0,0.0,0.1666666666666665,5.0,28.0,-68.0,55.0,51008.0,1275.0,6.0,6.0,4.0,4.5,,,,,,40,0.05,0.275,14,0.0714285714285714,0.5,4,0.0,0.5,16,0.0625,0.4375,7,0.0,0.5714285714285714,6,0.0,0.5,24,0.0416666666666666,0.375,3,0.0,0.0,5,0.0,0.0,4,0.25,0.25,3,0.0,0.3333333333333333,1,0.0,0.0,26,0.0769230769230769,0.3076923076923077,9,0.0,0.3333333333333333,1,0.0,0.0,10,0.0,0.3,27,0.074074074074074,0.2962962962962963,0.0,,0.8090909090909091,40,0.05,0.275,0,,,20,0.05,0.35,0.16666666666666666,1.791759469228055,-0.125,0.3092224231464737,0.1717902350813743,0.3,0.5,1335.9,0.35573400388596177,0.045,0.5,2.5,0.85,0.8,0.4,0.12146016593278257,0.06905666425683059,3.0
Ffos Las,2026-09-27,6,"Bridge, For All Family Occasions Handicap (Div 1)",1609.0,"3YO+, Class 6, Handicap, Class 6, Handicap","{'eventId': '3438551', 'overall': 'Soft', 'rating': None, 'surface': 'Turf', '__typename': 'TrackCondition'}",Turf,,13359.0,10.0,False,6.0,9.0,59.5,,,58.0,Cosmic Girl,3.0,Filly,b,Wootton Bassett,Waldnah,4053.0,Callum Hutchinson,A M Balding,False,0.49,6.0,U,,7.0,19,6.223684210526316,2.2,11.0,1.6589762554257617,26,8.0,6.0,6.0,3.0,0.0,3.0,4.666666666666667,3.0,6.0,0.0,0.3333333333333333,0.0,10.416666666666666,9.666666666666666,35.333333333333336,,79.0,0.0,0.0,0.0,0.0,2.0,-2.5,0.0,33.0,-100.0,58.0,2387.0,796.0,16.0,17.0,5.0,12.0,,,,,,3,0.0,0.3333333333333333,3,0.0,0.3333333333333333,2,0.0,0.0,0,0.0,,0,0.0,,0,0.0,,1,0.0,1.0,2,0.0,0.0,2,0.0,0.5,1,0.0,0.0,0,,,0,,,1,0.0,1.0,0,,,0,,,0,0.0,,1,0.0,1.0,0.0,,0.8090909090909091,3,0.0,0.3333333333333333,0,,,0,,,0.14285714285714285,1.9459101490553132,-0.25,1.413953488372093,0.160676532769556,0.9,0.6,1335.9,0.21344040233157707,0.06999999999999999,0.8,4.0,0.7,0.2,0.5,0.12146016593278257,0.0663551349729033,4.0
Ffos Las,2026-09-27,6,"Bridge, For All Family Occasions Handicap (Div 1)",1609.0,"3YO+, Class 6, Handicap, Class 6, Handicap","{'eventId': '3438551', 'overall': 'Soft', 'rating': None, 'surface': 'Turf', '__typename': 'TrackCondition'}",Turf,,13359.0,10.0,False,8.0,8.0,57.5,,-2.25,50.0,A Rose Adaay,4.0,Filly,b,Adaay,La Donacella,15524.0,Ben Ffrench-davis,G Harris,False,0.01,5.0,S,sn,17.0,19,14.505263157894737,6.0,19.5,2.849464157237199,24,17.0,14.0,11.0,6.0,0.0,5.0,4.8,1.0,8.0,0.2,0.4,0.2,5.51,10.2,14.6,47.0,50.0,1.0,3.0,3.0,0.0,0.0,0.5,7.0,36.0,-75.0,50.0,15524.0,1109.0,22.0,15.0,8.0,13.0,,,,,,14,0.0714285714285714,0.3571428571428571,10,0.1,0.4,4,0.25,0.25,5,0.0,0.4,3,0.0,0.3333333333333333,0,0.0,,14,0.0714285714285714,0.3571428571428571,0,0.0,,2,0.0,0.0,2,0.0,0.5,2,0.0,0.5,0,,,9,0.0,0.3333333333333333,5,0.2,0.4,0,,,5,0.2,0.4,9,0.0,0.3333333333333333,0.0,,0.8090909090909091,14,0.0714285714285714,0.3571428571428571,0,,,7,0.1428571428571428,0.2857142857142857,0.058823529411764705,2.833213344056216,-0.17647058823529413,0.9306966618287373,0.06894049346879536,0.8,0.8,1335.9,-0.9249084101035007,0.0005882352941176471,0.1,9.0,0.2,0.45,0.7,0.12146016593278257,0.04347620058363925,7.0
Ffos Las,2026-09-27,6,"Bridge, For All Family Occasions Handicap (Div 1)",1609.0,"3YO+, Class 6, Handicap, Class 6, Handicap","{'eventId': '3438551', 'overall': 'Soft', 'rating': None, 'surface': 'Turf', '__typename': 'TrackCondition'}",Turf,,13359.0,10.0,False,9.0,4.0,57.25,,,53.0,Grand Vista,3.0,Colt,b,Far Above,Very Nice,4682.0,Paddy Bradley,W Muir & C Grassick,False,0.34,6.0,S,,11.0,19,10.647368421052631,4.2,26.0,3.9419963445005126,21,18.0,8.5,8.0,7.0,0.0,5.0,5.6,3.0,8.0,0.0,0.4,0.0,5.63,9.0,15.6,56.4,55.0,1.0,0.0,4.0,0.0,0.0,-2.333333333333333,0.0,22.0,-100.0,53.0,4682.0,520.0,0.0,32.0,8.0,13.0,,,,,,9,0.0,0.2222222222222222,9,0.0,0.2222222222222222,3,0.0,0.3333333333333333,0,0.0,,1,0.0,1.0,0,0.0,,6,0.0,0.3333333333333333,3,0.0,0.0,2,0.0,0.0,2,0.0,0.0,1,0.0,1.0,0,,,4,0.0,0.5,2,0.0,0.0,0,,,2,0.0,0.0,4,0.0,0.5,0.0,,0.8090909090909091,9,0.0,0.2222222222222222,0,,,5,0.0,0.4,0.09090909090909091,2.3978952727983707,-0.5277777777777778,2.0474542758279783,0.0939199209095403,0.4,0.9,1335.9,-1.0672020116578853,0.030909090909090914,0.7,5.5,0.55,0.45,0.3,0.12146016593278257,0.04071585701312546,8.0
Ffos Las,2026-09-27,6,"Bridge, For All Family Occasions Handicap (Div 1)",1609.0,"3YO+, Class 6, Handicap, Class 6, Handicap","{'eventId': '3438551', 'overall': 'Soft', 'rating': None, 'surface': 'Turf', '__typename': 'TrackCondition'}",Turf,,13359.0,10.0,False,10.0,2.0,55.75,,,46.0,Pebble Dash,4.0,Gelding,b,Kodi Bear,Zippy Rock,19579.0,K T O'Neill,B J Llewellyn,False,0.51,6.0,S,,13.0,19,11.489473684210529,1.1,15.0,2.6787457270820068,14,11.0,10.0,10.0,1.0,1.0,5.0,5.4,3.0,8.0,0.0,0.4,0.0,7.109999999999999,22.2,20.4,45.2,46.0,2.0,3.0,3.0,0.0,0.0,-0.1666666666666669,0.0,14.0,-100.0,46.0,12470.0,594.0,0.0,6.0,3.0,34.0,,,,,,21,0.0,0.1428571428571428,18,0.0,0.1666666666666666,2,0.0,0.5,6,0.0,0.3333333333333333,2,0.0,0.5,2,0.0,0.5,9,0.0,0.1111111111111111,10,0.0,0.2,2,0.0,0.0,2,0.0,0.0,2,0.0,0.0,0,,,8,0.0,0.0,2,0.0,0.0,1,0.0,1.0,3,0.0,0.3333333333333333,8,0.0,0.0,0.0,,0.8090909090909091,21,0.0,0.1428571428571428,0,,,13,0.0,0.1538461538461538,0.07692307692307693,2.5649493574615367,-0.09090909090909091,1.2098030233623451,0.08703618873110397,0.2,1.0,1335.9,-1.9209636209841936,0.039230769230769236,0.9,8.0,0.3,0.45,0.1,0.12146016593278257,0.03459075497484099,9.0
Ffos Las,2026-09-27,7,"Bridge, For All Family Occasions Handicap (Div 2)",1609.0,"3YO+, Class 6, Handicap, Class 6, Handicap","{'eventId': '3438552', 'overall': 'Soft', 'rating': None, 'surface': 'Turf', '__typename': 'TrackCondition'}",Turf,,13359.0,10.0,False,1.0,9.0,61.25,,-3.25,58.0,Kaleidoscope Eyes,4.0,Filly,b,No Nay Never,Fantasy In Blue,51850.0,Charlie Tucker,B J Llewellyn,False,0.37,21.0,S,tsn,5.0,19,4.715789473684209,1.1,6.5,0.983154513687413,23,6.5,4.6,4.0,1.0,1.0,5.0,3.0,1.0,5.0,0.2,0.6,0.4,3.68,13.3,16.8,56.4,58.0,4.0,0.0,4.0,0.0,0.0,-0.8333333333333335,12.0,38.0,8.0,58.0,44741.0,1721.0,6.0,28.0,2.0,7.5,,,,,,26,0.1153846153846153,0.3846153846153846,8,0.25,0.5,3,0.3333333333333333,0.6666666666666666,2,0.0,0.0,5,0.4,0.6,0,0.0,,12,0.1666666666666666,0.4166666666666667,1,0.0,0.0,3,0.0,0.0,3,0.0,0.0,3,0.0,0.3333333333333333,0,,,23,0.0869565217391304,0.3478260869565217,2,0.5,1.0,0,,,2,0.5,1.0,23,0.0869565217391304,0.3478260869565217,5.0,0.2,0.6,26,0.1153846153846153,0.3846153846153846,0,,,15,0.2,0.4,0.2,1.6094379124341003,-0.2923076923076924,1.145089285714286,0.21205357142857148,0.9,0.1,1335.9,1.1178512650295727,0.074,0.7,2.0,0.9,0.7,0.7,0.11856951903135629,0.18904848798378748,2.0
Ffos Las,2026-09-27,7,"Bridge, For All Family Occasions Handicap (Div 2)",1609.0,"3YO+, Class 6, Handicap, Class 6, Handicap","{'eventId': '3438552', 'overall': 'Soft', 'rating': None, 'surface': 'Turf', '__typename': 'TrackCondition'}",Turf,,13359.0,10.0,False,2.0,3.0,60.75,,-2.25,57.0,Naval Ensign,4.0,Filly,b,Golden Horde,Stylos Ecossais,15082.0,Ben Ffrench-davis,N S Evans,False,0.01,6.0,S,,91.0,19,68.8157894736842,18.5,130.0,27.9323480302318,17,41.0,51.0,26.0,9.0,0.0,5.0,4.8,1.0,8.0,0.2,0.2,0.2,7.65,32.276,39.4,59.6,59.0,0.0,3.0,4.0,1.0,1.0,-0.333333333333333,6.0,12.0,-62.0,57.0,15082.0,887.0,0.0,87.0,6.0,51.0,,,,,,17,0.0588235294117647,0.1176470588235294,9,0.1111111111111111,0.1111111111111111,0,0.0,,3,0.0,0.0,0,0.0,,0,0.0,,9,0.0,0.1111111111111111,8,0.125,0.125,3,0.0,0.0,2,0.0,0.0,1,0.0,0.0,1,0.0,0.0,3,0.0,0.0,4,0.0,0.25,1,0.0,0.0,5,0.0,0.2,4,0.0,0.0,1.0,0.0,0.0,17,0.0588235294117647,0.1176470588235294,0,,,10,0.1,0.2,0.01098901098901099,4.51085950651685,0.24390243902439024,1.6202676864244743,0.014531548757170174,0.3,0.2,1335.9,0.8800105703424297,0.0001098901098901099,0.15,9.0,0.2,0.15,0.1,0.11856951903135629,0.04278165895290619,7.0
Ffos Las,2026-09-27,7,"Bridge, For All Family Occasions Handicap (Div 2)",1609.0,"3YO+, Class 6, Handicap, Class 6, Handicap","{'eventId': '3438552', 'overall': 'Soft', 'rating': None, 'surface': 'Turf', '__typename': 'TrackCondition'}",Turf,,13359.0,10.0,False,3.0,2.0,60.25,,,56.0,Revich,10.0,Gelding,br,Requinto,Kathleen Rafferty,193136.0,Finley Marsh,A Wintle,False,0.43,6.0,S,dsn,19.0,19,18.894736842105264,12.0,27.0,3.768215225193421,32,13.0,16.0,8.0,5.0,0.0,5.0,3.8,3.0,6.0,0.0,0.6,0.0,4.880000000000001,6.666,26.2,58.6,57.0,1.0,1.0,5.0,0.0,0.0,-1.1666666666666663,9.0,35.0,-39.0,56.0,192721.0,2440.0,12.0,15.0,6.0,6.0,,,,,,79,0.0886075949367088,0.3544303797468354,14,0.0,0.3571428571428571,2,0.0,0.5,29,0.0689655172413793,0.2413793103448276,1,0.0,1.0,0,0.0,,29,0.0689655172413793,0.3793103448275862,11,0.0,0.3636363636363636,10,0.0,0.0,9,0.0,0.4444444444444444,9,0.2222222222222222,0.4444444444444444,0,,,43,0.0697674418604651,0.3255813953488372,25,0.16,0.4,0,,,25,0.16,0.4,43,0.0697674418604651,0.3255813953488372,2.0,0.0,0.5,79,0.0886075949367088,0.3544303797468354,0,,,12,0.0,0.3333333333333333,0.05263157894736842,2.9444389791664403,0.23076923076923078,0.7938718662952646,0.052924791086350974,0.2,0.3,1335.9,0.6421698756552867,0.02263157894736842,0.8,6.0,0.5,0.7,0.5,0.11856951903135629,0.04357660165478316,6.0
Ffos Las,2026-09-27,7,"Bridge, For All Family Occasions Handicap (Div 2)",1609.0,"3YO+, Class 6, Handicap, Class 6, Handicap","{'eventId': '3438552', 'overall': 'Soft', 'rating': None, 'surface': 'Turf', '__typename': 'TrackCondition'}",Turf,,13359.0,10.0,False,5.0,10.0,59.75,,-3.25,55.0,Desiderata,6.0,Gelding,b,Vadamos,Seven Even,36538.0,Zoe Lewis,T Faulkner,False,0.01,20.0,S,n,12.0,19,11.25263157894737,4.3,15.5,1.972540019219844,15,7.5,11.0,7.5,7.0,0.0,5.0,3.2,1.0,6.0,0.4,0.6,0.4,1.7,4.25,36.6,51.2,56.0,0.0,0.0,3.0,2.0,1.0,0.3333333333333335,13.0,39.0,228.0,55.0,36538.0,1589.0,12.0,32.0,5.0,6.0,,,,,,23,0.1304347826086956,0.391304347826087,12,0.1666666666666666,0.5833333333333334,1,0.0,0.0,2,0.0,0.0,0,0.0,,0,0.0,,3,0.3333333333333333,0.3333333333333333,10,0.1,0.5,4,0.0,0.0,3,0.0,0.0,3,0.0,0.0,0,,,12,0.1666666666666666,0.3333333333333333,1,0.0,0.0,0,,,1,0.0,0.0,12,0.1666666666666666,0.3333333333333333,5.0,0.4,0.8,23,0.1304347826086956,0.391304347826087,0,,,10,0.1,0.2,0.08333333333333333,2.4849066497880004,0.4666666666666667,0.9953227315247893,0.08886810102899906,1.0,0.5,1335.9,0.40432918096814374,0.0008333333333333333,0.15,5.0,0.6,0.7,0.85,0.11856951903135629,0.08114688297392318,5.0
Ffos Las,2026-09-27,7,"Bridge, For All Family Occasions Handicap (Div 2)",1609.0,"3YO+, Class 6, Handicap, Class 6, Handicap","{'eventId': '3438552', 'overall': 'Soft', 'rating': None, 'surface': 'Turf', '__typename': 'TrackCondition'}",Turf,,13359.0,10.0,False,6.0,8.0,59.5,,,50.0,King Of The Dance,7.0,Gelding,b,Havana Gold,Figurante,77237.0,David Probert,B J Llewellyn,False,0.76,10.0,S,tcdhn,7.5,19,7.578947368421052,6.0,11.0,1.0390172215625693,24,5.0,6.5,5.0,3.0,0.0,5.0,3.4,1.0,6.0,0.2,0.6,0.2,4.99,8.35,13.4,48.6,50.0,5.0,4.0,2.0,0.0,0.0,2.333333333333333,8.0,39.0,-28.0,50.0,75571.0,1542.0,14.0,6.0,1.0,10.0,,,,,,49,0.0816326530612244,0.3877551020408163,15,0.0666666666666666,0.4,4,0.25,0.5,20,0.1,0.45,10,0.1,0.5,6,0.1666666666666666,0.6666666666666666,23,0.0869565217391304,0.4782608695652174,12,0.0833333333333333,0.25,7,0.0,0.1428571428571428,6,0.1666666666666666,0.3333333333333333,6,0.0,0.6666666666666666,0,,,28,0.0714285714285714,0.4642857142857143,6,0.0,0.3333333333333333,3,0.3333333333333333,0.3333333333333333,9,0.1111111111111111,0.3333333333333333,28,0.0714285714285714,0.4642857142857143,7.0,0.1428571428571428,0.5714285714285714,49,0.0816326530612244,0.3877551020408163,0,,,29,0.1379310344827586,0.3793103448275862,0.13333333333333333,2.0149030205422647,0.3,0.6597222222222222,0.13194444444444445,0.8,0.6,1335.9,0.28540883362457226,0.10133333333333333,0.9,3.5,0.75,0.7,0.85,0.11856951903135629,0.103948752809496,3.0
Ffos Las,2026-09-27,7,"Bridge, For All Family Occasions Handicap (Div 2)",1609.0,"3YO+, Class 6, Handicap, Class 6, Handicap","{'eventId': '3438552', 'overall': 'Soft', 'rating': None, 'surface': 'Turf', '__typename': 'TrackCondition'}",Turf,,13359.0,10.0,False,7.0,1.0,58.5,,,56.0,Yoko,3.0,Filly,b,Saxon Warrior,Our Greta,5915.0,Jack Doughty,D Loughnane,False,0.12,6.0,S,,41.0,19,28.821052631578944,11.0,60.0,10.185416765230594,13,9.5,26.0,9.0,6.0,0.0,5.0,4.8,2.0,9.0,0.0,0.2,0.2,6.8,29.2,90.6,59.5,58.0,2.0,0.0,2.0,0.0,1.0,-2.833333333333333,0.0,14.0,-100.0,56.0,5915.0,845.0,0.0,28.0,4.0,21.0,,,,,,7,0.0,0.1428571428571428,3,0.0,0.0,1,0.0,0.0,0,0.0,,2,0.0,0.5,0,0.0,,6,0.0,0.1666666666666666,1,0.0,0.0,2,0.0,0.0,2,0.0,0.0,2,0.0,0.0,0,,,5,0.0,0.2,1,0.0,0.0,0,,,1,0.0,0.0,5,0.0,0.2,0.0,,0.8090909090909091,7,0.0,0.1428571428571428,0,,,2,0.0,0.0,0.024390243902439025,3.713572066704308,1.736842105263158,1.700146092037984,0.03469685902118335,0.1,0.7,1335.9,-0.1902725557497137,0.002926829268292683,0.4,7.0,0.4,0.15,0.25,0.11856951903135629,0.04080509847371903,9.0
Ffos Las,2026-09-27,7,"Bridge, For All Family Occasions Handicap (Div 2)",1609.0,"3YO+, Class 6, Handicap, Class 6, Handicap","{'eventId': '3438552', 'overall': 'Soft', 'rating': None, 'surface': 'Turf', '__typename': 'TrackCondition'}",Turf,,13359.0,10.0,False,8.0,4.0,57.5,,,50.0,Marisitta,6.0,Mare,b,Intello,Nessita,23922.0,William Carson,J G M O'Shea,False,0.06,5.0,S,n,61.0,19,42.82631578947368,9.0,110.0,21.22542770272097,18,7.5,41.0,7.5,8.0,0.0,5.0,2.8,1.0,5.0,0.2,0.6,0.6,3.1,11.1,17.0,48.2,50.0,0.0,0.0,4.0,1.0,0.0,-0.3333333333333335,4.0,14.0,-32.0,50.0,23922.0,854.0,9.0,27.0,2.0,10.0,,,,,,28,0.0357142857142857,0.1428571428571428,9,0.1111111111111111,0.3333333333333333,3,0.0,0.6666666666666666,7,0.0,0.1428571428571428,0,0.0,,0,0.0,,15,0.0666666666666666,0.2666666666666666,2,0.0,0.0,6,0.0,0.0,5,0.2,0.2,5,0.0,0.0,0,,,21,0.0476190476190476,0.0952380952380952,5,0.0,0.4,0,,,5,0.0,0.4,21,0.0476190476190476,0.0952380952380952,2.0,0.0,0.0,28,0.0357142857142857,0.1428571428571428,0,,,12,0.0833333333333333,0.3333333333333333,0.01639344262295082,4.110873864173311,4.466666666666667,2.358363033058867,0.023350129040186803,0.4,0.8,1335.9,-0.6659539451239996,0.0009836065573770492,0.3,8.0,0.3,0.7,0.25,0.11856951903135629,0.041306083560334474,8.0
Ffos Las,2026-09-27,7,"Bridge, For All Family Occasions Handicap (Div 2)",1609.0,"3YO+, Class 6, Handicap, Class 6, Handicap","{'eventId': '3438552', 'overall': 'Soft', 'rating': None, 'surface': 'Turf', '__typename': 'TrackCondition'}",Turf,,13359.0,10.0,False,9.0,7.0,56.75,,,48.0,Freedom Bay,4.0,Filly,b,Muhaarar,Dilgura,21891.0,Callum Hutchinson,Zoe Hawkins,False,0.35,12.0,S,dn,7.5,19,7.1157894736842096,6.4,9.6,0.8349365925466479,18,9.5,6.5,5.5,4.0,0.0,5.0,3.2,1.0,8.0,0.2,0.8,0.6,2.65,11.2,29.2,48.2,48.0,0.0,3.0,2.0,0.0,0.0,-3.0,6.0,29.0,100.0,48.0,21057.0,1239.0,20.0,15.0,2.0,5.5,,,,,,17,0.0588235294117647,0.2941176470588235,7,0.1428571428571428,0.5714285714285714,3,0.0,0.6666666666666666,5,0.2,0.6,0,0.0,,0,0.0,,8,0.125,0.5,3,0.0,0.0,3,0.0,0.0,3,0.3333333333333333,0.6666666666666666,3,0.0,0.3333333333333333,0,,,11,0.0909090909090909,0.3636363636363636,3,0.0,0.3333333333333333,0,,,3,0.0,0.3333333333333333,11,0.0909090909090909,0.3636363636363636,1.0,0.0,0.0,17,0.0588235294117647,0.2941176470588235,0,,,10,0.1,0.3,0.13333333333333333,2.0149030205422647,-0.3157894736842105,0.4497041420118343,0.14053254437869825,0.7,0.9,1335.9,-1.022714987154714,0.04666666666666666,0.6,3.5,0.75,1.0,0.4,0.11856951903135629,0.10295504815988177,4.0
Ffos Las,2026-09-27,7,"Bridge, For All Family Occasions Handicap (Div 2)",1609.0,"3YO+, Class 6, Handicap, Class 6, Handicap","{'eventId': '3438552', 'overall': 'Soft', 'rating': None, 'surface': 'Turf', '__typename': 'TrackCondition'}",Turf,,13359.0,10.0,False,10.0,5.0,54.5,,,47.0,Arvana Belle,3.0,Filly,b,Kodi Bear,Israfel,24806.0,Saffie Osborne,B R Millman,False,1.0,5.0,S,n,1.9,19,1.9252631578947368,1.58,2.63,0.2071198082232811,27,2.3,1.75,1.7,2.0,0.0,5.0,3.6,2.0,5.0,0.0,0.4,0.4,3.09,7.9,13.8,46.0,47.0,2.0,3.0,5.0,0.0,0.0,0.1666666666666665,7.0,40.0,-84.0,47.0,21470.0,1431.0,19.0,6.0,2.0,4.0,,,,,,15,0.0666666666666666,0.4,10,0.0,0.4,4,0.0,0.5,4,0.0,0.25,2,0.0,1.0,1,0.0,1.0,15,0.0666666666666666,0.4,0,0.0,,2,0.0,0.0,2,0.0,0.0,2,0.0,0.0,1,0.0,0.0,12,0.0833333333333333,0.3333333333333333,1,0.0,1.0,1,0.0,1.0,2,0.0,1.0,13,0.0769230769230769,0.3076923076923077,1.0,1.0,1.0,15,0.0666666666666666,0.4,0,,,9,0.0,0.3333333333333333,0.5263157894736842,0.6418538861723947,-0.23913043478260865,0.5453799890650628,0.519409513395298,0.5,1.0,1335.9,-2.0929981132468574,0.5263157894736842,1.0,1.0,1.0,0.35,1.0,0.11856951903135629,0.35443138543116876,1.0
Ffos Las,2026-09-27,8,Bridge Llangennech Open Daily Amateur Jockeys' Handicap,2012.0,"3YO+, Class 6, Handicap, Class 6, Handicap","{'eventId': '3438553', 'overall': 'Soft', 'rating': None, 'surface': 'Turf', '__typename': 'TrackCondition'}",Turf,,13074.0,6.0,False,1.0,5.0,72.0,,,51.0,Wellwhatshappenin,4.0,Gelding,b,Smooth Daddy,Bird Of Light,28451.0,Louise Chance,D Flood,False,1.0,20.0,S,n,3.25,19,2.9000000000000004,1.1,3.25,0.5228967896550705,22,2.1,3.1,2.1,1.0,1.0,5.0,7.8,2.0,13.0,0.0,0.2,0.2,5.279999999999999,13.3,57.8,55.6,52.0,1.0,0.0,2.0,2.0,2.0,8.0,7.0,29.0,7.0,51.0,21705.0,1550.0,14.0,6.0,2.0,5.0,,,,,,14,0.0714285714285714,0.2857142857142857,8,0.125,0.5,4,0.0,0.25,1,0.0,0.0,1,0.0,1.0,0,0.0,,8,0.0,0.125,5,0.2,0.6,6,0.1666666666666666,0.1666666666666666,4,0.0,0.25,3,0.0,0.3333333333333333,0,,,7,0.0,0.0,1,0.0,0.0,1,0.0,1.0,2,0.0,0.5,7,0.0,0.0,3.0,0.0,0.3333333333333333,14,0.0714285714285714,0.2857142857142857,0,,,2,0.0,0.5,0.3076923076923077,1.1786549963416462,0.47619047619047616,0.7413793103448275,0.3448275862068965,0.8333333333333334,0.16666666666666666,2179.0,1.3762047048927992,0.3076923076923077,1.0,2.0,0.8333333333333334,0.5833333333333334,0.8333333333333334,0.19830959270614443,0.3262497231544104,2.0
Ffos Las,2026-09-27,8,Bridge Llangennech Open Daily Amateur Jockeys' Handicap,2012.0,"3YO+, Class 6, Handicap, Class 6, Handicap","{'eventId': '3438553', 'overall': 'Soft', 'rating': None, 'surface': 'Turf', '__typename': 'TrackCondition'}",Turf,,13074.0,6.0,False,2.0,1.0,71.25,,,49.0,Georg Zhukov,4.0,Gelding,b,Smooth Daddy,Moulane Lady,31193.0,Amy Milburn,B J Llewellyn,False,0.33,3.0,S,n,4.2,19,3.8542105263157898,1.8,4.4,0.5137613186303301,28,2.8,3.7,2.8,2.0,0.0,5.0,6.6,4.0,10.0,0.0,0.0,0.0,14.699999999999998,35.7,25.8,53.5,49.0,1.0,0.0,1.0,0.0,0.0,0.1666666666666669,4.0,16.0,-82.0,49.0,27818.0,1113.0,0.0,6.0,4.0,4.5,,,,,,25,0.04,0.16,12,0.0833333333333333,0.25,2,0.0,0.0,1,0.0,0.0,1,0.0,0.0,0,0.0,,14,0.0,0.0714285714285714,7,0.0,0.2857142857142857,3,0.0,0.3333333333333333,3,0.0,0.0,3,0.0,0.0,0,,,11,0.0909090909090909,0.1818181818181818,6,0.0,0.0,1,0.0,0.0,7,0.0,0.0,11,0.0909090909090909,0.1818181818181818,3.0,0.3333333333333333,0.3333333333333333,25,0.04,0.16,0,,,1,0.0,0.0,0.23809523809523808,1.4350845252893227,0.32142857142857156,0.6745869179298103,0.2594565068960808,0.16666666666666666,0.3333333333333333,2179.0,0.5504818819571198,0.07857142857142857,0.6666666666666666,3.0,0.6666666666666666,0.16666666666666666,0.5,0.19830959270614443,0.1463002004281597,3.0
Ffos Las,2026-09-27,8,Bridge Llangennech Open Daily Amateur Jockeys' Handicap,2012.0,"3YO+, Class 6, Handicap, Class 6, Handicap","{'eventId': '3438553', 'overall': 'Soft', 'rating': None, 'surface': 'Turf', '__typename': 'TrackCondition'}",Turf,,13074.0,6.0,False,3.0,6.0,71.25,,-1.25,49.0,Someone's Wish,6.0,Gelding,b,Buratino,Crystal Mountain,68464.0,Jack Loughnane,P Morris,False,0.25,26.0,S,dsn,12.0,19,11.473684210526317,7.0,23.0,2.962367848309534,33,8.5,10.0,6.0,4.0,0.0,5.0,7.4,2.0,11.0,0.0,0.2,0.2,21.520000000000003,29.9,37.6,63.8,50.0,0.0,0.0,1.0,0.0,2.0,3.166666666666666,10.0,31.0,-41.0,49.0,67619.0,1734.0,0.0,32.0,9.0,5.5,,,,,,39,0.1025641025641025,0.3076923076923077,12,0.0833333333333333,0.3333333333333333,2,0.0,0.5,4,0.25,0.25,0,0.0,,0,0.0,,21,0.0476190476190476,0.1904761904761904,6,0.1666666666666666,0.6666666666666666,5,0.2,0.4,4,0.0,0.0,4,0.0,0.25,0,,,16,0.125,0.375,14,0.0714285714285714,0.1428571428571428,3,0.0,0.0,17,0.0588235294117647,0.1176470588235294,16,0.125,0.375,4.0,0.25,0.75,39,0.1025641025641025,0.3076923076923077,0,,,4,0.25,0.25,0.08333333333333333,2.4849066497880004,0.17647058823529413,1.3944954128440366,0.08715596330275228,1.0,0.5,2179.0,0.5504818819571198,0.020833333333333332,0.3333333333333333,6.0,0.16666666666666666,0.5833333333333334,1.0,0.19830959270614443,0.08580892186513066,4.0
Ffos Las,2026-09-27,8,Bridge Llangennech Open Daily Amateur Jockeys' Handicap,2012.0,"3YO+, Class 6, Handicap, Class 6, Handicap","{'eventId': '3438553', 'overall': 'Soft', 'rating': None, 'surface': 'Turf', '__typename': 'TrackCondition'}",Turf,,13074.0,6.0,False,4.0,3.0,70.25,,-1.25,47.0,Pride Eye,4.0,Filly,b,Expert Eye,Marsh Pride,16291.0,Harry Rimell,M G Rimell,False,0.32,9.0,S,n,2.9,19,55.51684210526315,2.7,1000.0,222.61746680543692,46,6.5,2.7,2.7,5.0,0.0,5.0,4.0,2.0,5.0,0.0,0.2,0.2,3.07,6.55,15.4,49.6,48.0,0.0,3.0,3.0,1.0,0.0,-0.8333333333333335,8.0,15.0,415.0,47.0,15870.0,1221.0,0.0,7.0,5.0,6.5,,,,,,13,0.0769230769230769,0.1538461538461538,13,0.0769230769230769,0.1538461538461538,4,0.0,0.25,4,0.0,0.25,0,0.0,,0,0.0,,2,0.0,0.0,10,0.1,0.2,2,0.0,0.0,2,0.0,0.0,2,0.0,0.0,0,,,3,0.0,0.0,0,,,0,,,0,0.0,,3,0.0,0.0,1.0,0.0,0.0,13,0.0769230769230769,0.1538461538461538,0,,,8,0.125,0.125,0.3448275862068966,1.0647107369924282,-0.5846153846153845,17.963918014447962,0.01801255190459036,0.5,0.6666666666666666,2179.0,-0.5504818819571198,0.11034482758620691,0.5,1.0,1.0,0.5833333333333334,0.3333333333333333,0.19830959270614443,0.3606857680774033,1.0
Ffos Las,2026-09-27,8,Bridge Llangennech Open Daily Amateur Jockeys' Handicap,2012.0,"3YO+, Class 6, Handicap, Class 6, Handicap","{'eventId': '3438553', 'overall': 'Soft', 'rating': None, 'surface': 'Turf', '__typename': 'TrackCondition'}",Turf,,13074.0,6.0,False,5.0,2.0,70.25,,,47.0,The Ormer Gatherer,7.0,Gelding,gr,Outstrip,Camp Fire,8153.0,James Hills,Faye Bramley,False,0.01,3.0,S,dn,8.0,19,7.131578947368421,6.0,11.0,1.1680179484827449,35,9.5,6.0,4.6,3.0,0.0,5.0,5.5,1.0,7.0,0.2,0.2,0.2,9.1375,78.4,295.0,45.75,47.0,0.0,2.0,3.0,0.0,3.0,-3.0,5.0,9.0,268.0,47.0,6466.0,294.0,0.0,15.0,7.0,51.0,,,,,,22,0.0454545454545454,0.0909090909090909,1,0.0,0.0,1,0.0,0.0,5,0.2,0.2,0,0.0,,0,0.0,,4,0.0,0.0,9,0.0,0.1111111111111111,5,0.2,0.2,3,0.0,0.0,2,0.0,0.0,1,0.0,0.0,7,0.1428571428571428,0.1428571428571428,2,0.0,0.0,0,,,2,0.0,0.0,8,0.125,0.125,0.0,,0.8090909090909091,22,0.0454545454545454,0.0909090909090909,0,,,3,0.0,0.0,0.125,2.0794415416798357,-0.3684210526315789,0.7011070110701106,0.14022140221402213,0.3333333333333333,0.8333333333333334,2179.0,-0.5504818819571198,0.00125,0.16666666666666666,4.0,0.5,0.5833333333333334,0.16666666666666666,0.19830959270614443,0.08095538647489589,5.0
Ffos Las,2026-09-27,2,"Bridge, The Home Of The Carvery Nursery",1006.0,"2YO, Class 5, Class 5","{'eventId': '3438547', 'overall': 'Soft', 'rating': None, 'surface': 'Turf', '__typename': 'TrackCondition'}",Turf,,15591.0,8.0,False,1.0,4.0,61.25,,,75.0,Rhodes Runner,2.0,Filly,b,Minzaal,Sunniyra,45660.0,Rhys Clutterbuck,R M Beckett,False,1.0,17.0,U,sn,3.25,19,2.994736842105264,1.1,3.25,0.4521570339821126,19,2.9,3.0,2.6,1.0,1.0,5.0,3.4,1.0,6.0,0.2,0.4,0.4,4.0600000000000005,8.7,15.6,74.0,71.0,1.0,1.0,1.0,0.0,0.0,3.166666666666667,13.0,50.0,-25.0,75.0,37365.0,4671.0,27.0,8.0,1.0,6.0,,,,,,8,0.125,0.5,8,0.125,0.5,4,0.25,0.5,2,0.0,0.5,1,0.0,0.0,0,0.0,,6,0.1666666666666666,0.3333333333333333,2,0.0,1.0,1,0.0,0.0,1,0.0,1.0,1,0.0,1.0,0,,,5,0.0,0.2,1,1.0,1.0,0,,,1,1.0,1.0,5,0.0,0.2,2.0,0.0,0.5,8,0.125,0.5,0,,,2,0.0,0.5,0.3076923076923077,1.1786549963416462,0.03448275862068969,0.7179261862917397,0.33391915641476266,0.5,0.125,1948.875,0.8913804456695549,0.3076923076923077,1.0,1.0,1.0,0.625,0.75,0.14463974670590113,0.2887254758231635,1.0
Ffos Las,2026-09-27,2,"Bridge, The Home Of The Carvery Nursery",1006.0,"2YO, Class 5, Class 5","{'eventId': '3438547', 'overall': 'Soft', 'rating': None, 'surface': 'Turf', '__typename': 'TrackCondition'}",Turf,,15591.0,8.0,False,2.0,5.0,60.25,,,73.0,Blondie Larry,2.0,Colt,b,Showcasing,Isle Of May,8750.0,William Carver,J A Osborne,False,0.39,18.0,U,b,8.0,19,59.71052631578947,6.2,1000.0,221.62884786278647,20,4.8,7.0,4.8,6.0,0.0,3.0,3.0,2.0,5.0,0.0,0.6666666666666666,0.6666666666666666,1.6,8.943333333333333,11.666666666666666,,79.0,0.0,3.0,0.0,1.0,1.0,3.0,0.0,67.0,-100.0,73.0,8750.0,2917.0,9.0,73.0,2.0,1.83,,,,,,3,0.0,0.6666666666666666,3,0.0,0.6666666666666666,0,0.0,,3,0.0,0.6666666666666666,0,0.0,,0,0.0,,3,0.0,0.6666666666666666,0,0.0,,1,0.0,0.0,1,0.0,1.0,1,0.0,1.0,0,,,3,0.0,0.6666666666666666,0,,,0,,,0,0.0,,3,0.0,0.6666666666666666,1.0,0.0,1.0,3,0.0,0.6666666666666666,0,,,0,,,0.125,2.0794415416798357,0.45833333333333337,16.643631555751433,0.016747465843984136,0.625,0.25,1948.875,0.5672421017897167,0.04875,0.75,5.0,0.5,1.0,1.0,0.14463974670590113,0.07391772214917244,5.0
Ffos Las,2026-09-27,2,"Bridge, The Home Of The Carvery Nursery",1006.0,"2YO, Class 5, Class 5","{'eventId': '3438547', 'overall': 'Soft', 'rating': None, 'surface': 'Turf', '__typename': 'TrackCondition'}",Turf,,15591.0,8.0,False,3.0,7.0,60.25,,,73.0,Knock Three Times,2.0,Filly,b,Supremacy,White Daffodil,27441.0,Saffie Osborne,J A Osborne,False,0.38,18.0,S,n,6.0,19,5.9605263157894735,5.5,10.0,1.020394524754805,33,5.5,5.5,4.4,5.0,0.0,5.0,3.2,1.0,5.0,0.2,0.4,0.4,3.24,5.566,25.2,73.5,74.0,0.0,2.0,3.0,0.0,0.0,-2.1666666666666665,17.0,50.0,-8.0,73.0,26956.0,4493.0,12.0,15.0,4.0,7.0,,,,,,6,0.1666666666666666,0.5,6,0.1666666666666666,0.5,2,0.0,0.0,2,0.0,0.0,0,0.0,,0,0.0,,5,0.2,0.6,1,0.0,0.0,1,0.0,1.0,1,0.0,1.0,1,0.0,0.0,0,,,5,0.2,0.6,0,,,0,,,0,0.0,,5,0.2,0.6,0.0,,0.8090909090909091,6,0.1666666666666666,0.5,0,,,3,0.3333333333333333,0.3333333333333333,0.16666666666666666,1.791759469228055,0.0,0.7549668874172186,0.16777041942604856,0.875,0.375,1948.875,0.5672421017897167,0.06333333333333332,0.625,3.5,0.6875,0.625,0.75,0.14463974670590113,0.1386701846596861,3.0
Ffos Las,2026-09-27,2,"Bridge, The Home Of The Carvery Nursery",1006.0,"2YO, Class 5, Class 5","{'eventId': '3438547', 'overall': 'Soft', 'rating': None, 'surface': 'Turf', '__typename': 'TrackCondition'}",Turf,,15591.0,8.0,False,4.0,6.0,60.25,,,73.0,Niewiadoma,2.0,Filly,b,Cotai Glory,Virginia Plane,10830.0,Gina Mangan,A Watson,False,0.03,4.0,U,dn,23.0,19,122.15789473684212,15.0,1000.0,301.10397979468723,31,11.0,18.0,11.0,8.0,0.0,5.0,14.6,4.0,25.0,0.0,0.0,0.0,13.55,63.0,30.0,77.33333333333333,75.0,0.0,3.0,0.0,0.0,0.0,6.0,17.0,17.0,17.0,73.0,10830.0,1805.0,22.0,12.0,4.0,6.0,,,,,,6,0.1666666666666666,0.1666666666666666,6,0.1666666666666666,0.1666666666666666,2,0.0,0.0,4,0.25,0.25,0,0.0,,0,0.0,,6,0.1666666666666666,0.1666666666666666,0,0.0,,1,1.0,1.0,1,0.0,0.0,1,0.0,0.0,0,,,5,0.2,0.2,1,0.0,0.0,0,,,1,0.0,0.0,5,0.2,0.2,0.0,,0.8090909090909091,6,0.1666666666666666,0.1666666666666666,0,,,0,,,0.043478260869565216,3.1354942159291497,0.6363636363636364,8.063334769495906,0.00818612666953899,0.75,0.5,1948.875,0.5672421017897167,0.0013043478260869564,0.25,7.0,0.25,0.125,0.125,0.14463974670590113,0.061080176676613106,8.0
Ffos Las,2026-09-27,2,"Bridge, The Home Of The Carvery Nursery",1006.0,"2YO, Class 5, Class 5","{'eventId': '3438547', 'overall': 'Soft', 'rating': None, 'surface': 'Turf', '__typename': 'TrackCondition'}",Turf,,15591.0,8.0,False,5.0,8.0,59.5,,,71.0,Perigord Noir,2.0,Gelding,b,Invincible Army,Sweet Dragon Fly,12287.0,Benoit D L Sayette,George Baker,False,0.33,4.0,S,,4.5,19,5.28,2.32,21.0,3.78704717633534,26,5.0,4.2,4.0,3.0,0.0,5.0,5.4,2.0,14.0,0.0,0.4,0.2,3.9300000000000006,27.5,26.2,69.66666666666667,71.0,0.0,3.0,2.0,0.0,0.0,4.833333333333333,0.0,50.0,-100.0,71.0,10342.0,1724.0,13.0,15.0,3.0,6.0,,,,,,6,0.0,0.5,6,0.0,0.5,2,0.0,1.0,3,0.0,0.6666666666666666,0,0.0,,0,0.0,,5,0.0,0.4,1,0.0,1.0,1,0.0,1.0,1,0.0,0.0,1,0.0,0.0,0,,,5,0.0,0.4,0,,,0,,,0,0.0,,5,0.0,0.4,0.0,,0.8090909090909091,6,0.0,0.5,0,,,2,0.0,1.0,0.2222222222222222,1.5040773967762742,-0.15999999999999998,3.5378787878787876,0.1893939393939394,1.0,0.625,1948.875,0.32413834387983814,0.07333333333333333,0.4375,2.0,0.875,0.625,0.75,0.14463974670590113,0.192271702766981,2.0
Ffos Las,2026-09-27,2,"Bridge, The Home Of The Carvery Nursery",1006.0,"2YO, Class 5, Class 5","{'eventId': '3438547', 'overall': 'Soft', 'rating': None, 'surface': 'Turf', '__typename': 'TrackCondition'}",Turf,,15591.0,8.0,False,6.0,1.0,58.0,,,68.0,Wolf's Gallop,2.0,Gelding,ch,Sergei Prokofiev,Sky Blue Pink,8646.0,K T O'Neill,T Lacey,False,0.44,6.0,S,,11.0,19,9.88421052631579,5.2,11.5,1.5728830912806473,17,6.5,7.5,4.2,2.0,0.0,5.0,5.0,3.0,8.0,0.0,0.4,0.0,3.58,13.95,17.8,70.0,70.0,0.0,5.0,2.0,1.0,1.0,-1.666666666666667,0.0,40.0,-100.0,68.0,4754.0,951.0,0.0,44.0,8.0,6.5,,,,,,5,0.0,0.4,5,0.0,0.4,1,0.0,0.0,5,0.0,0.4,0,0.0,,0,0.0,,4,0.0,0.5,1,0.0,0.0,1,0.0,0.0,1,0.0,1.0,1,0.0,1.0,0,,,4,0.0,0.5,0,,,0,,,0,0.0,,4,0.0,0.5,1.0,0.0,0.0,5,0.0,0.4,0,,,2,0.0,0.0,0.09090909090909091,2.3978952727983707,0.15384615384615385,0.6373801916932906,0.10117145899893502,0.125,0.75,1948.875,-0.16206917193991907,0.04,0.875,6.0,0.375,0.625,0.4375,0.14463974670590113,0.07372300005498382,6.0
Ffos Las,2026-09-27,2,"Bridge, The Home Of The Carvery Nursery",1006.0,"2YO, Class 5, Class 5","{'eventId': '3438547', 'overall': 'Soft', 'rating': None, 'surface': 'Turf', '__typename': 'TrackCondition'}",Turf,,15591.0,8.0,False,7.0,2.0,56.75,,,65.0,Naval Cop,2.0,Filly,b,Naval Crown,Fair Cop,14408.0,Callum Hutchinson,A M Balding,False,0.33,7.0,U,dn,6.0,19,58.15526315789473,5.3,1000.0,221.99504077837844,25,5.0,5.5,3.9,7.0,0.0,5.0,3.8,1.0,6.0,0.2,0.4,0.2,6.17,8.266,18.2,62.5,65.0,0.0,4.0,0.0,0.0,1.0,3.0,20.0,40.0,140.0,65.0,14408.0,2882.0,16.0,15.0,3.0,9.0,,,,,,5,0.2,0.4,5,0.2,0.4,2,0.5,1.0,4,0.25,0.5,0,0.0,,0,0.0,,5,0.2,0.4,0,0.0,,1,0.0,0.0,1,0.0,0.0,1,0.0,0.0,0,,,4,0.25,0.25,1,0.0,1.0,0,,,1,0.0,1.0,4,0.25,0.25,0.0,,0.8090909090909091,5,0.2,0.4,0,,,0,,,0.16666666666666666,1.791759469228055,0.1,17.104212860310422,0.01719534820580117,0.25,0.875,1948.875,-0.5672421017897167,0.055,0.4375,3.5,0.6875,0.625,0.4375,0.14463974670590113,0.10533421887947567,4.0
Ffos Las,2026-09-27,2,"Bridge, The Home Of The Carvery Nursery",1006.0,"2YO, Class 5, Class 5","{'eventId': '3438547', 'overall': 'Soft', 'rating': None, 'surface': 'Turf', '__typename': 'TrackCondition'}",Turf,,15591.0,8.0,False,8.0,3.0,51.75,,,53.0,Defiant Dream,2.0,Filly,b,Dream Ahead,Incorrigible,5244.0,Tyler Heard,M D I Usher,False,0.01,1.0,S,o,29.0,19,69.08947368421053,8.2,880.0,191.3099218675972,29,41.0,21.0,21.0,4.0,0.0,5.0,6.6,2.0,11.0,0.0,0.2,0.2,9.03,47.8,21.0,57.5,56.0,1.0,2.0,0.0,0.0,1.0,-2.333333333333333,0.0,20.0,-100.0,53.0,4271.0,854.0,9.0,9.0,11.0,67.0,,,,,,5,0.0,0.2,5,0.0,0.2,2,0.0,0.0,2,0.0,0.5,1,0.0,1.0,1,0.0,1.0,3,0.0,0.3333333333333333,2,0.0,0.0,1,0.0,0.0,1,0.0,1.0,1,0.0,0.0,0,,,2,0.0,0.0,1,0.0,1.0,0,,,1,0.0,1.0,2,0.0,0.0,0.0,,0.8090909090909091,5,0.0,0.2,0,,,0,,,0.034482758620689655,3.367295829986474,-0.4878048780487805,12.61842005027805,0.014473984916584139,0.375,1.0,1948.875,-2.1879338211889072,0.0003448275862068966,0.125,8.0,0.125,0.25,0.25,0.14463974670590113,0.06627751898992441,7.0
Ffos Las,2026-09-27,5,Celebrate In Style At The Bridge Novice Stakes (Gbb Race),1481.0,"2YO, Class 3, Class 3, Novice","{'eventId': '3438550', 'overall': 'Soft', 'rating': None, 'surface': 'Turf', '__typename': 'TrackCondition'}",Turf,,22271.0,6.0,False,1.0,1.0,60.25,,,81.0,Fourth Crusade,2.0,Colt,b,St Mark's Basilica,Balakera,0.0,Jack Gilligan,Sir Mark Prescott,False,0.16,2.0,S,,81.0,19,154.49473684210523,23.0,1000.0,290.29725867350487,22,29.0,34.0,18.0,5.0,0.0,2.0,9.0,9.0,9.0,0.0,0.0,0.0,17.775,19.0,0.0,,79.0,0.0,0.0,1.0,0.0,1.0,0.1666666666666667,0.0,0.0,-100.0,79.0,0.0,0.0,17.0,17.0,9.0,19.0,,,,,,2,0.0,0.0,2,0.0,0.0,2,0.0,0.0,0,0.0,,0,0.0,,0,0.0,,1,0.0,0.0,0,0.0,,1,0.0,0.0,1,0.0,0.0,0,,,0,,,0,,,2,0.0,0.0,0,,,2,0.0,0.0,0,0.0,,0.0,,0.8090909090909091,2,0.0,0.0,0,,,1,0.0,0.0,0.012345679012345678,4.394449154672439,0.1724137931034483,6.323840021802822,0.006472712407167679,0.16666666666666666,0.16666666666666666,3711.8333333333335,0.4082482900194186,0.0019753086419753087,0.4,5.0,0.2,0.2,0.25,0.2181914037306194,0.03734363609330275,5.0
Ffos Las,2026-09-27,5,Celebrate In Style At The Bridge Novice Stakes (Gbb Race),1481.0,"2YO, Class 3, Class 3, Novice","{'eventId': '3438550', 'overall': 'Soft', 'rating': None, 'surface': 'Turf', '__typename': 'TrackCondition'}",Turf,,22271.0,6.0,False,2.0,5.0,60.25,,,77.0,Ghost Raider,2.0,Colt,b,Invincible Spirit,Lustown Baba,21402.0,Rhys Clutterbuck,R M Beckett,False,1.0,6.0,U,,4.4,19,3.9226315789473687,1.1,4.4,0.6826869676834877,18,2.9,4.0,2.8,1.0,1.0,2.0,3.0,2.0,4.0,0.0,0.5,0.5,2.525,8.0,15.5,,79.0,0.0,0.0,1.0,0.0,1.0,0.1666666666666667,0.0,50.0,-100.0,77.0,9177.0,4589.0,27.0,21.0,4.0,9.5,,,,,,2,0.0,0.5,2,0.0,0.5,2,0.0,0.5,0,0.0,,0,0.0,,0,0.0,,1,0.0,0.0,1,0.0,1.0,1,0.0,1.0,1,0.0,0.0,0,,,0,,,1,0.0,0.0,0,,,0,,,0,0.0,,1,0.0,0.0,0.0,,0.8090909090909091,2,0.0,0.5,0,,,1,0.0,1.0,0.22727272727272727,1.4816045409242156,0.37931034482758624,0.8412719710183819,0.25493090030860055,0.8333333333333334,0.3333333333333333,3711.8333333333335,0.4082482900194186,0.22727272727272727,1.0,2.0,0.8,0.8,0.8333333333333334,0.2181914037306194,0.34948885033670174,2.0
Ffos Las,2026-09-27,5,Celebrate In Style At The Bridge Novice Stakes (Gbb Race),1481.0,"2YO, Class 3, Class 3, Novice","{'eventId': '3438550', 'overall': 'Soft', 'rating': None, 'surface': 'Turf', '__typename': 'TrackCondition'}",Turf,,22271.0,6.0,False,3.0,3.0,60.25,,,81.0,Naval Empire,2.0,Colt,b,Naval Crown,Preobrajenska,2871.0,Jack Doughty,S C Williams,False,0.01,6.0,,,16.0,19,116.9,8.7,1000.0,302.9079658732561,30,11.0,12.0,9.5,3.0,0.0,,4.6,2.0,,0.0,0.4,0.2,,12.2,25.8,,79.0,1.0,1.0,,0.0,,0.1666666666666667,0.0,0.0,0.0,79.0,0.0,0.0,14.0,21.0,5.0,10.0,,,,,,0,0.08,0.375,0,0.0,,0,0.0,,0,0.0,,0,0.0,,0,0.0,,0,0.0,,0,0.0,,0,0.0,,0,,,0,,,0,,,0,,,0,,,0,,,0,0.0,,0,0.0,,0.0,,0.8090909090909091,0,,,0,,,0,,,0.0625,2.772588722239781,0.09090909090909091,8.47989734816082,0.00855431993156544,0.5,0.5,3711.8333333333335,0.4082482900194186,0.000625,0.2,3.0,0.6,0.5416666666666666,0.25,0.2181914037306194,0.073194127837643,3.0
Ffos Las,2026-09-27,5,Celebrate In Style At The Bridge Novice Stakes (Gbb Race),1481.0,"2YO, Class 3, Class 3, Novice","{'eventId': '3438550', 'overall': 'Soft', 'rating': None, 'surface': 'Turf', '__typename': 'TrackCondition'}",Turf,,22271.0,6.0,False,5.0,2.0,60.25,,,81.0,Silent Force,2.0,Colt,ch,No Nay Never,October Queen,15127.0,Callum Hutchinson,A M Balding,False,0.61,1.0,U,,1.3,19,1.2705263157894735,1.2,1.5,0.0709687614162238,27,1.5,1.24,1.18,2.0,0.0,1.0,3.0,3.0,3.0,0.0,1.0,0.0,2.0,9.5,0.0,,79.0,0.0,0.0,0.0,0.0,1.0,0.1666666666666667,0.0,100.0,-100.0,79.0,9388.0,9388.0,16.0,43.0,3.0,9.5,,,,,,1,0.0,1.0,1,0.0,1.0,1,0.0,1.0,0,0.0,,0,0.0,,0,0.0,,1,0.0,1.0,0,0.0,,1,0.0,1.0,0,,,0,,,0,,,1,0.0,1.0,0,,,0,,,0,0.0,,1,0.0,1.0,0.0,,0.8090909090909091,1,0.0,1.0,0,,,0,,,0.7692307692307692,0.26236426446749106,-0.17333333333333334,0.2361226180613091,0.7870753935376968,0.3333333333333333,0.8333333333333334,3711.8333333333335,0.4082482900194186,0.4692307692307692,0.8,1.0,1.0,1.0,1.0,0.2181914037306194,0.48821459606022916,1.0
Ffos Las,2026-09-27,5,Celebrate In Style At The Bridge Novice Stakes (Gbb Race),1481.0,"2YO, Class 3, Class 3, Novice","{'eventId': '3438550', 'overall': 'Soft', 'rating': None, 'surface': 'Turf', '__typename': 'TrackCondition'}",Turf,,22271.0,6.0,False,6.0,4.0,58.0,,,65.0,Time Glory,2.0,Filly,ch,Cotai Glory,Sea True,15310.0,David Probert,B J Llewellyn,False,0.37,2.0,S,,51.0,19,133.56315789473686,16.9,1000.0,297.344440020459,20,13.0,26.0,12.0,4.0,0.0,5.0,4.8,2.0,9.0,0.0,0.4,0.2,7.68,11.1,19.2,71.33333333333333,69.0,0.0,0.0,1.0,0.0,1.0,-1.166666666666667,0.0,40.0,-100.0,65.0,13874.0,2775.0,14.0,28.0,2.0,17.0,,,,,,5,0.0,0.4,5,0.0,0.4,2,0.0,0.5,0,0.0,,0,0.0,,0,0.0,,5,0.0,0.4,0,0.0,,1,0.0,0.0,1,0.0,1.0,1,0.0,0.0,0,,,5,0.0,0.4,0,,,0,,,0,0.0,,5,0.0,0.4,0.0,,0.8090909090909091,5,0.0,0.4,0,,,1,0.0,1.0,0.0196078431372549,3.9318256327243257,1.0,7.360562714268825,0.007487094613232453,0.6666666666666666,1.0,3711.8333333333335,-2.041241450097093,0.0072549019607843135,0.6,4.0,0.4,0.5,0.5833333333333334,0.2181914037306194,0.0517587896721234,4.0
Curragh,2026-09-27,4,Celebrating County Kildare And Lexington Twinning Maiden,1207.0,"3YO+, Maiden","{'eventId': '3438557', 'overall': 'Soft', 'rating': None, 'surface': 'Turf', '__typename': 'TrackCondition'}",Turf,,32446.0,14.0,False,1.0,14.0,61.75,,,81.0,Upper West Side,5.0,Gelding,b,Raven's Pass,Sindjara,0.0,James Ryan,E Lynam,False,0.01,6.0,S,o,401.0,19,277.1578947368421,126.0,1000.0,189.9720930081144,8,201.0,126.0,101.0,11.0,0.0,1.0,18.0,18.0,18.0,0.0,0.0,0.0,37.7,81.0,0.0,,79.0,0.0,0.0,1.0,0.0,1.0,0.1666666666666667,0.0,0.0,-100.0,79.0,0.0,0.0,9.0,0.0,18.0,201.0,,,,,,1,0.0,0.0,1,0.0,0.0,1,0.0,0.0,0,0.0,,0,0.0,,0,0.0,,1,0.0,0.0,0,0.0,,1,0.0,0.0,0,,,0,,,0,,,1,0.0,0.0,0,,,0,,,0,0.0,,1,0.0,0.0,0.0,,0.8090909090909091,1,0.0,0.0,0,,,2,0.0,0.0,0.0024937655860349127,5.993961427306569,-0.373134328358209,3.1534371439422713,0.003608051652107862,1.0,0.07142857142857142,2317.5714285714284,1.8919355767109458,2.4937655860349125e-05,0.07142857142857142,13.0,0.14285714285714285,0.38461538461538464,0.39285714285714285,0.10971089220665932,0.041928758866187646,8.0
Curragh,2026-09-27,4,Celebrating County Kildare And Lexington Twinning Maiden,1207.0,"3YO+, Maiden","{'eventId': '3438557', 'overall': 'Soft', 'rating': None, 'surface': 'Turf', '__typename': 'TrackCondition'}",Turf,,32446.0,14.0,False,2.0,1.0,60.75,,,81.0,A Good Yarn,3.0,Gelding,b,Calyx,Music To My Ears,3903.0,Wayne Lordan,A A Howard,False,0.45,1.0,S,,4.8,19,4.578947368421052,3.9,7.2,0.6955338331234437,46,5.0,3.9,2.6,3.0,0.0,1.0,6.0,6.0,6.0,0.0,0.0,0.0,4.4,34.0,0.0,,79.0,1.0,1.0,1.0,0.0,1.0,0.1666666666666667,0.0,0.0,-100.0,79.0,658.0,658.0,20.0,0.0,6.0,4.5,,,,,,1,0.0,0.0,1,0.0,0.0,0,0.0,,1,0.0,0.0,1,0.0,0.0,1,0.0,0.0,1,0.0,0.0,0,0.0,,1,0.0,0.0,0,,,0,,,0,,,0,,,1,0.0,0.0,0,,,1,0.0,0.0,0,0.0,,0.0,,0.8090909090909091,1,0.0,0.0,0,,,2,0.0,0.5,0.20833333333333334,1.5686159179138452,-0.22000000000000003,0.7206896551724139,0.21839080459770116,0.07142857142857142,0.14285714285714285,2317.5714285714284,1.0706302100767375,0.09375,0.9285714285714286,3.0,0.8571428571428571,0.38461538461538464,0.39285714285714285,0.10971089220665932,0.16002351289820033,2.0
Curragh,2026-09-27,4,Celebrating County Kildare And Lexington Twinning Maiden,1207.0,"3YO+, Maiden","{'eventId': '3438557', 'overall': 'Soft', 'rating': None, 'surface': 'Turf', '__typename': 'TrackCondition'}",Turf,,32446.0,14.0,False,3.0,7.0,60.75,,,74.0,Port Arthur,3.0,Gelding,br,Australia,Vestavia,15616.0,Robbie Colgan,M C Grassick,False,0.3,6.0,S,o,41.0,19,31.36842105263158,6.4,90.0,16.283832881001906,29,15.0,21.0,11.0,2.0,0.0,5.0,5.2,3.0,11.0,0.0,0.4,0.0,7.970000000000001,15.1,72.4,77.5,76.0,1.0,3.0,4.0,0.0,2.0,-4.666666666666666,0.0,40.0,-100.0,74.0,9127.0,1825.0,3.0,0.0,11.0,26.0,,,,,,5,0.0,0.4,4,0.0,0.25,3,0.0,0.3333333333333333,3,0.0,0.6666666666666666,1,0.0,0.0,1,0.0,0.0,5,0.0,0.4,0,0.0,,2,0.0,1.0,2,0.0,0.0,1,0.0,0.0,0,,,3,0.0,0.3333333333333333,2,0.0,0.5,0,,,2,0.0,0.5,3,0.0,0.3333333333333333,0.0,,0.8090909090909091,5,0.0,0.4,0,,,5,0.0,0.4,0.024390243902439025,3.713572066704308,0.4,2.6651006711409395,0.031879194630872486,0.5,0.21428571428571427,2317.5714285714284,1.0706302100767375,0.007317073170731707,0.7142857142857143,8.0,0.5,0.7692307692307693,0.7857142857142857,0.10971089220665932,0.053730368657516805,5.0
Curragh,2026-09-27,4,Celebrating County Kildare And Lexington Twinning Maiden,1207.0,"3YO+, Maiden","{'eventId': '3438557', 'overall': 'Soft', 'rating': None, 'surface': 'Turf', '__typename': 'TrackCondition'}",Turf,,32446.0,14.0,False,4.0,3.0,60.75,,-3.25,81.0,Spider Star,3.0,Gelding,baybrown,Starman,Leala,973.0,Adam Browne-souza,D H Kelly,False,0.09,6.0,S,o,401.0,19,233.8684210526316,50.0,1000.0,205.6346301283741,22,151.0,126.0,81.0,5.0,0.0,1.0,14.0,14.0,14.0,0.0,0.0,0.0,18.15,81.0,0.0,,79.0,0.0,1.0,1.0,0.0,1.0,0.1666666666666667,0.0,0.0,-100.0,79.0,0.0,0.0,0.0,0.0,14.0,151.0,,,,,,1,0.0,0.0,1,0.0,0.0,1,0.0,0.0,1,0.0,0.0,0,0.0,,0,0.0,,1,0.0,0.0,0,0.0,,1,0.0,0.0,0,,,0,,,0,,,0,,,1,0.0,0.0,0,,,1,0.0,0.0,0,0.0,,0.0,,0.8090909090909091,1,0.0,0.0,0,,,2,0.0,0.0,0.0024937655860349127,5.993961427306569,-0.16556291390728478,4.062113199054799,0.004275908630583999,0.21428571428571427,0.2857142857142857,2317.5714285714284,1.0706302100767375,0.00022443890274314213,0.2857142857142857,13.0,0.14285714285714285,0.38461538461538464,0.39285714285714285,0.10971089220665932,0.036210546831993595,11.0
Curragh,2026-09-27,4,Celebrating County Kildare And Lexington Twinning Maiden,1207.0,"3YO+, Maiden","{'eventId': '3438557', 'overall': 'Soft', 'rating': None, 'surface': 'Turf', '__typename': 'TrackCondition'}",Turf,,32446.0,14.0,False,5.0,11.0,60.75,,,81.0,Valentino Eclipse,3.0,Colt,b,Gleneagles,Emirate Jewel,26402.0,Seamie Heffernan,J A Stack,False,0.23,9.0,S,,1.4,19,1.2199999999999998,1.08,1.42,0.105431444425675,26,2.25,1.08,1.08,1.0,1.0,2.0,3.0,2.0,4.0,0.0,0.5,0.5,1.2999999999999998,4.375,24.0,,79.0,1.0,0.0,2.0,0.0,1.0,0.1666666666666667,0.0,50.0,-100.0,79.0,6934.0,3467.0,13.0,0.0,4.0,1.4,,,,,,2,0.0,0.5,2,0.0,0.5,0,0.0,,0,0.0,,1,0.0,0.0,0,0.0,,2,0.0,0.5,0,0.0,,1,0.0,1.0,1,0.0,0.0,0,,,0,,,2,0.0,0.5,0,,,0,,,0,0.0,,2,0.0,0.5,0.0,,0.8090909090909091,2,0.0,0.5,0,,,3,0.3333333333333333,0.6666666666666666,0.7142857142857143,0.3364722366212129,-0.52,0.27868852459016386,0.8196721311475411,0.7857142857142857,0.35714285714285715,2317.5714285714284,1.0706302100767375,0.16428571428571428,0.6428571428571429,1.0,1.0,0.9230769230769231,0.9285714285714286,0.10971089220665932,0.35760377389653425,1.0
Curragh,2026-09-27,4,Celebrating County Kildare And Lexington Twinning Maiden,1207.0,"3YO+, Maiden","{'eventId': '3438557', 'overall': 'Soft', 'rating': None, 'surface': 'Turf', '__typename': 'TrackCondition'}",Turf,,32446.0,14.0,False,7.0,2.0,58.5,,,57.0,Caislean Ni Cuan,3.0,Filly,b,Mehmas,Caislean,3767.0,N G McCullagh,T Mullins,False,0.22,6.0,S,o,46.0,19,32.72105263157895,5.0,65.0,11.558436378833674,34,51.0,21.0,13.0,4.0,0.0,5.0,8.8,4.0,16.0,0.0,0.0,0.0,6.65,34.3,20.8,64.5,63.0,3.0,2.0,3.0,0.0,2.0,-8.666666666666668,0.0,0.0,-100.0,57.0,2146.0,429.0,6.0,0.0,16.0,21.0,,,,,,5,0.0,0.0,5,0.0,0.0,2,0.0,0.0,2,0.0,0.0,3,0.0,0.0,2,0.0,0.0,5,0.0,0.0,0,0.0,,2,0.0,0.0,1,0.0,0.0,1,0.0,0.0,0,,,5,0.0,0.0,0,,,0,,,0,0.0,,5,0.0,0.0,0.0,,0.8090909090909091,5,0.0,0.0,0,,,4,0.0,0.0,0.021739130434782608,3.828641396489095,-0.5882352941176471,1.8336818401158115,0.03056136400193019,0.14285714285714285,0.5,2317.5714285714284,-0.7773068648502311,0.004782608695652174,0.5714285714285714,9.0,0.42857142857142855,0.38461538461538464,0.39285714285714285,0.10971089220665932,0.04304805683566211,7.0
Curragh,2026-09-27,4,Celebrating County Kildare And Lexington Twinning Maiden,1207.0,"3YO+, Maiden","{'eventId': '3438557', 'overall': 'Soft', 'rating': None, 'surface': 'Turf', '__typename': 'TrackCondition'}",Turf,,32446.0,14.0,False,8.0,10.0,58.5,,,81.0,Gaineamh Min,3.0,Filly,b,Profitable,A Step Too Far,0.0,Wesley Joyce,S Byrne,False,0.08,6.0,S,,351.0,19,239.57894736842104,101.0,1000.0,196.9849889523976,23,61.0,101.0,34.0,10.0,0.0,2.0,9.5,7.0,12.0,0.0,0.0,0.0,9.725,59.0,21.0,,79.0,0.0,1.0,2.0,0.0,1.0,0.1666666666666667,0.0,0.0,-100.0,79.0,0.0,0.0,0.0,0.0,7.0,126.0,,,,,,2,0.0,0.0,2,0.0,0.0,1,0.0,0.0,1,0.0,0.0,0,0.0,,0,0.0,,2,0.0,0.0,0,0.0,,1,0.0,0.0,1,0.0,0.0,0,,,0,,,2,0.0,0.0,0,,,0,,,0,0.0,,2,0.0,0.0,0.0,,0.8090909090909091,2,0.0,0.0,0,,,3,0.0,0.0,0.002849002849002849,5.860786223465865,0.6557377049180327,3.7524165202108963,0.0041739894551845345,0.7142857142857143,0.5714285714285714,2317.5714285714284,-0.7773068648502311,0.00022792022792022794,0.21428571428571427,11.0,0.2857142857142857,0.38461538461538464,0.39285714285714285,0.10971089220665932,0.040018553353430866,9.0
Curragh,2026-09-27,4,Celebrating County Kildare And Lexington Twinning Maiden,1207.0,"3YO+, Maiden","{'eventId': '3438557', 'overall': 'Soft', 'rating': None, 'surface': 'Turf', '__typename': 'TrackCondition'}",Turf,,32446.0,14.0,False,11.0,6.0,58.5,,-3.25,73.0,Saga Lucia,3.0,Filly,ch,Cotai Glory,Saga's Legacy,2676.0,Reese Holohan,M O'Callaghan,False,0.39,2.0,S,,20.0,19,18.694736842105264,15.0,27.0,2.776873229146034,33,17.0,15.0,11.0,7.0,0.0,4.0,6.5,5.0,9.0,0.0,0.0,0.0,31.425,15.375,82.25,75.0,75.0,1.0,0.0,3.0,0.0,2.0,-2.0,0.0,0.0,-100.0,73.0,2676.0,669.0,25.0,0.0,9.0,19.0,,,,,,4,0.0,0.0,3,0.0,0.0,1,0.0,0.0,0,0.0,,1,0.0,0.0,0,0.0,,2,0.0,0.0,2,0.0,0.0,2,0.0,0.0,2,0.0,0.0,0,,,0,,,2,0.0,0.0,0,,,0,,,0,0.0,,2,0.0,0.0,0.0,,0.8090909090909091,4,0.0,0.0,0,,,4,0.0,0.0,0.05,2.995732273553991,-0.11764705882352941,0.6418918918918919,0.053490990990990986,0.42857142857142855,0.7857142857142857,2317.5714285714284,-0.7773068648502311,0.019500000000000003,0.8214285714285714,6.0,0.6428571428571429,0.38461538461538464,0.39285714285714285,0.10971089220665932,0.0767449354057369,4.0
Curragh,2026-09-27,4,Celebrating County Kildare And Lexington Twinning Maiden,1207.0,"3YO+, Maiden","{'eventId': '3438557', 'overall': 'Soft', 'rating': None, 'surface': 'Turf', '__typename': 'TrackCondition'}",Turf,,32446.0,14.0,False,12.0,13.0,58.5,,,81.0,The Hidden Garden,3.0,Filly,ch,Australia,Iveagh Gardens,0.0,Declan McDonogh,E & P Harty,False,0.14,6.0,,,31.0,19,27.894736842105264,11.0,46.0,7.144337005386671,33,51.0,23.0,16.0,9.0,0.0,,4.6,2.0,,0.0,0.4,0.2,,12.2,25.8,,79.0,1.0,1.0,,0.0,,0.1666666666666667,0.0,0.0,0.0,79.0,0.0,0.0,7.0,21.0,5.0,10.0,,,,,,0,0.08,0.375,0,0.0,,0,0.0,,0,0.0,,0,0.0,,0,0.0,,0,0.0,,0,0.0,,0,0.0,,0,,,0,,,0,,,0,,,0,,,0,,,0,0.0,,0,0.0,,0.0,,0.8090909090909091,0,,,0,,,1,0.0,0.0,0.03225806451612903,3.4339872044851463,-0.5490196078431373,1.2547169811320755,0.035849056603773584,0.9285714285714286,0.8571428571428571,2317.5714285714284,-0.7773068648502311,0.004516129032258065,0.42857142857142855,7.0,0.5714285714285714,0.5416666666666666,0.39285714285714285,0.10971089220665932,0.052134096690226915,6.0
Curragh,2026-09-27,4,Celebrating County Kildare And Lexington Twinning Maiden,1207.0,"3YO+, Maiden","{'eventId': '3438557', 'overall': 'Soft', 'rating': None, 'surface': 'Turf', '__typename': 'TrackCondition'}",Turf,,32446.0,14.0,False,13.0,12.0,58.5,,,81.0,Tourin,3.0,Filly,b,Mehmas,Tecla,2613.0,Gavin Ryan,J A Stack,False,0.12,6.0,S,,12.0,19,11.284210526315787,9.0,17.0,1.9315287531123435,29,13.0,9.0,6.0,8.0,0.0,2.0,4.5,3.0,6.0,0.0,0.5,0.0,6.325,8.0,36.5,,79.0,0.0,0.0,2.0,0.0,2.0,0.1666666666666667,0.0,50.0,-100.0,79.0,2613.0,1307.0,7.0,0.0,6.0,10.0,,,,,,2,0.0,0.5,2,0.0,0.5,1,0.0,0.0,0,0.0,,0,0.0,,0,0.0,,2,0.0,0.5,0,0.0,,2,0.0,0.5,0,,,0,,,0,,,0,,,2,0.0,0.5,0,,,2,0.0,0.5,0,0.0,,0.0,,0.8090909090909091,2,0.0,0.5,0,,,3,0.0,0.3333333333333333,0.08333333333333333,2.4849066497880004,-0.3076923076923077,0.7089552238805972,0.08861940298507465,0.8571428571428571,0.9285714285714286,2317.5714285714284,-0.7773068648502311,0.009999999999999998,0.35714285714285715,5.0,0.7142857142857143,0.9230769230769231,0.9285714285714286,0.10971089220665932,0.10040982347879442,3.0
Curragh,2026-09-27,4,Celebrating County Kildare And Lexington Twinning Maiden,1207.0,"3YO+, Maiden","{'eventId': '3438557', 'overall': 'Soft', 'rating': None, 'surface': 'Turf', '__typename': 'TrackCondition'}",Turf,,32446.0,14.0,False,14.0,4.0,58.5,,,81.0,Tribal Belle,3.0,Filly,b,Sioux Nation,Falabelle,651.0,Chris Hayes,Gerard O'Leary,False,0.07,6.0,S,o,101.0,19,88.0,20.0,240.0,40.6435079298294,29,51.0,61.0,21.0,6.0,0.0,1.0,10.0,10.0,10.0,0.0,0.0,0.0,16.7,26.0,0.0,,79.0,0.0,0.0,1.0,0.0,1.0,0.1666666666666667,0.0,0.0,-100.0,79.0,0.0,0.0,0.0,0.0,10.0,67.0,,,,,,1,0.0,0.0,1,0.0,0.0,1,0.0,0.0,0,0.0,,0,0.0,,0,0.0,,1,0.0,0.0,0,0.0,,1,0.0,0.0,0,,,0,,,0,,,0,,,1,0.0,0.0,0,,,1,0.0,0.0,0,0.0,,0.0,,0.8090909090909091,1,0.0,0.0,0,,,2,0.0,0.0,0.009900990099009901,4.61512051684126,0.19607843137254902,2.5,0.011363636363636364,0.2857142857142857,1.0,2317.5714285714284,-0.7773068648502311,0.0006930693069306931,0.14285714285714285,10.0,0.35714285714285715,0.38461538461538464,0.39285714285714285,0.10971089220665932,0.038147573085716195,10.0
Curragh,2026-09-27,5,Darley Fillies Stakes (Group 3),1408.0,"2YO, Fillies, Class 1, Class 1","{'eventId': '3438558', 'overall': 'Soft', 'rating': None, 'surface': 'Turf', '__typename': 'TrackCondition'}",Turf,,113564.0,8.0,False,1.0,6.0,58.0,,,90.0,Alpine Wedding,2.0,Filly,ch,Sioux Nation,Wedding Dress,52906.0,Billy Lee,P Twomey,False,1.0,8.0,U,dn,5.0,19,4.310526315789474,2.5,5.6,0.6471758378500798,50,7.0,4.2,2.75,2.0,0.0,5.0,3.6,1.0,5.0,0.2,0.4,0.2,3.81,8.666,19.4,89.5,89.0,1.0,5.0,1.0,0.0,1.0,1.833333333333333,20.0,40.0,-13.0,90.0,30194.0,6039.0,27.0,0.0,1.0,4.5,,,,,,5,0.2,0.4,5,0.2,0.4,3,0.3333333333333333,0.3333333333333333,5,0.2,0.4,1,0.0,1.0,1,0.0,1.0,5,0.2,0.4,0,0.0,,1,0.0,0.0,1,0.0,1.0,1,0.0,0.0,0,,,3,0.3333333333333333,0.6666666666666666,2,0.0,0.0,0,,,2,0.0,0.0,3,0.3333333333333333,0.6666666666666666,0.0,,0.8090909090909091,5,0.2,0.4,0,,,2,0.0,0.5,0.2,1.6094379124341003,-0.39999999999999997,0.7191697191697191,0.23199023199023197,0.75,0.125,14195.5,0.0,0.2,0.9375,3.0,0.75,0.4375,0.375,0.14131558818557197,0.09994896604168971,4.0
Curragh,2026-09-27,5,Darley Fillies Stakes (Group 3),1408.0,"2YO, Fillies, Class 1, Class 1","{'eventId': '3438558', 'overall': 'Soft', 'rating': None, 'surface': 'Turf', '__typename': 'TrackCondition'}",Turf,,113564.0,8.0,False,2.0,8.0,58.0,,,81.0,Curracloe,2.0,Filly,b,Baaeed,Sassy Little Lila,89541.0,Ben Coen,J P Murtagh,False,0.29,6.0,U,dsn,2.62,19,2.3947368421052637,1.71,2.62,0.1794543900726407,33,2.8,2.4,2.0,1.0,1.0,1.0,1.0,1.0,1.0,1.0,1.0,1.0,0.0,23.0,0.0,,79.0,0.0,1.0,0.0,0.0,1.0,0.1666666666666667,100.0,100.0,2200.0,79.0,21404.0,21404.0,13.0,0.0,1.0,2.63,,,,,,1,1.0,1.0,1,1.0,1.0,1,1.0,1.0,1,1.0,1.0,0,0.0,,0,0.0,,1,1.0,1.0,0,0.0,,1,1.0,1.0,0,,,0,,,0,,,0,,,1,1.0,1.0,0,,,1,1.0,1.0,0,0.0,,0.0,,0.8090909090909091,1,1.0,1.0,0,,,1,1.0,1.0,0.38167938931297707,0.9631743177730056,-0.14285714285714282,0.37999999999999995,0.4175824175824175,1.0,0.25,14195.5,0.0,0.11068702290076335,0.375,1.5,0.9375,0.9375,0.9375,0.14131558818557197,0.3295820601491944,1.0
Curragh,2026-09-27,5,Darley Fillies Stakes (Group 3),1408.0,"2YO, Fillies, Class 1, Class 1","{'eventId': '3438558', 'overall': 'Soft', 'rating': None, 'surface': 'Turf', '__typename': 'TrackCondition'}",Turf,,113564.0,8.0,False,3.0,5.0,58.0,,,95.0,Damsel In Distress,2.0,Filly,b,Minzaal,Shenoya,52669.0,Colin Keane,Daniel McLoughlin,False,0.69,16.0,S,n,2.62,19,3.132631578947368,2.5,8.6,1.4290255866931922,50,4.5,2.5,2.45,3.0,0.0,4.0,3.25,1.0,5.0,0.25,0.5,0.25,4.5125,19.125,22.5,95.0,95.0,1.0,1.0,2.0,0.0,1.0,-0.5,25.0,50.0,200.0,95.0,41313.0,10328.0,0.0,0.0,3.0,2.63,,,,,,4,0.25,0.5,4,0.25,0.5,2,0.0,0.5,1,0.0,0.0,1,0.0,1.0,0,0.0,,4,0.25,0.5,0,0.0,,1,0.0,0.0,1,1.0,1.0,1,0.0,0.0,0,,,3,0.3333333333333333,0.6666666666666666,1,0.0,0.0,0,,,1,0.0,0.0,3,0.3333333333333333,0.6666666666666666,0.0,,0.8090909090909091,4,0.25,0.5,0,,,3,0.0,0.6666666666666666,0.38167938931297707,0.9631743177730056,-0.4444444444444444,1.947244623655914,0.3192204301075269,0.625,0.375,14195.5,0.0,0.26335877862595414,0.75,1.5,0.9375,0.6875,0.625,0.14131558818557197,0.2039917202990643,3.0
Curragh,2026-09-27,5,Darley Fillies Stakes (Group 3),1408.0,"2YO, Fillies, Class 1, Class 1","{'eventId': '3438558', 'overall': 'Soft', 'rating': None, 'surface': 'Turf', '__typename': 'TrackCondition'}",Turf,,113564.0,8.0,False,4.0,3.0,58.0,,,81.0,Film Set,2.0,Filly,b,Siyouni,History,11705.0,R L Moore,A P O'Brien,False,1.0,5.0,U,,13.0,19,64.94210526315788,10.0,1000.0,220.4227763467514,49,7.0,10.0,6.5,5.0,0.0,2.0,3.5,2.0,5.0,0.0,0.5,0.5,8.5,10.0,22.5,,79.0,0.0,0.0,0.0,0.0,1.0,0.1666666666666667,0.0,50.0,-100.0,79.0,8297.0,4149.0,27.0,0.0,2.0,12.0,,,,,,2,0.0,0.5,2,0.0,0.5,1,0.0,1.0,0,0.0,,0,0.0,,0,0.0,,2,0.0,0.5,0,0.0,,1,0.0,0.0,1,0.0,1.0,0,,,0,,,2,0.0,0.5,0,,,0,,,0,0.0,,2,0.0,0.5,0.0,,0.8090909090909091,2,0.0,0.5,0,,,1,0.0,0.0,0.07692307692307693,2.5649493574615367,0.42857142857142855,15.244347191830784,0.01539833049679877,0.375,0.5,14195.5,0.0,0.07692307692307693,0.9375,4.0,0.625,0.6875,0.625,0.14131558818557197,0.04359355531320011,5.0
Curragh,2026-09-27,5,Darley Fillies Stakes (Group 3),1408.0,"2YO, Fillies, Class 1, Class 1","{'eventId': '3438558', 'overall': 'Soft', 'rating': None, 'surface': 'Turf', '__typename': 'TrackCondition'}",Turf,,113564.0,8.0,False,5.0,2.0,58.0,,,79.0,Fine Line,2.0,Filly,ch,Sioux Nation,Shelter,104647.0,Robbie Colgan,D Hogan,False,0.38,6.0,U,(D/A),151.0,19,150.7578947368421,51.8,1000.0,202.9905113566421,40,51.0,91.0,35.0,7.0,0.0,5.0,5.4,2.0,10.0,0.0,0.2,0.2,6.11,126.65,13.0,62.25,61.0,1.0,2.0,0.0,1.0,0.0,4.0,0.0,14.0,-100.0,79.0,104647.0,14950.0,0.0,0.0,2.0,101.0,,,,,,7,0.0,0.1428571428571428,7,0.0,0.1428571428571428,4,0.0,0.25,3,0.0,0.0,1,0.0,1.0,0,0.0,,7,0.0,0.1428571428571428,0,0.0,,1,0.0,0.0,1,0.0,0.0,1,0.0,0.0,0,,,5,0.0,0.0,2,0.0,0.5,0,,,2,0.0,0.5,5,0.0,0.0,1.0,0.0,0.0,7,0.0,0.1428571428571428,0,,,1,0.0,0.0,0.006622516556291391,5.017279836814924,0.7843137254901961,6.289554531490015,0.0066331517944421175,0.25,0.625,14195.5,0.0,0.0025165562913907285,0.625,8.0,0.125,0.1875,0.125,0.14131558818557197,0.029716338009184055,8.0
Curragh,2026-09-27,5,Darley Fillies Stakes (Group 3),1408.0,"2YO, Fillies, Class 1, Class 1","{'eventId': '3438558', 'overall': 'Soft', 'rating': None, 'surface': 'Turf', '__typename': 'TrackCondition'}",Turf,,113564.0,8.0,False,6.0,7.0,58.0,,,85.0,Lady Patrona,2.0,Filly,ch,Cotai Glory,Presiding Officer,47719.0,Keithen Kennedy,J Harrington,False,0.01,18.0,S,sn,61.0,19,97.8157894736842,31.5,1000.0,212.92945523949305,38,51.0,41.0,26.0,4.0,0.0,5.0,3.8,1.0,7.0,0.2,0.4,0.2,3.71,24.85,27.4,81.0,83.0,1.0,1.0,1.0,1.0,0.0,-2.0,17.0,50.0,-67.0,85.0,42039.0,7007.0,9.0,0.0,7.0,41.0,,,,,,6,0.1666666666666666,0.5,6,0.1666666666666666,0.5,3,0.3333333333333333,0.6666666666666666,1,0.0,0.0,1,0.0,0.0,0,0.0,,6,0.1666666666666666,0.5,0,0.0,,1,0.0,1.0,1,0.0,0.0,1,0.0,0.0,0,,,5,0.0,0.4,1,1.0,1.0,0,,,1,1.0,1.0,5,0.0,0.4,1.0,1.0,1.0,6,0.1666666666666666,0.5,0,,,2,0.0,0.0,0.01639344262295082,4.110873864173311,-0.19607843137254902,9.901264460586495,0.01022329835889158,0.875,0.75,14195.5,0.0,0.0001639344262295082,0.1875,7.0,0.25,0.4375,0.625,0.14131558818557197,0.03210126006662314,7.0
Curragh,2026-09-27,5,Darley Fillies Stakes (Group 3),1408.0,"2YO, Fillies, Class 1, Class 1","{'eventId': '3438558', 'overall': 'Soft', 'rating': None, 'surface': 'Turf', '__typename': 'TrackCondition'}",Turf,,113564.0,8.0,False,7.0,1.0,58.0,,,92.0,Tosca No Candis,2.0,Filly,b,Blue Point,Honeymead,34190.0,D W O'connor,Robson Aguiar,False,0.01,2.0,S,n,51.0,19,92.05263157894736,28.0,1000.0,214.2515672568632,34,21.0,34.0,19.0,6.0,0.0,5.0,4.6,1.0,7.0,0.2,0.2,0.2,4.63,38.366,14.2,92.0,92.0,1.0,2.0,3.0,0.0,1.0,1.0,20.0,20.0,-13.0,92.0,31919.0,6384.0,14.0,0.0,7.0,41.0,,,,,,5,0.2,0.2,5,0.2,0.2,2,0.5,0.5,2,0.0,0.0,1,0.0,0.0,0,0.0,,4,0.0,0.0,0,0.0,,1,0.0,0.0,1,0.0,0.0,1,0.0,0.0,0,,,5,0.2,0.2,0,,,0,,,0,0.0,,5,0.2,0.2,0.0,,0.8090909090909091,5,0.2,0.2,0,,,4,0.0,0.0,0.0196078431372549,3.9318256327243257,0.6190476190476191,10.55917667238422,0.010863350485991997,0.125,0.875,14195.5,0.0,0.000196078431372549,0.1875,6.0,0.375,0.1875,0.25,0.14131558818557197,0.03551056767991759,6.0
Curragh,2026-09-27,5,Darley Fillies Stakes (Group 3),1408.0,"2YO, Fillies, Class 1, Class 1","{'eventId': '3438558', 'overall': 'Soft', 'rating': None, 'surface': 'Turf', '__typename': 'TrackCondition'}",Turf,,113564.0,8.0,False,8.0,4.0,58.0,,,81.0,Value Pending,2.0,Filly,b,Harry Angel,Everkyllachy,24266.0,J M Sheridan,J P O'Brien,False,0.33,2.0,U,n,21.0,19,69.19473684210527,9.0,1000.0,219.44287225340787,50,3.6,16.0,3.6,8.0,0.0,1.0,1.0,1.0,1.0,1.0,1.0,1.0,0.0,13.0,0.0,,79.0,0.0,0.0,0.0,0.0,1.0,0.1666666666666667,100.0,100.0,1200.0,79.0,24266.0,24266.0,18.0,0.0,1.0,21.0,,,,,,1,1.0,1.0,1,1.0,1.0,1,1.0,1.0,0,0.0,,0,0.0,,0,0.0,,0,0.0,,1,1.0,1.0,1,1.0,1.0,0,,,0,,,0,,,0,,,0,,,0,,,0,0.0,,0,0.0,,0.0,,0.8090909090909091,1,1.0,1.0,0,,,1,0.0,0.0,0.047619047619047616,3.044522437723423,3.4444444444444446,14.321898531984482,0.014451966228036814,0.5,1.0,14195.5,0.0,0.015714285714285715,0.5,5.0,0.5,0.9375,0.9375,0.14131558818557197,0.22555553244112675,2.0
Curragh,2026-09-27,6,Friends Of The Curragh Irish Cesarewitch (0-110) (Premier Handicap),3374.0,"3YO+, Handicap","{'eventId': '3438559', 'overall': 'Soft', 'rating': None, 'surface': 'Turf', '__typename': 'TrackCondition'}",Turf,,782758.0,33.0,False,1.0,21.0,64.5,,-2.25,109.0,Chally Chute,8.0,Gelding,ch,Fast Company,Edith Somerville,910777.0,Sam Coen,R O'Sullivan,False,0.23,4.0,D,tdshn,21.0,15,83.53333333333333,14.0,1000.0,244.94975448491928,29,29.0,16.0,11.0,1.0,1.0,5.0,2.2,1.0,5.0,0.4,0.8,0.8,2.2,41.476,121.0,107.4,112.0,2.0,1.0,1.0,1.0,3.0,-2.166666666666667,25.0,46.0,519.0,109.0,464644.0,19360.0,0.0,88.0,5.0,6.0,,,,,,24,0.25,0.4583333333333333,4,0.25,0.75,0,0.0,,4,0.25,0.5,8,0.25,0.375,3,0.0,0.3333333333333333,20,0.25,0.5,2,0.5,0.5,8,0.25,0.625,6,0.3333333333333333,0.6666666666666666,4,0.25,0.25,0,,,6,0.0,0.0,12,0.25,0.6666666666666666,4,0.5,0.5,16,0.3125,0.625,6,0.0,0.0,6.0,0.5,0.5,24,0.25,0.4583333333333333,0,,,11,0.2727272727272727,0.6363636363636364,0.047619047619047616,3.044522437723423,-0.4482758620689655,11.80367118914605,0.011971268954509178,0.6363636363636364,0.030303030303030304,23719.939393939392,2.2125648778370106,0.010952380952380953,0.3939393939393939,8.5,0.7727272727272727,0.9545454545454546,0.3333333333333333,0.04073238077492656,0.0346006847759605,12.0
Curragh,2026-09-27,6,Friends Of The Curragh Irish Cesarewitch (0-110) (Premier Handicap),3374.0,"3YO+, Handicap","{'eventId': '3438559', 'overall': 'Soft', 'rating': None, 'surface': 'Turf', '__typename': 'TrackCondition'}",Turf,,782758.0,33.0,False,2.0,8.0,63.5,,,107.0,Absurde,8.0,Gelding,b,Fastnet Rock,Incroyable,1736320.0,Daniel King,W P Mullins,False,0.25,8.0,D,dshon,71.0,15,110.2,17.0,1000.0,238.28727760135803,4,8.5,31.0,8.5,25.0,0.0,5.0,8.8,2.0,20.0,0.0,0.2,0.2,16.753999999999998,20.966,51.8,135.4,151.0,0.0,1.0,0.0,1.0,2.0,7.166666666666666,21.0,64.0,-88.0,107.0,1783622.0,54049.0,15.0,148.0,7.0,41.0,-3.98,-0.01,-0.51,-1.01,-1.81,33,0.2121212121212121,0.6363636363636364,5,0.0,0.2,0,0.0,,4,0.25,0.75,2,0.0,0.5,0,0.0,,28,0.25,0.5714285714285714,4,0.0,1.0,11,0.0909090909090909,0.4545454545454545,9,0.2222222222222222,0.7777777777777778,6,0.3333333333333333,0.5,0,,,16,0.3125,0.75,10,0.1,0.3,2,0.5,0.5,12,0.1666666666666666,0.3333333333333333,16,0.3125,0.75,11.0,0.3636363636363636,0.8181818181818182,29,0.2413793103448276,0.7241379310344828,4,0.0,0.0,2,0.5,1.0,0.014084507042253521,4.2626798770413155,2.6470588235294117,8.920145190562613,0.009074410163339383,0.24242424242424243,0.06060606060606061,23719.939393939392,1.8818077273562794,0.0035211267605633804,0.4696969696969697,26.0,0.24242424242424243,0.22727272727272727,0.8181818181818182,0.04073238077492656,0.036363690063691126,11.0
Curragh,2026-09-27,6,Friends Of The Curragh Irish Cesarewitch (0-110) (Premier Handicap),3374.0,"3YO+, Handicap","{'eventId': '3438559', 'overall': 'Soft', 'rating': None, 'surface': 'Turf', '__typename': 'TrackCondition'}",Turf,,782758.0,33.0,False,3.0,33.0,63.5,,-2.25,107.0,Tennessee Stud,4.0,Colt,b,Wootton Bassett,In My Dreams,937665.0,Hugh Horgan,J P O'Brien,False,0.3,5.0,D,shon,61.0,15,103.83333333333331,12.5,1000.0,239.96427974920675,3,20.0,23.0,20.0,11.0,0.0,5.0,7.2,3.0,10.0,0.0,0.2,0.0,10.5,16.375,68.8,110.0,107.0,2.0,0.0,0.0,1.0,2.0,1.166666666666667,20.0,60.0,-72.0,107.0,937665.0,62511.0,11.0,14.0,7.0,41.0,,,,,,15,0.2,0.6,6,0.1666666666666666,0.3333333333333333,1,0.0,0.0,0,0.0,,4,0.0,0.25,0,0.0,,14,0.2142857142857142,0.5714285714285714,0,0.0,,5,0.0,0.6,5,0.4,0.6,3,0.0,0.6666666666666666,0,,,10,0.1,0.5,4,0.25,0.75,1,1.0,1.0,5,0.4,0.8,10,0.1,0.5,2.0,0.5,0.5,15,0.2,0.6,0,,,0,,,0.01639344262295082,4.110873864173311,0.15,9.510433386837883,0.009630818619582666,1.0,0.09090909090909091,23719.939393939392,1.8818077273562794,0.004918032786885246,0.5454545454545454,24.0,0.30303030303030304,0.22727272727272727,0.696969696969697,0.04073238077492656,0.03261531985869907,14.0
Curragh,2026-09-27,6,Friends Of The Curragh Irish Cesarewitch (0-110) (Premier Handicap),3374.0,"3YO+, Handicap","{'eventId': '3438559', 'overall': 'Soft', 'rating': None, 'surface': 'Turf', '__typename': 'TrackCondition'}",Turf,,782758.0,33.0,False,4.0,4.0,62.5,,,105.0,Leinster,5.0,Gelding,b,Camelot,Black Envy,183576.0,Seamie Heffernan,J P O'Brien,False,0.24,2.0,D,tsn,26.0,15,75.06666666666666,10.0,790.0,191.1182763514666,3,20.0,23.0,20.0,15.0,0.0,5.0,4.2,3.0,5.0,0.0,0.2,0.0,6.75,26.4,72.8,104.8,104.0,2.0,0.0,0.0,1.0,2.0,0.333333333333333,23.0,38.0,13.0,105.0,183576.0,14121.0,15.0,14.0,5.0,101.0,,,,,,13,0.2307692307692307,0.3846153846153846,5,0.0,0.2,2,0.0,0.5,0,0.0,,6,0.3333333333333333,0.5,0,0.0,,13,0.2307692307692307,0.3846153846153846,0,0.0,,6,0.5,0.6666666666666666,5,0.0,0.2,2,0.0,0.0,0,,,8,0.25,0.5,4,0.25,0.25,1,0.0,0.0,5,0.2,0.2,8,0.25,0.5,4.0,0.5,0.75,13,0.2307692307692307,0.3846153846153846,0,,,2,0.5,1.0,0.038461538461538464,3.258096538021482,0.15,10.390763765541742,0.013321492007104797,0.12121212121212122,0.12121212121212122,23719.939393939392,1.5510505768755485,0.009230769230769232,0.42424242424242425,10.5,0.7121212121212122,0.22727272727272727,0.24242424242424243,0.04073238077492656,0.03866186067014461,7.0
Curragh,2026-09-27,6,Friends Of The Curragh Irish Cesarewitch (0-110) (Premier Handicap),3374.0,"3YO+, Handicap","{'eventId': '3438559', 'overall': 'Soft', 'rating': None, 'surface': 'Turf', '__typename': 'TrackCondition'}",Turf,,782758.0,33.0,False,5.0,1.0,62.25,,,104.0,A Piece Of Heaven,8.0,Gelding,b,Jukebox Jury,Activa,449852.0,Luke McAteer,J P O'Brien,False,0.11,4.0,D,n,31.0,15,88.13333333333334,10.0,1000.0,243.7596812892202,11,16.0,19.0,15.0,27.0,0.0,5.0,4.6,1.0,12.0,0.2,0.6,0.6,17.97,9.7,68.8,103.25,105.0,1.0,0.0,0.0,0.0,1.0,1.833333333333333,25.0,56.0,8.0,104.0,449852.0,28116.0,0.0,99.0,6.0,6.0,,,,,,16,0.25,0.5625,5,0.2,0.6,0,0.0,,1,0.0,1.0,3,0.0,1.0,1,0.0,1.0,13,0.2307692307692307,0.5384615384615384,1,0.0,1.0,7,0.2857142857142857,0.5714285714285714,5,0.0,0.4,2,0.5,1.0,0,,,11,0.3636363636363636,0.6363636363636364,4,0.0,0.25,0,,,4,0.0,0.25,11,0.3636363636363636,0.6363636363636364,4.0,0.5,0.75,16,0.25,0.5625,0,,,4,0.5,0.75,0.03225806451612903,3.4339872044851463,0.1875,11.232980332829046,0.0113464447806354,0.030303030303030304,0.15151515151515152,23719.939393939392,1.4683612892553657,0.0035483870967741933,0.18181818181818182,13.0,0.6363636363636364,0.7727272727272727,0.6060606060606061,0.04073238077492656,0.024319617165933803,29.0
Curragh,2026-09-27,6,Friends Of The Curragh Irish Cesarewitch (0-110) (Premier Handicap),3374.0,"3YO+, Handicap","{'eventId': '3438559', 'overall': 'Soft', 'rating': None, 'surface': 'Turf', '__typename': 'TrackCondition'}",Turf,,782758.0,33.0,False,6.0,18.0,61.75,,,103.0,The Reverend,5.0,Gelding,b,Lope De Vega,Burning Rules,332228.0,Billy Lee,W P Mullins,False,0.35,11.0,S,dshn,6.25,15,5.796666666666667,5.0,10.5,1.4055208603535163,35,6.5,5.0,4.4,18.0,0.0,5.0,2.4,1.0,5.0,0.6,0.6,0.6,1.63,5.086,131.4,97.5,103.0,0.0,1.0,1.0,4.0,4.0,-0.1666666666666665,45.0,64.0,63.0,103.0,332228.0,30203.0,6.0,15.0,4.0,15.0,,,,,,11,0.4545454545454545,0.6363636363636364,2,0.5,0.5,1,0.0,0.0,1,1.0,1.0,0,0.0,,0,0.0,,10,0.5,0.6,0,0.0,,6,0.5,0.6666666666666666,2,0.5,1.0,1,1.0,1.0,0,,,3,0.3333333333333333,0.3333333333333333,6,0.5,0.6666666666666666,2,0.5,1.0,8,0.5,0.75,3,0.3333333333333333,0.3333333333333333,8.0,0.375,0.625,11,0.4545454545454545,0.6363636363636364,0,,,1,0.0,0.0,0.16,1.8325814637483102,-0.23076923076923078,0.948821161587119,0.17251293847038526,0.5454545454545454,0.18181818181818182,23719.939393939392,1.3029827140150003,0.055999999999999994,0.696969696969697,1.0,1.0,0.7727272727272727,0.8181818181818182,0.04073238077492656,0.05633964711315083,1.0
Curragh,2026-09-27,6,Friends Of The Curragh Irish Cesarewitch (0-110) (Premier Handicap),3374.0,"3YO+, Handicap","{'eventId': '3438559', 'overall': 'Soft', 'rating': None, 'surface': 'Turf', '__typename': 'TrackCondition'}",Turf,,782758.0,33.0,False,8.0,28.0,60.75,,-3.25,101.0,Holy See,5.0,Gelding,b,Night Of Thunder,Lady Of The Lamp,124012.0,Jamie Orr,W Durkan,False,0.14,6.0,D,son,101.0,15,81.33333333333333,32.0,101.0,19.723646270966796,38,46.0,71.0,31.0,29.0,0.0,5.0,5.4,1.0,11.0,0.2,0.6,0.4,10.9,19.9,51.4,102.8,100.0,1.0,1.0,3.0,0.0,1.0,-1.0,19.0,50.0,63.0,101.0,124012.0,7751.0,14.0,15.0,10.0,5.5,,,,,,16,0.1875,0.5,7,0.2857142857142857,0.5714285714285714,1,0.0,0.0,2,0.0,1.0,1,0.0,0.0,0,0.0,,15,0.2,0.4666666666666667,0,0.0,,4,0.5,0.5,4,0.25,0.75,4,0.0,0.5,0,,,3,0.3333333333333333,1.0,9,0.2222222222222222,0.3333333333333333,4,0.0,0.5,13,0.1538461538461538,0.3846153846153846,3,0.3333333333333333,1.0,1.0,0.0,0.0,16,0.1875,0.5,0,,,3,0.3333333333333333,0.6666666666666666,0.009900990099009901,4.61512051684126,0.5434782608695652,0.8483606557377049,0.012295081967213116,0.8484848484848485,0.24242424242424243,23719.939393939392,0.9722255635342693,0.0013861386138613863,0.3181818181818182,32.0,0.06060606060606061,0.7727272727272727,0.5,0.04073238077492656,0.028707279372520447,22.0
Curragh,2026-09-27,6,Friends Of The Curragh Irish Cesarewitch (0-110) (Premier Handicap),3374.0,"3YO+, Handicap","{'eventId': '3438559', 'overall': 'Soft', 'rating': None, 'surface': 'Turf', '__typename': 'TrackCondition'}",Turf,,782758.0,33.0,False,9.0,32.0,59.5,,-3.25,98.0,Comfort Zone,7.0,Gelding,b,Churchill,Iveagh Gardens,518143.0,Julian Pietropaolo,J P O'Brien,False,0.12,6.0,S,dsn,34.0,15,26.60666666666667,4.1,100.0,21.421312336601183,46,31.0,13.0,11.0,9.0,0.0,5.0,9.6,1.0,14.0,0.2,0.2,0.2,12.74,26.2,61.0,101.4,97.0,1.0,1.0,3.0,1.0,1.0,-2.333333333333334,19.0,47.0,8.0,98.0,518143.0,16192.0,9.0,15.0,9.0,41.0,,,,,,32,0.1875,0.46875,7,0.1428571428571428,0.2857142857142857,2,0.0,0.0,5,0.4,0.4,4,0.0,0.0,2,0.0,0.0,23,0.2608695652173913,0.5217391304347826,0,0.0,,8,0.0,0.375,5,0.4,0.6,5,0.0,0.6,0,,,10,0.1,0.3,20,0.25,0.55,2,0.0,0.5,22,0.2272727272727272,0.5454545454545454,10,0.1,0.3,6.0,0.6666666666666666,0.6666666666666666,32,0.1875,0.46875,0,,,13,0.1538461538461538,0.3846153846153846,0.029411764705882353,3.5263605246161616,-0.5806451612903226,3.6043598095715357,0.037584565271861686,0.9696969696969697,0.2727272727272727,23719.939393939392,0.5587791254333555,0.003529411764705882,0.22727272727272727,18.0,0.48484848484848486,0.22727272727272727,0.3787878787878788,0.04073238077492656,0.032688033914846926,13.0
Curragh,2026-09-27,6,Friends Of The Curragh Irish Cesarewitch (0-110) (Premier Handicap),3374.0,"3YO+, Handicap","{'eventId': '3438559', 'overall': 'Soft', 'rating': None, 'surface': 'Turf', '__typename': 'TrackCondition'}",Turf,,782758.0,33.0,False,10.0,5.0,59.0,,,97.0,Valiancy,4.0,Gelding,b,Cracksman,Dromana,188412.0,James Doyle,W J Haggas,False,0.49,2.0,D,n,12.0,15,76.83333333333333,10.0,1000.0,246.727627602225,25,10.0,10.0,9.5,28.0,0.0,5.0,3.8,1.0,9.0,0.4,0.6,0.6,5.16,3.266,78.2,90.0,97.0,0.0,0.0,0.0,3.0,1.0,-6.166666666666667,33.0,67.0,-7.0,97.0,188412.0,20935.0,23.0,58.0,9.0,4.0,,,,,,9,0.3333333333333333,0.6666666666666666,3,0.3333333333333333,0.3333333333333333,0,0.0,,0,0.0,,0,0.0,,0,0.0,,9,0.3333333333333333,0.6666666666666666,0,0.0,,2,0.5,0.5,2,0.0,0.5,2,0.5,0.5,0,,,9,0.3333333333333333,0.6666666666666666,0,,,0,,,0,0.0,,9,0.3333333333333333,0.6666666666666666,5.0,0.4,0.8,9,0.3333333333333333,0.6666666666666666,0,,,0,,,0.08333333333333333,2.4849066497880004,0.0,12.885032537960955,0.013015184381778743,0.15151515151515152,0.30303030303030304,23719.939393939392,0.39340055019299003,0.04083333333333333,0.9393939393939394,5.5,0.8636363636363636,0.7727272727272727,0.8939393939393939,0.04073238077492656,0.04519691561705107,4.0
Curragh,2026-09-27,6,Friends Of The Curragh Irish Cesarewitch (0-110) (Premier Handicap),3374.0,"3YO+, Handicap","{'eventId': '3438559', 'overall': 'Soft', 'rating': None, 'surface': 'Turf', '__typename': 'TrackCondition'}",Turf,,782758.0,33.0,False,11.0,24.0,58.5,,,96.0,Bunting,6.0,Gelding,b,Bathyrhon,That's Crazy,150279.0,Ben Coen,W P Mullins,False,0.34,2.0,S,shn,21.0,15,85.4,11.0,1000.0,244.45444019966857,38,35.0,19.0,15.0,7.0,0.0,5.0,6.8,1.0,12.0,0.2,0.2,0.2,9.06,9.182,41.0,124.5,132.0,0.0,0.0,0.0,2.0,0.0,5.5,15.0,30.0,-83.0,96.0,138112.0,6906.0,24.0,33.0,1.0,1.91,,,,,,20,0.15,0.3,8,0.125,0.25,2,0.5,0.5,2,0.0,0.5,0,0.0,,0,0.0,,19,0.1578947368421052,0.3157894736842105,0,0.0,,5,0.4,0.6,4,0.0,0.0,4,0.0,0.25,0,,,7,0.1428571428571428,0.2857142857142857,10,0.1,0.3,3,0.3333333333333333,0.3333333333333333,13,0.1538461538461538,0.3076923076923077,7,0.1428571428571428,0.2857142857142857,5.0,0.4,0.8,20,0.15,0.3,0,,,1,0.0,0.0,0.047619047619047616,3.044522437723423,-0.45714285714285713,11.5807962529274,0.011709601873536299,0.7272727272727273,0.3333333333333333,23719.939393939392,0.22802197495262458,0.01619047619047619,0.6515151515151515,8.5,0.7727272727272727,0.22727272727272727,0.12121212121212122,0.04073238077492656,0.04218585058998812,6.0
Curragh,2026-09-27,6,Friends Of The Curragh Irish Cesarewitch (0-110) (Premier Handicap),3374.0,"3YO+, Handicap","{'eventId': '3438559', 'overall': 'Soft', 'rating': None, 'surface': 'Turf', '__typename': 'TrackCondition'}",Turf,,782758.0,33.0,False,12.0,13.0,57.5,,,94.0,Blake,5.0,Gelding,b,Zoffany,Love's Secret,216391.0,Colin Keane,N Meade,False,0.41,3.0,D,dsn,11.0,15,75.88666666666667,7.8,1000.0,246.98452007272752,19,19.0,9.0,8.0,8.0,0.0,5.0,2.4,1.0,5.0,0.2,0.8,0.8,2.68,8.546000000000001,38.2,140.33333333333334,138.0,0.0,2.0,0.0,1.0,1.0,0.6666666666666665,25.0,69.0,126.0,94.0,216391.0,13524.0,13.0,152.0,2.0,9.5,,,,,,16,0.25,0.6875,6,0.3333333333333333,0.8333333333333334,0,0.0,,3,0.3333333333333333,1.0,0,0.0,,0,0.0,,12,0.3333333333333333,0.75,1,0.0,1.0,6,0.1666666666666666,0.5,5,0.2,0.8,3,0.3333333333333333,1.0,0,,,4,0.0,0.75,9,0.4444444444444444,0.6666666666666666,2,0.0,0.5,11,0.3636363636363636,0.6363636363636364,4,0.0,0.75,2.0,0.0,1.0,16,0.25,0.6875,0,,,2,0.5,0.5,0.09090909090909091,2.3978952727983707,-0.5263157894736842,13.074760607924098,0.013177545462531845,0.3939393939393939,0.36363636363636365,23719.939393939392,-0.1027351755281064,0.03727272727272727,0.7727272727272727,3.5,0.9242424242424242,0.9545454545454546,0.9393939393939394,0.04073238077492656,0.04598072561701508,3.0
Curragh,2026-09-27,6,Friends Of The Curragh Irish Cesarewitch (0-110) (Premier Handicap),3374.0,"3YO+, Handicap","{'eventId': '3438559', 'overall': 'Soft', 'rating': None, 'surface': 'Turf', '__typename': 'TrackCondition'}",Turf,,782758.0,33.0,False,13.0,12.0,57.5,,,94.0,Tim Toe,5.0,Gelding,b,Joshua Tree,Kilbarry Rose,73999.0,Ronan Whelan,H De Bromhead,False,0.14,20.0,D,sn,11.0,15,10.666666666666666,7.0,19.0,2.6436506745197805,9,6.5,9.0,6.5,16.0,0.0,5.0,2.6,1.0,5.0,0.4,0.8,0.4,3.59,8.1,44.0,91.0,91.0,0.0,0.0,0.0,0.0,1.0,1.0,43.0,86.0,293.0,94.0,73999.0,10571.0,12.0,103.0,3.0,9.0,,,,,,7,0.4285714285714285,0.8571428571428571,6,0.3333333333333333,0.8333333333333334,0,0.0,,0,0.0,,0,0.0,,0,0.0,,7,0.4285714285714285,0.8571428571428571,0,0.0,,3,0.6666666666666666,1.0,2,0.0,0.5,1,1.0,1.0,0,,,3,0.3333333333333333,1.0,3,0.6666666666666666,0.6666666666666666,1,0.0,1.0,4,0.5,0.75,3,0.3333333333333333,1.0,1.0,0.0,1.0,7,0.4285714285714285,0.8571428571428571,0,,,0,,,0.09090909090909091,2.3978952727983707,0.38461538461538464,1.125,0.09375,0.36363636363636365,0.3939393939393939,23719.939393939392,-0.1027351755281064,0.01272727272727273,0.3181818181818182,3.5,0.9242424242424242,0.9545454545454546,1.0,0.04073238077492656,0.038004169491691574,8.0
Curragh,2026-09-27,6,Friends Of The Curragh Irish Cesarewitch (0-110) (Premier Handicap),3374.0,"3YO+, Handicap","{'eventId': '3438559', 'overall': 'Soft', 'rating': None, 'surface': 'Turf', '__typename': 'TrackCondition'}",Turf,,782758.0,33.0,False,14.0,31.0,57.25,,,86.0,Immutable,6.0,Gelding,b,Muhaarar,Rosie Scot,310353.0,Gary Carroll,J G Murphy,False,0.25,1.0,S,dshn,31.0,15,88.13333333333334,17.0,1000.0,243.74463868747736,6,14.0,17.0,14.0,20.0,0.0,5.0,4.8,1.0,10.0,0.2,0.6,0.6,11.79,16.6,55.0,92.4,85.0,1.0,0.0,4.0,1.0,2.0,5.5,24.0,62.0,108.0,86.0,310353.0,14779.0,10.0,15.0,1.0,26.0,,,,,,21,0.238095238095238,0.6190476190476191,8,0.125,0.5,2,0.5,1.0,1,1.0,1.0,2,0.0,0.5,0,0.0,,21,0.238095238095238,0.6190476190476191,0,0.0,,9,0.2222222222222222,0.5555555555555556,6,0.1666666666666666,0.8333333333333334,3,0.6666666666666666,0.6666666666666666,0,,,2,0.5,0.5,12,0.0833333333333333,0.5833333333333334,7,0.4285714285714285,0.7142857142857143,19,0.2105263157894736,0.631578947368421,2,0.5,0.5,3.0,0.0,1.0,21,0.238095238095238,0.6190476190476191,0,,,9,0.2222222222222222,0.7777777777777778,0.03225806451612903,3.4339872044851463,0.21428571428571427,11.153555219364598,0.0113464447806354,0.9393939393939394,0.42424242424242425,23719.939393939392,-0.18542446314828914,0.008064516129032258,0.4696969696969697,13.0,0.6363636363636364,0.7727272727272727,0.7272727272727273,0.04073238077492656,0.03679687291653844,10.0
Curragh,2026-09-27,6,Friends Of The Curragh Irish Cesarewitch (0-110) (Premier Handicap),3374.0,"3YO+, Handicap","{'eventId': '3438559', 'overall': 'Soft', 'rating': None, 'surface': 'Turf', '__typename': 'TrackCondition'}",Turf,,782758.0,33.0,False,15.0,2.0,57.25,,,93.0,Sky Captain,5.0,Gelding,b,Fracas,Saoire,49857.0,J M Sheridan,J P O'Brien,False,0.48,6.0,S,sn,7.0,15,8.203333333333333,3.0,46.0,10.14866931616598,25,6.5,4.8,4.4,6.0,0.0,5.0,2.6,1.0,6.0,0.2,0.8,0.8,1.94,4.24,87.6,92.0,92.0,1.0,0.0,1.0,1.0,3.0,-2.333333333333333,20.0,80.0,-20.0,93.0,33636.0,6727.0,18.0,14.0,6.0,9.0,,,,,,5,0.2,0.8,3,0.0,0.6666666666666666,1,0.0,0.0,0,0.0,,1,0.0,0.0,0,0.0,,5,0.2,0.8,0,0.0,,3,0.3333333333333333,0.6666666666666666,2,0.0,1.0,0,,,0,,,1,0.0,1.0,4,0.25,0.75,0,,,4,0.25,0.75,1,0.0,1.0,1.0,0.0,1.0,5,0.2,0.8,0,,,1,0.0,0.0,0.14285714285714285,1.9459101490553132,-0.26153846153846155,5.241771637545713,0.12190166598943519,0.06060606060606061,0.45454545454545453,23719.939393939392,-0.18542446314828914,0.06857142857142856,0.9090909090909091,2.0,0.9696969696969697,0.9545454545454546,0.9696969696969697,0.04073238077492656,0.05033988644450039,2.0
Curragh,2026-09-27,6,Friends Of The Curragh Irish Cesarewitch (0-110) (Premier Handicap),3374.0,"3YO+, Handicap","{'eventId': '3438559', 'overall': 'Soft', 'rating': None, 'surface': 'Turf', '__typename': 'TrackCondition'}",Turf,,782758.0,33.0,False,16.0,11.0,56.75,,-3.25,92.0,Eagle Fang,6.0,Gelding,b,Free Eagle,Scatina,137061.0,S Tormey,W Durkan,False,0.38,6.0,S,shbn,34.0,15,93.33333333333331,10.0,1000.0,242.40397869855371,5,20.0,23.0,19.0,12.0,0.0,5.0,4.2,1.0,8.0,0.2,0.4,0.4,4.5,4.351999999999999,21.0,107.33333333333331,92.0,0.0,1.0,2.0,2.0,0.0,-3.0,17.0,57.0,61.0,92.0,156573.0,6808.0,0.0,36.0,8.0,4.0,,,,,,23,0.1739130434782608,0.5652173913043478,10,0.2,0.5,1,0.0,0.0,1,0.0,0.0,0,0.0,,0,0.0,,21,0.1428571428571428,0.5238095238095238,0,0.0,,6,0.1666666666666666,0.8333333333333334,5,0.0,0.6,4,0.0,0.25,0,,,7,0.1428571428571428,0.7142857142857143,11,0.1818181818181818,0.5454545454545454,5,0.2,0.4,16,0.1875,0.5,7,0.1428571428571428,0.7142857142857143,3.0,0.6666666666666666,0.6666666666666666,23,0.1739130434782608,0.5652173913043478,0,,,2,0.0,0.0,0.029411764705882353,3.5263605246161616,0.15,10.60714285714286,0.010714285714285716,0.3333333333333333,0.48484848484848486,23719.939393939392,-0.3508030383886546,0.011176470588235295,0.7272727272727273,18.0,0.48484848484848486,0.5151515151515151,0.6363636363636364,0.04073238077492656,0.027109662891553907,27.0
Curragh,2026-09-27,6,Friends Of The Curragh Irish Cesarewitch (0-110) (Premier Handicap),3374.0,"3YO+, Handicap","{'eventId': '3438559', 'overall': 'Soft', 'rating': None, 'surface': 'Turf', '__typename': 'TrackCondition'}",Turf,,782758.0,33.0,False,17.0,29.0,56.75,,,92.0,Galileo Dame,5.0,Mare,ch,Galileo Gold,Two For Tea,325900.0,Chris Hayes,J P O'Brien,False,0.41,6.0,D,hn,34.0,15,29.288666666666664,1.33,50.0,9.424715639683187,39,31.0,26.0,19.0,3.0,0.0,5.0,6.0,3.0,10.0,0.0,0.4,0.0,5.96,11.1,24.8,92.8,92.0,0.0,1.0,1.0,0.0,0.0,5.0,8.0,50.0,-82.0,92.0,244785.0,10199.0,13.0,18.0,3.0,19.0,,,,,,24,0.0833333333333333,0.5,12,0.0833333333333333,0.4166666666666667,2,0.0,1.0,2,0.0,0.0,3,0.0,0.3333333333333333,0,0.0,,22,0.0909090909090909,0.5,0,0.0,,3,0.3333333333333333,0.6666666666666666,2,0.0,0.0,2,0.0,0.5,0,,,6,0.0,0.1666666666666666,11,0.0,0.5454545454545454,7,0.2857142857142857,0.7142857142857143,18,0.1111111111111111,0.6111111111111112,6,0.0,0.1666666666666666,4.0,0.25,0.75,24,0.0833333333333333,0.5,0,,,2,0.0,0.5,0.029411764705882353,3.5263605246161616,-0.16129032258064516,1.661734914528942,0.03414289941501833,0.8787878787878788,0.5151515151515151,23719.939393939392,-0.3508030383886546,0.012058823529411764,0.7727272727272727,18.0,0.48484848484848486,0.5151515151515151,0.5,0.04073238077492656,0.028632035465308594,24.0
Curragh,2026-09-27,6,Friends Of The Curragh Irish Cesarewitch (0-110) (Premier Handicap),3374.0,"3YO+, Handicap","{'eventId': '3438559', 'overall': 'Soft', 'rating': None, 'surface': 'Turf', '__typename': 'TrackCondition'}",Turf,,782758.0,33.0,False,18.0,16.0,56.75,,-2.25,92.0,Glenroyal,4.0,Gelding,ch,Australia,Reine De Coeur,57589.0,Keithen Kennedy,J P O'Brien,False,0.01,6.0,S,son,101.0,15,139.43333333333334,18.5,1000.0,230.6585403192828,32,61.0,71.0,26.0,21.0,0.0,5.0,10.6,1.0,19.0,0.2,0.2,0.2,20.45,23.546,69.6,90.25,91.0,0.0,1.0,2.0,1.0,1.0,-4.0,21.0,36.0,-46.0,92.0,57589.0,4114.0,0.0,15.0,18.0,41.0,,,,,,14,0.2142857142857142,0.3571428571428571,6,0.3333333333333333,0.3333333333333333,1,0.0,0.0,1,0.0,0.0,0,0.0,,0,0.0,,12,0.25,0.4166666666666667,0,0.0,,3,0.0,0.3333333333333333,3,0.0,0.3333333333333333,3,0.3333333333333333,0.3333333333333333,0,,,7,0.1428571428571428,0.2857142857142857,7,0.2857142857142857,0.4285714285714285,0,,,7,0.2857142857142857,0.4285714285714285,7,0.1428571428571428,0.2857142857142857,4.0,0.75,0.75,14,0.2142857142857142,0.3571428571428571,0,,,7,0.2857142857142857,0.5714285714285714,0.009900990099009901,4.61512051684126,0.16393442622950818,7.0392063112598615,0.007171886206072197,0.48484848484848486,0.5454545454545454,23719.939393939392,-0.3508030383886546,9.900990099009902e-05,0.030303030303030304,32.0,0.06060606060606061,0.22727272727272727,0.19696969696969696,0.04073238077492656,0.028799412224748494,20.0
Curragh,2026-09-27,6,Friends Of The Curragh Irish Cesarewitch (0-110) (Premier Handicap),3374.0,"3YO+, Handicap","{'eventId': '3438559', 'overall': 'Soft', 'rating': None, 'surface': 'Turf', '__typename': 'TrackCondition'}",Turf,,782758.0,33.0,False,19.0,9.0,56.75,,-3.25,92.0,Granite Bay,5.0,Gelding,b,Time Test,Indira,131735.0,Reese Holohan,J P Fahey,False,0.42,6.0,D,sn,31.0,15,87.26666666666667,14.0,1000.0,244.0047722666278,3,12.0,14.0,12.0,24.0,0.0,5.0,3.6,2.0,7.0,0.0,0.6,0.4,2.81,6.1,67.0,89.8,91.0,1.0,1.0,4.0,1.0,1.0,-1.5,18.0,47.0,58.0,92.0,131735.0,7749.0,10.0,15.0,2.0,6.5,,,,,,17,0.1764705882352941,0.4705882352941176,6,0.0,0.5,1,0.0,1.0,1,0.0,0.0,1,0.0,1.0,0,0.0,,17,0.1764705882352941,0.4705882352941176,0,0.0,,5,0.0,0.0,4,0.25,0.5,3,0.3333333333333333,0.6666666666666666,0,,,4,0.5,0.5,8,0.125,0.5,5,0.0,0.4,13,0.0769230769230769,0.4615384615384615,4,0.5,0.5,2.0,0.0,0.0,17,0.1764705882352941,0.4705882352941176,0,,,12,0.25,0.5833333333333334,0.03225806451612903,3.4339872044851463,0.16666666666666666,11.2987012987013,0.01145912910618793,0.2727272727272727,0.5757575757575758,23719.939393939392,-0.3508030383886546,0.013548387096774193,0.8181818181818182,13.0,0.6363636363636364,0.7727272727272727,0.3787878787878788,0.04073238077492656,0.029147405829593565,19.0
Curragh,2026-09-27,6,Friends Of The Curragh Irish Cesarewitch (0-110) (Premier Handicap),3374.0,"3YO+, Handicap","{'eventId': '3438559', 'overall': 'Soft', 'rating': None, 'surface': 'Turf', '__typename': 'TrackCondition'}",Turf,,782758.0,33.0,False,20.0,6.0,56.75,,,101.0,Port Of Spain,3.0,Colt,b,St Mark's Basilica,Alive Alive Oh,51248.0,R L Moore,A P O'Brien,False,1.0,3.0,S,n,12.0,15,10.5,5.0,12.0,1.66332999331662,22,10.0,9.0,8.0,17.0,0.0,5.0,6.4,2.0,11.0,0.0,0.2,0.2,8.18,16.6,61.6,101.4,101.0,0.0,0.0,2.0,0.0,1.0,3.166666666666667,10.0,40.0,-78.0,101.0,51248.0,5125.0,27.0,35.0,2.0,7.5,,,,,,10,0.1,0.4,6,0.0,0.3333333333333333,2,0.0,0.5,0,0.0,,3,0.0,0.3333333333333333,0,0.0,,10,0.1,0.4,0,0.0,,2,0.0,0.0,2,0.0,0.5,2,0.5,0.5,0,,,6,0.1666666666666666,0.5,4,0.0,0.25,0,,,4,0.0,0.25,6,0.1666666666666666,0.5,1.0,1.0,1.0,10,0.1,0.4,0,,,2,0.0,0.5,0.08333333333333333,2.4849066497880004,-0.1,0.6666666666666666,0.09523809523809523,0.18181818181818182,0.6060606060606061,23719.939393939392,-0.3508030383886546,0.08333333333333333,1.0,5.5,0.8636363636363636,0.22727272727272727,0.2727272727272727,0.04073238077492656,0.04376371907784944,5.0
Curragh,2026-09-27,6,Friends Of The Curragh Irish Cesarewitch (0-110) (Premier Handicap),3374.0,"3YO+, Handicap","{'eventId': '3438559', 'overall': 'Soft', 'rating': None, 'surface': 'Turf', '__typename': 'TrackCondition'}",Turf,,782758.0,33.0,False,23.0,23.0,55.75,,,90.0,Sirius,7.0,Mare,br,Ectot,Across The Sky,344862.0,Andrew Slattery,W P Mullins,False,0.15,2.0,S,tdshon,34.0,15,96.12,2.8,1000.0,241.86401468593877,41,61.0,29.0,17.0,2.0,0.0,5.0,6.0,1.0,13.0,0.4,0.4,0.4,5.45,26.3,151.8,88.8,91.0,2.0,3.0,4.0,1.0,2.0,0.0,33.0,50.0,304.0,90.0,182632.0,10146.0,0.0,61.0,11.0,19.0,,,,,,18,0.3333333333333333,0.5,3,0.3333333333333333,0.3333333333333333,0,0.0,,3,0.3333333333333333,0.3333333333333333,3,0.3333333333333333,0.3333333333333333,1,0.0,0.0,15,0.2666666666666666,0.4,0,0.0,,5,0.0,0.0,3,0.6666666666666666,1.0,2,0.0,0.0,0,,,3,0.6666666666666666,0.6666666666666666,11,0.2727272727272727,0.4545454545454545,1,1.0,1.0,12,0.3333333333333333,0.5,3,0.6666666666666666,0.6666666666666666,1.0,0.0,0.0,18,0.3333333333333333,0.5,0,,,11,0.2727272727272727,0.5454545454545454,0.029411764705882353,3.5263605246161616,-0.5245901639344263,10.374531835205993,0.010403662089055347,0.696969696969697,0.696969696969697,23719.939393939392,-0.6815601888693856,0.004411764705882353,0.36363636363636365,18.0,0.48484848484848486,0.5151515151515151,0.5,0.04073238077492656,0.030019034069563633,18.0
Curragh,2026-09-27,6,Friends Of The Curragh Irish Cesarewitch (0-110) (Premier Handicap),3374.0,"3YO+, Handicap","{'eventId': '3438559', 'overall': 'Soft', 'rating': None, 'surface': 'Turf', '__typename': 'TrackCondition'}",Turf,,782758.0,33.0,False,24.0,7.0,55.25,,,89.0,Cornelienne,5.0,Mare,baybrown,Golden Horn,Australienne,109587.0,Jamie Powell,J P O'Brien,False,0.08,6.0,S,hn,81.0,15,122.06666666666666,12.0,1000.0,235.20500750527307,32,61.0,51.0,34.0,26.0,0.0,5.0,4.8,2.0,11.0,0.0,0.4,0.4,8.319999999999999,12.6,144.4,93.0,92.0,0.0,0.0,2.0,0.0,3.0,2.166666666666667,18.0,64.0,-25.0,89.0,109587.0,9962.0,0.0,52.0,5.0,8.5,,,,,,11,0.1818181818181818,0.6363636363636364,4,0.0,0.25,1,0.0,0.0,0,0.0,,0,0.0,,0,0.0,,9,0.2222222222222222,0.6666666666666666,1,0.0,0.0,6,0.1666666666666666,0.6666666666666666,4,0.25,0.5,1,0.0,1.0,0,,,3,0.3333333333333333,0.6666666666666666,4,0.0,0.5,3,0.3333333333333333,1.0,7,0.1428571428571428,0.7142857142857143,3,0.3333333333333333,0.6666666666666666,1.0,0.0,1.0,11,0.1818181818181818,0.6363636363636364,0,,,2,0.0,0.0,0.012345679012345678,4.394449154672439,-0.16393442622950818,8.09393773894047,0.008192244675040962,0.21212121212121213,0.7272727272727273,23719.939393939392,-0.8469387641097511,0.0009876543209876543,0.12121212121212122,28.5,0.16666666666666666,0.5151515151515151,0.8181818181818182,0.04073238077492656,0.0287028381082192,23.0
Curragh,2026-09-27,6,Friends Of The Curragh Irish Cesarewitch (0-110) (Premier Handicap),3374.0,"3YO+, Handicap","{'eventId': '3438559', 'overall': 'Soft', 'rating': None, 'surface': 'Turf', '__typename': 'TrackCondition'}",Turf,,782758.0,33.0,False,25.0,27.0,55.25,,,89.0,Kingstonian,4.0,Gelding,b,Study Of Man,Kinetica,55664.0,Nathan Crosse,J P O'Brien,False,0.71,6.0,S,bn,34.0,15,87.8,15.0,1000.0,243.86996535038915,31,23.0,17.0,15.0,10.0,0.0,5.0,4.2,2.0,9.0,0.0,0.6,0.2,3.2,4.3420000000000005,74.0,87.25,89.0,1.0,0.0,3.0,3.0,2.0,1.166666666666667,10.0,50.0,-79.0,89.0,55664.0,5566.0,4.0,36.0,3.0,2.88,,,,,,10,0.1,0.5,4,0.0,0.5,2,0.0,0.5,0,0.0,,2,0.0,0.0,0,0.0,,10,0.1,0.5,0,0.0,,5,0.0,0.4,4,0.25,0.5,1,0.0,1.0,0,,,5,0.2,0.6,4,0.0,0.25,1,0.0,1.0,5,0.0,0.4,5,0.2,0.6,4.0,0.25,0.75,10,0.1,0.5,0,,,3,0.0,0.3333333333333333,0.029411764705882353,3.5263605246161616,-0.2608695652173913,11.21867881548975,0.011389521640091117,0.8181818181818182,0.7575757575757576,23719.939393939392,-0.8469387641097511,0.02088235294117647,0.9696969696969697,18.0,0.48484848484848486,0.7727272727272727,0.5,0.04073238077492656,0.03249612188322394,15.0
Curragh,2026-09-27,6,Friends Of The Curragh Irish Cesarewitch (0-110) (Premier Handicap),3374.0,"3YO+, Handicap","{'eventId': '3438559', 'overall': 'Soft', 'rating': None, 'surface': 'Turf', '__typename': 'TrackCondition'}",Turf,,782758.0,33.0,False,26.0,20.0,55.25,,,89.0,Light Up The Dark,5.0,Mare,b,Camelot,Tiptree,95548.0,Declan McDonogh,J P O'Brien,False,0.33,1.0,S,shbn,19.0,15,14.386666666666668,4.3,19.0,3.35755201829481,43,14.0,13.0,9.0,19.0,0.0,5.0,4.0,1.0,9.0,0.2,0.4,0.4,5.74,4.991999999999999,77.4,86.0,89.0,0.0,1.0,4.0,3.0,2.0,-2.5,36.0,55.0,12.0,89.0,95548.0,8686.0,10.0,36.0,2.0,4.0,,,,,,11,0.3636363636363636,0.5454545454545454,4,0.25,0.5,1,0.0,1.0,1,0.0,0.0,0,0.0,,0,0.0,,11,0.3636363636363636,0.5454545454545454,0,0.0,,4,0.75,0.75,2,0.0,0.0,2,0.0,0.5,0,,,4,0.25,0.5,6,0.3333333333333333,0.5,1,1.0,1.0,7,0.4285714285714285,0.5714285714285714,4,0.25,0.5,6.0,0.6666666666666666,0.8333333333333334,11,0.3636363636363636,0.5454545454545454,0,,,5,0.2,0.6,0.05263157894736842,2.9444389791664403,-0.07142857142857142,1.021779425393883,0.06950880444856347,0.6060606060606061,0.7878787878787878,23719.939393939392,-0.8469387641097511,0.017368421052631578,0.6060606060606061,7.0,0.8181818181818182,0.5151515151515151,0.5757575757575758,0.04073238077492656,0.037072219447007705,9.0
Curragh,2026-09-27,6,Friends Of The Curragh Irish Cesarewitch (0-110) (Premier Handicap),3374.0,"3YO+, Handicap","{'eventId': '3438559', 'overall': 'Soft', 'rating': None, 'surface': 'Turf', '__typename': 'TrackCondition'}",Turf,,782758.0,33.0,False,27.0,15.0,55.25,,,98.0,Shosholoza,3.0,Colt,b,Australia,Ecosse,24743.0,Wayne Lordan,J P O'Brien,False,0.44,6.0,S,hn,46.0,15,99.2,5.0,1000.0,240.94762916451367,40,31.0,34.0,17.0,14.0,0.0,5.0,5.2,1.0,8.0,0.2,0.2,0.2,4.54,13.1,51.6,102.0,100.0,1.0,0.0,1.0,0.0,2.0,-1.333333333333333,20.0,20.0,120.0,98.0,24743.0,4949.0,12.0,99.0,6.0,9.5,,,,,,5,0.2,0.2,5,0.2,0.2,0,0.0,,0,0.0,,1,0.0,0.0,0,0.0,,5,0.2,0.2,0,0.0,,2,0.5,0.5,2,0.0,0.0,1,0.0,0.0,0,,,1,0.0,0.0,3,0.0,0.0,1,1.0,1.0,4,0.25,0.25,1,0.0,0.0,0.0,,0.8090909090909091,5,0.2,0.2,0,,,1,0.0,0.0,0.021739130434782608,3.828641396489095,0.0967741935483871,10.03024193548387,0.010080645161290322,0.45454545454545453,0.8181818181818182,23719.939393939392,-0.8469387641097511,0.009565217391304347,0.8484848484848485,22.0,0.36363636363636365,0.22727272727272727,0.030303030303030304,0.04073238077492656,0.027631892385940878,26.0
Curragh,2026-09-27,6,Friends Of The Curragh Irish Cesarewitch (0-110) (Premier Handicap),3374.0,"3YO+, Handicap","{'eventId': '3438559', 'overall': 'Soft', 'rating': None, 'surface': 'Turf', '__typename': 'TrackCondition'}",Turf,,782758.0,33.0,False,28.0,10.0,55.25,,,89.0,Zanndabad,7.0,Gelding,b,Iffraaj,Zanoubiya,229918.0,James Ryan,A J Martin,False,0.1,6.0,D,son,71.0,15,90.86666666666666,20.0,600.0,136.65570687762082,37,46.0,41.0,26.0,22.0,0.0,5.0,8.2,1.0,14.0,0.2,0.2,0.2,21.73,17.466,61.0,108.4,89.0,0.0,0.0,0.0,0.0,1.0,-4.666666666666667,18.0,41.0,-80.0,89.0,229918.0,6762.0,13.0,37.0,14.0,11.0,,,,,,34,0.1764705882352941,0.4117647058823529,6,0.3333333333333333,0.3333333333333333,1,0.0,0.0,1,0.0,0.0,3,0.0,0.0,1,0.0,0.0,30,0.1666666666666666,0.4333333333333333,1,0.0,0.0,10,0.0,0.2,6,0.1666666666666666,0.3333333333333333,5,0.2,0.8,0,,,13,0.0769230769230769,0.3846153846153846,12,0.1666666666666666,0.25,0,,,12,0.1666666666666666,0.25,13,0.0769230769230769,0.3846153846153846,3.0,0.3333333333333333,0.3333333333333333,34,0.1764705882352941,0.4117647058823529,0,,,4,0.0,0.0,0.014084507042253521,4.2626798770413155,-0.10869565217391304,6.382978723404256,0.011005135730007337,0.30303030303030304,0.8484848484848485,23719.939393939392,-0.8469387641097511,0.0014084507042253522,0.15151515151515152,26.0,0.24242424242424243,0.22727272727272727,0.30303030303030304,0.04073238077492656,0.025798141917047723,28.0
Curragh,2026-09-27,6,Friends Of The Curragh Irish Cesarewitch (0-110) (Premier Handicap),3374.0,"3YO+, Handicap","{'eventId': '3438559', 'overall': 'Soft', 'rating': None, 'surface': 'Turf', '__typename': 'TrackCondition'}",Turf,,782758.0,33.0,False,29.0,3.0,55.0,,-3.25,88.0,Shoda,5.0,Mare,b,Nathaniel,Que Pasa,99729.0,Shay Wallace,J P O'Brien,False,0.47,6.0,S,dsn,34.0,15,92.34933333333332,2.24,1000.0,242.692126928108,17,31.0,26.0,21.0,5.0,0.0,5.0,5.6,1.0,9.0,0.2,0.4,0.2,11.04,4.036,45.2,114.4,111.0,0.0,1.0,0.0,3.0,1.0,1.833333333333333,19.0,63.0,-40.0,88.0,75394.0,4712.0,8.0,49.0,1.0,1.8,,,,,,16,0.1875,0.625,6,0.1666666666666666,0.5,1,1.0,1.0,2,0.5,1.0,1,0.0,0.0,0,0.0,,14,0.1428571428571428,0.5714285714285714,0,0.0,,6,0.0,0.6666666666666666,4,0.5,1.0,3,0.0,0.3333333333333333,0,,,5,0.2,0.6,9,0.2222222222222222,0.6666666666666666,2,0.0,0.5,11,0.1818181818181818,0.6363636363636364,5,0.2,0.6,7.0,0.2857142857142857,0.7142857142857143,16,0.1875,0.625,0,,,5,0.2,0.6,0.029411764705882353,3.5263605246161616,-0.16129032258064516,10.804192775259162,0.010828448499898936,0.09090909090909091,0.8787878787878788,23719.939393939392,-0.9296280517299338,0.013823529411764705,0.8787878787878788,18.0,0.48484848484848486,0.5151515151515151,0.7575757575757576,0.04073238077492656,0.03065264502279008,16.0
Curragh,2026-09-27,6,Friends Of The Curragh Irish Cesarewitch (0-110) (Premier Handicap),3374.0,"3YO+, Handicap","{'eventId': '3438559', 'overall': 'Soft', 'rating': None, 'surface': 'Turf', '__typename': 'TrackCondition'}",Turf,,782758.0,33.0,False,30.0,14.0,54.5,,,96.0,Madbadanddangerous,3.0,Gelding,b,Coulsty,Bonnefio,223059.0,Gavin Ryan,N Meade,False,0.34,3.0,S,son,91.0,15,133.53333333333333,14.0,1000.0,232.3144038199574,28,46.0,67.0,34.0,4.0,0.0,5.0,7.0,1.0,20.0,0.4,0.4,0.4,9.07,13.1,30.6,89.2,94.0,0.0,0.0,4.0,0.0,0.0,-10.0,33.0,67.0,222.0,96.0,182501.0,20278.0,7.0,15.0,20.0,26.0,,,,,,9,0.3333333333333333,0.6666666666666666,7,0.2857142857142857,0.5714285714285714,2,0.0,0.0,0,0.0,,0,0.0,,0,0.0,,9,0.3333333333333333,0.6666666666666666,0,0.0,,2,0.0,1.0,2,0.5,0.5,2,0.5,1.0,0,,,4,0.0,0.25,5,0.6,1.0,0,,,5,0.6,1.0,4,0.0,0.25,2.0,0.5,1.0,9,0.3333333333333333,0.6666666666666666,0,,,5,0.4,0.6,0.01098901098901099,4.51085950651685,0.45652173913043476,7.383924113829257,0.0074887668497254116,0.42424242424242425,0.9090909090909091,23719.939393939392,-1.0950066269702994,0.0037362637362637367,0.6515151515151515,30.0,0.12121212121212122,0.5151515151515151,0.8939393939393939,0.04073238077492656,0.030322465038363194,17.0
Curragh,2026-09-27,6,Friends Of The Curragh Irish Cesarewitch (0-110) (Premier Handicap),3374.0,"3YO+, Handicap","{'eventId': '3438559', 'overall': 'Soft', 'rating': None, 'surface': 'Turf', '__typename': 'TrackCondition'}",Turf,,782758.0,33.0,False,31.0,19.0,55.0,,,88.0,Too Bossy For Us,5.0,Gelding,b,Golden Horn,Above The Clouds,195827.0,N G McCullagh,W P Mullins,False,0.32,6.0,S,h,71.0,15,105.0,10.0,1000.0,239.7479231748769,4,12.0,31.0,12.0,23.0,0.0,5.0,7.0,3.0,14.0,0.0,0.2,0.0,9.28,10.9,27.4,98.0,87.0,2.0,1.0,4.0,0.0,0.0,-2.5,9.0,36.0,-60.0,88.0,195827.0,8901.0,0.0,15.0,3.0,12.0,,,,,,22,0.0909090909090909,0.3636363636363636,9,0.1111111111111111,0.2222222222222222,1,0.0,1.0,5,0.0,0.0,4,0.0,0.25,1,0.0,0.0,19,0.1052631578947368,0.2631578947368421,0,0.0,,4,0.25,0.5,4,0.25,0.25,3,0.0,0.6666666666666666,0,,,12,0.0833333333333333,0.4166666666666667,9,0.0,0.2222222222222222,1,1.0,1.0,10,0.1,0.3,12,0.0833333333333333,0.4166666666666667,3.0,0.0,0.6666666666666666,22,0.0909090909090909,0.3636363636363636,0,,,10,0.0,0.5,0.014084507042253521,4.2626798770413155,1.5833333333333333,9.428571428571429,0.009523809523809525,0.5757575757575758,0.9393939393939394,23719.939393939392,-0.9296280517299338,0.004507042253521127,0.5757575757575758,26.0,0.24242424242424243,0.22727272727272727,0.19696969696969696,0.04073238077492656,0.02826252504689703,25.0
Curragh,2026-09-27,6,Friends Of The Curragh Irish Cesarewitch (0-110) (Premier Handicap),3374.0,"3YO+, Handicap","{'eventId': '3438559', 'overall': 'Soft', 'rating': None, 'surface': 'Turf', '__typename': 'TrackCondition'}",Turf,,782758.0,33.0,False,32.0,22.0,54.5,,,87.0,Alphonse Le Grande,7.0,Gelding,b,Sea The Stars,Dolce Strega,340367.0,Rory Cleary,A J Martin,False,0.02,6.0,D,sn,51.0,15,97.2,10.0,1000.0,241.46613289099844,17,16.0,31.0,16.0,13.0,0.0,5.0,8.2,4.0,13.0,0.0,0.0,0.0,8.370000000000001,21.8,51.6,89.0,87.0,0.0,0.0,2.0,0.0,1.0,6.166666666666666,14.0,24.0,49.0,87.0,340367.0,8104.0,0.0,58.0,4.0,11.0,,,,,,42,0.1428571428571428,0.238095238095238,7,0.0,0.0,0,0.0,,3,0.0,0.0,2,0.0,0.0,1,0.0,0.0,22,0.0909090909090909,0.1363636363636363,11,0.1818181818181818,0.3636363636363636,11,0.0909090909090909,0.1818181818181818,11,0.1818181818181818,0.3636363636363636,7,0.1428571428571428,0.1428571428571428,0,,,22,0.1363636363636363,0.2272727272727272,8,0.125,0.125,1,0.0,0.0,9,0.1111111111111111,0.1111111111111111,22,0.1363636363636363,0.2272727272727272,4.0,0.5,0.75,42,0.1428571428571428,0.238095238095238,0,,,9,0.2222222222222222,0.2222222222222222,0.0196078431372549,3.9318256327243257,0.9375,10.185185185185185,0.0102880658436214,0.6666666666666666,0.9696969696969697,23719.939393939392,-1.0950066269702994,0.000392156862745098,0.07575757575757576,23.0,0.3333333333333333,0.045454545454545456,0.06060606060606061,0.04073238077492656,0.02878932798016059,21.0
Ffos Las,2026-09-27,4,"Happy Birthday Alex, From The Bridge Handicap",3219.0,"3YO+, Class 5, Handicap, Class 5, Handicap","{'eventId': '3438549', 'overall': 'Soft', 'rating': None, 'surface': 'Turf', '__typename': 'TrackCondition'}",Turf,,15591.0,5.0,False,1.0,2.0,64.5,,-1.25,75.0,Carthusian,4.0,Gelding,b,Lope De Vega,Chartreuse,33936.0,Liam Wright,J Candlish,False,1.0,3.0,S,sn,3.4,19,3.3568421052631585,2.88,4.1,0.3244436960573549,40,2.5,3.1,2.4,1.0,1.0,5.0,5.6,1.0,9.0,0.2,0.2,0.2,7.1800000000000015,9.7,23.6,73.2,71.0,0.0,1.0,1.0,0.0,1.0,5.166666666666667,8.0,25.0,-17.0,75.0,25641.0,2137.0,100.0,8.0,1.0,10.0,,,,,,12,0.0833333333333333,0.25,8,0.125,0.125,1,1.0,1.0,1,0.0,0.0,0,0.0,,0,0.0,,11,0.0909090909090909,0.1818181818181818,0,0.0,,4,0.25,0.5,3,0.0,0.0,2,0.0,0.5,0,,,9,0.0,0.2222222222222222,3,0.3333333333333333,0.3333333333333333,0,,,3,0.3333333333333333,0.3333333333333333,9,0.0,0.2222222222222222,1.0,0.0,0.0,12,0.0833333333333333,0.25,0,,,1,1.0,1.0,0.29411764705882354,1.2237754316221157,0.24000000000000005,0.36343681404829087,0.2978990279084352,0.4,0.2,3118.2,1.4830683093966521,0.29411764705882354,1.0,3.0,0.6,0.5,0.5,0.21233538493974927,0.29560270188037013,2.0
Ffos Las,2026-09-27,4,"Happy Birthday Alex, From The Bridge Handicap",3219.0,"3YO+, Class 5, Handicap, Class 5, Handicap","{'eventId': '3438549', 'overall': 'Soft', 'rating': None, 'surface': 'Turf', '__typename': 'TrackCondition'}",Turf,,15591.0,5.0,False,2.0,3.0,59.75,,,74.0,Campeona,3.0,Filly,b,Study Of Man,Cubanita,47108.0,Jack Gilligan,Sir Mark Prescott,False,0.76,24.0,U,dn,3.1,19,2.658947368421053,1.52,3.1,0.4116960393407547,31,3.2,2.6,2.3,2.0,0.0,5.0,1.6,1.0,3.0,0.6,1.0,0.8,1.85,2.064,13.0,69.2,74.0,0.0,2.0,2.0,4.0,0.0,-1.5,33.0,67.0,-55.0,74.0,43216.0,4802.0,17.0,22.0,3.0,3.75,,,,,,9,0.3333333333333333,0.6666666666666666,9,0.3333333333333333,0.6666666666666666,3,0.3333333333333333,1.0,2,0.5,1.0,0,0.0,,0,0.0,,5,0.6,1.0,3,0.0,0.3333333333333333,2,0.0,0.5,2,0.5,0.5,2,0.5,0.5,2,0.5,1.0,4,0.5,0.75,0,,,0,,,0,0.0,,6,0.5,0.8333333333333334,5.0,0.6,1.0,9,0.3333333333333333,0.6666666666666666,0,,,2,1.0,1.0,0.3225806451612903,1.1314021114911006,-0.18750000000000003,0.5942201108471892,0.3760886777513855,0.6,0.4,3118.2,0.1283424498516341,0.24516129032258063,0.8,1.0,1.0,1.0,1.0,0.21233538493974927,0.30293130893814146,1.0
Ffos Las,2026-09-27,4,"Happy Birthday Alex, From The Bridge Handicap",3219.0,"3YO+, Class 5, Handicap, Class 5, Handicap","{'eventId': '3438549', 'overall': 'Soft', 'rating': None, 'surface': 'Turf', '__typename': 'TrackCondition'}",Turf,,15591.0,5.0,False,3.0,4.0,59.75,,,65.0,No Ordinary Joe,10.0,Gelding,b,Getaway,Shadow Dearg,135138.0,Finley Marsh,R Stephens,False,0.01,10.0,U,dsn,13.0,19,18.68421052631579,9.0,140.0,28.933776713437307,27,8.0,10.0,8.0,4.0,0.0,5.0,7.2,4.0,13.0,0.0,0.0,0.0,24.4,81.6,28.0,125.0,125.0,0.0,0.0,0.0,0.0,1.0,5.333333333333334,15.0,24.0,-27.0,65.0,134165.0,4066.0,0.0,15.0,4.0,23.0,,,,,,33,0.1515151515151515,0.2424242424242424,15,0.0666666666666666,0.0666666666666666,3,0.0,0.0,4,0.5,0.5,0,0.0,,0,0.0,,29,0.1379310344827586,0.2413793103448276,2,0.0,0.0,8,0.375,0.5,8,0.125,0.125,5,0.0,0.4,0,,,12,0.3333333333333333,0.4166666666666667,18,0.0555555555555555,0.1666666666666666,1,0.0,0.0,19,0.0526315789473684,0.1578947368421052,12,0.3333333333333333,0.4166666666666667,5.0,0.6,0.6,33,0.1515151515151515,0.2424242424242424,0,,,0,,,0.07692307692307693,2.5649493574615367,0.25,7.011267605633802,0.05352112676056338,0.8,0.6,3118.2,0.1283424498516341,0.0007692307692307693,0.2,4.0,0.4,0.2,0.2,0.21233538493974927,0.05562279731959166,5.0
Ffos Las,2026-09-27,4,"Happy Birthday Alex, From The Bridge Handicap",3219.0,"3YO+, Class 5, Handicap, Class 5, Handicap","{'eventId': '3438549', 'overall': 'Soft', 'rating': None, 'surface': 'Turf', '__typename': 'TrackCondition'}",Turf,,15591.0,5.0,False,4.0,1.0,57.5,,-2.25,60.0,Queenie St Clair,6.0,Mare,b,Fast Company,Marmalade Cat,153356.0,Millie Wonnacott,Nick Scholfield,False,0.07,12.0,U,dshn,3.2,19,19.2,2.1,300.0,66.23710996746541,50,3.7,2.9,2.6,3.0,0.0,5.0,3.2,1.0,6.0,0.4,0.6,0.4,11.9,9.226,22.6,114.8,127.0,0.0,2.0,0.0,1.0,0.0,-0.5,13.0,25.0,39.0,60.0,151411.0,4732.0,0.0,162.0,6.0,13.0,,,,,,32,0.125,0.25,6,0.5,0.6666666666666666,0,0.0,,6,0.1666666666666666,0.1666666666666666,1,0.0,0.0,1,0.0,0.0,28,0.1428571428571428,0.2857142857142857,0,0.0,,6,0.1666666666666666,0.3333333333333333,6,0.0,0.3333333333333333,5,0.4,0.6,0,,,4,0.0,0.0,19,0.1578947368421052,0.2105263157894736,9,0.1111111111111111,0.4444444444444444,28,0.1428571428571428,0.2857142857142857,4,0.0,0.0,1.0,0.0,0.0,32,0.125,0.25,0,,,0,,,0.3125,1.1631508098056809,-0.21621621621621628,15.515625,0.052083333333333336,0.2,0.8,3118.2,-0.5133697994065324,0.021875000000000002,0.4,2.0,0.8,0.8,0.5,0.21233538493974927,0.27623846683308695,3.0
Ffos Las,2026-09-27,4,"Happy Birthday Alex, From The Bridge Handicap",3219.0,"3YO+, Class 5, Handicap, Class 5, Handicap","{'eventId': '3438549', 'overall': 'Soft', 'rating': None, 'surface': 'Turf', '__typename': 'TrackCondition'}",Turf,,15591.0,5.0,False,5.0,5.0,55.0,,,63.0,A Daughters Love,3.0,Filly,b,Mohaather,Loving Touch,24689.0,David Probert,D Flood,False,0.17,11.0,U,tn,18.0,19,34.58947368421053,8.0,370.0,79.16255025503465,27,14.0,13.0,6.5,5.0,0.0,5.0,5.6,2.0,8.0,0.0,0.2,0.2,11.44,6.925999999999999,9.6,63.75,63.0,2.0,0.0,0.0,2.0,0.0,-2.333333333333333,16.0,32.0,-15.0,63.0,24204.0,1274.0,9.0,6.0,6.0,17.0,,,,,,19,0.1578947368421052,0.3157894736842105,15,0.2,0.4,6,0.1666666666666666,0.3333333333333333,0,0.0,,4,0.25,0.75,0,0.0,,14,0.2142857142857142,0.4285714285714285,2,0.0,0.0,4,0.0,0.0,4,0.0,0.25,1,0.0,1.0,0,,,12,0.25,0.5,3,0.0,0.0,2,0.0,0.0,5,0.0,0.0,12,0.25,0.5,4.0,0.5,0.75,19,0.1578947368421052,0.3157894736842105,0,,,0,,,0.05555555555555555,2.8903717578961645,-0.07142857142857142,10.46561168594035,0.02891052951917224,1.0,1.0,3118.2,-1.2263834096933839,0.009444444444444445,0.6,5.0,0.2,0.5,0.8,0.21233538493974927,0.06960472502880978,4.0
Epsom Downs,2026-09-27,3,Hunt Family Fund Novice Stakes (Sponsored By Betfred) (Gbb Race),2027.0,"3YO to 4YO, Class 3, Class 3, Novice, NHF","{'eventId': '3438541', 'overall': 'Good', 'rating': None, 'surface': 'Turf', '__typename': 'TrackCondition'}",Turf,,22271.0,6.0,False,1.0,5.0,61.25,,,75.0,Maestro Del Mar,4.0,Colt,b,Grendisar,Aldara,12704.0,Billy Loughnane,I Mohammed & J Santos,False,0.38,8.0,S,,5.5,19,4.916842105263157,2.72,6.6,0.6710953546771516,50,4.6,4.6,3.5,3.0,0.0,5.0,4.6,2.0,10.0,0.0,0.4,0.2,6.1875,18.33333333333333,113.2,73.0,76.0,0.0,0.0,0.0,0.0,2.0,2.666666666666667,0.0,29.0,-100.0,75.0,9833.0,1405.0,0.0,23.0,4.0,17.0,,,,,,7,0.0,0.2857142857142857,5,0.0,0.4,2,0.0,0.5,0,0.0,,0,0.0,,0,0.0,,1,0.0,1.0,1,0.0,1.0,3,0.0,0.3333333333333333,3,0.0,0.3333333333333333,1,0.0,0.0,1,0.0,0.0,4,0.0,0.25,0,,,1,0.0,0.0,1,0.0,0.0,5,0.0,0.2,0.0,,0.8090909090909091,7,0.0,0.2857142857142857,0,,,0,,,0.18181818181818182,1.7047480922384253,0.0,0.789124384500107,0.2033825733247699,0.8333333333333334,0.16666666666666666,3711.8333333333335,1.6329931609665636,0.06909090909090909,0.5,3.0,0.6666666666666666,0.5,0.6666666666666666,0.18252449681872776,0.1425249797490327,4.0
Epsom Downs,2026-09-27,3,Hunt Family Fund Novice Stakes (Sponsored By Betfred) (Gbb Race),2027.0,"3YO to 4YO, Class 3, Class 3, Novice, NHF","{'eventId': '3438541', 'overall': 'Good', 'rating': None, 'surface': 'Turf', '__typename': 'TrackCondition'}",Turf,,22271.0,6.0,False,2.0,4.0,59.0,,,81.0,Red Red,3.0,Gelding,ch,Rerouted,Miss Wedge,0.0,Hector Crouch,G & J Moore,False,0.31,6.0,,,41.0,19,29.242105263157896,23.0,46.0,5.817425347447975,34,19.0,26.0,14.0,6.0,0.0,,4.6,2.0,,0.0,0.4,0.2,,12.2,25.8,,79.0,1.0,1.0,,0.0,,0.1666666666666667,0.0,0.0,0.0,79.0,0.0,0.0,11.0,21.0,5.0,10.0,,,,,,0,0.08,0.375,0,0.0,,0,0.0,,0,0.0,,0,0.0,,0,0.0,,0,0.0,,0,0.0,,0,0.0,,0,,,0,,,0,,,0,,,0,,,0,,,0,0.0,,0,0.0,,0.0,,0.8090909090909091,0,,,0,,,0,,,0.024390243902439025,3.713572066704308,0.3684210526315789,0.7865370770338372,0.03419726421886249,0.6666666666666666,0.3333333333333333,3711.8333333333335,0.4082482902416409,0.007560975609756097,0.3333333333333333,5.0,0.3333333333333333,0.5416666666666666,0.3333333333333333,0.18252449681872776,0.047791194383689235,5.0
Epsom Downs,2026-09-27,3,Hunt Family Fund Novice Stakes (Sponsored By Betfred) (Gbb Race),2027.0,"3YO to 4YO, Class 3, Class 3, Novice, NHF","{'eventId': '3438541', 'overall': 'Good', 'rating': None, 'surface': 'Turf', '__typename': 'TrackCondition'}",Turf,,22271.0,6.0,False,3.0,3.0,59.0,,,81.0,Rowlf,3.0,Gelding,b,Golden Horn,Buildmeupbuttercup,1436.0,Cieren Fallon,W J Haggas,False,0.67,3.0,,,2.5,19,2.504736842105263,2.3,3.5,0.2898886977164027,50,3.6,2.3,2.2,4.0,0.0,,4.6,2.0,,0.0,0.4,0.2,,12.2,25.8,,79.0,1.0,1.0,,0.0,,0.1666666666666667,0.0,0.0,0.0,79.0,0.0,0.0,23.0,21.0,5.0,10.0,,,,,,0,0.08,0.375,0,0.0,,0,0.0,,0,0.0,,0,0.0,,0,0.0,,0,0.0,,0,0.0,,0,0.0,,0,,,0,,,0,,,0,,,0,,,0,,,0,0.0,,0,0.0,,0.0,,0.8090909090909091,0,,,0,,,0,,,0.4,0.9162907318741551,-0.36111111111111116,0.4790922462702249,0.3992435385585207,0.5,0.5,3711.8333333333335,0.4082482902416409,0.268,0.6666666666666666,1.0,1.0,0.5416666666666666,0.3333333333333333,0.18252449681872776,0.33170319497218725,1.0
Epsom Downs,2026-09-27,3,Hunt Family Fund Novice Stakes (Sponsored By Betfred) (Gbb Race),2027.0,"3YO to 4YO, Class 3, Class 3, Novice, NHF","{'eventId': '3438541', 'overall': 'Good', 'rating': None, 'surface': 'Turf', '__typename': 'TrackCondition'}",Turf,,22271.0,6.0,False,4.0,2.0,56.75,,,74.0,Blue Noon,3.0,Filly,b,Blue Point,Moon Shaddow,33752.0,S M Levey,R Hannon,False,0.73,18.0,D,,2.62,19,2.438421052631579,1.1,2.88,0.3716005659433503,36,2.25,2.5,2.25,1.0,1.0,5.0,3.6,2.0,6.0,0.0,0.6,0.4,3.71,9.45,21.4,75.6,75.0,0.0,5.0,0.0,0.0,0.0,0.1666666666666665,0.0,50.0,-100.0,74.0,21527.0,2691.0,13.0,29.0,5.0,7.0,,,,,,8,0.0,0.5,7,0.0,0.5714285714285714,2,0.0,0.5,7,0.0,0.5714285714285714,0,0.0,,0,0.0,,8,0.0,0.5,0,0.0,,2,0.0,0.0,1,0.0,1.0,1,0.0,0.0,0,,,7,0.0,0.5714285714285714,1,0.0,0.0,0,,,1,0.0,0.0,7,0.0,0.5714285714285714,0.0,,0.8090909090909091,8,0.0,0.5,0,,,0,,,0.38167938931297707,0.9631743177730056,0.1111111111111111,0.7299805741420246,0.41010144614720484,0.3333333333333333,0.6666666666666666,3711.8333333333335,-0.8164965804832818,0.27862595419847325,0.8333333333333334,2.0,0.8333333333333334,0.875,0.8333333333333334,0.18252449681872776,0.2719297644508495,2.0
Epsom Downs,2026-09-27,3,Hunt Family Fund Novice Stakes (Sponsored By Betfred) (Gbb Race),2027.0,"3YO to 4YO, Class 3, Class 3, Novice, NHF","{'eventId': '3438541', 'overall': 'Good', 'rating': None, 'surface': 'Turf', '__typename': 'TrackCondition'}",Turf,,22271.0,6.0,False,5.0,1.0,56.75,,,81.0,Paraone,3.0,Filly,ch,Raven's Pass,Pom Pom Pom,0.0,George Wood,H Main,False,0.01,6.0,S,o,501.0,19,260.1421052631579,57.9,890.0,196.05206697198813,8,101.0,126.0,91.0,5.0,0.0,2.0,8.0,7.0,9.0,0.0,0.0,0.0,29.375,201.0,15.5,,79.0,0.0,1.0,0.0,0.0,1.0,0.1666666666666667,0.0,0.0,-100.0,79.0,0.0,0.0,9.0,13.0,7.0,301.0,,,,,,2,0.0,0.0,2,0.0,0.0,2,0.0,0.0,1,0.0,0.0,0,0.0,,0,0.0,,1,0.0,0.0,1,0.0,0.0,1,0.0,0.0,1,0.0,0.0,0,,,0,,,0,,,1,0.0,0.0,0,,,1,0.0,0.0,0,0.0,,0.0,,0.8090909090909091,2,0.0,0.0,0,,,0,,,0.001996007984031936,6.2166061010848646,0.24752475247524752,3.1986363728326626,0.003844052845610699,0.16666666666666666,0.8333333333333334,3711.8333333333335,-0.8164965804832818,1.996007984031936e-05,0.16666666666666666,6.0,0.16666666666666666,0.25,0.3333333333333333,0.18252449681872776,0.04128657690732,6.0
Epsom Downs,2026-09-27,3,Hunt Family Fund Novice Stakes (Sponsored By Betfred) (Gbb Race),2027.0,"3YO to 4YO, Class 3, Class 3, Novice, NHF","{'eventId': '3438541', 'overall': 'Good', 'rating': None, 'surface': 'Turf', '__typename': 'TrackCondition'}",Turf,,22271.0,6.0,False,6.0,6.0,56.75,,,73.0,Seacole,3.0,Filly,b,Sea The Stars,Crimean Queen,21601.0,Rossa Ryan,R M Beckett,False,1.0,25.0,S,,9.5,19,8.09578947368421,2.52,10.5,1.592516432335195,26,3.5,8.0,3.5,2.0,0.0,5.0,3.6,2.0,7.0,0.0,0.6,0.4,7.159999999999999,11.35,17.0,76.0,75.0,0.0,2.0,0.0,0.0,1.0,-2.333333333333333,0.0,60.0,-100.0,73.0,15862.0,3172.0,21.0,13.0,3.0,9.5,,,,,,5,0.0,0.6,5,0.0,0.6,2,0.0,0.5,2,0.0,0.5,0,0.0,,0,0.0,,4,0.0,0.75,1,0.0,0.0,1,0.0,1.0,1,0.0,0.0,1,0.0,1.0,0,,,3,0.0,0.6666666666666666,1,0.0,1.0,0,,,1,0.0,1.0,3,0.0,0.6666666666666666,0.0,,0.8090909090909091,5,0.0,0.6,0,,,0,,,0.10526315789473684,2.2512917986064953,1.2857142857142858,0.9856975685866598,0.12352099856975687,1.0,1.0,3711.8333333333335,-0.8164965804832818,0.10526315789473684,1.0,4.0,0.5,0.875,1.0,0.18252449681872776,0.1647642895369214,3.0
Curragh,2026-09-27,2,Izuzu Ireland Irish European Breeders Fund Maiden,1811.0,"2YO, Maiden","{'eventId': '3438555', 'overall': 'Soft', 'rating': None, 'surface': 'Turf', '__typename': 'TrackCondition'}",Turf,,35689.0,12.0,False,1.0,9.0,60.25,,,81.0,Alone All Alone,2.0,Colt,b,Ten Sovereigns,Dubai Cyclone,0.0,Ronan Whelan,Eoghan O'Neill,False,0.01,6.0,S,o,301.0,19,290.0684210526316,126.0,1000.0,249.7790961980344,28,151.0,126.0,61.0,9.0,0.0,1.0,15.0,15.0,15.0,0.0,0.0,0.0,13.4,34.0,0.0,,79.0,0.0,0.0,1.0,0.0,1.0,0.1666666666666667,0.0,0.0,-100.0,79.0,0.0,0.0,0.0,0.0,15.0,201.0,,,,,,1,0.0,0.0,1,0.0,0.0,1,0.0,0.0,0,0.0,,0,0.0,,0,0.0,,1,0.0,0.0,0,0.0,,1,0.0,0.0,0,,,0,,,0,,,0,,,1,0.0,0.0,0,,,1,0.0,0.0,0,0.0,,0.0,,0.8090909090909091,1,0.0,0.0,0,,,2,0.0,0.0,0.0033222591362126247,5.707110264748875,-0.16556291390728478,3.0130822129080252,0.003447462486164788,0.75,0.08333333333333333,2974.0833333333335,0.0,3.322259136212625e-05,0.125,10.5,0.20833333333333334,0.375,0.4166666666666667,0.10915287618107418,0.03302395236763225,6.0
Curragh,2026-09-27,2,Izuzu Ireland Irish European Breeders Fund Maiden,1811.0,"2YO, Maiden","{'eventId': '3438555', 'overall': 'Soft', 'rating': None, 'surface': 'Turf', '__typename': 'TrackCondition'}",Turf,,35689.0,12.0,False,3.0,1.0,60.25,,,81.0,Capability Brown,2.0,Colt,ch,Dubawi,Maybe,25703.0,Wayne Lordan,A P O'Brien,False,0.95,2.0,S,,5.75,19,5.12,1.1,7.5,1.4564882061784237,39,8.0,5.0,4.6,1.0,1.0,2.0,4.5,3.0,6.0,0.0,0.5,0.0,5.625,10.25,24.5,,79.0,0.0,0.0,2.0,0.0,1.0,0.1666666666666667,0.0,50.0,-100.0,79.0,4289.0,2145.0,16.0,0.0,3.0,5.0,,,,,,2,0.0,0.5,2,0.0,0.5,1,0.0,1.0,0,0.0,,0,0.0,,0,0.0,,2,0.0,0.5,0,0.0,,1,0.0,0.0,1,0.0,1.0,0,,,0,,,1,0.0,0.0,1,0.0,1.0,0,,,1,0.0,1.0,1,0.0,0.0,0.0,,0.8090909090909091,2,0.0,0.5,0,,,3,0.3333333333333333,0.6666666666666666,0.17391304347826086,1.749199854809259,-0.375,1.25,0.1953125,0.08333333333333333,0.25,2974.0833333333335,0.0,0.16521739130434782,0.9166666666666666,3.0,0.8333333333333334,0.8125,0.875,0.10915287618107418,0.10560674725300336,3.0
Curragh,2026-09-27,2,Izuzu Ireland Irish European Breeders Fund Maiden,1811.0,"2YO, Maiden","{'eventId': '3438555', 'overall': 'Soft', 'rating': None, 'surface': 'Turf', '__typename': 'TrackCondition'}",Turf,,35689.0,12.0,False,4.0,6.0,60.25,,,81.0,Cluster,2.0,Colt,b,Frankel,Shoal,10706.0,Colin Keane,J P O'Brien,False,0.87,6.0,S,,3.0,19,4.150000000000001,2.0,28.0,5.629223560557605,49,2.6,2.9,2.3,2.0,0.0,1.0,3.0,3.0,3.0,0.0,1.0,0.0,7.5,9.5,0.0,,79.0,1.0,0.0,1.0,0.0,1.0,0.1666666666666667,0.0,100.0,-100.0,79.0,3568.0,3568.0,8.0,0.0,3.0,3.0,,,,,,1,0.0,1.0,1,0.0,1.0,1,0.0,1.0,0,0.0,,1,0.0,1.0,0,0.0,,1,0.0,1.0,0,0.0,,1,0.0,1.0,0,,,0,,,0,,,1,0.0,1.0,0,,,0,,,0,0.0,,1,0.0,1.0,0.0,,0.8090909090909091,1,0.0,1.0,0,,,2,0.0,1.0,0.3333333333333333,1.0986122886681098,0.11538461538461531,6.265060240963853,0.24096385542168666,0.5,0.3333333333333333,2974.0833333333335,0.0,0.29,0.8333333333333334,2.0,0.9166666666666666,1.0,1.0,0.10915287618107418,0.25912794661080113,2.0
Curragh,2026-09-27,2,Izuzu Ireland Irish European Breeders Fund Maiden,1811.0,"2YO, Maiden","{'eventId': '3438555', 'overall': 'Soft', 'rating': None, 'surface': 'Turf', '__typename': 'TrackCondition'}",Turf,,35689.0,12.0,False,6.0,5.0,60.25,,,81.0,Darivan,2.0,Colt,b,Zarak,Dariyma,2060.0,Ben Coen,J P Murtagh,False,0.23,6.0,S,,26.0,19,124.0578947368421,13.0,1000.0,300.4552341045685,42,13.0,20.0,12.0,5.0,0.0,1.0,6.0,6.0,6.0,0.0,0.0,0.0,7.9,34.0,0.0,,79.0,1.0,0.0,1.0,0.0,1.0,0.1666666666666667,0.0,0.0,-100.0,79.0,991.0,991.0,13.0,0.0,6.0,21.0,,,,,,1,0.0,0.0,1,0.0,0.0,0,0.0,,0,0.0,,1,0.0,0.0,0,0.0,,1,0.0,0.0,0,0.0,,1,0.0,0.0,0,,,0,,,0,,,1,0.0,0.0,0,,,0,,,0,0.0,,1,0.0,0.0,0.0,,0.8090909090909091,1,0.0,0.0,0,,,2,0.0,0.0,0.038461538461538464,3.258096538021482,0.5384615384615384,7.955962835687922,0.008060752619744602,0.4166666666666667,0.5,2974.0833333333335,0.0,0.008846153846153847,0.5833333333333334,5.0,0.6666666666666666,0.375,0.4166666666666667,0.10915287618107418,0.04071284878760503,4.0
Curragh,2026-09-27,2,Izuzu Ireland Irish European Breeders Fund Maiden,1811.0,"2YO, Maiden","{'eventId': '3438555', 'overall': 'Soft', 'rating': None, 'surface': 'Turf', '__typename': 'TrackCondition'}",Turf,,35689.0,12.0,False,7.0,10.0,60.25,,-2.25,81.0,Greatest Knight,2.0,Colt,b,Camelot,Beautiful Illusion,714.0,Jack Cleary,A P O'Brien,False,0.42,1.0,,,41.0,19,82.48421052631579,17.0,1000.0,216.47555170858124,41,13.0,29.0,11.0,6.0,0.0,,4.6,2.0,,0.0,0.4,0.2,,12.2,25.8,,79.0,1.0,1.0,,0.0,,0.1666666666666667,0.0,0.0,0.0,79.0,0.0,0.0,15.0,21.0,5.0,10.0,,,,,,0,0.08,0.375,0,0.0,,0,0.0,,0,0.0,,0,0.0,,0,0.0,,0,0.0,,0,0.0,,0,0.0,,0,,,0,,,0,,,0,,,0,,,0,,,0,0.0,,0,0.0,,0.0,,0.8090909090909091,0,,,0,,,1,0.0,0.0,0.024390243902439025,3.713572066704308,1.2307692307692308,11.91743236345074,0.012123532414497193,0.8333333333333334,0.5833333333333334,2974.0833333333335,0.0,0.01024390243902439,0.75,7.5,0.4583333333333333,0.5416666666666666,0.4166666666666667,0.10915287618107418,0.035714685086371024,5.0
Curragh,2026-09-27,2,Izuzu Ireland Irish European Breeders Fund Maiden,1811.0,"2YO, Maiden","{'eventId': '3438555', 'overall': 'Soft', 'rating': None, 'surface': 'Turf', '__typename': 'TrackCondition'}",Turf,,35689.0,12.0,False,8.0,12.0,60.25,,,81.0,Kingdom Of Camelot,2.0,Colt,b,Camelot,Peinture Secrete,3569.0,R L Moore,A P O'Brien,False,1.0,3.0,S,,1.83,19,106.8857894736842,1.75,1000.0,306.33565878857354,47,2.7,1.75,1.5,4.0,0.0,1.0,4.0,4.0,4.0,0.0,0.0,0.0,8.75,19.0,0.0,,79.0,1.0,0.0,1.0,0.0,1.0,0.1666666666666667,0.0,0.0,-100.0,79.0,1784.0,1784.0,27.0,0.0,4.0,1.83,,,,,,1,0.0,0.0,1,0.0,0.0,1,0.0,0.0,0,0.0,,1,0.0,0.0,0,0.0,,1,0.0,0.0,0,0.0,,1,0.0,0.0,0,,,0,,,0,,,1,0.0,0.0,0,,,0,,,0,0.0,,1,0.0,0.0,0.0,,0.8090909090909091,1,0.0,0.0,0,,,2,0.0,0.0,0.5464480874316939,0.6043159668533296,-0.3518518518518519,9.339408025290153,0.009355780641412625,1.0,0.6666666666666666,2974.0833333333335,0.0,0.5464480874316939,1.0,1.0,1.0,0.375,0.4166666666666667,0.10915287618107418,0.440549792901052,1.0
Curragh,2026-09-27,2,Izuzu Ireland Irish European Breeders Fund Maiden,1811.0,"2YO, Maiden","{'eventId': '3438555', 'overall': 'Soft', 'rating': None, 'surface': 'Turf', '__typename': 'TrackCondition'}",Turf,,35689.0,12.0,False,9.0,3.0,60.25,,,81.0,Lumierebleu,2.0,Colt,b,Blue Point,Faradays Law,0.0,Seamie Heffernan,J P Murtagh,False,0.13,6.0,S,o,351.0,19,232.14736842105265,110.6,1000.0,194.5684113714277,19,201.0,126.0,51.0,8.0,0.0,1.0,12.0,12.0,12.0,0.0,0.0,0.0,20.45,101.0,0.0,,79.0,1.0,0.0,1.0,0.0,1.0,0.1666666666666667,0.0,0.0,-100.0,79.0,0.0,0.0,4.0,0.0,12.0,151.0,,,,,,1,0.0,0.0,1,0.0,0.0,1,0.0,0.0,0,0.0,,1,0.0,0.0,0,0.0,,1,0.0,0.0,0,0.0,,1,0.0,0.0,0,,,0,,,0,,,1,0.0,0.0,0,,,0,,,0,0.0,,1,0.0,0.0,0.0,,0.8090909090909091,1,0.0,0.0,0,,,2,0.0,0.0,0.002849002849002849,5.860786223465865,-0.373134328358209,3.831187086242858,0.004307608597079894,0.25,0.75,2974.0833333333335,0.0,0.0003703703703703704,0.5,12.0,0.08333333333333333,0.375,0.4166666666666667,0.10915287618107418,0.02803237880008857,8.0
Curragh,2026-09-27,2,Izuzu Ireland Irish European Breeders Fund Maiden,1811.0,"2YO, Maiden","{'eventId': '3438555', 'overall': 'Soft', 'rating': None, 'surface': 'Turf', '__typename': 'TrackCondition'}",Turf,,35689.0,12.0,False,10.0,2.0,60.25,,,81.0,Silent Kingdom,2.0,Colt,b,No Nay Never,Vadariya,0.0,Billy Lee,D Dias,False,0.07,6.0,,,41.0,19,86.60526315789474,29.0,1000.0,215.3921502593625,34,21.0,29.0,20.0,7.0,0.0,,4.6,2.0,,0.0,0.4,0.2,,12.2,25.8,,79.0,1.0,1.0,,0.0,,0.1666666666666667,0.0,0.0,0.0,79.0,0.0,0.0,0.0,21.0,5.0,10.0,,,,,,0,0.08,0.375,0,0.0,,0,0.0,,0,0.0,,0,0.0,,0,0.0,,0,0.0,,0,0.0,,0,0.0,,0,,,0,,,0,,,0,,,0,,,0,,,0,0.0,,0,0.0,,0.0,,0.8090909090909091,0,,,0,,,1,0.0,0.0,0.024390243902439025,3.713572066704308,0.38095238095238093,11.211789729565481,0.011546642357945914,0.16666666666666666,0.8333333333333334,2974.0833333333335,0.0,0.001707317073170732,0.2916666666666667,7.5,0.4583333333333333,0.5416666666666666,0.4166666666666667,0.10915287618107418,0.026577575483520407,9.0
Curragh,2026-09-27,2,Izuzu Ireland Irish European Breeders Fund Maiden,1811.0,"2YO, Maiden","{'eventId': '3438555', 'overall': 'Soft', 'rating': None, 'surface': 'Turf', '__typename': 'TrackCondition'}",Turf,,35689.0,12.0,False,12.0,11.0,60.25,,,81.0,Warrawood,2.0,Colt,b,Space Blues,Albamara,3569.0,Scott McCullagh,Daniel McLoughlin,False,0.01,6.0,,,81.0,19,118.3894736842105,7.6,1000.0,208.6006961050525,34,34.0,61.0,31.0,3.0,0.0,,4.6,2.0,,0.0,0.4,0.2,,12.2,25.8,,79.0,1.0,1.0,,0.0,,0.1666666666666667,0.0,0.0,0.0,79.0,0.0,0.0,7.0,21.0,5.0,10.0,,,,,,0,0.08,0.375,0,0.0,,0,0.0,,0,0.0,,0,0.0,,0,0.0,,0,0.0,,0,0.0,,0,0.0,,0,,,0,,,0,,,0,,,0,,,0,,,0,0.0,,0,0.0,,0.0,,0.8090909090909091,0,,,0,,,1,0.0,1.0,0.012345679012345678,4.394449154672439,0.7941176470588235,8.382502000533478,0.0084466968969503,0.9166666666666666,1.0,2974.0833333333335,0.0,0.0001234567901234568,0.125,9.0,0.3333333333333333,0.5416666666666666,0.4166666666666667,0.10915287618107418,0.030654072709926306,7.0
Curragh,2026-09-27,7,Kwiff More Bang For Your Bet Nursery Handicap,1408.0,"2YO, Handicap","{'eventId': '3438560', 'overall': 'Soft', 'rating': None, 'surface': 'Turf', '__typename': 'TrackCondition'}",Turf,,34070.0,12.0,False,1.0,2.0,62.5,,-2.25,80.0,Our Boy Bailey,2.0,Gelding,b,Bayside Boy,Zaafran,9916.0,Keithen Kennedy,J Harrington,False,0.67,8.0,S,,10.0,19,61.79473684210527,8.0,1000.0,221.13947366855248,35,8.5,8.0,7.0,8.0,0.0,4.0,6.0,2.0,11.0,0.0,0.25,0.25,8.8375,14.5625,32.0,,79.0,0.0,1.0,0.0,0.0,1.0,1.0,0.0,25.0,-100.0,80.0,9916.0,2479.0,9.0,10.0,4.0,9.5,,,,,,4,0.0,0.25,4,0.0,0.25,1,0.0,0.0,1,0.0,0.0,0,0.0,,0,0.0,,4,0.0,0.25,0,0.0,,1,0.0,1.0,1,0.0,0.0,1,0.0,0.0,0,,,2,0.0,0.5,2,0.0,0.0,0,,,2,0.0,0.0,2,0.0,0.5,0.0,,0.8090909090909091,4,0.0,0.25,0,,,0,,,0.1,2.302585092994046,-0.058823529411764705,16.053147091389146,0.01618260795502938,0.16666666666666666,0.08333333333333333,2839.1666666666665,1.693606063957707,0.067,0.75,4.0,0.75,0.9166666666666666,0.9166666666666666,0.1017179318211666,0.08605517035724165,4.0
Curragh,2026-09-27,7,Kwiff More Bang For Your Bet Nursery Handicap,1408.0,"2YO, Handicap","{'eventId': '3438560', 'overall': 'Soft', 'rating': None, 'surface': 'Turf', '__typename': 'TrackCondition'}",Turf,,34070.0,12.0,False,2.0,3.0,61.25,,,77.0,Moon Sand,2.0,Colt,g,Sea The Moon,Laylana,21154.0,J M Sheridan,J P O'Brien,False,0.5,2.0,S,,3.8,19,3.7605263157894737,1.1,5.2,0.8624596020086697,50,6.5,3.25,2.55,1.0,1.0,3.0,8.0,6.0,9.0,0.0,0.0,0.0,10.166666666666666,99.66666666666669,10.666666666666666,,79.0,2.0,0.0,0.0,0.0,1.0,1.5,0.0,0.0,-100.0,77.0,713.0,238.0,18.0,10.0,6.0,67.0,,,,,,3,0.0,0.0,3,0.0,0.0,3,0.0,0.0,0,0.0,,2,0.0,0.0,0,0.0,,3,0.0,0.0,0,0.0,,1,0.0,0.0,1,0.0,0.0,1,0.0,0.0,0,,,2,0.0,0.0,1,0.0,0.0,0,,,1,0.0,0.0,2,0.0,0.0,0.0,,0.8090909090909091,3,0.0,0.0,0,,,0,,,0.2631578947368421,1.33500106673234,-0.5,1.0902729181245625,0.26592022393282017,0.25,0.16666666666666666,2839.1666666666665,1.2419777802356518,0.13157894736842105,0.6666666666666666,2.0,0.9166666666666666,0.3333333333333333,0.3333333333333333,0.1017179318211666,0.11133638892277178,3.0
Curragh,2026-09-27,7,Kwiff More Bang For Your Bet Nursery Handicap,1408.0,"2YO, Handicap","{'eventId': '3438560', 'overall': 'Soft', 'rating': None, 'surface': 'Turf', '__typename': 'TrackCondition'}",Turf,,34070.0,12.0,False,3.0,10.0,60.75,,,76.0,Romance,2.0,Filly,g,Kendargent,Romance Story,30183.0,Andrew Slattery,J Halley,False,1.0,26.0,S,dn,3.9,19,56.444736842105264,3.7,1000.0,222.3984279660557,33,3.5,3.7,3.5,2.0,0.0,5.0,4.8,1.0,10.0,0.2,0.4,0.4,5.5600000000000005,51.9,26.6,72.0,76.0,0.0,3.0,1.0,0.0,2.0,5.5,20.0,40.0,60.0,76.0,23369.0,4674.0,6.0,5.0,2.0,7.5,,,,,,5,0.2,0.4,5,0.2,0.4,4,0.25,0.5,3,0.3333333333333333,0.3333333333333333,0,0.0,,0,0.0,,5,0.2,0.4,0,0.0,,2,0.0,0.0,1,0.0,0.0,1,1.0,1.0,0,,,3,0.3333333333333333,0.3333333333333333,2,0.0,0.5,0,,,2,0.0,0.5,3,0.3333333333333333,0.3333333333333333,0.0,,0.8090909090909091,5,0.2,0.4,0,,,1,1.0,1.0,0.25641025641025644,1.3609765531356006,0.0571428571428572,17.650892815515874,0.017716443657046946,0.8333333333333334,0.25,2839.1666666666665,1.0613264667468296,0.25641025641025644,1.0,3.0,0.8333333333333334,1.0,1.0,0.1017179318211666,0.2518597993526979,2.0
Curragh,2026-09-27,7,Kwiff More Bang For Your Bet Nursery Handicap,1408.0,"2YO, Handicap","{'eventId': '3438560', 'overall': 'Soft', 'rating': None, 'surface': 'Turf', '__typename': 'TrackCondition'}",Turf,,34070.0,12.0,False,5.0,7.0,58.0,,,70.0,Gabby Hayes,2.0,Gelding,b,Space Traveller,Poker Hospital,5097.0,Colin Keane,N Meade,False,0.44,1.0,S,,23.0,19,70.81052631578946,9.0,1000.0,219.05837216484665,28,8.5,19.0,7.5,3.0,0.0,3.0,7.0,6.0,9.0,0.0,0.0,0.0,7.45,47.66666666666666,11.333333333333334,,79.0,0.0,2.0,0.0,0.0,1.0,3.0,0.0,0.0,-100.0,70.0,1689.0,563.0,13.0,22.0,6.0,51.0,,,,,,3,0.0,0.0,3,0.0,0.0,3,0.0,0.0,2,0.0,0.0,0,0.0,,0,0.0,,3,0.0,0.0,0,0.0,,1,0.0,0.0,1,0.0,0.0,1,0.0,0.0,0,,,3,0.0,0.0,0,,,0,,,0,0.0,,3,0.0,0.0,0.0,,0.8090909090909091,3,0.0,0.0,0,,,0,,,0.043478260869565216,3.1354942159291497,1.2352941176470589,13.995094395718748,0.014122194143005801,0.5833333333333334,0.4166666666666667,2839.1666666666665,0.06774424255830828,0.019130434782608695,0.5833333333333334,8.0,0.4166666666666667,0.3333333333333333,0.3333333333333333,0.1017179318211666,0.04066023251009889,9.0
Curragh,2026-09-27,7,Kwiff More Bang For Your Bet Nursery Handicap,1408.0,"2YO, Handicap","{'eventId': '3438560', 'overall': 'Soft', 'rating': None, 'surface': 'Turf', '__typename': 'TrackCondition'}",Turf,,34070.0,12.0,False,6.0,8.0,57.5,,,69.0,Closefield Beau,2.0,Gelding,b,Nando Parrado,Dawaa,1703.0,Ben Coen,Daniel McLoughlin,False,0.14,6.0,S,,13.0,19,20.57368421052632,7.8,190.0,39.97599071686672,38,12.0,10.0,9.0,4.0,0.0,3.0,8.333333333333334,7.0,10.0,0.0,0.0,0.0,11.45,181.0,24.33333333333333,,79.0,0.0,3.0,0.0,0.0,1.0,2.5,0.0,0.0,-100.0,69.0,0.0,0.0,11.0,26.0,8.0,301.0,,,,,,3,0.0,0.0,3,0.0,0.0,2,0.0,0.0,3,0.0,0.0,0,0.0,,0,0.0,,3,0.0,0.0,0,0.0,,1,0.0,0.0,1,0.0,0.0,1,0.0,0.0,0,,,2,0.0,0.0,1,0.0,0.0,0,,,1,0.0,0.0,2,0.0,0.0,0.0,,0.8090909090909091,3,0.0,0.0,0,,,0,,,0.07692307692307693,2.5649493574615367,-0.16666666666666666,8.855973394730107,0.04860578152980301,0.6666666666666666,0.5,2839.1666666666665,-0.1129070709305138,0.01076923076923077,0.3333333333333333,5.0,0.6666666666666666,0.3333333333333333,0.3333333333333333,0.1017179318211666,0.040946591565470446,7.0
Curragh,2026-09-27,7,Kwiff More Bang For Your Bet Nursery Handicap,1408.0,"2YO, Handicap","{'eventId': '3438560', 'overall': 'Soft', 'rating': None, 'surface': 'Turf', '__typename': 'TrackCondition'}",Turf,,34070.0,12.0,False,7.0,12.0,56.75,,,67.0,Matavai Bay,2.0,Filly,b,Dandy Man,Westfalica,1699.0,Chris Hayes,Kevin Coleman,False,0.08,6.0,S,,21.0,19,28.32631578947369,17.0,200.0,40.532155423425216,33,15.0,17.0,14.0,7.0,0.0,3.0,7.0,5.0,10.0,0.0,0.0,0.0,9.516666666666667,75.66666666666667,8.333333333333334,,79.0,0.0,1.0,0.0,0.0,1.0,4.5,0.0,0.0,-100.0,67.0,1699.0,566.0,0.0,39.0,5.0,126.0,,,,,,3,0.0,0.0,3,0.0,0.0,2,0.0,0.0,1,0.0,0.0,0,0.0,,0,0.0,,3,0.0,0.0,0,0.0,,1,0.0,0.0,1,0.0,0.0,1,0.0,0.0,0,,,2,0.0,0.0,1,0.0,0.0,0,,,1,0.0,0.0,2,0.0,0.0,0.0,,0.8090909090909091,3,0.0,0.0,0,,,0,,,0.047619047619047616,3.044522437723423,0.13333333333333333,6.460423634336677,0.035302861389817905,1.0,0.5833333333333334,2839.1666666666665,-0.3838840411637469,0.0038095238095238095,0.16666666666666666,6.0,0.5833333333333334,0.3333333333333333,0.3333333333333333,0.1017179318211666,0.04671865821631937,6.0
Curragh,2026-09-27,7,Kwiff More Bang For Your Bet Nursery Handicap,1408.0,"2YO, Handicap","{'eventId': '3438560', 'overall': 'Soft', 'rating': None, 'surface': 'Turf', '__typename': 'TrackCondition'}",Turf,,34070.0,12.0,False,8.0,11.0,56.25,,-3.25,66.0,Exchange Student,2.0,Filly,b,Extreme Choice,Sweet Strike,22101.0,Julian Pietropaolo,J A Stack,False,0.12,16.0,S,tcdn,3.6,19,55.82631578947368,2.4,1000.0,222.54459243771504,44,5.0,3.3,3.3,6.0,0.0,5.0,7.6,1.0,15.0,0.2,0.2,0.2,10.82,87.3,18.0,55.5,55.0,2.0,2.0,2.0,0.0,1.0,8.5,20.0,20.0,100.0,66.0,21420.0,4284.0,50.0,29.0,1.0,10.0,,,,,,5,0.2,0.2,5,0.2,0.2,2,0.5,0.5,2,0.5,0.5,2,0.5,0.5,2,0.5,0.5,5,0.2,0.2,0,0.0,,1,0.0,0.0,1,0.0,0.0,1,0.0,0.0,0,,,3,0.3333333333333333,0.3333333333333333,2,0.0,0.0,0,,,2,0.0,0.0,3,0.3333333333333333,0.3333333333333333,0.0,,0.8090909090909091,5,0.2,0.2,0,,,2,0.5,0.5,0.2777777777777778,1.2809338454620642,-0.34,17.869708682945227,0.01791269916093146,0.9166666666666666,0.6666666666666666,2839.1666666666665,-0.564535354652569,0.03333333333333333,0.25,1.0,1.0,0.75,0.7916666666666666,0.1017179318211666,0.28967459985317634,1.0
Curragh,2026-09-27,7,Kwiff More Bang For Your Bet Nursery Handicap,1408.0,"2YO, Handicap","{'eventId': '3438560', 'overall': 'Soft', 'rating': None, 'surface': 'Turf', '__typename': 'TrackCondition'}",Turf,,34070.0,12.0,False,10.0,4.0,55.75,,-3.25,65.0,Two Brigade,2.0,Colt,br,Invincible Army,Faithful Duchess,5932.0,Reese Holohan,M O'Callaghan,False,0.9,5.0,S,,31.0,19,76.48421052631579,9.5,1000.0,217.75636135044888,34,7.5,23.0,7.0,9.0,0.0,5.0,5.4,2.0,8.0,0.0,0.2,0.2,8.56,26.0,33.4,67.33333333333333,64.0,0.0,0.0,3.0,0.0,0.0,2.333333333333333,0.0,17.0,-100.0,65.0,5932.0,989.0,25.0,10.0,2.0,11.0,,,,,,6,0.0,0.1666666666666666,6,0.0,0.1666666666666666,3,0.0,0.3333333333333333,0,0.0,,1,0.0,0.0,0,0.0,,6,0.0,0.1666666666666666,0,0.0,,1,0.0,0.0,1,0.0,0.0,1,0.0,0.0,0,,,3,0.0,0.0,3,0.0,0.3333333333333333,0,,,3,0.0,0.3333333333333333,3,0.0,0.0,0.0,,0.8090909090909091,6,0.0,0.1666666666666666,0,,,3,0.0,0.3333333333333333,0.03225806451612903,3.4339872044851463,2.066666666666667,12.95038535645472,0.01307459399944949,0.3333333333333333,0.8333333333333334,2839.1666666666665,-0.7451866681413911,0.02903225806451613,0.8333333333333334,10.0,0.25,0.75,0.6666666666666666,0.1017179318211666,0.055949706301103935,5.0
Curragh,2026-09-27,7,Kwiff More Bang For Your Bet Nursery Handicap,1408.0,"2YO, Handicap","{'eventId': '3438560', 'overall': 'Soft', 'rating': None, 'surface': 'Turf', '__typename': 'TrackCondition'}",Turf,,34070.0,12.0,False,11.0,5.0,54.5,,-3.25,62.0,Supreme Act,2.0,Gelding,b,Supremacy,Rosa Albertine,1022.0,Jimmy Dalton,A Slattery,False,0.01,6.0,S,,23.0,19,73.93684210526314,15.0,1000.0,218.31411510295345,34,15.0,19.0,14.0,5.0,0.0,4.0,8.5,7.0,11.0,0.0,0.0,0.0,10.3625,58.5,22.25,65.0,65.0,0.0,2.0,1.0,0.0,1.0,-2.0,0.0,0.0,-100.0,62.0,0.0,0.0,5.0,10.0,8.0,13.0,,,,,,4,0.0,0.0,4,0.0,0.0,2,0.0,0.0,2,0.0,0.0,0,0.0,,0,0.0,,4,0.0,0.0,0,0.0,,1,0.0,0.0,1,0.0,0.0,1,0.0,0.0,0,,,2,0.0,0.0,2,0.0,0.0,0,,,2,0.0,0.0,2,0.0,0.0,0.0,,0.8090909090909091,4,0.0,0.0,0,,,1,0.0,0.0,0.043478260869565216,3.1354942159291497,0.26666666666666666,13.32218109339408,0.013525056947608204,0.4166666666666667,0.9166666666666666,2839.1666666666665,-1.1968149518634463,0.0004347826086956522,0.08333333333333333,8.0,0.4166666666666667,0.3333333333333333,0.3333333333333333,0.1017179318211666,0.03595652303642054,10.0
Curragh,2026-09-27,7,Kwiff More Bang For Your Bet Nursery Handicap,1408.0,"2YO, Handicap","{'eventId': '3438560', 'overall': 'Soft', 'rating': None, 'surface': 'Turf', '__typename': 'TrackCondition'}",Turf,,34070.0,12.0,False,12.0,6.0,54.0,,,53.0,Somethingaboutlove,2.0,Filly,b,Soldier's Call,Le Freak,1618.0,Rory Cleary,C W J Farrell,False,0.21,6.0,S,,151.0,19,163.46842105263156,51.0,1000.0,203.048775713028,22,51.0,101.0,41.0,10.0,0.0,3.0,6.0,4.0,8.0,0.0,0.0,0.0,8.299999999999999,69.66666666666667,6.333333333333333,,79.0,0.0,1.0,0.0,0.0,1.0,0.0,0.0,0.0,-100.0,53.0,1618.0,539.0,5.0,5.0,4.0,41.0,,,,,,3,0.0,0.0,3,0.0,0.0,3,0.0,0.0,1,0.0,0.0,0,0.0,,0,0.0,,3,0.0,0.0,0,0.0,,1,0.0,0.0,1,0.0,0.0,1,0.0,0.0,0,,,3,0.0,0.0,0,,,0,,,0,0.0,,3,0.0,0.0,0.0,,0.8090909090909091,3,0.0,0.0,0,,,0,,,0.006622516556291391,5.017279836814924,0.9803921568627451,5.805402620818443,0.006117389484529445,0.5,1.0,2839.1666666666665,-1.3774662653522685,0.001390728476821192,0.4166666666666667,12.0,0.08333333333333333,0.3333333333333333,0.3333333333333333,0.1017179318211666,0.04084232988469919,8.0
Curragh,2026-09-27,8,Kwiff Supercharged Betting (Q.r.) Handicap,2012.0,"3YO+, Handicap","{'eventId': '3438561', 'overall': 'Soft', 'rating': None, 'surface': 'Turf', '__typename': 'TrackCondition'}",Turf,,29203.0,24.0,False,1.0,9.0,78.0,,-3.25,72.0,Kimy,6.0,Mare,b,Barastraight,Minimiss,72624.0,C Mullins,T Mullins,False,0.14,1.0,S,n,81.0,19,118.45263157894736,41.0,1000.0,208.95769244016097,19,26.0,51.0,26.0,15.0,0.0,5.0,6.8,2.0,10.0,0.0,0.2,0.2,13.23,33.2,18.0,74.5,74.0,0.0,0.0,0.0,0.0,0.0,-1.166666666666667,4.0,29.0,-86.0,72.0,72624.0,2594.0,6.0,44.0,6.0,17.0,,,,,,28,0.0357142857142857,0.2857142857142857,11,0.0,0.2727272727272727,1,0.0,0.0,0,0.0,,0,0.0,,0,0.0,,20,0.0,0.25,0,0.0,,4,0.0,0.0,5,0.0,0.8,3,0.0,0.0,0,,,12,0.0833333333333333,0.4166666666666667,14,0.0,0.2142857142857142,2,0.0,0.0,16,0.0,0.1875,12,0.0833333333333333,0.4166666666666667,1.0,0.0,0.0,28,0.0357142857142857,0.2857142857142857,0,,,0,,,0.012345679012345678,4.394449154672439,0.9615384615384616,8.096063272016352,0.008442193192926332,0.375,0.041666666666666664,1216.7916666666667,1.7866078924502296,0.0017283950617283952,0.3125,22.0,0.125,0.5416666666666666,0.7083333333333334,0.06385942740630794,0.022188503247243165,11.0
Curragh,2026-09-27,8,Kwiff Supercharged Betting (Q.r.) Handicap,2012.0,"3YO+, Handicap","{'eventId': '3438561', 'overall': 'Soft', 'rating': None, 'surface': 'Turf', '__typename': 'TrackCondition'}",Turf,,29203.0,24.0,False,2.0,7.0,77.5,,,71.0,Justenzia,4.0,Filly,b,Ghaiyyath,Renzia,35951.0,H C Swan,D Hogan,False,0.53,4.0,S,sn,5.5,19,57.45526315789474,2.9,1000.0,222.1610848098247,30,9.0,4.8,4.6,2.0,0.0,5.0,9.0,2.0,15.0,0.0,0.2,0.2,18.9,15.0,22.6,71.8,68.0,0.0,0.0,5.0,0.0,0.0,5.0,6.0,29.0,-71.0,71.0,30111.0,1771.0,8.0,28.0,2.0,9.0,,,,,,17,0.0588235294117647,0.2941176470588235,9,0.0,0.3333333333333333,1,0.0,1.0,1,0.0,1.0,1,0.0,0.0,0,0.0,,13,0.0769230769230769,0.3846153846153846,0,0.0,,4,0.0,0.25,4,0.25,0.75,3,0.0,0.0,0,,,11,0.0,0.1818181818181818,5,0.2,0.6,1,0.0,0.0,6,0.1666666666666666,0.5,11,0.0,0.1818181818181818,2.0,0.0,0.5,17,0.0588235294117647,0.2941176470588235,0,,,12,0.0833333333333333,0.3333333333333333,0.18181818181818182,1.7047480922384253,-0.4666666666666667,17.354371822470572,0.01740484587550955,0.2916666666666667,0.08333333333333333,1216.7916666666667,1.6213724804317113,0.09636363636363637,0.875,2.0,0.9583333333333334,0.5416666666666666,0.7083333333333334,0.06385942740630794,0.06265328946963264,4.0
Curragh,2026-09-27,8,Kwiff Supercharged Betting (Q.r.) Handicap,2012.0,"3YO+, Handicap","{'eventId': '3438561', 'overall': 'Soft', 'rating': None, 'surface': 'Turf', '__typename': 'TrackCondition'}",Turf,,29203.0,24.0,False,3.0,23.0,77.0,,-3.25,70.0,No More Porter,8.0,Gelding,b,Elzaam,Zaziyra,266442.0,J Dunne,A McGuinness,False,0.6,8.0,S,tsn,12.0,19,11.694736842105264,8.8,17.0,2.2359440921855587,39,13.0,9.0,9.0,7.0,0.0,5.0,6.2,3.0,11.0,0.0,0.2,0.0,4.9,7.4,10.4,73.2,72.0,1.0,0.0,5.0,1.0,0.0,2.833333333333333,5.0,35.0,-70.0,70.0,266442.0,4037.0,0.0,12.0,5.0,10.0,,,,,,66,0.0454545454545454,0.3484848484848485,16,0.0,0.375,4,0.0,0.25,1,0.0,0.0,27,0.1111111111111111,0.4444444444444444,1,0.0,0.0,40,0.0,0.325,6,0.0,0.1666666666666666,7,0.0,0.2857142857142857,7,0.0,0.1428571428571428,6,0.1666666666666666,0.5,0,,,31,0.0,0.3548387096774194,22,0.1363636363636363,0.3636363636363636,7,0.0,0.4285714285714285,29,0.1034482758620689,0.3793103448275862,31,0.0,0.3548387096774194,6.0,0.1666666666666666,0.3333333333333333,66,0.0454545454545454,0.3484848484848485,0,,,50,0.02,0.32,0.08333333333333333,2.4849066497880004,-0.3076923076923077,0.7011701170117011,0.0855085508550855,0.9583333333333334,0.125,1216.7916666666667,1.456137068413193,0.049999999999999996,0.9166666666666666,7.0,0.75,0.5416666666666666,0.9583333333333334,0.06385942740630794,0.05329004737111429,5.0
Curragh,2026-09-27,8,Kwiff Supercharged Betting (Q.r.) Handicap,2012.0,"3YO+, Handicap","{'eventId': '3438561', 'overall': 'Soft', 'rating': None, 'surface': 'Turf', '__typename': 'TrackCondition'}",Turf,,29203.0,24.0,False,4.0,10.0,75.25,,-3.25,66.0,Alfalfa,8.0,Gelding,b,Sir Prancealot,Mrs Popple,51548.0,D Doyle,T Doyle,False,0.14,3.0,S,tson,41.0,19,36.57368421052632,9.6,70.0,10.613637806107024,47,19.0,31.0,18.0,6.0,0.0,5.0,7.2,1.0,21.0,0.2,0.2,0.2,9.68,16.9,71.8,65.0,69.0,3.0,2.0,5.0,0.0,2.0,-6.333333333333333,8.0,27.0,-60.0,66.0,50962.0,1960.0,3.0,340.0,21.0,13.0,,,,,,26,0.0769230769230769,0.2692307692307692,3,0.3333333333333333,0.3333333333333333,0,0.0,,5,0.0,0.2,5,0.2,0.2,4,0.0,0.0,21,0.0952380952380952,0.2857142857142857,1,0.0,0.0,7,0.0,0.1428571428571428,5,0.0,0.0,5,0.2,0.4,0,,,9,0.0,0.0,14,0.1428571428571428,0.5,2,0.0,0.0,16,0.125,0.4375,9,0.0,0.0,3.0,0.3333333333333333,0.6666666666666666,26,0.0769230769230769,0.2692307692307692,0,,,24,0.0833333333333333,0.2916666666666667,0.024390243902439025,3.713572066704308,0.631578947368421,1.6514606418189668,0.027342063606274284,0.4166666666666667,0.16666666666666666,1216.7916666666667,0.8778131263483787,0.003414634146341464,0.3125,16.0,0.375,0.5416666666666666,0.625,0.06385942740630794,0.027030404941157774,10.0
Curragh,2026-09-27,8,Kwiff Supercharged Betting (Q.r.) Handicap,2012.0,"3YO+, Handicap","{'eventId': '3438561', 'overall': 'Soft', 'rating': None, 'surface': 'Turf', '__typename': 'TrackCondition'}",Turf,,29203.0,24.0,False,5.0,21.0,75.25,,-2.25,66.0,Chipsrdown,4.0,Filly,b,Kodi Bear,Casino Girl,29827.0,A P Ryan,A Slattery,False,1.0,25.0,S,sn,5.75,19,5.56578947368421,4.6,7.6,1.0047325687097233,34,4.2,4.6,3.9,13.0,0.0,5.0,3.6,1.0,11.0,0.4,0.8,0.6,2.99,7.65,31.4,56.4,58.0,0.0,0.0,5.0,2.0,1.0,4.333333333333333,22.0,56.0,-14.0,66.0,29827.0,3314.0,18.0,8.0,1.0,3.25,,,,,,9,0.2222222222222222,0.5555555555555556,6,0.3333333333333333,0.6666666666666666,1,1.0,1.0,0,0.0,,0,0.0,,0,0.0,,9,0.2222222222222222,0.5555555555555556,0,0.0,,3,0.3333333333333333,0.3333333333333333,2,0.0,0.0,2,0.0,1.0,0,,,5,0.2,0.4,4,0.25,0.75,0,,,4,0.25,0.75,5,0.2,0.4,2.0,1.0,1.0,9,0.2222222222222222,0.5555555555555556,0,,,6,0.3333333333333333,0.6666666666666666,0.17391304347826086,1.749199854809259,0.09523809523809511,0.5390070921985817,0.17966903073286056,0.875,0.20833333333333334,1216.7916666666667,0.8778131263483787,0.17391304347826086,1.0,3.0,0.9166666666666666,1.0,1.0,0.06385942740630794,0.20664064910702143,2.0
Curragh,2026-09-27,8,Kwiff Supercharged Betting (Q.r.) Handicap,2012.0,"3YO+, Handicap","{'eventId': '3438561', 'overall': 'Soft', 'rating': None, 'surface': 'Turf', '__typename': 'TrackCondition'}",Turf,,29203.0,24.0,False,7.0,16.0,74.5,,-3.25,64.0,It's Good To Talk,5.0,Gelding,g,Caravaggio,Hikari,4006.0,O M Queally,E Mullins,False,0.1,6.0,S,o,41.0,19,35.53157894736842,15.0,85.0,14.474480360878296,28,19.0,31.0,16.0,8.0,0.0,5.0,11.8,9.0,17.0,0.0,0.0,0.0,20.2,66.4,38.8,61.0,61.0,0.0,1.0,0.0,0.0,1.0,-2.833333333333334,0.0,17.0,-100.0,64.0,4006.0,668.0,0.0,22.0,17.0,101.0,,,,,,6,0.0,0.1666666666666666,6,0.0,0.1666666666666666,1,0.0,0.0,1,0.0,0.0,0,0.0,,0,0.0,,6,0.0,0.1666666666666666,0,0.0,,2,0.0,0.5,1,0.0,0.0,1,0.0,0.0,0,,,3,0.0,0.0,3,0.0,0.3333333333333333,0,,,3,0.0,0.3333333333333333,3,0.0,0.0,0.0,,0.8090909090909091,6,0.0,0.1666666666666666,0,,,0,,,0.024390243902439025,3.713572066704308,0.631578947368421,1.9700785068878683,0.02814397866982669,0.6666666666666666,0.2916666666666667,1216.7916666666667,0.6299600083206012,0.002439024390243903,0.1875,16.0,0.375,0.1875,0.3541666666666667,0.06385942740630794,0.021663324318900494,13.0
Curragh,2026-09-27,8,Kwiff Supercharged Betting (Q.r.) Handicap,2012.0,"3YO+, Handicap","{'eventId': '3438561', 'overall': 'Soft', 'rating': None, 'surface': 'Turf', '__typename': 'TrackCondition'}",Turf,,29203.0,24.0,False,8.0,3.0,73.5,,,62.0,Dark Summit,4.0,Gelding,grey,Dark Angel,Icespire,32795.0,J L Gleeson,P W Flynn,False,0.51,6.0,S,sn,9.0,19,8.010526315789475,6.0,12.0,1.39694958536245,43,12.0,7.0,6.0,16.0,0.0,5.0,8.4,3.0,11.0,0.0,0.2,0.0,11.39,15.8,20.6,73.6,67.0,0.0,1.0,4.0,0.0,0.0,4.833333333333334,8.0,15.0,-78.0,62.0,32795.0,2523.0,0.0,52.0,3.0,8.0,,,,,,13,0.0769230769230769,0.1538461538461538,8,0.0,0.125,1,0.0,1.0,3,0.0,0.0,2,0.0,0.0,1,0.0,0.0,13,0.0769230769230769,0.1538461538461538,0,0.0,,2,0.0,0.0,2,0.0,0.0,2,0.5,0.5,0,,,4,0.0,0.0,8,0.125,0.25,1,0.0,0.0,9,0.1111111111111111,0.2222222222222222,4,0.0,0.0,0.0,,0.8090909090909091,13,0.0769230769230769,0.1538461538461538,0,,,7,0.0,0.0,0.1111111111111111,2.1972245773362196,-0.4166666666666667,0.7490144546649145,0.12483574244415241,0.125,0.3333333333333333,1216.7916666666667,0.2994891842835645,0.056666666666666664,0.8333333333333334,5.5,0.8125,0.5416666666666666,0.2916666666666667,0.06385942740630794,0.04191403647280288,6.0
Curragh,2026-09-27,8,Kwiff Supercharged Betting (Q.r.) Handicap,2012.0,"3YO+, Handicap","{'eventId': '3438561', 'overall': 'Soft', 'rating': None, 'surface': 'Turf', '__typename': 'TrackCondition'}",Turf,,29203.0,24.0,False,10.0,17.0,73.5,,-2.25,62.0,Fianna,5.0,Mare,b,Belardo,Diva,35866.0,O McGill,A A Howard,False,0.3,2.0,S,n,5.0,19,4.815789473684211,1.1,8.0,1.19484117327906,41,6.5,4.4,4.4,1.0,1.0,5.0,4.4,1.0,7.0,0.2,0.4,0.2,10.1,10.2,88.8,60.4,56.0,0.0,0.0,5.0,0.0,2.0,0.666666666666667,10.0,20.0,50.0,62.0,18345.0,1835.0,0.0,39.0,1.0,15.0,,,,,,10,0.1,0.2,2,0.5,0.5,1,1.0,1.0,0,0.0,,0,0.0,,0,0.0,,8,0.125,0.25,0,0.0,,4,0.25,0.25,2,0.0,0.0,1,0.0,0.0,0,,,7,0.1428571428571428,0.2857142857142857,2,0.0,0.0,1,0.0,0.0,3,0.0,0.0,7,0.1428571428571428,0.2857142857142857,0.0,,0.8090909090909091,10,0.1,0.2,0,,,7,0.1428571428571428,0.2857142857142857,0.2,1.6094379124341003,-0.32307692307692304,1.4327868852459016,0.20765027322404372,0.7083333333333334,0.4166666666666667,1216.7916666666667,0.2994891842835645,0.06,0.7083333333333334,1.0,1.0,0.8541666666666666,0.5,0.06385942740630794,0.26388846481244516,1.0
Curragh,2026-09-27,8,Kwiff Supercharged Betting (Q.r.) Handicap,2012.0,"3YO+, Handicap","{'eventId': '3438561', 'overall': 'Soft', 'rating': None, 'surface': 'Turf', '__typename': 'TrackCondition'}",Turf,,29203.0,24.0,False,12.0,15.0,73.0,,-3.25,61.0,Timandi,4.0,Filly,b,Camacho,La Divina,22237.0,B T Stone,J M Barrett,False,0.25,6.0,S,n,16.0,19,14.38421052631579,1.8,23.0,4.005162873078846,40,17.0,13.0,12.0,3.0,0.0,5.0,4.6,1.0,9.0,0.2,0.4,0.4,4.7700000000000005,17.166,28.6,58.6,63.0,0.0,0.0,1.0,0.0,1.0,0.1666666666666669,6.0,12.0,-79.0,61.0,19317.0,1136.0,0.0,52.0,7.0,4.33,,,,,,17,0.0588235294117647,0.1176470588235294,13,0.0769230769230769,0.1538461538461538,1,0.0,0.0,1,0.0,0.0,2,0.0,0.0,1,0.0,0.0,10,0.1,0.2,4,0.0,0.0,5,0.0,0.0,3,0.0,0.0,2,0.5,0.5,0,,,8,0.125,0.25,3,0.0,0.0,2,0.0,0.0,5,0.0,0.0,8,0.125,0.25,0.0,,0.8090909090909091,17,0.0588235294117647,0.1176470588235294,0,,,7,0.0,0.0,0.0625,2.772588722239781,-0.23529411764705882,1.473838272960117,0.0695206732528357,0.625,0.5,1216.7916666666667,0.13425377226504615,0.015625,0.5208333333333334,9.0,0.6666666666666666,0.8541666666666666,0.25,0.06385942740630794,0.03336833093843983,8.0
Curragh,2026-09-27,8,Kwiff Supercharged Betting (Q.r.) Handicap,2012.0,"3YO+, Handicap","{'eventId': '3438561', 'overall': 'Soft', 'rating': None, 'surface': 'Turf', '__typename': 'TrackCondition'}",Turf,,29203.0,24.0,False,13.0,20.0,72.5,,,60.0,Casheldale Lass,4.0,Filly,b,Raven's Pass,Owega Dale,30249.0,J C Barry,A Kinirons,False,0.31,8.0,S,n,21.0,19,17.915789473684214,11.3,32.0,4.453179013255555,47,23.0,17.0,9.0,14.0,0.0,5.0,6.6,2.0,12.0,0.0,0.4,0.2,9.06,8.85,21.0,62.66666666666666,63.0,0.0,2.0,3.0,1.0,0.0,1.833333333333333,15.0,31.0,173.0,60.0,30249.0,2327.0,5.0,50.0,3.0,15.0,,,,,,13,0.1538461538461538,0.3076923076923077,7,0.0,0.2857142857142857,1,0.0,1.0,3,0.0,0.3333333333333333,1,0.0,0.0,0,0.0,,13,0.1538461538461538,0.3076923076923077,0,0.0,,4,0.0,0.0,3,0.0,0.3333333333333333,2,0.5,0.5,0,,,9,0.2222222222222222,0.4444444444444444,1,0.0,0.0,3,0.0,0.0,4,0.0,0.0,9,0.2222222222222222,0.4444444444444444,1.0,0.0,0.0,13,0.1538461538461538,0.3076923076923077,0,,,8,0.25,0.375,0.047619047619047616,3.044522437723423,-0.2608695652173913,1.1554054054054053,0.05581668625146885,0.8333333333333334,0.5416666666666666,1216.7916666666667,-0.03098163975347219,0.01476190476190476,0.75,11.5,0.5625,0.8541666666666666,0.7916666666666666,0.06385942740630794,0.028685919387118522,9.0
Curragh,2026-09-27,8,Kwiff Supercharged Betting (Q.r.) Handicap,2012.0,"3YO+, Handicap","{'eventId': '3438561', 'overall': 'Soft', 'rating': None, 'surface': 'Turf', '__typename': 'TrackCondition'}",Turf,,29203.0,24.0,False,14.0,12.0,72.5,,-3.25,60.0,Out On Friday,10.0,Gelding,b,Masterofthehorse,Macsteps,80697.0,B P Leahy,P Byrne,False,0.1,1.0,S,shon,126.0,19,128.02631578947367,60.0,500.0,92.5321386108647,32,51.0,81.0,34.0,17.0,0.0,5.0,10.8,5.0,18.0,0.0,0.0,0.0,23.02,32.6,18.8,63.4,62.0,0.0,1.0,5.0,0.0,0.0,-1.166666666666666,9.0,20.0,-31.0,60.0,80697.0,917.0,0.0,28.0,18.0,34.0,,,,,,88,0.0909090909090909,0.2045454545454545,7,0.0,0.1428571428571428,3,0.0,0.0,12,0.0,0.1666666666666666,10,0.0,0.0,2,0.0,0.0,38,0.1052631578947368,0.1842105263157894,3,0.0,0.0,9,0.0,0.0,9,0.0,0.2222222222222222,8,0.125,0.125,0,,,41,0.1463414634146341,0.2682926829268293,34,0.0294117647058823,0.1764705882352941,10,0.1,0.1,44,0.0454545454545454,0.1590909090909091,41,0.1463414634146341,0.2682926829268293,2.0,0.5,0.5,88,0.0909090909090909,0.2045454545454545,0,,,45,0.0888888888888888,0.1777777777777777,0.007936507936507936,4.836281906951478,0.5882352941176471,3.4367934224049335,0.007810894141829394,0.5,0.5833333333333334,1216.7916666666667,-0.03098163975347219,0.0007936507936507937,0.1875,24.0,0.041666666666666664,0.1875,0.5,0.06385942740630794,0.021807641956497165,12.0
Curragh,2026-09-27,8,Kwiff Supercharged Betting (Q.r.) Handicap,2012.0,"3YO+, Handicap","{'eventId': '3438561', 'overall': 'Soft', 'rating': None, 'surface': 'Turf', '__typename': 'TrackCondition'}",Turf,,29203.0,24.0,False,15.0,5.0,72.0,,-3.25,64.0,Lamberella,3.0,Filly,ch,Gleneagles,Lambari,2218.0,T B Merrigan,D Marnane,False,0.25,6.0,S,o,61.0,19,57.721052631578935,15.0,120.0,20.07715588338276,14,26.0,41.0,26.0,11.0,0.0,5.0,7.6,4.0,11.0,0.0,0.0,0.0,13.02,28.4,25.2,69.75,67.0,2.0,0.0,4.0,0.0,0.0,0.1666666666666669,0.0,0.0,-100.0,64.0,2218.0,317.0,0.0,42.0,11.0,19.0,,,,,,7,0.0,0.0,7,0.0,0.0,1,0.0,0.0,0,0.0,,2,0.0,0.0,0,0.0,,7,0.0,0.0,0,0.0,,2,0.0,0.0,1,0.0,0.0,1,0.0,0.0,0,,,4,0.0,0.0,3,0.0,0.0,0,,,3,0.0,0.0,4,0.0,0.0,0.0,,0.8090909090909091,7,0.0,0.0,0,,,4,0.0,0.0,0.01639344262295082,4.110873864173311,0.5769230769230769,1.8190936445700743,0.01732470137685785,0.20833333333333334,0.625,1216.7916666666667,-0.19621705177199053,0.004098360655737705,0.5208333333333334,19.0,0.25,0.1875,0.125,0.06385942740630794,0.020126154770550134,16.0
Curragh,2026-09-27,8,Kwiff Supercharged Betting (Q.r.) Handicap,2012.0,"3YO+, Handicap","{'eventId': '3438561', 'overall': 'Soft', 'rating': None, 'surface': 'Turf', '__typename': 'TrackCondition'}",Turf,,29203.0,24.0,False,16.0,18.0,71.75,,-1.25,58.0,Rocket Robyn,4.0,Filly,ch,Harry Angel,Glee Club,9589.0,P A King,M Hassett,False,0.28,6.0,S,,15.0,19,65.94210526315788,12.0,1000.0,220.17053274746988,21,17.0,12.0,10.0,10.0,0.0,5.0,6.2,2.0,9.0,0.0,0.2,0.2,12.330000000000002,18.4,32.8,65.2,62.0,1.0,1.0,3.0,0.0,1.0,-1.333333333333333,0.0,18.0,-100.0,58.0,9589.0,872.0,24.0,8.0,5.0,15.0,,,,,,11,0.0,0.1818181818181818,10,0.0,0.2,2,0.0,0.0,1,0.0,0.0,3,0.0,0.0,1,0.0,0.0,10,0.0,0.1,1,0.0,1.0,3,0.0,0.0,3,0.0,0.0,2,0.0,1.0,0,,,1,0.0,0.0,7,0.0,0.1428571428571428,2,0.0,0.0,9,0.0,0.1111111111111111,1,0.0,0.0,0.0,,0.8090909090909091,11,0.0,0.1818181818181818,0,,,4,0.0,0.0,0.06666666666666667,2.70805020110221,-0.29411764705882354,14.982839811637005,0.015164817623114377,0.75,0.6666666666666666,1216.7916666666667,-0.2788347577812497,0.018666666666666668,0.625,8.0,0.7083333333333334,0.5416666666666666,0.4166666666666667,0.06385942740630794,0.03613555026117808,7.0
Curragh,2026-09-27,8,Kwiff Supercharged Betting (Q.r.) Handicap,2012.0,"3YO+, Handicap","{'eventId': '3438561', 'overall': 'Soft', 'rating': None, 'surface': 'Turf', '__typename': 'TrackCondition'}",Turf,,29203.0,24.0,False,18.0,4.0,71.25,,,62.0,Lamar Valley,3.0,Filly,b,Mohaather,Pamushana,2016.0,D G Lavery,Kevin Coleman,False,0.23,6.0,S,,29.0,19,23.89736842105263,3.35,42.0,6.8173631591116886,26,17.0,21.0,16.0,4.0,0.0,3.0,8.0,6.0,10.0,0.0,0.0,0.0,11.516666666666666,67.33333333333333,27.33333333333333,,79.0,0.0,1.0,0.0,0.0,1.0,3.0,0.0,0.0,-100.0,62.0,556.0,185.0,0.0,24.0,8.0,101.0,,,,,,3,0.0,0.0,3,0.0,0.0,2,0.0,0.0,1,0.0,0.0,0,0.0,,0,0.0,,3,0.0,0.0,0,0.0,,1,0.0,0.0,1,0.0,0.0,1,0.0,0.0,0,,,2,0.0,0.0,1,0.0,0.0,0,,,1,0.0,0.0,2,0.0,0.0,0.0,,0.8090909090909091,3,0.0,0.0,0,,,0,,,0.034482758620689655,3.367295829986474,0.23529411764705882,1.61733289285321,0.041845611716771286,0.16666666666666666,0.75,1216.7916666666667,-0.44407016979976804,0.007931034482758621,0.4166666666666667,13.0,0.5,0.1875,0.125,0.06385942740630794,0.019985560543851075,17.0
Curragh,2026-09-27,8,Kwiff Supercharged Betting (Q.r.) Handicap,2012.0,"3YO+, Handicap","{'eventId': '3438561', 'overall': 'Soft', 'rating': None, 'surface': 'Turf', '__typename': 'TrackCondition'}",Turf,,29203.0,24.0,False,19.0,13.0,70.75,,-3.25,61.0,Belle Nuit,3.0,Filly,b,Elzaam,Kitlyn,4632.0,S Cotter,P Nolan,False,0.07,6.0,S,,41.0,19,33.089473684210525,26.0,70.0,9.567152947061388,29,23.0,26.0,18.0,9.0,0.0,5.0,8.4,4.0,15.0,0.0,0.0,0.0,15.35,34.0,80.6,64.66666666666667,62.0,1.0,0.0,3.0,0.0,1.0,3.166666666666666,0.0,0.0,-100.0,61.0,4632.0,772.0,0.0,18.0,9.0,11.0,,,,,,6,0.0,0.0,4,0.0,0.0,2,0.0,0.0,0,0.0,,1,0.0,0.0,0,0.0,,6,0.0,0.0,0,0.0,,2,0.0,0.0,2,0.0,0.0,2,0.0,0.0,0,,,1,0.0,0.0,4,0.0,0.0,1,0.0,0.0,5,0.0,0.0,1,0.0,0.0,0.0,,0.8090909090909091,6,0.0,0.0,0,,,3,0.0,0.0,0.024390243902439025,3.713572066704308,0.13043478260869565,1.329728010179736,0.030221091140448547,0.5416666666666666,0.7916666666666666,1216.7916666666667,-0.6093055818182864,0.001707317073170732,0.125,16.0,0.375,0.1875,0.125,0.06385942740630794,0.020259158534140693,15.0
Curragh,2026-09-27,8,Kwiff Supercharged Betting (Q.r.) Handicap,2012.0,"3YO+, Handicap","{'eventId': '3438561', 'overall': 'Soft', 'rating': None, 'surface': 'Turf', '__typename': 'TrackCondition'}",Turf,,29203.0,24.0,False,20.0,1.0,70.75,,-3.25,56.0,If Not For Grace,4.0,Gelding,b,Elzaam,Docklands Grace,876.0,S Joubert,L P Cusack,False,0.13,6.0,S,,71.0,19,62.92631578947368,42.0,100.0,14.089221042502228,26,41.0,51.0,26.0,5.0,0.0,4.0,11.0,8.0,15.0,0.0,0.0,0.0,24.4,169.75,24.0,,79.0,0.0,1.0,0.0,0.0,1.0,1.0,0.0,0.0,-100.0,56.0,0.0,0.0,0.0,22.0,8.0,301.0,,,,,,4,0.0,0.0,4,0.0,0.0,2,0.0,0.0,1,0.0,0.0,0,0.0,,0,0.0,,4,0.0,0.0,0,0.0,,1,0.0,0.0,1,0.0,0.0,1,0.0,0.0,0,,,4,0.0,0.0,0,,,0,,,0,0.0,,4,0.0,0.0,0.0,,0.8090909090909091,4,0.0,0.0,0,,,0,,,0.014084507042253521,4.2626798770413155,0.24390243902439024,0.9217129474740716,0.015891602542656407,0.041666666666666664,0.8333333333333334,1216.7916666666667,-0.6093055818182864,0.001830985915492958,0.25,20.5,0.1875,0.1875,0.125,0.06385942740630794,0.019843643185930307,18.0
Curragh,2026-09-27,8,Kwiff Supercharged Betting (Q.r.) Handicap,2012.0,"3YO+, Handicap","{'eventId': '3438561', 'overall': 'Soft', 'rating': None, 'surface': 'Turf', '__typename': 'TrackCondition'}",Turf,,29203.0,24.0,False,21.0,22.0,69.0,,,57.0,Palace Tyne,3.0,Gelding,b,Palace Pier,Crystal Starlet,3224.0,A B O'Connor,P Roche,False,0.04,6.0,S,o,51.0,19,45.67894736842105,2.0,85.0,15.655016984554935,25,21.0,34.0,20.0,18.0,0.0,5.0,9.8,3.0,14.0,0.0,0.2,0.0,13.389999999999995,144.3,55.2,62.0,61.0,2.0,1.0,1.0,0.0,2.0,3.833333333333334,0.0,20.0,-100.0,57.0,3224.0,645.0,13.0,180.0,12.0,10.0,,,,,,5,0.0,0.2,1,0.0,0.0,0,0.0,,1,0.0,0.0,2,0.0,0.0,0,0.0,,5,0.0,0.2,0,0.0,,2,0.0,0.0,1,0.0,0.0,1,0.0,0.0,0,,,4,0.0,0.25,0,,,1,0.0,0.0,1,0.0,0.0,4,0.0,0.25,0.0,,0.8090909090909091,5,0.0,0.2,0,,,1,0.0,0.0,0.0196078431372549,3.9318256327243257,0.6190476190476191,1.817029611706418,0.021891923032607445,0.9166666666666666,0.875,1216.7916666666667,-1.1876295238831005,0.000784313725490196,0.08333333333333333,18.0,0.2916666666666667,0.5416666666666666,0.5,0.06385942740630794,0.021491045387176836,14.0
Curragh,2026-09-27,8,Kwiff Supercharged Betting (Q.r.) Handicap,2012.0,"3YO+, Handicap","{'eventId': '3438561', 'overall': 'Soft', 'rating': None, 'surface': 'Turf', '__typename': 'TrackCondition'}",Turf,,29203.0,24.0,False,22.0,19.0,67.5,,-3.25,49.0,Bhean Saibhre,5.0,Mare,b,Decorated Knight,Island Odyssey,47236.0,L P Shanahan,A A Howard,False,0.28,3.0,S,n,6.5,19,6.721052631578947,5.5,9.0,1.1910097208354988,43,11.0,5.5,4.4,12.0,0.0,5.0,4.2,1.0,8.0,0.2,0.4,0.4,14.75,14.6,29.0,94.2,49.0,0.0,0.0,1.0,0.0,0.0,1.166666666666667,8.0,33.0,-34.0,49.0,47236.0,1968.0,0.0,1.0,6.0,12.0,,,,,,24,0.0833333333333333,0.3333333333333333,8,0.125,0.5,2,0.5,0.5,1,0.0,0.0,0,0.0,,0,0.0,,21,0.0952380952380952,0.3809523809523809,1,0.0,0.0,4,0.0,0.25,4,0.0,0.25,4,0.0,0.0,0,,,11,0.1818181818181818,0.2727272727272727,9,0.0,0.3333333333333333,3,0.0,0.6666666666666666,12,0.0,0.4166666666666667,11,0.1818181818181818,0.2727272727272727,5.0,0.2,0.8,24,0.0833333333333333,0.3333333333333333,0,,,9,0.0,0.3333333333333333,0.15384615384615385,1.8718021769015913,-0.5,0.5207517619420517,0.14878621769772907,0.7916666666666666,0.9166666666666666,1216.7916666666667,-1.6833357599386556,0.04307692307692308,0.625,4.0,0.875,0.8541666666666666,0.8958333333333334,0.06385942740630794,0.07902827529479951,3.0
Istanbul,2026-09-27,7,Marmara,1600.0,,"{'eventId': '3438741', 'overall': 'Good', 'rating': None, 'surface': 'Turf', '__typename': 'TrackCondition'}",Turf,,203814.0,9.0,False,1.0,3.0,60.0,,,81.0,Charabanc,5.0,Stallion,ch,Real Solutıon,Cello,1100533.0,V. Abis,Mur. Akkılıç,False,1.0,38.0,S,tcdbn,2.45,15,2.3433333333333333,2.25,2.5,0.0997775303139718,7,2.0,2.25,1.9,2.0,0.0,5.0,1.8,1.0,4.0,0.6,0.8,0.8,0.65,12.2,23.8,,79.0,5.0,4.0,5.0,1.0,0.0,0.5,70.0,80.0,-100.0,79.0,1053947.0,52697.0,17.0,0.0,2.0,10.0,,,,,,20,0.7,0.8,6,0.6666666666666666,0.8333333333333334,2,0.5,1.0,11,0.6363636363636364,0.8181818181818182,20,0.7,0.8,11,0.6363636363636364,0.8181818181818182,13,0.6153846153846154,0.7692307692307693,0,0.0,,3,0.6666666666666666,0.6666666666666666,3,0.3333333333333333,0.3333333333333333,3,1.0,1.0,0,,,6,0.6666666666666666,0.8333333333333334,0,,,0,,,0,0.0,,6,0.6666666666666666,0.8333333333333334,1.0,0.0,1.0,20,0.7,0.8,0,,,0,,,0.4081632653061224,0.8960880245566357,0.125,0.10668563300142248,0.4267425320056899,0.3333333333333333,0.1111111111111111,22646.0,0.8432740423115678,0.4081632653061224,1.0,1.0,1.0,0.7777777777777778,1.0,0.13765214278152127,0.25193643900068796,1.0
Istanbul,2026-09-27,7,Marmara,1600.0,,"{'eventId': '3438741', 'overall': 'Good', 'rating': None, 'surface': 'Turf', '__typename': 'TrackCondition'}",Turf,,203814.0,9.0,False,2.0,1.0,60.0,,,81.0,Magic Selectra,4.0,Stallion,ch,Bluegrass Cat,Mıss Maker,339943.0,A. Sozen,H. Yüzbaşı,False,0.43,5.0,S,tdsn,12.0,15,10.833333333333334,9.0,14.0,1.6898389140848766,5,11.0,9.0,8.5,7.0,0.0,5.0,1.6,1.0,2.0,0.4,1.0,1.0,0.7,12.2,20.6,,79.0,1.0,2.0,5.0,1.0,0.0,0.1666666666666667,38.0,73.0,-100.0,79.0,339943.0,13075.0,0.0,0.0,1.0,10.0,,,,,,26,0.3846153846153846,0.7307692307692307,14,0.2142857142857142,0.7857142857142857,3,0.3333333333333333,1.0,3,0.3333333333333333,0.6666666666666666,22,0.3636363636363636,0.6818181818181818,1,0.0,0.0,12,0.3333333333333333,0.5833333333333334,0,0.0,,3,0.6666666666666666,0.6666666666666666,3,0.6666666666666666,0.6666666666666666,3,0.6666666666666666,1.0,0,,,7,0.2857142857142857,1.0,1,1.0,1.0,0,,,1,1.0,1.0,7,0.2857142857142857,1.0,1.0,1.0,1.0,26,0.3846153846153846,0.7307692307692307,0,,,0,,,0.08333333333333333,2.4849066497880004,-0.18181818181818182,0.4615384615384615,0.0923076923076923,0.1111111111111111,0.2222222222222222,22646.0,0.8432740423115678,0.03583333333333333,0.8888888888888888,6.0,0.4444444444444444,1.0,0.6666666666666666,0.13765214278152127,0.08656648953447733,4.0
Istanbul,2026-09-27,7,Marmara,1600.0,,"{'eventId': '3438741', 'overall': 'Good', 'rating': None, 'surface': 'Turf', '__typename': 'TrackCondition'}",Turf,,203814.0,9.0,False,3.0,2.0,60.0,,,81.0,Special Man,4.0,Stallion,ch,Luxor,Kızım Melike,804206.0,Ö. Yıldırım,C. Aydogan,False,0.17,3.0,S,tcdn,11.0,15,9.286666666666669,7.6,11.0,1.0131578795473533,6,11.0,8.5,8.0,4.0,0.0,5.0,2.6,1.0,4.0,0.2,0.8,0.4,2.85,12.2,28.0,,79.0,5.0,4.0,5.0,0.0,0.0,-1.5,38.0,76.0,-100.0,79.0,792559.0,37741.0,11.0,0.0,4.0,10.0,,,,,,21,0.3809523809523809,0.7619047619047619,9,0.2222222222222222,0.8888888888888888,2,0.0,0.5,5,0.2,0.6,13,0.2307692307692307,0.7692307692307693,5,0.2,0.6,13,0.2307692307692307,0.6923076923076923,0,0.0,,4,0.5,1.0,4,0.5,0.75,2,0.5,1.0,0,,,7,0.1428571428571428,0.5714285714285714,0,,,0,,,0,0.0,,7,0.1428571428571428,0.5714285714285714,0.0,,0.8090909090909091,21,0.3809523809523809,0.7619047619047619,0,,,0,,,0.09090909090909091,2.3978952727983707,-0.22727272727272727,0.3661162957645369,0.10768126346015791,0.2222222222222222,0.3333333333333333,22646.0,0.8432740423115678,0.015454545454545457,0.6666666666666666,5.0,0.5555555555555556,0.7777777777777778,0.7777777777777778,0.13765214278152127,0.075264591255536,6.0
Istanbul,2026-09-27,7,Marmara,1600.0,,"{'eventId': '3438741', 'overall': 'Good', 'rating': None, 'surface': 'Turf', '__typename': 'TrackCondition'}",Turf,,203814.0,9.0,False,4.0,6.0,60.0,,,81.0,Subutaı,7.0,Gelding,b,Counterattack,Aamaal,484483.0,Er. Cankılıç,E. Uslu,False,0.06,6.0,S,tcdn,101.0,15,74.12666666666665,51.0,101.0,10.976427267355964,5,61.0,51.0,41.0,3.0,0.0,5.0,3.6,1.0,8.0,0.4,0.4,0.4,2.45,12.2,19.6,,79.0,5.0,1.0,5.0,0.0,0.0,-4.0,24.0,54.0,-100.0,79.0,461190.0,6405.0,0.0,0.0,4.0,10.0,,,,,,72,0.2361111111111111,0.5416666666666666,11,0.1818181818181818,0.4545454545454545,3,0.3333333333333333,0.3333333333333333,11,0.0909090909090909,0.3636363636363636,69,0.2463768115942029,0.5652173913043478,10,0.1,0.4,51,0.2156862745098039,0.5098039215686274,0,0.0,,5,0.6,1.0,5,0.2,0.4,5,0.2,0.6,0,,,8,0.125,0.375,0,,,0,,,0,0.0,,8,0.125,0.375,0.0,,0.8090909090909091,72,0.2361111111111111,0.5416666666666666,0,,,0,,,0.009900990099009901,4.61512051684126,-0.16393442622950818,0.6745210900260816,0.013490421800521632,0.6666666666666666,0.4444444444444444,22646.0,0.8432740423115678,0.000594059405940594,0.3333333333333333,9.0,0.1111111111111111,0.3888888888888889,0.1111111111111111,0.13765214278152127,0.036456926505569746,7.0
Istanbul,2026-09-27,7,Marmara,1600.0,,"{'eventId': '3438741', 'overall': 'Good', 'rating': None, 'surface': 'Turf', '__typename': 'TrackCondition'}",Turf,,203814.0,9.0,False,5.0,8.0,60.0,,,81.0,Tonbi,4.0,Stallion,ch,Approve,Neferu,593633.0,H. Karatas,Z. Temucin,False,0.15,3.0,S,tcdn,10.0,15,10.653333333333334,8.5,16.1,2.75653566798779,7,9.5,8.5,8.0,6.0,0.0,5.0,3.2,1.0,6.0,0.2,0.6,0.4,3.15,12.2,30.8,,79.0,5.0,3.0,5.0,0.0,0.0,-3.0,53.0,63.0,-100.0,79.0,593633.0,31244.0,25.0,0.0,6.0,10.0,,,,,,19,0.5263157894736842,0.631578947368421,6,0.1666666666666666,0.5,1,0.0,0.0,6,0.1666666666666666,0.5,13,0.3076923076923077,0.4615384615384615,6,0.1666666666666666,0.5,10,0.3,0.5,0,0.0,,4,0.75,0.75,4,0.75,0.75,3,0.3333333333333333,0.6666666666666666,0,,,5,0.0,0.4,0,,,0,,,0,0.0,,5,0.0,0.4,0.0,,0.8090909090909091,19,0.5263157894736842,0.631578947368421,0,,,0,,,0.1,2.302585092994046,-0.10526315789473684,0.7133917396745934,0.09386733416770963,0.8888888888888888,0.5555555555555556,22646.0,0.8432740423115678,0.015,0.5,4.0,0.6666666666666666,0.5555555555555556,0.4444444444444444,0.13765214278152127,0.07790266569156741,5.0
Istanbul,2026-09-27,7,Marmara,1600.0,,"{'eventId': '3438741', 'overall': 'Good', 'rating': None, 'surface': 'Turf', '__typename': 'TrackCondition'}",Turf,,203814.0,9.0,False,6.0,5.0,56.0,,,81.0,Mucho Bueno,3.0,Colt,b,Tızway,Belıef In Me,291876.0,A. Kursun,H. Yüzbaşı,False,0.15,6.0,S,tcdn,34.0,15,29.91333333333333,23.0,42.9,7.000558707861981,4,26.0,23.0,21.0,9.0,0.0,5.0,5.8,2.0,11.0,0.0,0.2,0.2,4.55,12.2,30.2,,79.0,5.0,3.0,5.0,0.0,0.0,1.333333333333333,20.0,60.0,-100.0,79.0,291876.0,19458.0,0.0,0.0,6.0,10.0,,,,,,15,0.2,0.6,10,0.1,0.4,2,0.0,0.0,5,0.2,0.4,15,0.2,0.6,5,0.2,0.4,10,0.2,0.4,0,0.0,,2,0.0,1.0,2,0.5,1.0,2,0.5,1.0,0,,,9,0.2222222222222222,0.4444444444444444,0,,,0,,,0,0.0,,9,0.2222222222222222,0.4444444444444444,0.0,,0.8090909090909091,15,0.2,0.6,0,,,0,,,0.029411764705882353,3.5263605246161616,-0.11538461538461539,0.6652551816358369,0.033429908624916425,0.5555555555555556,0.6666666666666666,22646.0,-1.054092552889459,0.004411764705882353,0.5,7.0,0.3333333333333333,0.16666666666666666,0.3333333333333333,0.13765214278152127,0.03126228377191746,9.0
Istanbul,2026-09-27,7,Marmara,1600.0,,"{'eventId': '3438741', 'overall': 'Good', 'rating': None, 'surface': 'Turf', '__typename': 'TrackCondition'}",Turf,,203814.0,9.0,False,7.0,4.0,56.0,,,81.0,Shadow Soldier,3.0,Colt,b,Agresıvo,Thıs Is My Gırl,225685.0,G. Kocakaya,V. Yıldırım,False,0.01,3.0,S,tdn,51.0,15,30.31333333333333,20.0,51.0,6.997891746011001,11,17.0,20.0,17.0,8.0,0.0,5.0,4.8,1.0,8.0,0.2,0.2,0.2,8.36,12.2,25.4,,79.0,3.0,0.0,5.0,0.0,0.0,-2.0,29.0,57.0,-100.0,79.0,225685.0,16120.0,13.0,0.0,4.0,10.0,,,,,,14,0.2857142857142857,0.5714285714285714,14,0.2857142857142857,0.5714285714285714,2,0.0,0.0,1,1.0,1.0,3,0.3333333333333333,0.3333333333333333,0,0.0,,10,0.2,0.4,0,0.0,,2,0.0,0.5,2,1.0,1.0,2,0.5,1.0,0,,,8,0.25,0.25,1,0.0,1.0,0,,,1,0.0,1.0,8,0.25,0.25,0.0,,0.8090909090909091,14,0.2857142857142857,0.5714285714285714,0,,,0,,,0.0196078431372549,3.9318256327243257,0.17647058823529413,1.022652298218606,0.03298878381350341,0.4444444444444444,0.7777777777777778,22646.0,-1.054092552889459,0.000196078431372549,0.16666666666666666,8.0,0.2222222222222222,0.16666666666666666,0.2222222222222222,0.13765214278152127,0.03223965922841175,8.0
Istanbul,2026-09-27,7,Marmara,1600.0,,"{'eventId': '3438741', 'overall': 'Good', 'rating': None, 'surface': 'Turf', '__typename': 'TrackCondition'}",Turf,,203814.0,9.0,False,8.0,7.0,56.0,,,81.0,Upamecano,3.0,Colt,b,Epaulette,Elif Hatun,715144.0,S. Kaya,İb. B. Oğulları,False,0.01,13.0,S,tcdsn,4.4,15,4.193333333333333,3.9,4.4,0.1569146972791977,10,5.0,3.9,3.9,5.0,0.0,5.0,3.8,1.0,5.0,0.2,0.4,0.2,6.05,12.2,28.2,,79.0,4.0,3.0,5.0,1.0,0.0,-2.0,60.0,70.0,-100.0,79.0,709321.0,70932.0,14.0,0.0,5.0,10.0,,,,,,10,0.6,0.7,7,0.4285714285714285,0.5714285714285714,2,0.0,0.0,4,0.5,0.5,7,0.5714285714285714,0.5714285714285714,4,0.5,0.5,10,0.6,0.7,0,0.0,,3,1.0,1.0,2,1.0,1.0,2,0.5,1.0,0,,,6,0.3333333333333333,0.5,2,1.0,1.0,0,,,2,1.0,1.0,6,0.3333333333333333,0.5,1.0,0.0,0.0,10,0.6,0.7,0,,,0,,,0.22727272727272727,1.4816045409242156,-0.22000000000000003,0.1192368839427664,0.2384737678855326,0.7777777777777778,0.8888888888888888,22646.0,-1.054092552889459,0.0022727272727272726,0.16666666666666666,3.0,0.7777777777777778,0.3888888888888889,0.5555555555555556,0.13765214278152127,0.17268756172320016,3.0
Istanbul,2026-09-27,7,Marmara,1600.0,,"{'eventId': '3438741', 'overall': 'Good', 'rating': None, 'surface': 'Turf', '__typename': 'TrackCondition'}",Turf,,203814.0,9.0,False,9.0,9.0,56.0,,,81.0,Whizbang,3.0,Colt,b,Sadler'S Joy,Value Chaın,849968.0,S. Boyraz,E. Mutlu,False,0.27,19.0,S,tcdsn,3.7,15,3.3599999999999994,3.2,3.7,0.12,4,3.3,3.2,3.2,1.0,1.0,5.0,2.4,1.0,6.0,0.6,0.8,0.6,1.36,12.2,22.4,,79.0,4.0,2.0,5.0,2.0,0.0,2.333333333333333,47.0,79.0,-100.0,79.0,733503.0,38605.0,50.0,0.0,1.0,10.0,,,,,,19,0.4736842105263157,0.7894736842105263,12,0.4166666666666667,0.75,3,0.6666666666666666,1.0,7,0.5714285714285714,0.8571428571428571,7,0.4285714285714285,0.7142857142857143,4,0.5,0.75,19,0.4736842105263157,0.7894736842105263,0,0.0,,2,0.5,0.5,2,0.5,1.0,2,1.0,1.0,0,,,9,0.4444444444444444,0.7777777777777778,2,0.5,1.0,0,,,2,0.5,1.0,9,0.4444444444444444,0.7777777777777778,2.0,0.5,1.0,19,0.4736842105263157,0.7894736842105263,0,,,0,,,0.27027027027027023,1.308332819650179,-0.030303030303030196,0.14880952380952384,0.29761904761904767,1.0,1.0,22646.0,-1.054092552889459,0.07297297297297296,0.7777777777777778,2.0,0.8888888888888888,0.7777777777777778,0.8888888888888888,0.13765214278152127,0.23568338328863225,2.0
Amiens,2026-09-28,5,Prix De Longpre Maiden Stakes,1650.0,"2YO, Maiden","{'eventId': '3439128', 'overall': None, 'rating': None, 'surface': 'Turf', '__typename': 'TrackCondition'}",Turf,,22740.0,7.0,False,1.0,2.0,58.0,,,81.0,Regal Chop,2.0,Gelding,b,Muhaarar,Raceness,0.0,A Crastus,C Boutin,False,0.19,1.0,S,,26.0,16,23.6,13.0,80.0,14.921461054467825,19,1.01,16.0,1.01,7.0,0.0,4.0,6.75,5.0,9.0,0.0,0.0,0.0,8.9125,24.75,17.25,,79.0,0.0,0.0,0.0,0.0,1.0,-2.5,0.0,0.0,-100.0,79.0,0.0,0.0,6.0,94.0,9.0,29.0,,,,,,4,0.0,0.0,4,0.0,0.0,0,0.0,,0,0.0,,0,0.0,,0,0.0,,3,0.0,0.0,1,0.0,0.0,1,0.0,0.0,1,0.0,0.0,1,0.0,0.0,0,,,1,0.0,0.0,2,0.0,0.0,0,,,2,0.0,0.0,1,0.0,0.0,0.0,,0.8090909090909091,4,0.0,0.0,0,,,0,,,0.038461538461538464,3.258096538021482,14.841584158415841,2.8389830508474576,0.0423728813559322,0.2857142857142857,0.14285714285714285,3248.5714285714284,0.801783724880131,0.0073076923076923084,0.5714285714285714,6.0,0.2857142857142857,0.5714285714285714,0.5714285714285714,0.16518233626652543,0.05372524003644437,6.0
Amiens,2026-09-28,5,Prix De Longpre Maiden Stakes,1650.0,"2YO, Maiden","{'eventId': '3439128', 'overall': None, 'rating': None, 'surface': 'Turf', '__typename': 'TrackCondition'}",Turf,,22740.0,7.0,False,2.0,1.0,58.0,,,81.0,Adhara,2.0,Colt,b,Thunder Moon,Saraswin,2132.0,G Meury,M Delcher Sanchez,False,0.33,2.0,S,,6.5,16,64.703125,1.85,950.0,228.5850104916864,19,1.01,5.5,1.01,4.0,0.0,2.0,8.0,6.0,10.0,0.0,0.0,0.0,10.075,11.5,9.0,,79.0,0.0,0.0,2.0,0.0,1.0,0.1666666666666667,0.0,0.0,-100.0,79.0,0.0,0.0,7.0,26.0,6.0,13.0,,,,,,2,0.0,0.0,2,0.0,0.0,2,0.0,0.0,0,0.0,,0,0.0,,0,0.0,,2,0.0,0.0,0,0.0,,1,0.0,0.0,1,0.0,0.0,0,,,0,,,1,0.0,0.0,1,0.0,0.0,0,,,1,0.0,0.0,1,0.0,0.0,0.0,,0.8090909090909091,2,0.0,0.0,0,,,2,0.0,0.0,0.15384615384615385,1.8718021769015913,4.445544554455446,14.653851726636077,0.015455204056991065,0.14285714285714285,0.2857142857142857,3248.5714285714284,0.801783724880131,0.050769230769230775,0.7142857142857143,3.0,0.7142857142857143,0.5714285714285714,0.5714285714285714,0.16518233626652543,0.12658401500306013,3.0
Amiens,2026-09-28,5,Prix De Longpre Maiden Stakes,1650.0,"2YO, Maiden","{'eventId': '3439128', 'overall': None, 'rating': None, 'surface': 'Turf', '__typename': 'TrackCondition'}",Turf,,22740.0,7.0,False,3.0,5.0,58.0,,,81.0,Bisous Sinceres,2.0,Colt,b,Donjuan Triumphant,Amiga Intima,0.0,R Mangione,C H Plisson,False,0.01,6.0,S,o,101.0,16,115.065,1.34,850.0,191.1974401633034,12,1.01,51.0,1.01,6.0,0.0,2.0,9.0,9.0,9.0,0.0,0.0,0.0,26.9,57.5,12.5,,79.0,0.0,0.0,2.0,0.0,1.0,0.1666666666666667,0.0,0.0,-100.0,79.0,0.0,0.0,0.0,35.0,9.0,81.0,,,,,,2,0.0,0.0,2,0.0,0.0,1,0.0,0.0,0,0.0,,0,0.0,,0,0.0,,2,0.0,0.0,0,0.0,,1,0.0,0.0,1,0.0,0.0,0,,,0,,,0,,,2,0.0,0.0,0,,,2,0.0,0.0,0,0.0,,0.0,,0.8090909090909091,2,0.0,0.0,0,,,2,0.0,0.0,0.009900990099009901,4.61512051684126,49.495049504950494,7.375483422413418,0.008690740016512407,0.7142857142857143,0.42857142857142855,3248.5714285714284,0.801783724880131,9.900990099009902e-05,0.14285714285714285,7.0,0.14285714285714285,0.5714285714285714,0.5714285714285714,0.16518233626652543,0.04121290405448057,7.0
Amiens,2026-09-28,5,Prix De Longpre Maiden Stakes,1650.0,"2YO, Maiden","{'eventId': '3439128', 'overall': None, 'rating': None, 'surface': 'Turf', '__typename': 'TrackCondition'}",Turf,,22740.0,7.0,False,4.0,4.0,58.0,,,81.0,Victorstrung,2.0,Colt,ch,Victor Ludorum,High Strung,9436.0,T Trullier,M Seror,False,1.0,6.0,S,,2.2,17,57.83411764705882,1.28,950.0,223.041634943656,20,1.01,2.05,1.01,3.0,0.0,2.0,4.0,4.0,4.0,0.0,0.0,0.0,2.875,19.0,5.0,,79.0,0.0,1.0,2.0,0.0,1.0,0.1666666666666667,0.0,0.0,-100.0,79.0,6120.0,3060.0,0.0,13.0,4.0,19.0,,,,,,2,0.0,0.0,2,0.0,0.0,2,0.0,0.0,1,0.0,0.0,0,0.0,,0,0.0,,2,0.0,0.0,0,0.0,,1,0.0,0.0,1,0.0,0.0,0,,,0,,,0,,,1,0.0,0.0,1,0.0,0.0,2,0.0,0.0,0,0.0,,0.0,,0.8090909090909091,2,0.0,0.0,0,,,2,0.0,0.0,0.45454545454545453,0.7884573603642703,1.0297029702970295,16.404157936491792,0.01729083179071991,0.5714285714285714,0.5714285714285714,3248.5714285714284,0.801783724880131,0.45454545454545453,1.0,1.0,1.0,0.5714285714285714,0.5714285714285714,0.16518233626652543,0.32265954612443815,1.0
Amiens,2026-09-28,5,Prix De Longpre Maiden Stakes,1650.0,"2YO, Maiden","{'eventId': '3439128', 'overall': None, 'rating': None, 'surface': 'Turf', '__typename': 'TrackCondition'}",Turf,,22740.0,7.0,False,5.0,6.0,56.25,,,81.0,Mia Rare,2.0,Filly,b,Muhaarar,Jenychope,13516.0,L Carboni,L D Racco,False,0.17,6.0,S,,23.0,17,17.599999999999998,1.2,23.0,6.854539071473219,24,1.01,19.0,1.01,1.0,1.0,3.0,6.333333333333333,4.0,8.0,0.0,0.0,0.0,6.783333333333334,30.666666666666668,13.333333333333334,,79.0,0.0,1.0,3.0,0.0,1.0,-3.5,0.0,0.0,-100.0,79.0,1672.0,557.0,0.0,23.0,7.0,29.0,,,,,,3,0.0,0.0,3,0.0,0.0,2,0.0,0.0,1,0.0,0.0,0,0.0,,0,0.0,,3,0.0,0.0,0,0.0,,1,0.0,0.0,1,0.0,0.0,1,0.0,0.0,0,,,1,0.0,0.0,1,0.0,0.0,1,0.0,0.0,2,0.0,0.0,1,0.0,0.0,0.0,,0.8090909090909091,3,0.0,0.0,0,,,3,0.0,0.0,0.043478260869565216,3.1354942159291497,17.81188118811881,1.2386363636363638,0.05681818181818182,0.8571428571428571,0.7142857142857143,3248.5714285714284,-1.0690449665068416,0.007391304347826087,0.42857142857142855,5.0,0.42857142857142855,0.5714285714285714,0.5714285714285714,0.16518233626652543,0.07554888098182899,5.0
Amiens,2026-09-28,5,Prix De Longpre Maiden Stakes,1650.0,"2YO, Maiden","{'eventId': '3439128', 'overall': None, 'rating': None, 'surface': 'Turf', '__typename': 'TrackCondition'}",Turf,,22740.0,7.0,False,6.0,7.0,56.25,,,81.0,Perka Fal,2.0,Filly,b,Kameko,Perfect Melody,4502.0,L Boisseau,A Fouassier,False,0.15,6.0,S,,14.0,17,66.94235294117647,1.32,950.0,220.79094129780225,25,1.01,13.0,1.01,2.0,0.0,2.0,6.5,6.0,7.0,0.0,0.0,0.0,8.675,28.5,26.5,,79.0,0.0,0.0,2.0,0.0,1.0,0.1666666666666667,0.0,0.0,-100.0,79.0,0.0,0.0,3.0,25.0,7.0,23.0,,,,,,2,0.0,0.0,2,0.0,0.0,1,0.0,0.0,0,0.0,,0,0.0,,0,0.0,,2,0.0,0.0,0,0.0,,1,0.0,0.0,1,0.0,0.0,0,,,0,,,1,0.0,0.0,1,0.0,0.0,0,,,1,0.0,0.0,1,0.0,0.0,0.0,,0.8090909090909091,2,0.0,0.0,0,,,2,0.0,0.0,0.07142857142857142,2.6390573296152584,11.871287128712872,14.171596281260435,0.014938226041721587,1.0,0.8571428571428571,3248.5714285714284,-1.0690449665068416,0.010714285714285713,0.2857142857142857,4.0,0.5714285714285714,0.5714285714285714,0.5714285714285714,0.16518233626652543,0.09467417819818603,4.0
Amiens,2026-09-28,5,Prix De Longpre Maiden Stakes,1650.0,"2YO, Maiden","{'eventId': '3439128', 'overall': None, 'rating': None, 'surface': 'Turf', '__typename': 'TrackCondition'}",Turf,,22740.0,7.0,False,7.0,3.0,56.25,,,81.0,Deseo,2.0,Filly,b,Starspangledbanner,Evies Wish,3686.0,Coralie Pacaut,Tim Donworth,False,0.74,3.0,S,,2.6,16,61.8,2.3,950.0,229.33233254384348,20,1.01,2.5,1.01,5.0,0.0,3.0,7.0,5.0,11.0,0.0,0.0,0.0,8.533333333333333,10.333333333333334,15.0,,79.0,0.0,0.0,3.0,0.0,1.0,-3.0,0.0,0.0,-100.0,79.0,2739.0,913.0,12.0,25.0,5.0,15.0,,,,,,3,0.0,0.0,3,0.0,0.0,2,0.0,0.0,0,0.0,,0,0.0,,0,0.0,,3,0.0,0.0,0,0.0,,1,0.0,0.0,1,0.0,0.0,1,0.0,0.0,0,,,1,0.0,0.0,2,0.0,0.0,0,,,2,0.0,0.0,1,0.0,0.0,0.0,,0.8090909090909091,3,0.0,0.0,0,,,3,0.0,0.0,0.3846153846153846,0.9555114450274363,1.4752475247524752,15.334951456310682,0.016181229773462785,0.42857142857142855,1.0,3248.5714285714284,-1.0690449665068416,0.2846153846153846,0.8571428571428571,2.0,0.8571428571428571,0.5714285714285714,0.5714285714285714,0.16518233626652543,0.2855952356015617,2.0
Amiens,2026-09-28,1,Prix Dominique Geroux Handicap,2199.0,"4YO+, Class 4, Handicap, Class 4, Handicap","{'eventId': '3439124', 'overall': None, 'rating': None, 'surface': 'Turf', '__typename': 'TrackCondition'}",Turf,,20869.0,14.0,False,1.0,9.0,59.75,,,81.0,Golden Beach,7.0,Gelding,b,Oasis Dream,Mirror Lake,216044.0,L Bails,D Satalia,False,0.5,27.0,U,shn,10.0,16,9.81,2.06,22.0,3.663297694700773,9,1.01,9.0,1.01,2.0,0.0,5.0,8.2,1.0,15.0,0.2,0.4,0.2,14.23,15.3,18.2,67.0,67.0,0.0,0.0,1.0,2.0,0.0,-5.5,14.0,33.0,-8.0,67.0,215594.0,3369.0,0.0,15.0,8.0,23.0,,,,,,64,0.140625,0.328125,13,0.1538461538461538,0.3076923076923077,3,0.0,0.0,0,0.0,,0,0.0,,0,0.0,,40,0.175,0.375,5,0.0,0.0,6,0.1666666666666666,0.3333333333333333,6,0.1666666666666666,0.1666666666666666,5,0.4,0.4,0,,,18,0.1111111111111111,0.2777777777777778,23,0.1739130434782608,0.4347826086956521,6,0.3333333333333333,0.5,29,0.2068965517241379,0.4482758620689655,18,0.1111111111111111,0.2777777777777778,9.0,0.3333333333333333,0.5555555555555556,64,0.140625,0.328125,0,,,4,0.25,0.5,0.1,2.302585092994046,7.910891089108911,2.032619775739042,0.1019367991845056,0.6428571428571429,0.07142857142857142,1490.642857142857,0.8845271533155777,0.05,0.9285714285714286,5.0,0.7142857142857143,1.0,1.0,0.15494405814869308,0.10176000415620869,4.0
Amiens,2026-09-28,1,Prix Dominique Geroux Handicap,2199.0,"4YO+, Class 4, Handicap, Class 4, Handicap","{'eventId': '3439124', 'overall': None, 'rating': None, 'surface': 'Turf', '__typename': 'TrackCondition'}",Turf,,20869.0,14.0,False,3.0,12.0,59.75,,,81.0,Lempira,6.0,Gelding,b,Taareef,Octavine,85802.0,Coralie Pacaut,K Plisson,False,0.33,8.0,S,sn,12.0,16,70.4625,11.0,950.0,227.09979049693112,9,1.01,11.0,1.01,11.0,0.0,5.0,7.4,1.0,15.0,0.2,0.2,0.2,7.359999999999999,15.0,15.8,,79.0,0.0,0.0,4.0,0.0,0.0,1.5,12.0,18.0,-8.0,0.0,85802.0,2600.0,0.0,24.0,8.0,17.0,,,,,,33,0.1212121212121212,0.1818181818181818,18,0.0555555555555555,0.1111111111111111,3,0.3333333333333333,0.3333333333333333,1,0.0,0.0,0,0.0,,0,0.0,,21,0.1428571428571428,0.1904761904761904,7,0.0,0.1428571428571428,7,0.1428571428571428,0.2857142857142857,4,0.25,0.25,3,0.0,0.0,0,,,6,0.1666666666666666,0.1666666666666666,19,0.1578947368421052,0.1578947368421052,1,0.0,1.0,20,0.15,0.2,6,0.1666666666666666,0.1666666666666666,2.0,1.0,1.0,33,0.1212121212121212,0.1818181818181818,0,,,8,0.125,0.125,0.08333333333333333,2.4849066497880004,9.891089108910892,13.32623736029803,0.01419194607060493,0.8571428571428571,0.21428571428571427,1490.642857142857,0.8845271533155777,0.0275,0.6785714285714286,6.5,0.6071428571428571,0.75,0.6071428571428571,0.15494405814869308,0.08220933629957453,5.0
Amiens,2026-09-28,1,Prix Dominique Geroux Handicap,2199.0,"4YO+, Class 4, Handicap, Class 4, Handicap","{'eventId': '3439124', 'overall': None, 'rating': None, 'surface': 'Turf', '__typename': 'TrackCondition'}",Turf,,20869.0,14.0,False,4.0,11.0,59.75,,,81.0,Camelarua,4.0,Filly,b,Camelot,Dalarua,22701.0,Hugo Journiac,Y Barberot,False,1.0,6.0,U,,5.75,17,60.85,2.2,950.0,222.28925644171775,19,1.01,5.0,1.01,4.0,0.0,5.0,7.2,3.0,11.0,0.0,0.2,0.0,4.5600000000000005,12.8,29.2,,79.0,0.0,0.0,0.0,0.0,1.0,0.333333333333333,0.0,21.0,-100.0,79.0,20744.0,1092.0,12.0,35.0,3.0,21.0,,,,,,19,0.0,0.2105263157894736,11,0.0,0.2727272727272727,1,0.0,1.0,1,0.0,0.0,0,0.0,,0,0.0,,12,0.0,0.1666666666666666,2,0.0,0.5,4,0.0,0.25,3,0.0,0.3333333333333333,2,0.0,0.5,0,,,7,0.0,0.1428571428571428,9,0.0,0.2222222222222222,1,0.0,0.0,10,0.0,0.2,7,0.0,0.1428571428571428,0.0,,0.8090909090909091,19,0.0,0.2105263157894736,0,,,1,0.0,0.0,0.17391304347826086,1.749199854809259,3.9504950495049505,15.576006573541495,0.016433853738701727,0.7857142857142857,0.2857142857142857,1490.642857142857,0.8845271533155777,0.17391304347826086,1.0,4.0,0.7857142857142857,0.75,0.7857142857142857,0.15494405814869308,0.16974989025554105,2.0
Amiens,2026-09-28,1,Prix Dominique Geroux Handicap,2199.0,"4YO+, Class 4, Handicap, Class 4, Handicap","{'eventId': '3439124', 'overall': None, 'rating': None, 'surface': 'Turf', '__typename': 'TrackCondition'}",Turf,,20869.0,14.0,False,5.0,1.0,59.5,,,81.0,Rue De L'odeon,4.0,Filly,b,Persian King,Warzuzu,63897.0,L Boisseau,D Artu,False,0.37,1.0,U,ds,3.9,17,4.626470588235294,2.8,21.0,4.102729279790783,10,1.01,3.6,1.01,3.0,0.0,5.0,7.2,6.0,9.0,0.0,0.0,0.0,6.23,18.6,21.2,,79.0,0.0,0.0,1.0,0.0,0.0,-1.333333333333333,7.0,11.0,89.0,79.0,60853.0,2254.0,7.0,21.0,7.0,17.0,,,,,,27,0.074074074074074,0.1111111111111111,21,0.0952380952380952,0.1428571428571428,4,0.0,0.0,2,0.5,0.5,0,0.0,,0,0.0,,21,0.0476190476190476,0.0952380952380952,1,0.0,0.0,2,0.0,0.0,1,0.0,0.0,1,0.0,0.0,0,,,6,0.0,0.0,16,0.125,0.1875,4,0.0,0.0,20,0.1,0.15,6,0.0,0.0,1.0,0.0,0.0,27,0.074074074074074,0.1111111111111111,0,,,1,0.0,0.0,0.25641025641025644,1.3609765531356006,2.5643564356435644,3.9338842975206614,0.21614748887476162,0.07142857142857142,0.35714285714285715,1490.642857142857,0.8129469212553576,0.09487179487179488,0.7857142857142857,2.0,0.9285714285714286,0.2857142857142857,0.35714285714285715,0.15494405814869308,0.13383039220093973,3.0
Amiens,2026-09-28,1,Prix Dominique Geroux Handicap,2199.0,"4YO+, Class 4, Handicap, Class 4, Handicap","{'eventId': '3439124', 'overall': None, 'rating': None, 'surface': 'Turf', '__typename': 'TrackCondition'}",Turf,,20869.0,14.0,False,6.0,14.0,58.5,,,81.0,Money Money,6.0,Gelding,g,Birchwood,La Joconde,87955.0,C Belmont,T Vlaminck,False,0.16,9.0,S,son,31.0,16,30.1625,1.2,90.0,16.865418576187192,11,1.01,26.0,1.01,1.0,1.0,5.0,7.2,3.0,12.0,0.0,0.2,0.0,6.23,18.576,14.6,,79.0,0.0,0.0,5.0,2.0,0.0,-8.0,9.0,24.0,-29.0,0.0,77085.0,2267.0,0.0,11.0,12.0,34.0,,,,,,34,0.088235294117647,0.2352941176470588,9,0.1111111111111111,0.2222222222222222,4,0.0,0.25,0,0.0,,0,0.0,,0,0.0,,28,0.0714285714285714,0.25,0,0.0,,8,0.0,0.125,8,0.125,0.5,8,0.125,0.125,0,,,7,0.1428571428571428,0.4285714285714285,10,0.2,0.3,9,0.0,0.2222222222222222,19,0.1052631578947368,0.2631578947368421,7,0.1428571428571428,0.4285714285714285,4.0,0.0,0.5,34,0.088235294117647,0.2352941176470588,0,,,6,0.1666666666666666,0.3333333333333333,0.03225806451612903,3.4339872044851463,24.74257425742574,2.9440530460008287,0.03315375051802735,1.0,0.42857142857142855,1490.642857142857,0.526625993014477,0.005161290322580645,0.35714285714285715,11.0,0.2857142857142857,0.75,0.8571428571428571,0.15494405814869308,0.058130051910713076,6.0
Amiens,2026-09-28,1,Prix Dominique Geroux Handicap,2199.0,"4YO+, Class 4, Handicap, Class 4, Handicap","{'eventId': '3439124', 'overall': None, 'rating': None, 'surface': 'Turf', '__typename': 'TrackCondition'}",Turf,,20869.0,14.0,False,7.0,8.0,58.0,,,81.0,Bobby Jean,4.0,Filly,b,Hello Youmzain,My Year Is A Day,36716.0,T Trullier,J Macedo Da Silva,False,0.09,6.0,U,n,12.0,17,65.47647058823529,5.2,950.0,221.13825999722903,7,1.01,10.0,1.01,5.0,0.0,5.0,7.2,2.0,11.0,0.0,0.2,0.2,7.510000000000001,17.0,19.4,,79.0,0.0,0.0,0.0,0.0,0.0,0.333333333333333,5.0,18.0,-89.0,79.0,35846.0,1629.0,0.0,14.0,9.0,29.0,,,,,,22,0.0454545454545454,0.1818181818181818,12,0.0,0.0833333333333333,3,0.0,0.0,1,0.0,0.0,0,0.0,,0,0.0,,12,0.0833333333333333,0.25,2,0.0,0.0,3,0.0,0.0,3,0.0,0.3333333333333333,3,0.0,0.3333333333333333,0,,,12,0.0833333333333333,0.25,7,0.0,0.1428571428571428,1,0.0,0.0,8,0.0,0.125,12,0.0833333333333333,0.25,3.0,0.3333333333333333,0.3333333333333333,22,0.0454545454545454,0.1818181818181818,0,,,0,,,0.08333333333333333,2.4849066497880004,8.900990099009901,14.429610996316594,0.015272661935136107,0.5714285714285714,0.5,1490.642857142857,0.38346552889403673,0.0075,0.2857142857142857,6.5,0.6071428571428571,0.75,0.6071428571428571,0.15494405814869308,0.04790588752673279,7.0
Amiens,2026-09-28,1,Prix Dominique Geroux Handicap,2199.0,"4YO+, Class 4, Handicap, Class 4, Handicap","{'eventId': '3439124', 'overall': None, 'rating': None, 'surface': 'Turf', '__typename': 'TrackCondition'}",Turf,,20869.0,14.0,False,8.0,6.0,58.0,,,81.0,Sin City,4.0,Filly,ch,Ultra,Sund City,0.0,A Crastus,S Cerulis,False,0.27,6.0,U,,13.0,17,68.4235294117647,8.4,950.0,220.4563462974867,10,1.01,11.0,1.01,7.0,0.0,3.0,8.0,6.0,10.0,0.0,0.0,0.0,9.616666666666667,35.0,126.0,,79.0,0.0,0.0,0.0,0.0,2.0,3.0,0.0,0.0,-100.0,79.0,0.0,0.0,9.0,40.0,8.0,21.0,,,,,,3,0.0,0.0,2,0.0,0.0,2,0.0,0.0,0,0.0,,0,0.0,,0,0.0,,3,0.0,0.0,0,0.0,,2,0.0,0.0,1,0.0,0.0,0,,,0,,,1,0.0,0.0,2,0.0,0.0,0,,,2,0.0,0.0,1,0.0,0.0,0.0,,0.8090909090909091,3,0.0,0.0,0,,,0,,,0.07692307692307693,2.5649493574615367,9.891089108910892,13.761348005502064,0.014614855570839065,0.42857142857142855,0.5714285714285714,1490.642857142857,0.38346552889403673,0.020769230769230772,0.4642857142857143,8.0,0.5,0.2857142857142857,0.14285714285714285,0.15494405814869308,0.036893684594677,9.0
Amiens,2026-09-28,1,Prix Dominique Geroux Handicap,2199.0,"4YO+, Class 4, Handicap, Class 4, Handicap","{'eventId': '3439124', 'overall': None, 'rating': None, 'surface': 'Turf', '__typename': 'TrackCondition'}",Turf,,20869.0,14.0,False,9.0,13.0,57.5,,,81.0,Louise De Bade,5.0,Filly,b,Almanzor,She Will Call,25501.0,Fabrice Veron,J Leroy,False,0.27,2.0,S,sn,5.0,17,5.311764705882353,3.5,13.5,2.13676015140602,14,1.01,4.6,1.01,12.0,0.0,5.0,4.6,1.0,9.0,0.2,0.2,0.2,4.970000000000001,11.85,97.8,,79.0,0.0,0.0,1.0,1.0,1.0,-3.1666666666666665,9.0,9.0,-66.0,79.0,25501.0,2318.0,0.0,19.0,4.0,6.0,,,,,,11,0.0909090909090909,0.0909090909090909,2,0.0,0.0,2,0.0,0.0,0,0.0,,0,0.0,,0,0.0,,7,0.1428571428571428,0.1428571428571428,0,0.0,,2,0.0,0.0,2,0.0,0.0,1,0.0,0.0,0,,,4,0.0,0.0,5,0.2,0.2,2,0.0,0.0,7,0.1428571428571428,0.1428571428571428,4,0.0,0.0,1.0,1.0,1.0,11,0.0909090909090909,0.0909090909090909,0,,,1,0.0,0.0,0.2,1.6094379124341003,3.5544554455445545,1.8826135105204873,0.18826135105204875,0.9285714285714286,0.6428571428571429,1490.642857142857,0.24030506477359648,0.054000000000000006,0.4642857142857143,3.0,0.8571428571428571,0.75,0.2857142857142857,0.15494405814869308,0.20168240946485588,1.0
Amiens,2026-09-28,1,Prix Dominique Geroux Handicap,2199.0,"4YO+, Class 4, Handicap, Class 4, Handicap","{'eventId': '3439124', 'overall': None, 'rating': None, 'surface': 'Turf', '__typename': 'TrackCondition'}",Turf,,20869.0,14.0,False,10.0,4.0,55.0,,,81.0,Puerta Del Sol,6.0,Mare,b,Recoletos,Subprime,9710.0,A Vilchien,M Rosseel,False,0.03,6.0,U,o,41.0,15,37.55333333333333,5.2,130.0,26.411181133922973,12,1.01,26.0,1.01,6.0,0.0,5.0,10.2,7.0,13.0,0.0,0.0,0.0,13.78,36.6,20.4,,79.0,1.0,2.0,0.0,0.0,0.0,-3.0,0.0,0.0,-100.0,0.0,9710.0,347.0,0.0,312.0,13.0,41.0,,,,,,28,0.0,0.0,4,0.0,0.0,0,0.0,,6,0.0,0.0,1,0.0,0.0,1,0.0,0.0,19,0.0,0.0,1,0.0,0.0,5,0.0,0.0,5,0.0,0.0,3,0.0,0.0,0,,,13,0.0,0.0,10,0.0,0.0,4,0.0,0.0,14,0.0,0.0,13,0.0,0.0,0.0,,0.8090909090909091,28,0.0,0.0,0,,,0,,,0.024390243902439025,3.713572066704308,24.74257425742574,3.3232735664832243,0.026628794603230966,0.2857142857142857,0.7142857142857143,1490.642857142857,-0.4754972558286049,0.0007317073170731707,0.21428571428571427,12.0,0.21428571428571427,0.2857142857142857,0.14285714285714285,0.15494405814869308,0.03272796321247384,11.0
Amiens,2026-09-28,1,Prix Dominique Geroux Handicap,2199.0,"4YO+, Class 4, Handicap, Class 4, Handicap","{'eventId': '3439124', 'overall': None, 'rating': None, 'surface': 'Turf', '__typename': 'TrackCondition'}",Turf,,20869.0,14.0,False,11.0,3.0,55.0,,,81.0,Clair De Lune,6.0,Mare,b,Le Havre,Moonlight Rose,78709.0,L Gallo,Mme C Auvray,False,0.32,2.0,S,son,14.0,16,73.06875000000001,10.0,950.0,226.44816934220844,14,1.01,13.0,1.01,8.0,0.0,5.0,11.4,6.0,14.0,0.0,0.0,0.0,21.22,37.6,24.8,,79.0,0.0,0.0,2.0,0.0,0.0,-3.5,7.0,17.0,-66.0,0.0,78709.0,2714.0,0.0,19.0,13.0,19.0,,,,,,29,0.0689655172413793,0.1724137931034483,8,0.0,0.0,2,0.0,0.0,2,0.0,0.0,0,0.0,,0,0.0,,21,0.0952380952380952,0.238095238095238,1,0.0,0.0,7,0.0,0.1428571428571428,6,0.1666666666666666,0.3333333333333333,6,0.1666666666666666,0.1666666666666666,0,,,7,0.0,0.1428571428571428,16,0.125,0.25,1,0.0,0.0,17,0.1176470588235294,0.2352941176470588,7,0.0,0.1428571428571428,1.0,1.0,1.0,29,0.0689655172413793,0.1724137931034483,0,,,2,0.0,0.0,0.07142857142857142,2.6390573296152584,11.871287128712872,12.864596698314942,0.01368574116842015,0.21428571428571427,0.7857142857142857,1490.642857142857,-0.4754972558286049,0.022857142857142857,0.5714285714285714,9.0,0.42857142857142855,0.2857142857142857,0.5,0.15494405814869308,0.039999697453736265,8.0
Amiens,2026-09-28,1,Prix Dominique Geroux Handicap,2199.0,"4YO+, Class 4, Handicap, Class 4, Handicap","{'eventId': '3439124', 'overall': None, 'rating': None, 'surface': 'Turf', '__typename': 'TrackCondition'}",Turf,,20869.0,14.0,False,12.0,10.0,51.25,,,81.0,Silver Condor,10.0,Gelding,g,Kendargent,Barzas River,137268.0,P Cheyer,G Verheye,False,0.01,3.0,S,dsn,51.0,16,85.3375,5.2,790.0,182.1798797720264,9,1.01,34.0,1.01,13.0,0.0,5.0,10.8,7.0,15.0,0.0,0.0,0.0,28.44,36.8,27.2,66.0,66.0,0.0,0.0,3.0,0.0,0.0,4.666666666666666,8.0,16.0,9.0,66.0,137268.0,1880.0,14.0,19.0,7.0,19.0,,,,,,73,0.0821917808219178,0.1643835616438356,16,0.0625,0.125,1,0.0,0.0,8,0.125,0.25,6,0.0,0.1666666666666666,5,0.0,0.2,40,0.025,0.15,9,0.0,0.0,11,0.0,0.0909090909090909,9,0.1111111111111111,0.2222222222222222,8,0.0,0.0,0,,,14,0.1428571428571428,0.1428571428571428,16,0.0625,0.125,3,0.0,0.0,19,0.0526315789473684,0.1052631578947368,14,0.1428571428571428,0.1428571428571428,0.0,,0.8090909090909091,73,0.0821917808219178,0.1643835616438356,0,,,8,0.125,0.125,0.0196078431372549,3.9318256327243257,32.663366336633665,9.196425955763878,0.011718177823348469,0.7142857142857143,0.8571428571428571,1490.642857142857,-1.549200736731907,0.000196078431372549,0.07142857142857142,13.0,0.14285714285714285,0.2857142857142857,0.42857142857142855,0.15494405814869308,0.029995470244384467,12.0
Amiens,2026-09-28,1,Prix Dominique Geroux Handicap,2199.0,"4YO+, Class 4, Handicap, Class 4, Handicap","{'eventId': '3439124', 'overall': None, 'rating': None, 'surface': 'Turf', '__typename': 'TrackCondition'}",Turf,,20869.0,14.0,False,13.0,7.0,50.75,,,81.0,Landaryna,8.0,Mare,b,Dariyan,Imperial Topaz,131423.0,T Le Graet,J Leroy,False,0.33,1.0,S,n,21.0,17,74.28823529411765,13.0,950.0,218.949709193023,11,1.01,16.0,1.01,10.0,0.0,5.0,8.2,6.0,10.0,0.0,0.0,0.0,7.62,11.1,23.4,,79.0,0.0,0.0,3.0,0.0,0.0,2.0,4.0,19.0,-60.0,0.0,131423.0,1413.0,0.0,19.0,8.0,15.0,,,,,,93,0.043010752688172,0.1935483870967742,17,0.0,0.2352941176470588,3,0.0,0.0,8,0.0,0.125,2,0.0,0.0,2,0.0,0.0,48,0.0,0.1875,10,0.0,0.2,7,0.1428571428571428,0.2857142857142857,6,0.0,0.1666666666666666,3,0.0,0.3333333333333333,0,,,20,0.05,0.1,22,0.0,0.2272727272727272,1,0.0,0.0,23,0.0,0.217391304347826,20,0.05,0.1,3.0,0.0,0.3333333333333333,93,0.043010752688172,0.1935483870967742,0,,,11,0.0,0.3636363636363636,0.047619047619047616,3.044522437723423,14.841584158415841,12.613033494338426,0.013461081637500988,0.5,0.9285714285714286,1490.642857142857,-1.6923612008523472,0.015714285714285715,0.6785714285714286,10.0,0.35714285714285715,0.2857142857142857,0.7142857142857143,0.15494405814869308,0.03666153839520393,10.0
Amiens,2026-09-28,1,Prix Dominique Geroux Handicap,2199.0,"4YO+, Class 4, Handicap, Class 4, Handicap","{'eventId': '3439124', 'overall': None, 'rating': None, 'surface': 'Turf', '__typename': 'TrackCondition'}",Turf,,20869.0,14.0,False,14.0,2.0,50.75,,,81.0,Kasimska,6.0,Mare,ch,Kamsin,Katiouska,3304.0,M Pien,M Rosseel,False,0.02,6.0,S,o,101.0,15,86.00333333333333,3.25,180.0,35.602436558315624,16,1.01,61.0,1.01,9.0,0.0,5.0,11.0,9.0,13.0,0.0,0.0,0.0,15.18,60.8,106.6,,79.0,0.0,0.0,5.0,0.0,1.0,1.666666666666666,0.0,0.0,-100.0,79.0,3304.0,300.0,0.0,45.0,11.0,41.0,,,,,,11,0.0,0.0,5,0.0,0.0,1,0.0,0.0,0,0.0,,0,0.0,,0,0.0,,6,0.0,0.0,0,0.0,,4,0.0,0.0,2,0.0,0.0,2,0.0,0.0,0,,,7,0.0,0.0,3,0.0,0.0,1,0.0,0.0,4,0.0,0.0,7,0.0,0.0,0.0,,0.8090909090909091,11,0.0,0.0,0,,,5,0.0,0.0,0.009900990099009901,4.61512051684126,59.396039603960396,2.055152901050347,0.011627456300143406,0.14285714285714285,1.0,1490.642857142857,-1.6923612008523472,0.00019801980198019803,0.14285714285714285,14.0,0.07142857142857142,0.2857142857142857,0.14285714285714285,0.15494405814869308,0.028453674284958732,13.0
Amiens,2026-09-28,7,Prix Du Pdv Pmu L'ocean Equihen-plage (Prix Edouard Acker) Handicap,1650.0,"4YO+, Class 4, Handicap, Class 4, Handicap","{'eventId': '3439130', 'overall': None, 'rating': None, 'surface': 'Turf', '__typename': 'TrackCondition'}",Turf,,20869.0,14.0,False,1.0,1.0,59.75,,,81.0,Ambra Antica,4.0,Filly,ch,Waldgeist,Bayargal,63339.0,A Vilchien,J Goossens,False,0.55,1.0,S,dson,17.0,10,17.91,3.1,40.0,8.461258771601305,14,15.0,16.0,12.0,9.0,0.0,5.0,9.8,4.0,13.0,0.0,0.0,0.0,7.44,28.0,30.8,,79.0,0.0,0.0,1.0,0.0,1.0,-2.833333333333334,8.0,21.0,17.0,79.0,63339.0,2639.0,0.0,42.0,10.0,19.0,,,,,,24,0.0833333333333333,0.2083333333333333,12,0.0,0.0833333333333333,1,0.0,0.0,9,0.1111111111111111,0.3333333333333333,0,0.0,,0,0.0,,14,0.1428571428571428,0.2142857142857142,3,0.0,0.3333333333333333,2,0.0,0.0,2,0.0,0.5,1,0.0,0.0,0,,,9,0.0,0.1111111111111111,10,0.2,0.3,2,0.0,0.0,12,0.1666666666666666,0.25,9,0.0,0.1111111111111111,0.0,,0.8090909090909091,24,0.0833333333333333,0.2083333333333333,0,,,1,0.0,0.0,0.058823529411764705,2.833213344056216,0.06666666666666667,2.0603015075376883,0.05583472920156337,0.07142857142857142,0.07142857142857142,1490.642857142857,0.9909147569678831,0.03235294117647059,0.7142857142857143,10.0,0.35714285714285715,0.32142857142857145,0.6428571428571429,0.08626375435018471,0.033896391000782795,11.0
Amiens,2026-09-28,7,Prix Du Pdv Pmu L'ocean Equihen-plage (Prix Edouard Acker) Handicap,1650.0,"4YO+, Class 4, Handicap, Class 4, Handicap","{'eventId': '3439130', 'overall': None, 'rating': None, 'surface': 'Turf', '__typename': 'TrackCondition'}",Turf,,20869.0,14.0,False,2.0,14.0,59.5,,,81.0,Mon Schatzi,4.0,Gelding,b,Shamalgan,Mon Amie Chop,109148.0,L Carboni,M Weissmeier,False,0.41,24.0,S,dhon,12.0,10,10.7,2.0,15.0,3.1320919526731648,15,17.0,11.0,11.0,14.0,0.0,5.0,7.4,2.0,10.0,0.0,0.2,0.2,18.009999999999998,10.366,20.0,,79.0,0.0,0.0,1.0,0.0,0.0,-1.0,11.0,32.0,-55.0,0.0,112852.0,4030.0,0.0,63.0,10.0,9.0,,,,,,28,0.1071428571428571,0.3214285714285714,11,0.0,0.0909090909090909,0,0.0,,8,0.375,0.625,0,0.0,,0,0.0,,13,0.0769230769230769,0.3076923076923077,2,0.0,0.0,4,0.25,0.5,4,0.0,0.25,4,0.25,0.25,0,,,10,0.2,0.4,13,0.0,0.2307692307692307,1,1.0,1.0,14,0.0714285714285714,0.2857142857142857,10,0.2,0.4,3.0,0.3333333333333333,1.0,28,0.1071428571428571,0.3214285714285714,0,,,2,0.0,0.0,0.08333333333333333,2.4849066497880004,-0.35294117647058826,1.2149532710280375,0.09345794392523366,1.0,0.14285714285714285,1490.642857142857,0.8925260576944763,0.034166666666666665,0.35714285714285715,7.0,0.5714285714285714,0.75,1.0,0.08626375435018471,0.06507995855581943,7.0
Amiens,2026-09-28,7,Prix Du Pdv Pmu L'ocean Equihen-plage (Prix Edouard Acker) Handicap,1650.0,"4YO+, Class 4, Handicap, Class 4, Handicap","{'eventId': '3439130', 'overall': None, 'rating': None, 'surface': 'Turf', '__typename': 'TrackCondition'}",Turf,,20869.0,14.0,False,3.0,11.0,59.0,,,81.0,Charismatic Chick,4.0,Filly,b,Inns Of Court,Eyes That Dazzle,40649.0,A Duquesnoy,C Boutin,False,0.44,5.0,U,sn,6.5,10,6.295,5.5,8.0,0.6543890280253788,18,8.0,5.5,5.5,10.0,0.0,5.0,6.2,1.0,12.0,0.2,0.2,0.2,3.890000000000001,17.6,13.0,,79.0,0.0,0.0,0.0,0.0,0.0,-3.833333333333333,4.0,21.0,-29.0,0.0,40649.0,1694.0,9.0,15.0,5.0,13.0,,,,,,24,0.0416666666666666,0.2083333333333333,17,0.0588235294117647,0.1176470588235294,4,0.25,0.25,0,0.0,,0,0.0,,0,0.0,,20,0.0,0.2,0,0.0,,5,0.0,0.4,3,0.0,0.3333333333333333,2,0.0,0.0,0,,,6,0.0,0.0,16,0.0625,0.1875,2,0.0,1.0,18,0.0555555555555555,0.2777777777777778,6,0.0,0.0,2.0,0.0,0.5,24,0.0416666666666666,0.2083333333333333,0,,,3,0.0,0.3333333333333333,0.15384615384615385,1.8718021769015913,-0.3125,0.3971405877680699,0.15885623510722796,0.7857142857142857,0.21428571428571427,1490.642857142857,0.6957486591476629,0.06769230769230769,0.42857142857142855,2.5,0.8928571428571429,0.75,0.6428571428571429,0.08626375435018471,0.19547832285384742,1.0
Amiens,2026-09-28,7,Prix Du Pdv Pmu L'ocean Equihen-plage (Prix Edouard Acker) Handicap,1650.0,"4YO+, Class 4, Handicap, Class 4, Handicap","{'eventId': '3439130', 'overall': None, 'rating': None, 'surface': 'Turf', '__typename': 'TrackCondition'}",Turf,,20869.0,14.0,False,4.0,9.0,59.0,,,81.0,Pinya,4.0,Filly,b,Hello Youmzain,Terre Australe,16520.0,L Boisseau,Mme G Rarick,False,0.31,4.0,U,so,31.0,10,31.08,9.8,75.0,15.733327683614805,22,15.0,26.0,15.0,8.0,0.0,5.0,7.6,1.0,14.0,0.2,0.2,0.2,7.07,21.8,22.4,,79.0,0.0,0.0,3.0,0.0,0.0,-6.5,6.0,13.0,-31.0,79.0,16520.0,1033.0,4.0,14.0,14.0,34.0,,,,,,16,0.0625,0.125,11,0.0909090909090909,0.1818181818181818,3,0.3333333333333333,0.3333333333333333,3,0.0,0.0,0,0.0,,0,0.0,,12,0.0833333333333333,0.1666666666666666,0,0.0,,4,0.0,0.25,2,0.0,0.0,2,0.0,0.0,0,,,5,0.0,0.0,10,0.1,0.2,1,0.0,0.0,11,0.0909090909090909,0.1818181818181818,5,0.0,0.0,0.0,,0.8090909090909091,16,0.0625,0.125,0,,,6,0.1666666666666666,0.1666666666666666,0.03225806451612903,3.4339872044851463,0.7333333333333333,2.097812097812098,0.032175032175032175,0.6428571428571429,0.2857142857142857,1490.642857142857,0.6957486591476629,0.01,0.2857142857142857,11.0,0.2857142857142857,0.75,0.2857142857142857,0.08626375435018471,0.040570807420035375,8.0
Amiens,2026-09-28,7,Prix Du Pdv Pmu L'ocean Equihen-plage (Prix Edouard Acker) Handicap,1650.0,"4YO+, Class 4, Handicap, Class 4, Handicap","{'eventId': '3439130', 'overall': None, 'rating': None, 'surface': 'Turf', '__typename': 'TrackCondition'}",Turf,,20869.0,14.0,False,5.0,12.0,59.0,,,81.0,Khyrilovitch,4.0,Gelding,b,Profitable,Teikei,2763.0,E Solinas,N Caullery,False,0.01,6.0,U,o,61.0,10,58.0,22.0,160.0,35.68192819901974,17,34.0,41.0,31.0,13.0,0.0,5.0,10.8,8.0,13.0,0.0,0.0,0.0,11.31,76.2,75.4,,79.0,0.0,1.0,0.0,0.0,1.0,-2.0,0.0,0.0,-100.0,79.0,2763.0,307.0,3.0,15.0,13.0,81.0,,,,,,9,0.0,0.0,5,0.0,0.0,2,0.0,0.0,3,0.0,0.0,0,0.0,,0,0.0,,5,0.0,0.0,0,0.0,,2,0.0,0.0,2,0.0,0.0,1,0.0,0.0,0,,,2,0.0,0.0,6,0.0,0.0,1,0.0,0.0,7,0.0,0.0,2,0.0,0.0,0.0,,0.8090909090909091,9,0.0,0.0,0,,,0,,,0.01639344262295082,4.110873864173311,0.20588235294117646,2.3793103448275863,0.017241379310344827,0.8571428571428571,0.35714285714285715,1490.642857142857,0.6957486591476629,0.0001639344262295082,0.10714285714285714,12.0,0.21428571428571427,0.32142857142857145,0.14285714285714285,0.08626375435018471,0.028015766984299244,13.0
Amiens,2026-09-28,7,Prix Du Pdv Pmu L'ocean Equihen-plage (Prix Edouard Acker) Handicap,1650.0,"4YO+, Class 4, Handicap, Class 4, Handicap","{'eventId': '3439130', 'overall': None, 'rating': None, 'surface': 'Turf', '__typename': 'TrackCondition'}",Turf,,20869.0,14.0,False,6.0,10.0,58.5,,,81.0,Likethewind,4.0,Filly,b,Toronado,Nice Story,36578.0,A Crastus,J Carvalho,False,0.05,4.0,S,tcdsn,8.5,10,101.283,1.33,950.0,282.91245253788315,14,7.5,7.0,5.5,1.0,1.0,5.0,9.6,5.0,14.0,0.0,0.0,0.0,7.220000000000001,32.6,32.8,,79.0,0.0,0.0,2.0,0.0,0.0,0.166666666666666,5.0,16.0,-42.0,0.0,25708.0,1353.0,0.0,124.0,5.0,21.0,,,,,,19,0.0526315789473684,0.1578947368421052,8,0.125,0.25,0,0.0,,3,0.3333333333333333,0.3333333333333333,1,1.0,1.0,1,1.0,1.0,12,0.0833333333333333,0.25,2,0.0,0.0,3,0.0,0.0,2,0.0,0.0,2,0.0,0.5,0,,,4,0.0,0.25,11,0.0909090909090909,0.0909090909090909,2,0.0,0.5,13,0.0769230769230769,0.1538461538461538,4,0.0,0.25,0.0,,0.8090909090909091,19,0.0526315789473684,0.1578947368421052,0,,,2,0.0,0.0,0.11764705882352941,2.1400661634962708,-0.06666666666666667,9.366527452780822,0.009873325237206639,0.7142857142857143,0.42857142857142855,1490.642857142857,0.49897126060084956,0.0058823529411764705,0.21428571428571427,6.0,0.6428571428571429,0.32142857142857145,0.35714285714285715,0.08626375435018471,0.08896801315139884,5.0
Amiens,2026-09-28,7,Prix Du Pdv Pmu L'ocean Equihen-plage (Prix Edouard Acker) Handicap,1650.0,"4YO+, Class 4, Handicap, Class 4, Handicap","{'eventId': '3439130', 'overall': None, 'rating': None, 'surface': 'Turf', '__typename': 'TrackCondition'}",Turf,,20869.0,14.0,False,7.0,4.0,58.0,,,81.0,Eywa,4.0,Filly,b,Fas,Soccoa,151059.0,T Trullier,J Phelippon,False,0.77,17.0,U,son,15.0,10,105.906,2.06,950.0,281.38557803128435,11,8.0,13.0,8.0,7.0,0.0,5.0,7.2,5.0,12.0,0.0,0.0,0.0,5.11,11.2,28.0,,79.0,0.0,0.0,0.0,0.0,1.0,-3.833333333333333,9.0,29.0,-41.0,0.0,151059.0,3357.0,11.0,15.0,12.0,13.0,,,,,,45,0.0888888888888888,0.2888888888888888,16,0.0,0.125,1,0.0,0.0,8,0.0,0.125,0,0.0,,0,0.0,,28,0.0357142857142857,0.1785714285714285,3,0.0,0.3333333333333333,3,0.0,0.0,2,0.0,0.5,2,0.0,0.5,0,,,7,0.0,0.1428571428571428,26,0.1538461538461538,0.2692307692307692,9,0.0,0.4444444444444444,35,0.1142857142857142,0.3142857142857143,7,0.0,0.1428571428571428,2.0,0.0,0.0,45,0.0888888888888888,0.2888888888888888,0,,,0,,,0.06666666666666667,2.70805020110221,0.625,8.950767661888845,0.009442335656147905,0.2857142857142857,0.5,1490.642857142857,0.3021938620540361,0.051333333333333335,0.8571428571428571,8.5,0.4642857142857143,0.32142857142857145,0.9285714285714286,0.08626375435018471,0.03555423768981482,10.0
Amiens,2026-09-28,7,Prix Du Pdv Pmu L'ocean Equihen-plage (Prix Edouard Acker) Handicap,1650.0,"4YO+, Class 4, Handicap, Class 4, Handicap","{'eventId': '3439130', 'overall': None, 'rating': None, 'surface': 'Turf', '__typename': 'TrackCondition'}",Turf,,20869.0,14.0,False,8.0,2.0,58.0,,,81.0,Elenka,4.0,Filly,ch,Romanised,Ehteyat,32337.0,Fabrice Veron,J Leroy,False,1.0,6.0,U,,7.0,10,6.953999999999999,1.54,17.0,3.6577375520941904,21,5.0,6.0,4.0,2.0,0.0,5.0,4.8,3.0,9.0,0.0,0.2,0.0,3.5700000000000003,18.9,26.6,,79.0,0.0,0.0,0.0,0.0,0.0,2.166666666666667,0.0,18.0,-100.0,79.0,28206.0,1282.0,0.0,15.0,3.0,19.0,,,,,,22,0.0,0.1818181818181818,11,0.0,0.0909090909090909,2,0.0,0.5,1,0.0,0.0,0,0.0,,0,0.0,,14,0.0,0.2142857142857142,2,0.0,0.0,4,0.0,0.25,3,0.0,0.0,2,0.0,0.0,0,,,6,0.0,0.0,13,0.0,0.2307692307692307,1,0.0,1.0,14,0.0,0.2857142857142857,6,0.0,0.0,1.0,0.0,0.0,22,0.0,0.1818181818181818,0,,,2,0.0,0.0,0.14285714285714285,1.9459101490553132,0.2,2.223180903077366,0.14380212827149844,0.14285714285714285,0.5714285714285714,1490.642857142857,0.3021938620540361,0.14285714285714285,1.0,4.0,0.7857142857142857,0.75,0.5,0.08626375435018471,0.07692721224670454,6.0
Amiens,2026-09-28,7,Prix Du Pdv Pmu L'ocean Equihen-plage (Prix Edouard Acker) Handicap,1650.0,"4YO+, Class 4, Handicap, Class 4, Handicap","{'eventId': '3439130', 'overall': None, 'rating': None, 'surface': 'Turf', '__typename': 'TrackCondition'}",Turf,,20869.0,14.0,False,9.0,6.0,57.5,,,81.0,Pokrov,4.0,Gelding,b,Fas,Khyrova,45134.0,Hugo Journiac,J Macedo Da Silva,False,0.87,3.0,U,dn,6.5,10,99.777,1.27,950.0,283.4110734622061,13,4.4,5.5,4.4,4.0,0.0,5.0,4.8,3.0,8.0,0.0,0.4,0.0,4.92,12.7,18.2,,79.0,0.0,0.0,0.0,0.0,0.0,-1.166666666666667,3.0,21.0,-91.0,0.0,43177.0,1489.0,0.0,24.0,3.0,19.0,,,,,,29,0.0344827586206896,0.2068965517241379,20,0.0,0.2,2,0.0,0.5,3,0.3333333333333333,0.6666666666666666,0,0.0,,0,0.0,,15,0.0,0.2666666666666666,3,0.0,0.0,3,0.0,0.0,3,0.0,0.0,2,0.0,0.0,0,,,12,0.0833333333333333,0.25,12,0.0,0.25,2,0.0,0.0,14,0.0,0.2142857142857142,12,0.0833333333333333,0.25,1.0,1.0,1.0,29,0.0344827586206896,0.2068965517241379,0,,,0,,,0.15384615384615385,1.8718021769015913,0.2499999999999999,9.508503963839361,0.01002234984014352,0.42857142857142855,0.6428571428571429,1490.642857142857,0.10541646350722268,0.13384615384615386,0.9285714285714286,2.5,0.8928571428571429,0.9642857142857143,0.6428571428571429,0.08626375435018471,0.1406548151921698,2.0
Amiens,2026-09-28,7,Prix Du Pdv Pmu L'ocean Equihen-plage (Prix Edouard Acker) Handicap,1650.0,"4YO+, Class 4, Handicap, Class 4, Handicap","{'eventId': '3439130', 'overall': None, 'rating': None, 'surface': 'Turf', '__typename': 'TrackCondition'}",Turf,,20869.0,14.0,False,10.0,7.0,57.5,,,81.0,La Billebaude,4.0,Filly,b,Bobby's Kitten,Mer Et Jardin,7777.0,L Bails,N Guilbert,False,0.45,3.0,S,o,15.0,10,14.22,5.2,19.0,3.28566583815214,17,9.0,14.0,9.0,12.0,0.0,5.0,10.2,5.0,13.0,0.0,0.0,0.0,8.309999999999999,33.4,76.0,,79.0,0.0,0.0,1.0,0.0,1.0,-4.666666666666666,0.0,0.0,-100.0,79.0,7777.0,648.0,14.0,16.0,13.0,11.0,,,,,,12,0.0,0.0,5,0.0,0.0,2,0.0,0.0,2,0.0,0.0,0,0.0,,0,0.0,,11,0.0,0.0,0,0.0,,3,0.0,0.0,3,0.0,0.0,3,0.0,0.0,0,,,4,0.0,0.0,7,0.0,0.0,1,0.0,0.0,8,0.0,0.0,4,0.0,0.0,0.0,,0.8090909090909091,12,0.0,0.0,0,,,1,0.0,0.0,0.06666666666666667,2.70805020110221,0.5555555555555556,0.9704641350210971,0.07032348804500703,0.5,0.7142857142857143,1490.642857142857,0.10541646350722268,0.03,0.5,8.5,0.4642857142857143,0.32142857142857145,0.14285714285714285,0.08626375435018471,0.039270520670218786,9.0
Amiens,2026-09-28,7,Prix Du Pdv Pmu L'ocean Equihen-plage (Prix Edouard Acker) Handicap,1650.0,"4YO+, Class 4, Handicap, Class 4, Handicap","{'eventId': '3439130', 'overall': None, 'rating': None, 'surface': 'Turf', '__typename': 'TrackCondition'}",Turf,,20869.0,14.0,False,11.0,8.0,56.75,,,81.0,Galilee Dream,6.0,Mare,b,Galiway,Petite Mokka,18351.0,P Bazire,Jv Toux,False,0.47,1.0,S,,6.25,10,5.819,2.44,8.0,1.2906777289470832,9,8.0,6.0,6.0,3.0,0.0,5.0,8.0,6.0,14.0,0.0,0.0,0.0,4.680000000000001,22.8,101.2,,79.0,0.0,1.0,1.0,0.0,1.0,1.666666666666666,0.0,17.0,-100.0,0.0,15307.0,850.0,9.0,16.0,6.0,13.0,,,,,,18,0.0,0.1666666666666666,4,0.0,0.0,4,0.0,0.0,5,0.0,0.2,0,0.0,,0,0.0,,11,0.0,0.1818181818181818,1,0.0,0.0,4,0.0,0.0,4,0.0,0.25,3,0.0,0.3333333333333333,0,,,4,0.0,0.0,10,0.0,0.1,3,0.0,0.6666666666666666,13,0.0,0.2307692307692307,4,0.0,0.0,2.0,0.0,0.5,18,0.0,0.1666666666666666,0,,,1,0.0,0.0,0.16,1.8325814637483102,-0.25,0.9554906341295756,0.17185083347654237,0.5714285714285714,0.7857142857142857,1490.642857142857,-0.18974963431299746,0.0752,0.5714285714285714,1.0,1.0,0.32142857142857145,0.42857142857142855,0.08626375435018471,0.1044028876928761,3.0
Amiens,2026-09-28,7,Prix Du Pdv Pmu L'ocean Equihen-plage (Prix Edouard Acker) Handicap,1650.0,"4YO+, Class 4, Handicap, Class 4, Handicap","{'eventId': '3439130', 'overall': None, 'rating': None, 'surface': 'Turf', '__typename': 'TrackCondition'}",Turf,,20869.0,14.0,False,12.0,3.0,54.5,,,81.0,Niia,4.0,Filly,b,Romanised,New Queen,47162.0,P Cheyer,A Fouassier,False,0.71,1.0,S,sn,7.5,10,7.994,2.44,19.0,3.9517494859871873,16,11.0,7.0,6.5,5.0,0.0,5.0,6.2,2.0,13.0,0.0,0.4,0.2,3.55,13.2,17.0,,79.0,0.0,0.0,5.0,0.0,0.0,-0.5,4.0,26.0,-80.0,0.0,46292.0,1715.0,5.0,16.0,8.0,13.0,,,,,,27,0.037037037037037,0.2592592592592592,14,0.0,0.1428571428571428,3,0.0,0.3333333333333333,5,0.0,0.0,1,0.0,0.0,1,0.0,0.0,15,0.0,0.3333333333333333,3,0.0,0.0,4,0.0,0.25,4,0.0,0.25,3,0.0,0.6666666666666666,0,,,6,0.0,0.1666666666666666,17,0.0588235294117647,0.3529411764705882,1,0.0,0.0,18,0.0555555555555555,0.3333333333333333,6,0.0,0.1666666666666666,0.0,,0.8090909090909091,27,0.037037037037037,0.2592592592592592,0,,,9,0.0,0.2222222222222222,0.13333333333333333,2.0149030205422647,-0.36363636363636365,2.0715536652489366,0.12509382036527397,0.21428571428571427,0.8571428571428571,1490.642857142857,-1.075247927773658,0.09466666666666666,0.7857142857142857,5.0,0.7142857142857143,0.9642857142857143,0.7857142857142857,0.08626375435018471,0.0955053834607169,4.0
Amiens,2026-09-28,7,Prix Du Pdv Pmu L'ocean Equihen-plage (Prix Edouard Acker) Handicap,1650.0,"4YO+, Class 4, Handicap, Class 4, Handicap","{'eventId': '3439130', 'overall': None, 'rating': None, 'surface': 'Turf', '__typename': 'TrackCondition'}",Turf,,20869.0,14.0,False,13.0,13.0,52.5,,,81.0,Tigre Dore,4.0,Gelding,b,Elarqam,Brofalya,0.0,G Meury,B Koninck,False,0.01,6.0,U,o,126.0,10,113.07,1.7,390.0,97.3168233143684,19,41.0,67.0,31.0,6.0,0.0,5.0,11.8,8.0,15.0,0.0,0.0,0.0,13.06,43.8,84.0,,79.0,0.0,0.0,0.0,0.0,2.0,-4.5,0.0,0.0,-100.0,79.0,0.0,0.0,0.0,15.0,15.0,81.0,,,,,,7,0.0,0.0,4,0.0,0.0,1,0.0,0.0,1,0.0,0.0,0,0.0,,0,0.0,,7,0.0,0.0,0,0.0,,3,0.0,0.0,2,0.0,0.0,2,0.0,0.0,0,,,2,0.0,0.0,5,0.0,0.0,0,,,5,0.0,0.0,2,0.0,0.0,0.0,,0.8090909090909091,7,0.0,0.0,0,,,0,,,0.007936507936507936,4.836281906951478,0.6341463414634146,3.4341558326700277,0.008844078889183692,0.9285714285714286,0.9285714285714286,1490.642857142857,-1.8623575219609116,7.936507936507937e-05,0.10714285714285714,14.0,0.07142857142857142,0.32142857142857145,0.14285714285714285,0.08626375435018471,0.026505691090682213,14.0
Amiens,2026-09-28,7,Prix Du Pdv Pmu L'ocean Equihen-plage (Prix Edouard Acker) Handicap,1650.0,"4YO+, Class 4, Handicap, Class 4, Handicap","{'eventId': '3439130', 'overall': None, 'rating': None, 'surface': 'Turf', '__typename': 'TrackCondition'}",Turf,,20869.0,14.0,False,14.0,5.0,51.75,,,81.0,Mi C'infilo,8.0,Gelding,b,French Fifteen,Melivea,270169.0,L Gallo,B Koninck,False,0.51,10.0,S,tcdshon,71.0,10,58.94,1.4,180.0,43.67004007325846,7,26.0,41.0,23.0,11.0,0.0,5.0,10.0,7.0,13.0,0.0,0.0,0.0,13.15,43.2,60.0,78.0,78.0,0.0,0.0,3.0,0.0,2.0,0.0,10.0,28.0,-91.0,78.0,270169.0,2785.0,0.0,21.0,13.0,29.0,,,,,,97,0.1030927835051546,0.2783505154639175,7,0.0,0.0,1,0.0,0.0,38,0.1578947368421052,0.3421052631578947,6,0.5,0.6666666666666666,6,0.5,0.6666666666666666,91,0.0989010989010989,0.2747252747252747,0,0.0,,9,0.0,0.0,8,0.0,0.25,7,0.0,0.1428571428571428,0,,,6,0.0,0.0,19,0.0526315789473684,0.1052631578947368,19,0.1578947368421052,0.3684210526315789,38,0.1052631578947368,0.2368421052631578,6,0.0,0.0,5.0,0.6,0.8,97,0.1030927835051546,0.2783505154639175,0,,,3,0.0,0.0,0.014084507042253521,4.2626798770413155,0.5769230769230769,3.0302002035968783,0.0169664065151001,0.35714285714285715,1.0,1490.642857142857,-2.1575236197811316,0.007183098591549296,0.6428571428571429,13.0,0.14285714285714285,0.32142857142857145,0.8571428571428571,0.08626375435018471,0.029169991990633807,12.0
Amiens,2026-09-28,4,Prix Du Pdv Pmu L'union Moreuil (Prix Des Jardins Flottants) Claiming Stakes,1650.0,"3YO, Claiming","{'eventId': '3439127', 'overall': None, 'rating': None, 'surface': 'Turf', '__typename': 'TrackCondition'}",Turf,,17912.0,14.0,False,1.0,7.0,59.75,,,81.0,Monarco,3.0,Gelding,ch,Hot Streak,Lusitane,19858.0,L Gallo,Boutin S,False,0.89,12.0,S,n,8.0,17,64.46411764705883,1.89,950.0,221.4611252849058,11,1.01,7.5,1.01,4.0,0.0,5.0,6.6,2.0,12.0,0.0,0.2,0.2,6.389999999999999,10.2,11.8,,79.0,0.0,0.0,0.0,1.0,0.0,-0.666666666666667,11.0,22.0,-6.0,79.0,18179.0,2020.0,10.0,11.0,6.0,15.0,,,,,,9,0.1111111111111111,0.2222222222222222,9,0.1111111111111111,0.2222222222222222,5,0.0,0.2,0,0.0,,0,0.0,,0,0.0,,4,0.25,0.25,1,0.0,0.0,2,0.0,0.0,1,0.0,0.0,1,1.0,1.0,0,,,3,0.3333333333333333,0.6666666666666666,4,0.0,0.0,1,0.0,0.0,5,0.0,0.0,3,0.3333333333333333,0.6666666666666666,1.0,0.0,0.0,9,0.1111111111111111,0.2222222222222222,0,,,0,,,0.125,2.0794415416798357,6.425742574257426,14.707561890335707,0.01551250581718968,0.5,0.07142857142857142,1279.4285714285713,1.9821468910586293,0.11125,0.9285714285714286,4.0,0.7857142857142857,0.8461538461538461,0.8571428571428571,0.08510340186061671,0.08982441728796975,3.0
Amiens,2026-09-28,4,Prix Du Pdv Pmu L'union Moreuil (Prix Des Jardins Flottants) Claiming Stakes,1650.0,"3YO, Claiming","{'eventId': '3439127', 'overall': None, 'rating': None, 'surface': 'Turf', '__typename': 'TrackCondition'}",Turf,,17912.0,14.0,False,2.0,9.0,59.75,,,81.0,Hello Master,3.0,Gelding,ch,Rio De La Plata,Benazir,33933.0,B Flament,L D Racco,False,0.56,19.0,S,sn,3.8,17,59.42941176470588,3.3,950.0,222.6432117159277,25,1.01,3.3,1.01,2.0,0.0,5.0,4.8,1.0,11.0,0.4,0.4,0.4,5.67,5.008,13.2,,79.0,0.0,0.0,0.0,3.0,0.0,1.333333333333333,18.0,36.0,-60.0,79.0,30388.0,2763.0,0.0,17.0,7.0,12.0,,,,,,11,0.1818181818181818,0.3636363636363636,11,0.1818181818181818,0.3636363636363636,4,0.5,0.5,0,0.0,,0,0.0,,0,0.0,,9,0.2222222222222222,0.3333333333333333,1,0.0,1.0,1,0.0,1.0,1,0.0,0.0,1,0.0,0.0,0,,,5,0.2,0.4,5,0.2,0.2,0,,,5,0.2,0.2,5,0.2,0.4,3.0,0.6666666666666666,0.6666666666666666,11,0.1818181818181818,0.3636363636363636,0,,,0,,,0.2631578947368421,1.33500106673234,2.267326732673267,15.929822824903495,0.016826685143026824,0.6428571428571429,0.14285714285714285,1279.4285714285713,1.9821468910586293,0.1473684210526316,0.7142857142857143,2.0,0.9285714285714286,1.0,1.0,0.08510340186061671,0.22146341980132112,2.0
Amiens,2026-09-28,4,Prix Du Pdv Pmu L'union Moreuil (Prix Des Jardins Flottants) Claiming Stakes,1650.0,"3YO, Claiming","{'eventId': '3439127', 'overall': None, 'rating': None, 'surface': 'Turf', '__typename': 'TrackCondition'}",Turf,,17912.0,14.0,False,3.0,1.0,58.0,,,81.0,Al Paso,3.0,Gelding,ch,Earthlight,Copying,746.0,E Solinas,N Caullery,False,0.41,6.0,S,o,19.0,17,71.83941176470589,1.87,950.0,219.5942298735821,14,1.01,16.0,1.01,5.0,0.0,5.0,7.2,6.0,10.0,0.0,0.0,0.0,4.75,23.4,29.2,,79.0,0.0,0.0,0.0,0.0,0.0,-1.333333333333333,0.0,0.0,-100.0,79.0,0.0,0.0,3.0,15.0,10.0,34.0,,,,,,9,0.0,0.0,6,0.0,0.0,2,0.0,0.0,0,0.0,,0,0.0,,0,0.0,,8,0.0,0.0,0,0.0,,2,0.0,0.0,2,0.0,0.0,2,0.0,0.0,0,,,5,0.0,0.0,4,0.0,0.0,0,,,4,0.0,0.0,5,0.0,0.0,0.0,,0.8090909090909091,9,0.0,0.0,0,,,0,,,0.05263157894736842,2.9444389791664403,14.841584158415841,13.197908734350307,0.013919935804531347,0.07142857142857142,0.21428571428571427,1279.4285714285713,0.9597763893547056,0.02157894736842105,0.6071428571428571,8.0,0.5,0.38461538461538464,0.35714285714285715,0.08510340186061671,0.02862748104863835,14.0
Amiens,2026-09-28,4,Prix Du Pdv Pmu L'union Moreuil (Prix Des Jardins Flottants) Claiming Stakes,1650.0,"3YO, Claiming","{'eventId': '3439127', 'overall': None, 'rating': None, 'surface': 'Turf', '__typename': 'TrackCondition'}",Turf,,17912.0,14.0,False,4.0,14.0,56.75,,,81.0,Don Gerasimos,3.0,Gelding,b,Hegemony,Winter Rose,0.0,A Vilchien,S Jesus,False,0.15,6.0,,,34.0,17,29.478823529411763,1.74,58.0,12.093046072921384,20,1.01,26.0,1.01,12.0,0.0,,4.6,2.0,,0.0,0.4,0.2,,12.2,25.8,,79.0,1.0,1.0,,0.0,,0.1666666666666667,0.0,0.0,0.0,79.0,0.0,0.0,0.0,21.0,5.0,10.0,,,,,,0,0.08,0.375,0,0.0,,0,0.0,,0,0.0,,0,0.0,,0,0.0,,0,0.0,,0,0.0,,0,0.0,,0,,,0,,,0,,,0,,,0,,,0,,,0,0.0,,0,0.0,,0.0,,0.8090909090909091,0,,,0,,,0,,,0.029411764705882353,3.5263605246161616,24.74257425742574,1.9084886458873769,0.033922656343536736,1.0,0.2857142857142857,1279.4285714285713,0.22951174528047444,0.004411764705882353,0.35714285714285715,9.0,0.42857142857142855,0.5416666666666666,0.35714285714285715,0.08510340186061671,0.04911615978785166,5.0
Amiens,2026-09-28,4,Prix Du Pdv Pmu L'union Moreuil (Prix Des Jardins Flottants) Claiming Stakes,1650.0,"3YO, Claiming","{'eventId': '3439127', 'overall': None, 'rating': None, 'surface': 'Turf', '__typename': 'TrackCondition'}",Turf,,17912.0,14.0,False,5.0,6.0,56.25,,,81.0,Born To Sun,3.0,Filly,ch,Born To Sea,Zillione Sun,0.0,A Crastus,P & Jl Butel & Beaunez,False,0.07,6.0,S,o,71.0,17,65.43529411764706,20.9,220.0,41.08158226485541,14,1.01,51.0,1.01,10.0,0.0,5.0,10.0,9.0,11.0,0.0,0.0,0.0,17.76,51.2,59.8,,79.0,0.0,0.0,0.0,0.0,3.0,-0.8333333333333339,0.0,0.0,-100.0,79.0,0.0,0.0,9.0,11.0,11.0,29.0,,,,,,5,0.0,0.0,5,0.0,0.0,2,0.0,0.0,0,0.0,,0,0.0,,0,0.0,,4,0.0,0.0,1,0.0,0.0,3,0.0,0.0,2,0.0,0.0,0,,,0,,,0,,,4,0.0,0.0,0,,,4,0.0,0.0,0,0.0,,0.0,,0.8090909090909091,5,0.0,0.0,0,,,0,,,0.014084507042253521,4.2626798770413155,49.495049504950494,3.042700467457749,0.015282272563825961,0.42857142857142855,0.35714285714285715,1279.4285714285713,-0.06259411234921804,0.0009859154929577466,0.21428571428571427,11.0,0.2857142857142857,0.38461538461538464,0.35714285714285715,0.08510340186061671,0.033931870599017304,10.0
Amiens,2026-09-28,4,Prix Du Pdv Pmu L'union Moreuil (Prix Des Jardins Flottants) Claiming Stakes,1650.0,"3YO, Claiming","{'eventId': '3439127', 'overall': None, 'rating': None, 'surface': 'Turf', '__typename': 'TrackCondition'}",Turf,,17912.0,14.0,False,6.0,8.0,56.25,,,81.0,Miss Dya,3.0,Filly,b,Wooded,Lady Dya,0.0,C Belmont,M Nigge,False,0.3,6.0,S,o,91.0,17,86.27647058823528,20.0,400.0,80.3823621962501,10,1.01,61.0,1.01,14.0,0.0,4.0,11.25,9.0,14.0,0.0,0.0,0.0,19.4625,52.5,28.0,,79.0,0.0,0.0,0.0,0.0,2.0,-1.5,0.0,0.0,-100.0,79.0,0.0,0.0,0.0,48.0,14.0,67.0,,,,,,4,0.0,0.0,4,0.0,0.0,1,0.0,0.0,0,0.0,,0,0.0,,0,0.0,,3,0.0,0.0,0,0.0,,2,0.0,0.0,2,0.0,0.0,0,,,0,,,3,0.0,0.0,1,0.0,0.0,0,,,1,0.0,0.0,3,0.0,0.0,0.0,,0.8090909090909091,4,0.0,0.0,0,,,0,,,0.01098901098901099,4.51085950651685,59.396039603960396,4.404445353514693,0.01159064566714393,0.5714285714285714,0.42857142857142855,1279.4285714285713,-0.06259411234921804,0.0032967032967032967,0.42857142857142855,12.0,0.21428571428571427,0.38461538461538464,0.35714285714285715,0.08510340186061671,0.0353279122375324,9.0
Amiens,2026-09-28,4,Prix Du Pdv Pmu L'union Moreuil (Prix Des Jardins Flottants) Claiming Stakes,1650.0,"3YO, Claiming","{'eventId': '3439127', 'overall': None, 'rating': None, 'surface': 'Turf', '__typename': 'TrackCondition'}",Turf,,17912.0,14.0,False,7.0,4.0,55.75,,,81.0,Akira Back,3.0,Gelding,g,Seabhac,Et Pourtant,0.0,E Chinchilla,Boutin S,False,0.06,6.0,S,o,201.0,17,164.49411764705883,32.0,850.0,175.4275867721267,20,1.01,91.0,1.01,13.0,0.0,2.0,11.5,10.0,13.0,0.0,0.0,0.0,26.65,50.0,10.0,,79.0,0.0,0.0,0.0,0.0,1.0,0.1666666666666667,0.0,0.0,-100.0,79.0,0.0,0.0,0.0,11.0,13.0,81.0,,,,,,2,0.0,0.0,2,0.0,0.0,2,0.0,0.0,0,0.0,,0,0.0,,0,0.0,,2,0.0,0.0,0,0.0,,1,0.0,0.0,1,0.0,0.0,0,,,0,,,0,,,2,0.0,0.0,0,,,2,0.0,0.0,0,0.0,,0.0,,0.8090909090909091,2,0.0,0.0,0,,,0,,,0.004975124378109453,5.303304908059076,89.0990099009901,4.972822199971391,0.00607924474324131,0.2857142857142857,0.5,1279.4285714285713,-0.3546999699789105,0.00029850746268656717,0.14285714285714285,14.0,0.07142857142857142,0.38461538461538464,0.35714285714285715,0.08510340186061671,0.031889643358505845,12.0
Amiens,2026-09-28,4,Prix Du Pdv Pmu L'union Moreuil (Prix Des Jardins Flottants) Claiming Stakes,1650.0,"3YO, Claiming","{'eventId': '3439127', 'overall': None, 'rating': None, 'surface': 'Turf', '__typename': 'TrackCondition'}",Turf,,17912.0,14.0,False,8.0,12.0,55.75,,,81.0,Si Ca Me Chante,3.0,Gelding,b,Hot Streak,Shipping News,628.0,T Trullier,F Bellemere,False,0.1,6.0,S,,51.0,16,44.25625,6.6,130.0,24.422888054804247,18,1.01,34.0,1.01,9.0,0.0,2.0,7.0,5.0,9.0,0.0,0.0,0.0,11.55,22.0,6.5,,79.0,0.0,0.0,0.0,0.0,1.0,0.1666666666666667,0.0,0.0,-100.0,79.0,628.0,314.0,0.0,29.0,9.0,21.0,,,,,,2,0.0,0.0,2,0.0,0.0,2,0.0,0.0,0,0.0,,0,0.0,,0,0.0,,2,0.0,0.0,0,0.0,,1,0.0,0.0,1,0.0,0.0,0,,,0,,,1,0.0,0.0,1,0.0,0.0,0,,,1,0.0,0.0,1,0.0,0.0,0.0,,0.8090909090909091,2,0.0,0.0,0,,,0,,,0.0196078431372549,3.9318256327243257,32.663366336633665,2.7883067363366756,0.02259567857647225,0.8571428571428571,0.5714285714285714,1279.4285714285713,-0.3546999699789105,0.00196078431372549,0.2857142857142857,10.0,0.35714285714285715,0.38461538461538464,0.35714285714285715,0.08510340186061671,0.03958021053957586,8.0
Amiens,2026-09-28,4,Prix Du Pdv Pmu L'union Moreuil (Prix Des Jardins Flottants) Claiming Stakes,1650.0,"3YO, Claiming","{'eventId': '3439127', 'overall': None, 'rating': None, 'surface': 'Turf', '__typename': 'TrackCondition'}",Turf,,17912.0,14.0,False,9.0,11.0,55.75,,,81.0,Amirlan,3.0,Gelding,b,Wootton Bassett,Credenza,19654.0,L Poggionovo,G Fourrier,False,0.37,6.0,S,,13.0,17,67.05647058823529,1.86,950.0,220.7552404798309,21,1.01,12.0,1.01,7.0,0.0,5.0,5.8,4.0,8.0,0.0,0.0,0.0,5.67,12.466,26.6,,79.0,0.0,0.0,0.0,0.0,0.0,-0.333333333333333,0.0,18.0,-100.0,79.0,19654.0,1787.0,4.0,11.0,7.0,15.0,,,,,,11,0.0,0.1818181818181818,9,0.0,0.1111111111111111,2,0.0,0.0,0,0.0,,0,0.0,,0,0.0,,10,0.0,0.2,0,0.0,,2,0.0,1.0,2,0.0,0.0,1,0.0,0.0,0,,,4,0.0,0.25,7,0.0,0.1428571428571428,0,,,7,0.0,0.1428571428571428,4,0.0,0.25,0.0,,0.8090909090909091,11,0.0,0.1818181818181818,0,,,0,,,0.07692307692307693,2.5649493574615367,10.881188118811881,14.139425944769993,0.014912803958033616,0.7857142857142857,0.6428571428571429,1279.4285714285713,-0.3546999699789105,0.02846153846153846,0.5,6.0,0.6428571428571429,0.38461538461538464,0.7142857142857143,0.08510340186061671,0.04481975512126161,7.0
Amiens,2026-09-28,4,Prix Du Pdv Pmu L'union Moreuil (Prix Des Jardins Flottants) Claiming Stakes,1650.0,"3YO, Claiming","{'eventId': '3439127', 'overall': None, 'rating': None, 'surface': 'Turf', '__typename': 'TrackCondition'}",Turf,,17912.0,14.0,False,10.0,2.0,55.75,,,81.0,Circinus,3.0,Gelding,b,Fifty Stars,Khanchaym,934.0,D Santiago,S Nigge,False,0.41,6.0,S,,12.0,16,12.234375,3.25,18.0,3.0233838012027188,11,1.01,11.0,1.01,6.0,0.0,3.0,8.0,5.0,10.0,0.0,0.0,0.0,9.633333333333336,29.0,33.0,,79.0,0.0,0.0,0.0,0.0,2.0,3.0,0.0,0.0,-100.0,79.0,934.0,311.0,8.0,11.0,5.0,29.0,,,,,,3,0.0,0.0,3,0.0,0.0,2,0.0,0.0,0,0.0,,0,0.0,,0,0.0,,2,0.0,0.0,0,0.0,,2,0.0,0.0,1,0.0,0.0,0,,,0,,,2,0.0,0.0,1,0.0,0.0,0,,,1,0.0,0.0,2,0.0,0.0,0.0,,0.8090909090909091,3,0.0,0.0,0,,,0,,,0.08333333333333333,2.4849066497880004,9.891089108910892,1.2056194125159643,0.08173690932311622,0.14285714285714285,0.7142857142857143,1279.4285714285713,-0.3546999699789105,0.034166666666666665,0.6071428571428571,5.0,0.7142857142857143,0.38461538461538464,0.35714285714285715,0.08510340186061671,0.03244943629130937,11.0
Amiens,2026-09-28,4,Prix Du Pdv Pmu L'union Moreuil (Prix Des Jardins Flottants) Claiming Stakes,1650.0,"3YO, Claiming","{'eventId': '3439127', 'overall': None, 'rating': None, 'surface': 'Turf', '__typename': 'TrackCondition'}",Turf,,17912.0,14.0,False,11.0,5.0,55.75,,,81.0,El Vegas,3.0,Colt,b,Almanzor,Strawberry Lace,49275.0,R Mangione,M Weissmeier,False,1.0,16.0,S,ds,7.0,17,62.27352941176471,4.0,950.0,221.9355259566636,13,1.01,6.0,1.01,3.0,0.0,5.0,6.2,3.0,11.0,0.0,0.2,0.0,6.09,17.5,21.4,,79.0,0.0,0.0,0.0,0.0,0.0,3.666666666666667,7.0,27.0,-77.0,79.0,46661.0,3111.0,10.0,35.0,3.0,6.0,,,,,,15,0.0666666666666666,0.2666666666666666,15,0.0666666666666666,0.2666666666666666,2,0.0,0.5,1,1.0,1.0,0,0.0,,0,0.0,,9,0.1111111111111111,0.4444444444444444,3,0.0,0.0,1,0.0,0.0,1,1.0,1.0,1,0.0,0.0,0,,,5,0.0,0.0,7,0.1428571428571428,0.5714285714285714,0,,,7,0.1428571428571428,0.5714285714285714,5,0.0,0.0,2.0,0.5,0.5,15,0.0666666666666666,0.2666666666666666,0,,,0,,,0.14285714285714285,1.9459101490553132,4.9405940594059405,15.19104519907429,0.01605818731403202,0.35714285714285715,0.7857142857142857,1279.4285714285713,-0.3546999699789105,0.14285714285714285,1.0,3.0,0.8571428571428571,0.8461538461538461,0.9285714285714286,0.08510340186061671,0.0463514469714294,6.0
Amiens,2026-09-28,4,Prix Du Pdv Pmu L'union Moreuil (Prix Des Jardins Flottants) Claiming Stakes,1650.0,"3YO, Claiming","{'eventId': '3439127', 'overall': None, 'rating': None, 'surface': 'Turf', '__typename': 'TrackCondition'}",Turf,,17912.0,14.0,False,12.0,3.0,54.5,,,81.0,Segovia,3.0,Filly,b,Wooded,Scalambra,0.0,Hugo Journiac,Y Barberot,False,0.67,3.0,S,o,17.0,16,16.30375,1.96,27.0,4.998095731126005,13,1.01,15.0,1.01,8.0,0.0,3.0,9.0,8.0,10.0,0.0,0.0,0.0,15.45,18.166666666666668,16.0,,79.0,0.0,0.0,0.0,0.0,1.0,0.0,0.0,0.0,-100.0,79.0,0.0,0.0,12.0,31.0,10.0,11.0,,,,,,3,0.0,0.0,3,0.0,0.0,2,0.0,0.0,0,0.0,,0,0.0,,0,0.0,,1,0.0,0.0,0,0.0,,1,0.0,0.0,1,0.0,0.0,1,0.0,0.0,0,,,2,0.0,0.0,1,0.0,0.0,0,,,1,0.0,0.0,2,0.0,0.0,0.0,,0.8090909090909091,3,0.0,0.0,0,,,0,,,0.058823529411764705,2.833213344056216,13.851485148514852,1.5358429809093,0.0613355823046845,0.21428571428571427,0.8571428571428571,1279.4285714285713,-1.0849646140531417,0.039411764705882354,0.8571428571428571,7.0,0.5714285714285714,0.38461538461538464,0.35714285714285715,0.08510340186061671,0.03169298688573411,13.0
Amiens,2026-09-28,4,Prix Du Pdv Pmu L'union Moreuil (Prix Des Jardins Flottants) Claiming Stakes,1650.0,"3YO, Claiming","{'eventId': '3439127', 'overall': None, 'rating': None, 'surface': 'Turf', '__typename': 'TrackCondition'}",Turf,,17912.0,14.0,False,13.0,13.0,54.5,,,81.0,Lady Tedsmore,3.0,Filly,b,Study Of Man,Tedsmore Dame,39933.0,Coralie Pacaut,L Blanchet,False,0.66,5.0,S,dho,3.3,17,58.694117647058825,2.2,950.0,222.82670520750696,23,1.01,3.0,1.01,1.0,1.0,5.0,7.8,3.0,12.0,0.0,0.2,0.0,5.209999999999999,20.0,22.6,,79.0,0.0,0.0,0.0,0.0,0.0,-5.333333333333333,10.0,20.0,-55.0,79.0,30604.0,3060.0,0.0,45.0,12.0,23.0,,,,,,10,0.1,0.2,9,0.1111111111111111,0.2222222222222222,2,0.0,0.0,2,0.5,0.5,0,0.0,,0,0.0,,10,0.1,0.2,0,0.0,,2,0.0,0.0,2,0.0,0.0,2,0.5,1.0,0,,,2,0.0,0.0,6,0.0,0.1666666666666666,2,0.5,0.5,8,0.125,0.25,2,0.0,0.0,0.0,,0.8090909090909091,10,0.1,0.2,0,,,0,,,0.30303030303030304,1.1939224684724346,1.9702970297029703,16.148125876929242,0.017037482461415114,0.9285714285714286,0.9285714285714286,1279.4285714285713,-1.0849646140531417,0.2,0.7857142857142857,1.0,1.0,0.8461538461538461,0.7857142857142857,0.08510340186061671,0.25858288575505345,1.0
Amiens,2026-09-28,4,Prix Du Pdv Pmu L'union Moreuil (Prix Des Jardins Flottants) Claiming Stakes,1650.0,"3YO, Claiming","{'eventId': '3439127', 'overall': None, 'rating': None, 'surface': 'Turf', '__typename': 'TrackCondition'}",Turf,,17912.0,14.0,False,14.0,10.0,54.5,,,81.0,Nughaya Fal,3.0,Filly,b,Ghaiyyath,Nurse Barbara,0.0,M Tevels,M Swinnens,False,0.01,6.0,S,,151.0,16,184.625,12.5,1000.0,213.0408191521052,18,1.01,126.0,1.01,11.0,0.0,4.0,10.25,8.0,15.0,0.0,0.0,0.0,19.2,52.25,40.0,,79.0,0.0,0.0,0.0,0.0,2.0,4.5,0.0,0.0,-100.0,79.0,0.0,0.0,0.0,36.0,8.0,26.0,,,,,,4,0.0,0.0,4,0.0,0.0,1,0.0,0.0,0,0.0,,0,0.0,,0,0.0,,3,0.0,0.0,0,0.0,,2,0.0,0.0,1,0.0,0.0,1,0.0,0.0,0,,,2,0.0,0.0,1,0.0,0.0,1,0.0,0.0,2,0.0,0.0,2,0.0,0.0,0.0,,0.8090909090909091,4,0.0,0.0,0,,,0,,,0.006622516556291391,5.017279836814924,123.75247524752474,5.348679756262695,0.005416384563303994,0.7142857142857143,1.0,1279.4285714285713,-1.0849646140531417,6.622516556291391e-05,0.07142857142857142,13.0,0.14285714285714285,0.38461538461538464,0.35714285714285715,0.08510340186061671,0.05634237431479977,4.0
Amiens,2026-09-28,6,Prix Florent Geroux Claiming Stakes,1650.0,"4YO+, Class 4, Claiming, Class 4","{'eventId': '3439129', 'overall': None, 'rating': None, 'surface': 'Turf', '__typename': 'TrackCondition'}",Turf,,19468.0,7.0,False,1.0,3.0,60.75,,,81.0,Itaewon,6.0,Stallion,b,Taareef,Rien Que Pour Toi,169502.0,A Duquesnoy,C Boutin,False,0.73,24.0,U,sn,3.6,16,3.578125,3.4,4.3,0.2324924393931983,17,1.01,3.4,1.01,1.0,1.0,5.0,5.6,1.0,12.0,0.2,0.4,0.2,3.62,12.8,24.8,,79.0,0.0,0.0,2.0,1.0,1.0,5.166666666666667,18.0,39.0,148.0,0.0,159362.0,4829.0,9.0,14.0,1.0,21.0,,,,,,33,0.1818181818181818,0.3939393939393939,17,0.2352941176470588,0.5294117647058824,3,0.3333333333333333,0.3333333333333333,0,0.0,,0,0.0,,0,0.0,,15,0.0666666666666666,0.2666666666666666,7,0.2857142857142857,0.7142857142857143,6,0.1666666666666666,0.3333333333333333,5,0.2,0.2,5,0.4,0.6,0,,,11,0.1818181818181818,0.3636363636363636,11,0.1818181818181818,0.3636363636363636,4,0.0,0.0,15,0.1333333333333333,0.2666666666666666,11,0.1818181818181818,0.3636363636363636,2.0,0.0,0.5,33,0.1818181818181818,0.3939393939393939,0,,,3,0.0,0.3333333333333333,0.2777777777777778,1.2809338454620642,2.366336633663366,0.25152838427947594,0.2794759825327511,0.42857142857142855,0.14285714285714285,2781.1428571428573,1.3108253787548971,0.20277777777777778,0.8571428571428571,2.0,0.8571428571428571,0.7142857142857143,1.0,0.16786807963278552,0.3059307754856203,2.0
Amiens,2026-09-28,6,Prix Florent Geroux Claiming Stakes,1650.0,"4YO+, Class 4, Claiming, Class 4","{'eventId': '3439129', 'overall': None, 'rating': None, 'surface': 'Turf', '__typename': 'TrackCondition'}",Turf,,19468.0,7.0,False,2.0,5.0,59.0,,,81.0,Arabian Fever,4.0,Colt,b,Showcasing,Illa Alqamar,38874.0,P Cheyer,A Fouassier,False,0.25,1.0,U,,26.0,16,25.26875,1.3,55.0,10.3987811034515,12,1.01,21.0,1.01,5.0,0.0,5.0,3.8,3.0,5.0,0.0,0.4,0.0,6.5,4.646,19.8,,79.0,0.0,0.0,1.0,1.0,0.0,-1.1666666666666663,0.0,36.0,-100.0,79.0,38063.0,2719.0,5.0,19.0,5.0,3.5,,,,,,14,0.0,0.3571428571428571,9,0.0,0.2222222222222222,2,0.0,0.0,0,0.0,,0,0.0,,0,0.0,,13,0.0,0.3846153846153846,1,0.0,0.0,2,0.0,1.0,2,0.0,0.5,2,0.0,0.0,0,,,2,0.0,0.5,9,0.0,0.3333333333333333,2,0.0,0.5,11,0.0,0.3636363636363636,2,0.0,0.5,2.0,0.0,0.5,14,0.0,0.3571428571428571,0,,,1,0.0,0.0,0.038461538461538464,3.258096538021482,19.79207920792079,2.125154588177096,0.03957457333663121,0.7142857142857143,0.2857142857142857,2781.1428571428573,0.4187358848800358,0.009615384615384616,0.2857142857142857,7.0,0.14285714285714285,0.7142857142857143,0.7142857142857143,0.16786807963278552,0.05005974835096251,7.0
Amiens,2026-09-28,6,Prix Florent Geroux Claiming Stakes,1650.0,"4YO+, Class 4, Claiming, Class 4","{'eventId': '3439129', 'overall': None, 'rating': None, 'surface': 'Turf', '__typename': 'TrackCondition'}",Turf,,19468.0,7.0,False,3.0,7.0,59.0,,,81.0,Cosmo Beau,6.0,Stallion,b,Shalaa,Crystals Sky,176772.0,M Grondin,G Mosse,False,0.61,9.0,U,dson,8.5,17,7.498235294117647,1.07,11.5,2.457938484115398,10,1.01,8.0,1.01,6.0,0.0,5.0,9.0,3.0,13.0,0.0,0.2,0.0,6.25,10.0,66.4,,79.0,0.0,2.0,1.0,0.0,2.0,-1.666666666666666,7.0,24.0,-63.0,0.0,176772.0,3928.0,15.0,15.0,13.0,7.0,,,,,,45,0.0666666666666666,0.2444444444444444,7,0.0,0.1428571428571428,2,0.0,0.0,20,0.1,0.4,0,0.0,,0,0.0,,17,0.0588235294117647,0.2352941176470588,4,0.0,0.75,7,0.0,0.0,6,0.0,0.0,5,0.2,0.2,0,,,18,0.1111111111111111,0.2222222222222222,15,0.0666666666666666,0.2,2,0.0,0.0,17,0.0588235294117647,0.1764705882352941,18,0.1111111111111111,0.2222222222222222,5.0,0.4,0.6,45,0.0666666666666666,0.2444444444444444,0,,,1,0.0,0.0,0.11764705882352941,2.1400661634962708,6.920792079207921,1.3909939593629874,0.1333647132658665,1.0,0.42857142857142855,2781.1428571428573,0.4187358848800358,0.07176470588235294,0.7142857142857143,5.5,0.35714285714285715,0.21428571428571427,0.14285714285714285,0.16786807963278552,0.05758617618180481,5.0
Amiens,2026-09-28,6,Prix Florent Geroux Claiming Stakes,1650.0,"4YO+, Class 4, Claiming, Class 4","{'eventId': '3439129', 'overall': None, 'rating': None, 'surface': 'Turf', '__typename': 'TrackCondition'}",Turf,,19468.0,7.0,False,4.0,1.0,59.0,,,81.0,Westminster Night,7.0,Gelding,b,Morandi,Fontaine Margot,108791.0,Mme Ella Muntwyler,F X Weissmeier,False,0.01,7.0,U,ds,6.0,17,5.976470588235294,2.8,7.8,0.947150160009244,12,1.01,5.5,1.01,4.0,0.0,5.0,6.4,2.0,11.0,0.0,0.4,0.2,5.69,13.35,25.6,,79.0,0.0,0.0,0.0,0.0,0.0,-6.0,9.0,34.0,3.0,79.0,106966.0,3056.0,0.0,15.0,9.0,12.0,,,,,,35,0.0857142857142857,0.3428571428571428,15,0.0666666666666666,0.2,3,0.0,0.0,19,0.1578947368421052,0.4736842105263157,0,0.0,,0,0.0,,17,0.0,0.2941176470588235,4,0.25,0.25,7,0.0,0.2857142857142857,6,0.1666666666666666,0.3333333333333333,2,0.5,1.0,0,,,10,0.0,0.3,13,0.0769230769230769,0.3076923076923077,2,0.0,1.0,15,0.0666666666666666,0.4,10,0.0,0.3,1.0,0.0,1.0,35,0.0857142857142857,0.3428571428571428,0,,,1,0.0,0.0,0.16666666666666666,1.791759469228055,4.445544554455446,0.8366141732283464,0.1673228346456693,0.14285714285714285,0.5714285714285714,2781.1428571428573,0.4187358848800358,0.0016666666666666666,0.14285714285714285,3.0,0.7142857142857143,0.7142857142857143,0.5714285714285714,0.16786807963278552,0.11251684601298481,3.0
Amiens,2026-09-28,6,Prix Florent Geroux Claiming Stakes,1650.0,"4YO+, Class 4, Claiming, Class 4","{'eventId': '3439129', 'overall': None, 'rating': None, 'surface': 'Turf', '__typename': 'TrackCondition'}",Turf,,19468.0,7.0,False,5.0,4.0,57.5,,,81.0,Art Piece,4.0,Gelding,b,Elarqam,Alianza,25314.0,A Vilchien,S Cerulis,False,0.54,3.0,U,,6.5,17,5.9,3.9,8.6,0.8917926427410459,13,1.01,5.5,1.01,3.0,0.0,5.0,5.0,2.0,8.0,0.0,0.2,0.2,3.85,8.4,37.0,,79.0,0.0,0.0,0.0,0.0,1.0,3.333333333333333,0.0,33.0,-100.0,79.0,22475.0,1873.0,11.0,19.0,2.0,7.5,,,,,,12,0.0,0.3333333333333333,10,0.0,0.4,2,0.0,0.5,1,0.0,0.0,1,0.0,1.0,0,0.0,,6,0.0,0.3333333333333333,5,0.0,0.4,4,0.0,0.0,3,0.0,0.3333333333333333,2,0.0,1.0,0,,,2,0.0,0.0,5,0.0,0.4,0,,,5,0.0,0.4,2,0.0,0.0,0.0,,0.8090909090909091,12,0.0,0.3333333333333333,0,,,0,,,0.15384615384615385,1.8718021769015913,4.445544554455446,0.7966101694915253,0.1694915254237288,0.5714285714285714,0.7142857142857143,2781.1428571428573,-0.345912252726988,0.08307692307692309,0.5714285714285714,4.0,0.5714285714285714,0.21428571428571427,0.35714285714285715,0.16786807963278552,0.054724968755498725,6.0
Amiens,2026-09-28,6,Prix Florent Geroux Claiming Stakes,1650.0,"4YO+, Class 4, Claiming, Class 4","{'eventId': '3439129', 'overall': None, 'rating': None, 'surface': 'Turf', '__typename': 'TrackCondition'}",Turf,,19468.0,7.0,False,6.0,6.0,57.5,,,81.0,Loria,5.0,Filly,b,Soldier Hollow,Leukothea,47427.0,G Meury,M Munch,False,0.39,1.0,S,sbn,3.3,16,3.1525,1.54,3.8,0.4643207404370388,12,1.01,3.0,1.01,7.0,0.0,5.0,4.6,3.0,8.0,0.0,0.4,0.0,3.33,10.9,47.0,,79.0,0.0,0.0,1.0,1.0,1.0,0.1666666666666669,7.0,33.0,-81.0,79.0,47427.0,3162.0,100.0,81.0,4.0,3.0,,,,,,15,0.0666666666666666,0.3333333333333333,8,0.0,0.25,0,0.0,,4,0.0,0.25,0,0.0,,0,0.0,,14,0.0714285714285714,0.3571428571428571,0,0.0,,3,0.0,0.3333333333333333,3,0.3333333333333333,1.0,2,0.0,0.5,0,,,3,0.0,0.3333333333333333,8,0.125,0.375,4,0.0,0.25,12,0.0833333333333333,0.3333333333333333,3,0.0,0.3333333333333333,1.0,0.0,0.0,15,0.0666666666666666,0.3333333333333333,0,,,1,0.0,0.0,0.30303030303030304,1.1939224684724346,1.9702970297029703,0.7168913560666138,0.3172085646312451,0.8571428571428571,0.8571428571428571,2781.1428571428573,-0.345912252726988,0.1181818181818182,0.42857142857142855,1.0,1.0,0.7142857142857143,0.35714285714285715,0.16786807963278552,0.336658635706097,1.0
Amiens,2026-09-28,6,Prix Florent Geroux Claiming Stakes,1650.0,"4YO+, Class 4, Claiming, Class 4","{'eventId': '3439129', 'overall': None, 'rating': None, 'surface': 'Turf', '__typename': 'TrackCondition'}",Turf,,19468.0,7.0,False,7.0,2.0,54.5,,,81.0,Iffrocta Fal,4.0,Filly,ch,Iffraaj,Octave,89532.0,R Mangione,J Phelippon,False,1.0,15.0,S,dn,8.5,17,8.674117647058821,1.06,18.2,3.0647733988272554,10,1.01,8.0,1.01,2.0,0.0,5.0,7.2,2.0,12.0,0.0,0.4,0.2,6.709999999999999,15.1,14.4,,79.0,0.0,0.0,1.0,0.0,0.0,3.666666666666666,8.0,38.0,-44.0,0.0,85679.0,3295.0,6.0,11.0,8.0,4.5,,,,,,26,0.0769230769230769,0.3846153846153846,15,0.0666666666666666,0.3333333333333333,3,0.0,0.3333333333333333,8,0.125,0.625,0,0.0,,0,0.0,,14,0.0,0.3571428571428571,4,0.25,0.25,4,0.0,0.25,4,0.0,0.25,4,0.0,0.75,0,,,9,0.1111111111111111,0.4444444444444444,12,0.0,0.3333333333333333,0,,,12,0.0,0.3333333333333333,9,0.1111111111111111,0.4444444444444444,4.0,0.0,0.75,26,0.0769230769230769,0.3846153846153846,0,,,4,0.0,0.5,0.11764705882352941,2.1400661634962708,6.920792079207921,1.9759934897599354,0.11528550115285503,0.2857142857142857,1.0,2781.1428571428573,-1.8752085279410358,0.11764705882352941,1.0,5.5,0.35714285714285715,0.7142857142857143,0.8571428571428571,0.16786807963278552,0.08252284950703181,4.0
Amiens,2026-09-28,3,Prix Yves Saint Martin Maiden Stakes,2199.0,"3YO, Maiden","{'eventId': '3439126', 'overall': None, 'rating': None, 'surface': 'Turf', '__typename': 'TrackCondition'}",Turf,,24296.0,9.0,False,1.0,6.0,58.0,,,33.0,Delta Dan,3.0,Gelding,b,Tasleet,Delta Diva,1012.0,L Poggionovo,M Rulec,False,0.01,3.0,S,,81.0,15,115.65666666666668,3.35,790.0,181.10190581241517,14,1.01,67.0,1.01,5.0,0.0,5.0,8.0,6.0,9.0,0.0,0.0,0.0,17.55,98.2,68.0,33.0,33.0,0.0,0.0,2.0,0.0,2.0,1.666666666666666,0.0,0.0,-100.0,33.0,0.0,0.0,13.0,73.0,8.0,41.0,,,,,,5,0.0,0.0,2,0.0,0.0,0,0.0,,0,0.0,,0,0.0,,0,0.0,,1,0.0,0.0,4,0.0,0.0,2,0.0,0.0,2,0.0,0.0,1,0.0,0.0,0,,,0,,,1,0.0,0.0,0,,,1,0.0,0.0,0,0.0,,0.0,,0.8090909090909091,5,0.0,0.0,0,,,2,0.0,0.0,0.012345679012345678,4.394449154672439,65.33663366336633,6.801596679828227,0.008646280658270167,0.6666666666666666,0.1111111111111111,2699.5555555555557,0.6666666660740738,0.0001234567901234568,0.1111111111111111,9.0,0.1111111111111111,0.4,0.4444444444444444,0.13149323545980465,0.03285385386979066,9.0
Amiens,2026-09-28,3,Prix Yves Saint Martin Maiden Stakes,2199.0,"3YO, Maiden","{'eventId': '3439126', 'overall': None, 'rating': None, 'surface': 'Turf', '__typename': 'TrackCondition'}",Turf,,24296.0,9.0,False,2.0,2.0,58.0,,,81.0,Sohar,3.0,Colt,b,Al Wukair,Costanza,2278.0,S Deriu,M Rolland,False,0.22,6.0,S,o,51.0,15,53.93666666666668,3.35,160.0,31.26281319537461,9,1.01,41.0,1.01,4.0,0.0,4.0,8.25,7.0,10.0,0.0,0.0,0.0,10.7,35.75,16.75,,79.0,0.0,0.0,3.0,0.0,1.0,-2.5,0.0,0.0,-100.0,79.0,0.0,0.0,0.0,48.0,10.0,29.0,,,,,,4,0.0,0.0,4,0.0,0.0,1,0.0,0.0,0,0.0,,0,0.0,,0,0.0,,3,0.0,0.0,0,0.0,,1,0.0,0.0,1,0.0,0.0,1,0.0,0.0,0,,,3,0.0,0.0,1,0.0,0.0,0,,,1,0.0,0.0,3,0.0,0.0,0.0,,0.8090909090909091,4,0.0,0.0,0,,,3,0.0,0.0,0.0196078431372549,3.9318256327243257,39.5940594059406,2.904332241517829,0.018540263271738452,0.2222222222222222,0.2222222222222222,2699.5555555555557,0.6666666660740738,0.004313725490196078,0.5555555555555556,6.0,0.4444444444444444,0.4,0.4444444444444444,0.13149323545980465,0.044748928698180396,6.0
Amiens,2026-09-28,3,Prix Yves Saint Martin Maiden Stakes,2199.0,"3YO, Maiden","{'eventId': '3439126', 'overall': None, 'rating': None, 'surface': 'Turf', '__typename': 'TrackCondition'}",Turf,,24296.0,9.0,False,3.0,1.0,58.0,,,81.0,Costa Navarino,3.0,Colt,b,Kingman,Golden Pelican,7734.0,M Calbrix,F Graffard,False,0.48,6.0,S,,6.0,17,61.77117647058824,1.06,950.0,222.0730346181145,15,1.01,4.8,1.01,2.0,0.0,2.0,7.5,4.0,11.0,0.0,0.0,0.0,14.625,7.75,64.5,,79.0,0.0,0.0,1.0,0.0,2.0,0.1666666666666667,0.0,0.0,-100.0,79.0,2925.0,1463.0,0.0,21.0,4.0,9.5,,,,,,2,0.0,0.0,2,0.0,0.0,1,0.0,0.0,0,0.0,,0,0.0,,0,0.0,,2,0.0,0.0,0,0.0,,2,0.0,0.0,0,,,0,,,0,,,0,,,2,0.0,0.0,0,,,2,0.0,0.0,0,0.0,,0.0,,0.8090909090909091,2,0.0,0.0,0,,,1,0.0,0.0,0.16666666666666666,1.791759469228055,3.7524752475247523,15.362181104836637,0.016188780223024255,0.1111111111111111,0.3333333333333333,2699.5555555555557,0.6666666660740738,0.07999999999999999,0.7777777777777778,3.0,0.7777777777777778,0.4,0.4444444444444444,0.13149323545980465,0.09748015588110584,3.0
Amiens,2026-09-28,3,Prix Yves Saint Martin Maiden Stakes,2199.0,"3YO, Maiden","{'eventId': '3439126', 'overall': None, 'rating': None, 'surface': 'Turf', '__typename': 'TrackCondition'}",Turf,,24296.0,9.0,False,4.0,5.0,58.0,,,81.0,Polken,3.0,Gelding,b,Kendargent,Viva Polonia,0.0,E Solinas,N Caullery,False,0.05,6.0,,,71.0,17,66.20588235294117,4.8,300.0,61.41841523601702,13,1.01,51.0,1.01,6.0,0.0,,4.6,2.0,,0.0,0.4,0.2,,12.2,25.8,,79.0,1.0,1.0,,0.0,,0.1666666666666667,0.0,0.0,0.0,79.0,0.0,0.0,3.0,21.0,5.0,10.0,,,,,,0,0.08,0.375,0,0.0,,0,0.0,,0,0.0,,0,0.0,,0,0.0,,0,0.0,,0,0.0,,0,0.0,,0,,,0,,,0,,,0,,,0,,,0,,,0,0.0,,0,0.0,,0.0,,0.8090909090909091,0,,,0,,,0,,,0.014084507042253521,4.2626798770413155,49.495049504950494,4.4588183029764545,0.015104398045313194,0.5555555555555556,0.4444444444444444,2699.5555555555557,0.6666666660740738,0.0007042253521126761,0.2222222222222222,8.0,0.2222222222222222,0.5416666666666666,0.4444444444444444,0.13149323545980465,0.03301461490529971,8.0
Amiens,2026-09-28,3,Prix Yves Saint Martin Maiden Stakes,2199.0,"3YO, Maiden","{'eventId': '3439126', 'overall': None, 'rating': None, 'surface': 'Turf', '__typename': 'TrackCondition'}",Turf,,24296.0,9.0,False,5.0,7.0,58.0,,,81.0,Citoyen,3.0,Colt,b,Too Darn Hot,Louve Nationale,14797.0,R Mangione,A Fabre,False,1.0,6.0,S,,3.25,17,3.394117647058824,2.7,7.8,1.1110252754234522,17,1.01,3.1,1.01,3.0,0.0,4.0,3.5,3.0,5.0,0.0,0.75,0.0,2.925,3.9075,35.25,,79.0,0.0,0.0,4.0,0.0,2.0,1.0,0.0,75.0,-100.0,79.0,11254.0,2814.0,0.0,20.0,3.0,3.25,,,,,,4,0.0,0.75,4,0.0,0.75,2,0.0,1.0,0,0.0,,0,0.0,,0,0.0,,4,0.0,0.75,0,0.0,,2,0.0,0.5,2,0.0,1.0,0,,,0,,,2,0.0,0.5,2,0.0,1.0,0,,,2,0.0,1.0,2,0.0,0.5,0.0,,0.8090909090909091,4,0.0,0.75,0,,,4,0.0,0.75,0.3076923076923077,1.1786549963416462,2.0693069306930694,1.5025996533795491,0.2946273830155979,0.7777777777777778,0.5555555555555556,2699.5555555555557,0.6666666660740738,0.3076923076923077,1.0,2.0,0.8888888888888888,0.9,0.9444444444444444,0.13149323545980465,0.30608227035359553,2.0
Amiens,2026-09-28,3,Prix Yves Saint Martin Maiden Stakes,2199.0,"3YO, Maiden","{'eventId': '3439126', 'overall': None, 'rating': None, 'surface': 'Turf', '__typename': 'TrackCondition'}",Turf,,24296.0,9.0,False,6.0,8.0,58.0,,,81.0,Makan,3.0,Gelding,ch,Sottsass,Kalina,26190.0,G Meury,M Delcher Sanchez,False,0.7,2.0,S,b,1.8,17,57.58411764705882,1.68,950.0,223.10400563437628,25,1.01,1.7,1.01,1.0,1.0,4.0,3.25,2.0,5.0,0.0,0.75,0.25,1.7625,8.875,38.75,,79.0,0.0,0.0,4.0,1.0,2.0,1.5,0.0,75.0,-100.0,79.0,13535.0,3384.0,7.0,21.0,3.0,2.5,,,,,,4,0.0,0.75,4,0.0,0.75,2,0.0,1.0,0,0.0,,0,0.0,,0,0.0,,4,0.0,0.75,0,0.0,,2,0.0,1.0,2,0.0,0.5,0,,,0,,,1,0.0,0.0,3,0.0,1.0,0,,,3,0.0,1.0,1,0.0,0.0,1.0,0.0,1.0,4,0.0,0.75,0,,,4,0.0,0.75,0.5555555555555556,0.5877866649021191,0.6831683168316831,16.468429816227925,0.017365899502518056,0.8888888888888888,0.6666666666666666,2699.5555555555557,0.6666666660740738,0.3888888888888889,0.8888888888888888,1.0,1.0,0.9,0.9444444444444444,0.13149323545980465,0.3411090208342545,1.0
Amiens,2026-09-28,3,Prix Yves Saint Martin Maiden Stakes,2199.0,"3YO, Maiden","{'eventId': '3439126', 'overall': None, 'rating': None, 'surface': 'Turf', '__typename': 'TrackCondition'}",Turf,,24296.0,9.0,False,7.0,3.0,55.75,,,81.0,Ruffano Bello,3.0,Gelding,b,Motamarris,Kyara De Lune,0.0,A Vilchien,S Kobayashi,False,0.28,6.0,,,19.0,17,71.16470588235293,5.2,950.0,219.7599464152713,15,1.01,16.0,1.01,9.0,0.0,,4.6,2.0,,0.0,0.4,0.2,,12.2,25.8,,79.0,1.0,1.0,,0.0,,0.1666666666666667,0.0,0.0,0.0,79.0,0.0,0.0,0.0,21.0,5.0,10.0,,,,,,0,0.08,0.375,0,0.0,,0,0.0,,0,0.0,,0,0.0,,0,0.0,,0,0.0,,0,0.0,,0,0.0,,0,,,0,,,0,,,0,,,0,,,0,,,0,0.0,,0,0.0,,0.0,,0.8090909090909091,0,,,0,,,0,,,0.05263157894736842,2.9444389791664403,14.841584158415841,13.276244007273931,0.014051909406513475,0.3333333333333333,0.7777777777777778,2699.5555555555557,-1.3333333321481475,0.01473684210526316,0.6666666666666666,4.0,0.6666666666666666,0.5416666666666666,0.4444444444444444,0.13149323545980465,0.049842466126353326,5.0
Amiens,2026-09-28,3,Prix Yves Saint Martin Maiden Stakes,2199.0,"3YO, Maiden","{'eventId': '3439126', 'overall': None, 'rating': None, 'surface': 'Turf', '__typename': 'TrackCondition'}",Turf,,24296.0,9.0,False,8.0,9.0,55.75,,,81.0,Inter Glory,3.0,Colt,b,Olympic Glory,Interlope,0.0,L Carboni,Gianluca Bietolini,False,0.17,1.0,,,26.0,16,69.39375,7.3,790.0,186.11092280126252,16,1.01,23.0,1.01,8.0,0.0,,4.6,2.0,,0.0,0.4,0.2,,12.2,25.8,,79.0,1.0,1.0,,0.0,,0.1666666666666667,0.0,0.0,0.0,79.0,0.0,0.0,6.0,21.0,5.0,10.0,,,,,,0,0.08,0.375,0,0.0,,0,0.0,,0,0.0,,0,0.0,,0,0.0,,0,0.0,,0,0.0,,0,0.0,,0,,,0,,,0,,,0,,,0,,,0,,,0,0.0,,0,0.0,,0.0,,0.8090909090909091,0,,,0,,,0,,,0.038461538461538464,3.258096538021482,21.77227722772277,11.27911375303972,0.014410519679365937,1.0,0.8888888888888888,2699.5555555555557,-1.3333333321481475,0.006538461538461539,0.3333333333333333,5.0,0.5555555555555556,0.5416666666666666,0.4444444444444444,0.13149323545980465,0.05999520787277695,4.0
Amiens,2026-09-28,3,Prix Yves Saint Martin Maiden Stakes,2199.0,"3YO, Maiden","{'eventId': '3439126', 'overall': None, 'rating': None, 'surface': 'Turf', '__typename': 'TrackCondition'}",Turf,,24296.0,9.0,False,9.0,4.0,55.75,,,81.0,Avenger Forlonge,3.0,Gelding,g,Birchwood,Rose Argent,0.0,P Cheyer,S Dehez,False,0.21,6.0,,,61.0,16,64.146875,3.35,310.0,65.22488853178957,16,1.01,51.0,1.01,7.0,0.0,,4.6,2.0,,0.0,0.4,0.2,,12.2,25.8,,79.0,1.0,1.0,,0.0,,0.1666666666666667,0.0,0.0,0.0,79.0,0.0,0.0,5.0,21.0,5.0,10.0,,,,,,0,0.08,0.375,0,0.0,,0,0.0,,0,0.0,,0,0.0,,0,0.0,,0,0.0,,0,0.0,,0,0.0,,0,,,0,,,0,,,0,,,0,,,0,,,0,0.0,,0,0.0,,0.0,,0.8090909090909091,0,,,0,,,0,,,0.01639344262295082,4.110873864173311,49.495049504950494,4.780435523944074,0.015589223948945293,0.4444444444444444,1.0,2699.5555555555557,-1.3333333321481475,0.0034426229508196723,0.4444444444444444,7.0,0.3333333333333333,0.5416666666666666,0.4444444444444444,0.13149323545980465,0.03487348145864303,7.0
Amiens,2026-09-28,2,Px Du Pdv Pmu Le Chalet Les Attaques Maiden Stakes,2199.0,"3YO, Maiden","{'eventId': '3439125', 'overall': None, 'rating': None, 'surface': 'Turf', '__typename': 'TrackCondition'}",Turf,,24296.0,10.0,False,1.0,9.0,58.0,,,81.0,Yuna,3.0,Filly,ch,Waldgeist,Meerschweinchen,3878.0,M Calbrix,J Carvalho,False,0.11,1.0,S,,23.0,17,73.17941176470588,1.25,790.0,184.7789228007856,14,1.01,12.0,1.01,7.0,0.0,5.0,7.0,4.0,9.0,0.0,0.0,0.0,12.47,23.9,24.6,,79.0,0.0,0.0,2.0,0.0,0.0,2.5,0.0,0.0,-100.0,79.0,3878.0,485.0,9.0,19.0,4.0,7.0,,,,,,8,0.0,0.0,8,0.0,0.0,2,0.0,0.0,0,0.0,,0,0.0,,0,0.0,,8,0.0,0.0,0,0.0,,1,0.0,0.0,1,0.0,0.0,1,0.0,0.0,0,,,2,0.0,0.0,6,0.0,0.0,0,,,6,0.0,0.0,2,0.0,0.0,0.0,,0.8090909090909091,8,0.0,0.0,0,,,5,0.0,0.0,0.043478260869565216,3.1354942159291497,10.881188118811881,10.778304730517263,0.013665045617137576,0.9,0.1,2429.6,0.4743416485252601,0.004782608695652174,0.4,4.0,0.7,0.4375,0.45,0.11399885955529185,0.11472855697923474,4.0
Amiens,2026-09-28,2,Px Du Pdv Pmu Le Chalet Les Attaques Maiden Stakes,2199.0,"3YO, Maiden","{'eventId': '3439125', 'overall': None, 'rating': None, 'surface': 'Turf', '__typename': 'TrackCondition'}",Turf,,24296.0,10.0,False,2.0,5.0,58.0,,,81.0,Borntorun,3.0,Filly,ch,Born To Sea,Habdab,0.0,T Le Graet,Mme K Hoste,False,0.01,6.0,S,,81.0,15,99.95666666666666,1.25,610.0,137.634865818545,17,1.01,51.0,1.01,9.0,0.0,2.0,8.0,7.0,9.0,0.0,0.0,0.0,41.1,74.0,9.0,,79.0,0.0,0.0,2.0,0.0,1.0,0.1666666666666667,0.0,0.0,-100.0,79.0,0.0,0.0,0.0,38.0,9.0,67.0,,,,,,2,0.0,0.0,2,0.0,0.0,2,0.0,0.0,0,0.0,,0,0.0,,0,0.0,,2,0.0,0.0,0,0.0,,1,0.0,0.0,1,0.0,0.0,0,,,0,,,1,0.0,0.0,1,0.0,0.0,0,,,1,0.0,0.0,1,0.0,0.0,0.0,,0.8090909090909091,2,0.0,0.0,0,,,2,0.0,0.0,0.012345679012345678,4.394449154672439,49.495049504950494,6.090139060259446,0.010004335211925168,0.5,0.2,2429.6,0.4743416485252601,0.0001234567901234568,0.1,9.0,0.2,0.4375,0.45,0.11399885955529185,0.040977015296388225,9.0
Amiens,2026-09-28,2,Px Du Pdv Pmu Le Chalet Les Attaques Maiden Stakes,2199.0,"3YO, Maiden","{'eventId': '3439125', 'overall': None, 'rating': None, 'surface': 'Turf', '__typename': 'TrackCondition'}",Turf,,24296.0,10.0,False,3.0,6.0,58.0,,,81.0,Wilela,3.0,Filly,ch,Masar,Wolkenburg,8899.0,L Carboni,M Weissmeier,False,0.35,6.0,S,,14.0,16,60.659375,1.25,790.0,188.34833024441545,18,1.01,11.0,1.01,3.0,0.0,2.0,4.5,2.0,7.0,0.0,0.5,0.5,6.225,3.8,140.0,,79.0,0.0,0.0,1.0,1.0,2.0,0.1666666666666667,0.0,50.0,-100.0,79.0,5356.0,2678.0,0.0,57.0,7.0,5.5,,,,,,2,0.0,0.5,2,0.0,0.5,1,0.0,0.0,0,0.0,,0,0.0,,0,0.0,,2,0.0,0.5,0,0.0,,2,0.0,0.5,0,,,0,,,0,,,0,,,2,0.0,0.5,0,,,2,0.0,0.5,0,0.0,,1.0,0.0,1.0,2,0.0,0.5,0,,,1,0.0,0.0,0.07142857142857142,2.6390573296152584,9.891089108910892,13.002936479315853,0.01648549791355417,0.6,0.3,2429.6,0.4743416485252601,0.024999999999999998,0.9,3.0,0.8,1.0,1.0,0.11399885955529185,0.14492381073766017,3.0
Amiens,2026-09-28,2,Px Du Pdv Pmu Le Chalet Les Attaques Maiden Stakes,2199.0,"3YO, Maiden","{'eventId': '3439125', 'overall': None, 'rating': None, 'surface': 'Turf', '__typename': 'TrackCondition'}",Turf,,24296.0,10.0,False,4.0,1.0,58.0,,,81.0,Nicosie Essef,3.0,Filly,b,Ecolo,Spectacular City,2278.0,R Mangione,F Jolivet,False,0.12,6.0,S,,26.0,17,69.35000000000001,1.25,790.0,180.3957691560746,22,1.01,21.0,1.01,4.0,0.0,1.0,8.0,8.0,8.0,0.0,0.0,0.0,15.55,81.0,0.0,,79.0,0.0,0.0,1.0,0.0,1.0,0.1666666666666667,0.0,0.0,-100.0,79.0,0.0,0.0,5.0,13.0,8.0,81.0,,,,,,1,0.0,0.0,1,0.0,0.0,1,0.0,0.0,0,0.0,,0,0.0,,0,0.0,,1,0.0,0.0,0,0.0,,1,0.0,0.0,0,,,0,,,0,,,0,,,1,0.0,0.0,0,,,1,0.0,0.0,0,0.0,,0.0,,0.8090909090909091,1,0.0,0.0,0,,,1,0.0,0.0,0.038461538461538464,3.258096538021482,19.79207920792079,11.373467916366257,0.014419610670511894,0.1,0.4,2429.6,0.4743416485252601,0.004615384615384616,0.5,6.0,0.5,0.4375,0.45,0.11399885955529185,0.04562590634028253,7.0
Amiens,2026-09-28,2,Px Du Pdv Pmu Le Chalet Les Attaques Maiden Stakes,2199.0,"3YO, Maiden","{'eventId': '3439125', 'overall': None, 'rating': None, 'surface': 'Turf', '__typename': 'TrackCondition'}",Turf,,24296.0,10.0,False,5.0,7.0,58.0,,,81.0,Altia,3.0,Filly,b,Wooded,Trussaria,2447.0,A Vilchien,A Fouassier,False,0.29,6.0,S,,10.0,17,62.16176470588236,1.25,910.0,211.9781353385101,10,1.01,8.0,1.01,5.0,0.0,3.0,6.333333333333333,5.0,8.0,0.0,0.0,0.0,9.866666666666667,44.333333333333336,16.666666666666668,,79.0,0.0,1.0,1.0,0.0,1.0,2.5,0.0,0.0,-100.0,79.0,1435.0,478.0,0.0,29.0,5.0,41.0,,,,,,3,0.0,0.0,3,0.0,0.0,2,0.0,0.0,1,0.0,0.0,0,0.0,,0,0.0,,2,0.0,0.0,1,0.0,0.0,1,0.0,0.0,1,0.0,0.0,1,0.0,0.0,0,,,0,,,2,0.0,0.0,0,,,2,0.0,0.0,0,0.0,,0.0,,0.8090909090909091,3,0.0,0.0,0,,,1,0.0,0.0,0.1,2.302585092994046,6.920792079207921,14.619115211734089,0.016087059380175062,0.7,0.5,2429.6,0.4743416485252601,0.028999999999999998,0.8,2.0,0.9,0.4375,0.45,0.11399885955529185,0.189143174568933,2.0
Amiens,2026-09-28,2,Px Du Pdv Pmu Le Chalet Les Attaques Maiden Stakes,2199.0,"3YO, Maiden","{'eventId': '3439125', 'overall': None, 'rating': None, 'surface': 'Turf', '__typename': 'TrackCondition'}",Turf,,24296.0,10.0,False,6.0,4.0,58.0,,,81.0,Galie,3.0,Filly,b,Slade Power,Emmy Award,0.0,Mme Ella Muntwyler,S Parades,False,0.05,6.0,S,o,91.0,15,102.89666666666668,1.25,550.0,121.7456754422468,16,1.01,34.0,1.01,8.0,0.0,2.0,11.5,11.0,12.0,0.0,0.0,0.0,120.975,46.0,19.0,,79.0,0.0,0.0,1.0,0.0,1.0,0.1666666666666667,0.0,0.0,-100.0,79.0,0.0,0.0,0.0,49.0,11.0,51.0,,,,,,2,0.0,0.0,2,0.0,0.0,1,0.0,0.0,0,0.0,,0,0.0,,0,0.0,,2,0.0,0.0,0,0.0,,1,0.0,0.0,1,0.0,0.0,0,,,0,,,1,0.0,0.0,1,0.0,0.0,0,,,1,0.0,0.0,1,0.0,0.0,0.0,,0.8090909090909091,2,0.0,0.0,0,,,1,0.0,0.0,0.01098901098901099,4.51085950651685,32.663366336633665,5.333020182059671,0.009718487803297806,0.4,0.6,2429.6,0.4743416485252601,0.0005494505494505496,0.2,10.0,0.1,0.4375,0.45,0.11399885955529185,0.03658343682791607,10.0
Amiens,2026-09-28,2,Px Du Pdv Pmu Le Chalet Les Attaques Maiden Stakes,2199.0,"3YO, Maiden","{'eventId': '3439125', 'overall': None, 'rating': None, 'surface': 'Turf', '__typename': 'TrackCondition'}",Turf,,24296.0,10.0,False,7.0,8.0,58.0,,,81.0,Sonny Angel,3.0,Filly,b,Too Darn Hot,Frida Gold,4809.0,G Meury,M Munch,False,0.09,6.0,S,o,26.0,17,66.12647058823529,1.25,790.0,181.05163718873055,15,1.01,21.0,1.01,2.0,0.0,2.0,9.0,8.0,10.0,0.0,0.0,0.0,16.0,23.5,10.5,,79.0,0.0,0.0,2.0,0.0,1.0,0.1666666666666667,0.0,0.0,-100.0,79.0,0.0,0.0,100.0,101.0,8.0,34.0,,,,,,2,0.0,0.0,2,0.0,0.0,0,0.0,,0,0.0,,0,0.0,,0,0.0,,2,0.0,0.0,0,0.0,,1,0.0,0.0,1,0.0,0.0,0,,,0,,,0,,,2,0.0,0.0,0,,,2,0.0,0.0,0,0.0,,0.0,,0.8090909090909091,2,0.0,0.0,0,,,2,0.0,0.0,0.038461538461538464,3.258096538021482,19.79207920792079,11.927901080816618,0.015122537027976694,0.8,0.7,2429.6,0.4743416485252601,0.0034615384615384616,0.3,6.0,0.5,0.4375,0.45,0.11399885955529185,0.08115999785375197,5.0
Amiens,2026-09-28,2,Px Du Pdv Pmu Le Chalet Les Attaques Maiden Stakes,2199.0,"3YO, Maiden","{'eventId': '3439125', 'overall': None, 'rating': None, 'surface': 'Turf', '__typename': 'TrackCondition'}",Turf,,24296.0,10.0,False,8.0,2.0,58.0,,,81.0,Asylla,3.0,Filly,ch,Sea The Stars,Australienne,25390.0,S Deriu,Chr Head,False,1.0,3.0,S,b,1.33,17,57.05529411764706,1.1,950.0,223.2361882459037,21,1.01,1.15,1.01,1.0,1.0,3.0,5.666666666666667,2.0,11.0,0.0,0.3333333333333333,0.3333333333333333,6.016666666666667,2.43,94.66666666666669,,79.0,0.0,0.0,3.0,2.0,2.0,-5.5,0.0,33.0,-100.0,79.0,12735.0,4245.0,13.0,38.0,4.0,2.1,,,,,,3,0.0,0.3333333333333333,3,0.0,0.3333333333333333,1,0.0,0.0,0,0.0,,0,0.0,,0,0.0,,1,0.0,0.0,1,0.0,0.0,2,0.0,0.5,1,0.0,0.0,0,,,0,,,2,0.0,0.5,0,,,0,,,0,0.0,,2,0.0,0.5,2.0,0.0,0.0,3,0.0,0.3333333333333333,0,,,3,0.0,0.3333333333333333,0.7518796992481203,0.28517894223366247,0.13861386138613851,16.631234921747737,0.01752685733138132,0.2,0.8,2429.6,0.4743416485252601,0.7518796992481203,1.0,1.0,1.0,0.875,0.9,0.11399885955529185,0.24705416196370777,1.0
Amiens,2026-09-28,2,Px Du Pdv Pmu Le Chalet Les Attaques Maiden Stakes,2199.0,"3YO, Maiden","{'eventId': '3439125', 'overall': None, 'rating': None, 'surface': 'Turf', '__typename': 'TrackCondition'}",Turf,,24296.0,10.0,False,9.0,3.0,55.75,,,81.0,Gamberra,3.0,Filly,ch,Stormy River,Pammy Buchanan,0.0,M Pien,Boutin S,False,0.15,2.0,,,26.0,16,26.940625,1.25,110.0,22.54302288645813,23,1.01,23.0,1.01,10.0,0.0,,4.6,2.0,,0.0,0.4,0.2,,12.2,25.8,,79.0,1.0,1.0,,0.0,,0.1666666666666667,0.0,0.0,0.0,79.0,0.0,0.0,11.0,21.0,5.0,10.0,,,,,,0,0.08,0.375,0,0.0,,0,0.0,,0,0.0,,0,0.0,,0,0.0,,0,0.0,,0,0.0,,0,0.0,,0,,,0,,,0,,,0,,,0,,,0,,,0,0.0,,0,0.0,,0.0,,0.8090909090909091,0,,,0,,,0,,,0.038461538461538464,3.258096538021482,21.77227722772277,4.036654680431504,0.03711866372810579,0.3,0.9,2429.6,-1.8973665941010254,0.0057692307692307696,0.6,6.0,0.5,0.5416666666666666,0.45,0.11399885955529185,0.04542194568513719,8.0
Amiens,2026-09-28,2,Px Du Pdv Pmu Le Chalet Les Attaques Maiden Stakes,2199.0,"3YO, Maiden","{'eventId': '3439125', 'overall': None, 'rating': None, 'surface': 'Turf', '__typename': 'TrackCondition'}",Turf,,24296.0,10.0,False,10.0,10.0,55.75,,,81.0,Mismarvel Forlonge,3.0,Filly,b,Fighting Irish,Et Bottes De Cuir,0.0,P Cheyer,S Dehez,False,0.22,6.0,,,29.0,16,74.271875,1.25,790.0,185.01692994219303,29,1.01,26.0,1.01,6.0,0.0,,4.6,2.0,,0.0,0.4,0.2,,12.2,25.8,,79.0,1.0,1.0,,0.0,,0.1666666666666667,0.0,0.0,0.0,79.0,0.0,0.0,5.0,21.0,5.0,10.0,,,,,,0,0.08,0.375,0,0.0,,0,0.0,,0,0.0,,0,0.0,,0,0.0,,0,0.0,,0,0.0,,0,0.0,,0,,,0,,,0,,,0,,,0,,,0,,,0,0.0,,0,0.0,,0.0,,0.8090909090909091,0,,,0,,,0,,,0.034482758620689655,3.367295829986474,24.74257425742574,10.61976690368999,0.013464046787562588,1.0,1.0,2429.6,-1.8973665941010254,0.007586206896551724,0.7,8.0,0.3,0.5416666666666666,0.45,0.11399885955529185,0.05438199374698829,6.0
Curragh,2026-09-27,3,Qatar Racing And Equestrian Club Renaissance Stakes (Group 3),1207.0,"3YO+, Class 1, Class 1","{'eventId': '3438556', 'overall': 'Soft', 'rating': None, 'surface': 'Turf', '__typename': 'TrackCondition'}",Turf,,113564.0,9.0,False,1.0,8.0,61.75,,,110.0,Power Blue,3.0,Colt,b,Space Blues,Visions,731029.0,Billy Lee,Robson Aguiar,False,0.59,19.0,S,tcdson,3.5,19,4.91578947368421,2.8,36.0,7.330506779199457,50,2.7,3.1,2.55,3.0,0.0,5.0,5.6,1.0,12.0,0.2,0.2,0.2,9.51,29.02,26.4,110.2,110.0,2.0,0.0,5.0,1.0,0.0,-1.5,25.0,58.0,38.0,110.0,719673.0,59973.0,14.0,36.0,12.0,34.0,,,,,,12,0.25,0.5833333333333334,6,0.1666666666666666,0.3333333333333333,1,0.0,0.0,4,0.25,0.75,7,0.4285714285714285,0.8571428571428571,3,0.3333333333333333,1.0,12,0.25,0.5833333333333334,0,0.0,,2,0.5,1.0,2,0.0,0.5,2,0.0,0.5,0,,,9,0.2222222222222222,0.5555555555555556,3,0.3333333333333333,0.6666666666666666,0,,,3,0.3333333333333333,0.6666666666666666,9,0.2222222222222222,0.5555555555555556,1.0,1.0,1.0,12,0.25,0.5833333333333334,0,,,11,0.1818181818181818,0.5454545454545454,0.2857142857142857,1.252762968495368,0.1481481481481481,6.753747323340472,0.20342612419700215,0.8888888888888888,0.1111111111111111,12618.222222222223,1.7926377576394759,0.16857142857142857,0.6666666666666666,1.5,0.9444444444444444,0.3888888888888889,0.8888888888888888,0.12569908920212963,0.25776513551736074,2.0
Curragh,2026-09-27,3,Qatar Racing And Equestrian Club Renaissance Stakes (Group 3),1207.0,"3YO+, Class 1, Class 1","{'eventId': '3438556', 'overall': 'Soft', 'rating': None, 'surface': 'Turf', '__typename': 'TrackCondition'}",Turf,,113564.0,9.0,False,2.0,1.0,60.25,,,104.0,Big Gossey,9.0,Gelding,g,Gutaifan,Toy Show,906332.0,Robert Whearty,C O'Brien,False,0.04,7.0,S,tcdshon,15.0,19,12.594736842105265,3.5,18.5,2.924573506326319,48,9.0,12.0,7.0,2.0,0.0,5.0,5.4,1.0,10.0,0.2,0.4,0.4,8.33,16.7,22.6,106.8,106.0,5.0,2.0,4.0,1.0,0.0,-6.833333333333334,13.0,40.0,49.0,104.0,883620.0,9501.0,14.0,14.0,10.0,41.0,,,,,,93,0.1290322580645161,0.3978494623655914,12,0.1666666666666666,0.4166666666666667,3,0.0,0.0,42,0.119047619047619,0.4761904761904761,56,0.1785714285714285,0.4107142857142857,27,0.1481481481481481,0.4814814814814814,48,0.1458333333333333,0.4166666666666667,17,0.1176470588235294,0.3529411764705882,9,0.1111111111111111,0.3333333333333333,8,0.125,0.5,8,0.0,0.375,0,,,42,0.1428571428571428,0.4523809523809524,24,0.125,0.4166666666666667,10,0.1,0.2,34,0.1176470588235294,0.3529411764705882,42,0.1428571428571428,0.4523809523809524,4.0,0.75,1.0,93,0.1290322580645161,0.3978494623655914,0,,,31,0.0967741935483871,0.3548387096774194,0.06666666666666667,2.70805020110221,0.3333333333333333,1.1909736732135394,0.07939824488090262,0.1111111111111111,0.2222222222222222,12618.222222222223,0.5354632263078936,0.0026666666666666666,0.2222222222222222,5.0,0.5555555555555556,0.7777777777777778,0.6666666666666666,0.12569908920212963,0.07868555519963304,4.0
Curragh,2026-09-27,3,Qatar Racing And Equestrian Club Renaissance Stakes (Group 3),1207.0,"3YO+, Class 1, Class 1","{'eventId': '3438556', 'overall': 'Soft', 'rating': None, 'surface': 'Turf', '__typename': 'TrackCondition'}",Turf,,113564.0,9.0,False,3.0,6.0,60.25,,,104.0,East Hampton,4.0,Gelding,b,Cracksman,Sitar,164713.0,Robbie Colgan,D Marnane,False,0.05,2.0,S,tcdshn,23.0,19,74.03157894736843,19.0,1000.0,218.28842593574888,50,34.0,19.0,13.0,6.0,0.0,5.0,5.8,2.0,10.0,0.0,0.2,0.2,9.82,20.2,74.4,108.2,107.0,2.0,0.0,5.0,0.0,2.0,-0.333333333333333,13.0,31.0,-22.0,104.0,162442.0,10153.0,5.0,36.0,6.0,29.0,,,,,,16,0.125,0.3125,4,0.0,0.25,1,0.0,0.0,5,0.2,0.2,8,0.125,0.5,4,0.25,0.25,13,0.1538461538461538,0.3846153846153846,0,0.0,,6,0.3333333333333333,0.6666666666666666,4,0.0,0.0,3,0.0,0.0,0,,,10,0.0,0.1,5,0.2,0.6,1,1.0,1.0,6,0.3333333333333333,0.6666666666666666,10,0.0,0.1,1.0,1.0,1.0,16,0.125,0.3125,0,,,9,0.0,0.2222222222222222,0.043478260869565216,3.1354942159291497,-0.4411764705882353,13.251101947959617,0.013507749182425706,0.6666666666666666,0.3333333333333333,12618.222222222223,0.5354632263078936,0.002173913043478261,0.3333333333333333,6.0,0.4444444444444444,0.3888888888888889,0.1111111111111111,0.12569908920212963,0.04755691818318014,7.0
Curragh,2026-09-27,3,Qatar Racing And Equestrian Club Renaissance Stakes (Group 3),1207.0,"3YO+, Class 1, Class 1","{'eventId': '3438556', 'overall': 'Soft', 'rating': None, 'surface': 'Turf', '__typename': 'TrackCondition'}",Turf,,113564.0,9.0,False,4.0,3.0,60.25,,,96.0,Tango Flare,7.0,Gelding,b,Fulbright,Magadar,354898.0,Luke McAteer,P T Foley,False,0.01,2.0,U,tcdsn,51.0,19,94.02105263157895,31.0,1000.0,213.70273396509256,37,41.0,31.0,17.0,7.0,0.0,5.0,9.8,1.0,19.0,0.2,0.4,0.4,5.790000000000001,18.8,27.6,98.2,98.0,4.0,4.0,1.0,0.0,0.0,-7.0,17.0,37.0,144.0,96.0,354898.0,11830.0,9.0,14.0,9.0,34.0,,,,,,30,0.1666666666666666,0.3666666666666666,7,0.1428571428571428,0.4285714285714285,1,0.0,0.0,22,0.2272727272727272,0.4545454545454545,16,0.0625,0.25,12,0.0833333333333333,0.3333333333333333,24,0.1666666666666666,0.3333333333333333,0,0.0,,7,0.1428571428571428,0.1428571428571428,5,0.2,0.6,4,0.5,0.5,0,,,23,0.1739130434782608,0.3043478260869565,6,0.1666666666666666,0.6666666666666666,1,0.0,0.0,7,0.1428571428571428,0.5714285714285714,23,0.1739130434782608,0.3043478260869565,1.0,1.0,1.0,30,0.1666666666666666,0.3666666666666666,0,,,8,0.0,0.25,0.0196078431372549,3.9318256327243257,-0.24390243902439024,10.306202418271383,0.0106359158083296,0.3333333333333333,0.4444444444444444,12618.222222222223,0.5354632263078936,0.000196078431372549,0.1111111111111111,9.0,0.1111111111111111,0.7777777777777778,0.5555555555555556,0.12569908920212963,0.04912417707721789,6.0
Curragh,2026-09-27,3,Qatar Racing And Equestrian Club Renaissance Stakes (Group 3),1207.0,"3YO+, Class 1, Class 1","{'eventId': '3438556', 'overall': 'Soft', 'rating': None, 'surface': 'Turf', '__typename': 'TrackCondition'}",Turf,,113564.0,9.0,False,5.0,2.0,59.5,,,101.0,Brussels,3.0,Colt,b,Wootton Bassett,Fond Words,594743.0,R L Moore,A P O'Brien,False,1.0,8.0,S,tcdn,6.5,19,6.2710526315789465,5.0,9.0,0.8437566045704369,16,6.5,5.0,4.8,5.0,0.0,5.0,9.4,4.0,19.0,0.0,0.0,0.0,6.890000000000001,46.0,27.0,103.4,101.0,2.0,2.0,5.0,0.0,0.0,-0.166666666666666,7.0,36.0,-73.0,101.0,635549.0,45396.0,27.0,14.0,7.0,81.0,,,,,,14,0.0714285714285714,0.3571428571428571,8,0.0,0.25,1,0.0,0.0,6,0.1666666666666666,0.3333333333333333,3,0.3333333333333333,0.3333333333333333,1,1.0,1.0,13,0.0769230769230769,0.3846153846153846,0,0.0,,2,0.5,0.5,2,0.0,0.0,2,0.0,0.5,1,0.0,1.0,9,0.1111111111111111,0.4444444444444444,3,0.0,0.0,0,,,3,0.0,0.0,10,0.1,0.5,4.0,0.0,0.5,13,0.0769230769230769,0.3846153846153846,1,0.0,0.0,10,0.0,0.3,0.15384615384615385,1.8718021769015913,-0.23076923076923078,0.6378514477549309,0.15946286193873271,0.2222222222222222,0.5555555555555556,12618.222222222223,-0.09312403935789763,0.15384615384615385,1.0,4.0,0.6666666666666666,0.1111111111111111,0.4444444444444444,0.12569908920212963,0.06407453567676352,5.0
Curragh,2026-09-27,3,Qatar Racing And Equestrian Club Renaissance Stakes (Group 3),1207.0,"3YO+, Class 1, Class 1","{'eventId': '3438556', 'overall': 'Soft', 'rating': None, 'surface': 'Turf', '__typename': 'TrackCondition'}",Turf,,113564.0,9.0,False,8.0,7.0,58.0,,,104.0,Royal Bay Cen,3.0,Filly,ch,New Bay,Royal Razalma,136513.0,Ben Coen,J P Murtagh,False,0.27,10.0,S,dsn,4.6,19,56.6121052631579,3.7,1000.0,222.35892453842203,50,7.0,3.7,2.75,4.0,0.0,5.0,3.6,1.0,5.0,0.2,0.2,0.2,3.49,11.9,63.4,102.5,107.0,0.0,3.0,3.0,0.0,1.0,1.833333333333333,33.0,33.0,47.0,104.0,130833.0,14537.0,13.0,133.0,4.0,8.0,,,,,,9,0.3333333333333333,0.3333333333333333,3,0.3333333333333333,0.3333333333333333,0,0.0,,5,0.2,0.2,0,0.0,,0,0.0,,9,0.3333333333333333,0.3333333333333333,0,0.0,,2,0.5,0.5,2,0.0,0.0,1,1.0,1.0,0,,,5,0.0,0.0,4,0.75,0.75,0,,,4,0.75,0.75,5,0.0,0.0,3.0,0.6666666666666666,0.6666666666666666,9,0.3333333333333333,0.3333333333333333,0,,,3,0.3333333333333333,0.3333333333333333,0.2173913043478261,1.5260563034950492,-0.4714285714285714,17.59870959344756,0.017664066640015616,0.7777777777777778,0.8888888888888888,12618.222222222223,-1.35029857068948,0.05869565217391305,0.5555555555555556,3.0,0.7777777777777778,0.3888888888888889,0.2777777777777778,0.12569908920212963,0.17049448504404208,3.0
Curragh,2026-09-27,3,Qatar Racing And Equestrian Club Renaissance Stakes (Group 3),1207.0,"3YO+, Class 1, Class 1","{'eventId': '3438556', 'overall': 'Soft', 'rating': None, 'surface': 'Turf', '__typename': 'TrackCondition'}",Turf,,113564.0,9.0,False,9.0,9.0,58.0,,,101.0,Soul Love,3.0,Filly,ch,Starman,Lambeth Walk,252810.0,Pierre-louis Jamin,K R Burke,False,0.6,29.0,S,dn,3.5,19,2.940526315789474,1.47,3.55,0.477862275735004,31,3.0,2.6,2.6,1.0,1.0,5.0,3.2,1.0,9.0,0.4,0.8,0.6,1.46,10.326,33.8,94.6,101.0,0.0,4.0,4.0,1.0,1.0,2.833333333333333,57.0,86.0,181.0,101.0,184673.0,26382.0,18.0,35.0,2.0,3.25,,,,,,7,0.5714285714285714,0.8571428571428571,7,0.5714285714285714,0.8571428571428571,1,0.0,1.0,6,0.6666666666666666,1.0,0,0.0,,0,0.0,,5,0.4,0.8,2,1.0,1.0,3,0.6666666666666666,1.0,2,0.5,0.5,2,0.5,1.0,0,,,5,0.4,0.8,0,,,0,,,0,0.0,,5,0.4,0.8,2.0,1.0,1.0,7,0.5714285714285714,0.8571428571428571,0,,,4,0.5,1.0,0.2857142857142857,1.252762968495368,-0.1333333333333333,0.7073563629855021,0.3400751745122606,1.0,1.0,12618.222222222223,-1.35029857068948,0.1714285714285714,0.7777777777777778,1.5,0.9444444444444444,1.0,1.0,0.12569908920212963,0.3322991933018026,1.0
Laurel Park,2026-09-28,1,Race 1 - Claiming,1106.0,"3YO+, Claiming","{'eventId': '3438941', 'overall': 'Soft', 'rating': None, 'surface': 'Turf', '__typename': 'TrackCondition'}",Turf,,34159.0,3.0,False,1.0,1.0,55.25,,,74.0,Stone Cold Jones,3.0,Gelding,dk b/br,Mor Spirit,Instrumental,94995.0,Carlos Eduardo Lopez,Emanuel J. Geralis,False,1.0,25.0,S,tcdn,2.1,16,64.8125,1.85,1000.0,241.46579176717765,18,1.01,1.85,1.01,3.0,0.0,5.0,3.8,1.0,6.0,0.2,0.6,0.2,7.4,12.934,20.8,68.8,70.0,1.0,1.0,1.0,1.0,0.0,0.5,18.0,55.0,81.0,74.0,91579.0,8325.0,17.0,16.0,1.0,17.0,,,,,,11,0.1818181818181818,0.5454545454545454,8,0.25,0.5,2,0.5,0.5,2,0.5,1.0,1,1.0,1.0,1,1.0,1.0,2,0.5,0.5,0,0.0,,2,0.0,0.5,2,0.0,0.5,2,0.0,0.0,5,0.2,0.4,1,1.0,1.0,0,,,0,,,0,0.0,,6,0.3333333333333333,0.5,2.0,0.5,1.0,11,0.1818181818181818,0.5454545454545454,0,,,1,1.0,1.0,0.47619047619047616,0.7419373447293773,0.8316831683168318,15.400578592092574,0.015429122468659595,0.3333333333333333,0.3333333333333333,11386.333333333334,-0.5467785255826911,0.47619047619047616,1.0,10.0,0.25,1.0,0.9166666666666666,0.8360762415527266,0.6484351068315911,1.0
Laurel Park,2026-09-28,1,Race 1 - Claiming,1106.0,"3YO+, Claiming","{'eventId': '3438941', 'overall': 'Soft', 'rating': None, 'surface': 'Turf', '__typename': 'TrackCondition'}",Turf,,34159.0,3.0,False,7.0,7.0,57.25,,,72.0,Borletti,6.0,Gelding,b,Kodiac,Planchart,182708.0,Brittany Scampton,Christine F. Clagett,False,0.03,18.0,S,n,3.0,16,3.47875,1.71,6.4,1.220383520660616,8,1.01,2.8,1.01,2.0,0.0,5.0,5.2,2.0,8.0,0.0,0.4,0.2,9.15,20.8,65.4,85.5,77.0,3.0,3.0,1.0,0.0,1.0,4.5,5.0,43.0,-75.0,72.0,175876.0,4753.0,4.0,23.0,3.0,12.0,,,,,,37,0.054054054054054,0.4324324324324324,6,0.0,0.3333333333333333,1,0.0,1.0,12,0.0,0.4166666666666667,11,0.0,0.2727272727272727,6,0.0,0.3333333333333333,16,0.0,0.3125,1,0.0,0.0,3,0.0,0.3333333333333333,3,0.0,0.3333333333333333,2,0.5,0.5,15,0.1333333333333333,0.5333333333333333,14,0.0,0.3571428571428571,0,,,0,,,0,0.0,,29,0.0689655172413793,0.4482758620689655,5.0,0.0,0.4,37,0.054054054054054,0.4324324324324324,0,,,5,0.0,0.6,0.3333333333333333,1.0986122886681098,1.772277227722772,1.3481854114265184,0.2874595759971254,2.3333333333333335,2.3333333333333335,11386.333333333334,1.0438499124760467,0.009999999999999998,0.6666666666666666,11.0,0.16666666666666666,0.6666666666666666,0.7083333333333334,0.8360762415527266,0.1657557171935561,3.0
Laurel Park,2026-09-28,1,Race 1 - Claiming,1106.0,"3YO+, Claiming","{'eventId': '3438941', 'overall': 'Soft', 'rating': None, 'surface': 'Turf', '__typename': 'TrackCondition'}",Turf,,34159.0,3.0,False,10.0,10.0,57.25,,,84.0,Benny Havens,9.0,Gelding,dk b/br,Outflanker,Saucy Countess,224495.0,Jaime Rodriguez,"Anthony Aguirre, Jr.",False,0.01,13.0,S,tn,3.2,16,2.52125,1.2,3.2,0.7774788984274751,13,1.01,2.8,1.01,1.0,1.0,5.0,7.4,5.0,10.0,0.0,0.0,0.0,5.19,32.2,60.6,90.4,88.0,5.0,4.0,0.0,0.0,1.0,-1.0,4.0,21.0,-63.0,84.0,202973.0,4319.0,17.0,112.0,9.0,41.0,,,,,,47,0.0425531914893617,0.2127659574468085,4,0.0,0.0,0,0.0,,16,0.0,0.125,35,0.0285714285714285,0.2,15,0.0,0.1333333333333333,45,0.0444444444444444,0.2,0,0.0,,9,0.1111111111111111,0.1111111111111111,8,0.125,0.25,6,0.0,0.1666666666666666,4,0.0,0.0,18,0.0555555555555555,0.2222222222222222,1,0.0,0.0,0,,,1,0.0,0.0,22,0.0454545454545454,0.1818181818181818,0.0,,0.8090909090909091,47,0.0425531914893617,0.2127659574468085,0,,,2,0.5,1.0,0.3125,1.1631508098056809,1.772277227722772,0.7932573128408527,0.39662865642042633,3.3333333333333335,3.3333333333333335,11386.333333333334,1.0438499124760467,0.003125,0.3333333333333333,12.0,0.08333333333333333,0.3333333333333333,0.16666666666666666,0.8360762415527266,0.18580917597485286,2.0
Gulfstream,2026-09-28,1,Race 1 - Maiden Claiming,1106.0,"3YO+, Maiden, Claiming","{'eventId': '3438932', 'overall': None, 'rating': None, 'surface': 'Dirt', '__typename': 'TrackCondition'}",Dirt,,38429.0,8.0,False,1.0,1.0,54.5,,,69.0,Braveness,3.0,Gelding,b,Nyquist,Picara,32547.0,Yolber Torres,Jose Francisco D'Angelo,False,1.0,14.0,S,,3.75,17,59.15294117647058,3.1,950.0,222.71191459622045,8,1.01,3.1,1.01,1.0,1.0,2.0,5.0,2.0,8.0,0.0,0.5,0.5,9.575,8.75,17.0,79.5,59.0,2.0,1.0,2.0,0.0,1.0,0.1666666666666667,0.0,50.0,-100.0,69.0,8335.0,4168.0,14.0,29.0,2.0,9.0,,,,,,2,0.0,0.5,2,0.0,0.5,1,0.0,1.0,1,0.0,1.0,2,0.0,0.5,1,0.0,1.0,1,0.0,0.0,0,0.0,,1,0.0,0.0,1,0.0,1.0,0,,,0,,,0,,,1,0.0,1.0,0,,,1,0.0,1.0,0,0.0,,0.0,,0.8090909090909091,2,0.0,0.5,0,,,2,0.0,0.5,0.26666666666666666,1.3217558399823195,2.0693069306930694,16.00765712012729,0.016905330151153544,0.125,0.125,4803.625,-0.9486832970219425,0.26666666666666666,1.0,4.0,0.7,0.875,0.9,0.3096935239427462,0.18001056450894518,2.0
Gulfstream,2026-09-28,1,Race 1 - Maiden Claiming,1106.0,"3YO+, Maiden, Claiming","{'eventId': '3438932', 'overall': None, 'rating': None, 'surface': 'Dirt', '__typename': 'TrackCondition'}",Dirt,,38429.0,8.0,False,2.0,2.0,56.25,,,77.0,Wheelhouse,5.0,Gelding,ch,Tapit,Lady Pewitt,82261.0,Sonny Leon,Joseph F. Orseno,False,0.79,23.0,S,b,2.9,17,2.868823529411765,2.7,3.4,0.1916455782992681,14,1.01,2.7,1.01,2.0,0.0,5.0,3.8,2.0,6.0,0.0,0.6,0.2,5.2,6.128,42.2,78.6,85.0,5.0,2.0,5.0,2.0,1.0,1.333333333333333,0.0,57.0,-100.0,77.0,74575.0,5327.0,13.0,29.0,3.0,2.2,,,,,,14,0.0,0.5714285714285714,9,0.0,0.5555555555555556,2,0.0,1.0,2,0.0,1.0,10,0.0,0.7,2,0.0,1.0,6,0.0,0.5,0,0.0,,4,0.0,0.75,3,0.0,0.6666666666666666,2,0.0,0.5,6,0.0,0.8333333333333334,2,0.0,0.5,1,0.0,1.0,0,,,1,0.0,1.0,8,0.0,0.75,2.0,0.0,1.0,14,0.0,0.5714285714285714,0,,,14,0.0,0.5714285714285714,0.3448275862068966,1.0647107369924282,1.6732673267326734,0.24400246052901362,0.3485749436128767,0.25,0.25,4803.625,0.9486832970219425,0.2724137931034483,0.875,3.0,0.8,1.0,1.0,0.3096935239427462,0.30628607229957766,1.0
Gulfstream,2026-09-28,1,Race 1 - Maiden Claiming,1106.0,"3YO+, Maiden, Claiming","{'eventId': '3438932', 'overall': None, 'rating': None, 'surface': 'Dirt', '__typename': 'TrackCondition'}",Dirt,,38429.0,8.0,False,3.0,3.0,56.25,,,55.0,Flying Ash,4.0,Gelding,gr/ro,Valiant Minister,Oscura,10595.0,Renzo Rojas,Mark Passley,True,0.18,3.0,S,o,51.0,17,68.34117647058825,1.5,580.0,129.00509364692238,6,1.01,41.0,1.01,8.0,0.0,5.0,5.6,3.0,9.0,0.0,0.4,0.0,9.05,21.4,69.8,59.2,69.0,5.0,4.0,5.0,0.0,1.0,1.0,0.0,22.0,-100.0,55.0,10595.0,1177.0,0.0,29.0,7.0,13.0,,,,,,9,0.0,0.2222222222222222,5,0.0,0.4,2,0.0,0.5,4,0.0,0.5,9,0.0,0.2222222222222222,4,0.0,0.5,2,0.0,0.0,0,0.0,,3,0.0,0.3333333333333333,2,0.0,0.0,2,0.0,0.5,4,0.0,0.25,2,0.0,0.5,1,0.0,0.0,0,,,1,0.0,0.0,6,0.0,0.3333333333333333,0.0,,0.8090909090909091,9,0.0,0.2222222222222222,0,,,8,0.0,0.25,0.0196078431372549,3.9318256327243257,39.5940594059406,8.464882079531758,0.014632466861766221,0.375,0.375,4803.625,0.9486832970219425,0.003529411764705882,0.625,10.0,0.1,0.6875,0.7,0.3096935239427462,0.047380923562840224,8.0
Gulfstream,2026-09-28,1,Race 1 - Maiden Claiming,1106.0,"3YO+, Maiden, Claiming","{'eventId': '3438932', 'overall': None, 'rating': None, 'surface': 'Dirt', '__typename': 'TrackCondition'}",Dirt,,38429.0,8.0,False,5.0,5.0,56.25,,,64.0,Eminent Power,4.0,Gelding,b,Mastery,Shine Time,17961.0,Miguel Angel Vasquez,Amzadali Jehaludi,False,0.17,6.0,S,,10.0,17,6.905882352941177,2.8,10.0,2.2288141368780408,9,1.01,6.0,1.01,4.0,0.0,5.0,4.2,3.0,6.0,0.0,0.4,0.0,6.2700000000000005,16.116,31.0,60.4,67.0,5.0,5.0,5.0,0.0,0.0,0.333333333333333,0.0,25.0,-100.0,64.0,15271.0,1909.0,0.0,29.0,5.0,4.33,,,,,,8,0.0,0.25,6,0.0,0.3333333333333333,1,0.0,0.0,5,0.0,0.4,8,0.0,0.25,5,0.0,0.4,0,0.0,,0,0.0,,2,0.0,0.0,2,0.0,0.5,1,0.0,0.0,5,0.0,0.4,0,,,1,0.0,0.0,0,,,1,0.0,0.0,5,0.0,0.4,0.0,,0.8090909090909091,8,0.0,0.25,0,,,8,0.0,0.25,0.1,2.302585092994046,4.9405940594059405,1.0425894378194207,0.14480408858603067,0.625,0.625,4803.625,0.9486832970219425,0.017,0.5,6.0,0.5,0.6875,0.8,0.3096935239427462,0.10232270488630152,4.0
Gulfstream,2026-09-28,1,Race 1 - Maiden Claiming,1106.0,"3YO+, Maiden, Claiming","{'eventId': '3438932', 'overall': None, 'rating': None, 'surface': 'Dirt', '__typename': 'TrackCondition'}",Dirt,,38429.0,8.0,False,6.0,6.0,56.25,,,60.0,Numinous,5.0,Gelding,Bay,Catholic Boy,Breech Inlet,19834.0,"Samuel Camacho, Jr.",Joseph C. Catanese Iii,False,0.01,1.0,S,o,23.0,17,19.141176470588235,6.6,30.0,6.20844385385784,12,1.01,19.0,1.01,7.0,0.0,5.0,5.4,4.0,7.0,0.0,0.0,0.0,12.25,16.9,19.8,66.4,66.0,5.0,0.0,5.0,0.0,0.0,0.666666666666667,0.0,12.0,-100.0,60.0,19834.0,1167.0,10.0,21.0,6.0,34.0,,,,,,17,0.0,0.1176470588235294,13,0.0,0.1538461538461538,3,0.0,0.0,0,0.0,,17,0.0,0.1176470588235294,0,0.0,,9,0.0,0.2222222222222222,0,0.0,,2,0.0,0.0,1,0.0,0.0,1,0.0,0.0,8,0.0,0.0,1,0.0,1.0,1,0.0,0.0,0,,,1,0.0,0.0,9,0.0,0.1111111111111111,0.0,,0.8090909090909091,17,0.0,0.1176470588235294,0,,,15,0.0,0.1333333333333333,0.043478260869565216,3.1354942159291497,17.81188118811881,1.222495390288875,0.05224339274738783,0.75,0.75,4803.625,0.9486832970219425,0.0004347826086956522,0.125,9.0,0.2,0.3125,0.6,0.3096935239427462,0.05573665330330331,7.0
Gulfstream,2026-09-28,1,Race 1 - Maiden Claiming,1106.0,"3YO+, Maiden, Claiming","{'eventId': '3438932', 'overall': None, 'rating': None, 'surface': 'Dirt', '__typename': 'TrackCondition'}",Dirt,,38429.0,8.0,False,7.0,7.0,54.5,,,67.0,Case Law,3.0,Gelding,gr/ro,Tiz The Law,Blue Heart,1799.0,Heriberto Figueroa,Tareq Moubarak,False,0.15,3.0,S,o,12.0,17,13.052941176470588,10.0,39.7,6.881271911077693,7,1.01,10.0,1.01,5.0,0.0,4.0,6.25,5.0,8.0,0.0,0.0,0.0,12.1125,16.375,19.75,74.75,75.0,4.0,1.0,4.0,0.0,1.0,0.5,0.0,0.0,-100.0,67.0,1799.0,450.0,20.0,35.0,7.0,34.0,,,,,,4,0.0,0.0,4,0.0,0.0,1,0.0,0.0,1,0.0,0.0,4,0.0,0.0,1,0.0,0.0,3,0.0,0.0,0,0.0,,1,0.0,0.0,1,0.0,0.0,1,0.0,0.0,1,0.0,0.0,0,,,0,,,0,,,0,0.0,,1,0.0,0.0,0.0,,0.8090909090909091,4,0.0,0.0,0,,,4,0.0,0.0,0.08333333333333333,2.4849066497880004,8.900990099009901,2.275349256421812,0.07661108607480847,0.875,0.875,4803.625,-0.9486832970219425,0.012499999999999999,0.375,7.0,0.4,0.3125,0.2,0.3096935239427462,0.08701201604137918,5.0
Gulfstream,2026-09-28,1,Race 1 - Maiden Claiming,1106.0,"3YO+, Maiden, Claiming","{'eventId': '3438932', 'overall': None, 'rating': None, 'surface': 'Dirt', '__typename': 'TrackCondition'}",Dirt,,38429.0,8.0,False,8.0,8.0,56.25,,,65.0,Activity,4.0,Gelding,b,Into Mischief,Sea Gull,25640.0,Jonathan Ocasio,Juan D. Arias,False,0.06,9.0,S,,5.0,14,4.557142857142858,3.8,6.4,0.7934682329713609,8,1.01,3.8,1.01,3.0,0.0,5.0,7.0,4.0,10.0,0.0,0.0,0.0,11.45,21.4,88.6,64.4,59.0,1.0,0.0,5.0,0.0,1.0,1.666666666666667,0.0,11.0,-100.0,65.0,21797.0,2422.0,0.0,16.0,4.0,17.0,,,,,,9,0.0,0.1111111111111111,4,0.0,0.0,1,0.0,0.0,0,0.0,,2,0.0,0.0,0,0.0,,1,0.0,0.0,0,0.0,,2,0.0,0.0,2,0.0,0.0,2,0.0,0.5,5,0.0,0.2,0,,,1,0.0,0.0,0,,,1,0.0,0.0,5,0.0,0.2,0.0,,0.8090909090909091,9,0.0,0.1111111111111111,0,,,9,0.0,0.1111111111111111,0.2,1.6094379124341003,2.762376237623762,0.5705329153605015,0.21943573667711597,1.0,1.0,4803.625,0.9486832970219425,0.012,0.25,5.0,0.6,0.3125,0.45,0.3096935239427462,0.14768340401269062,3.0
Gulfstream,2026-09-28,1,Race 1 - Maiden Claiming,1106.0,"3YO+, Maiden, Claiming","{'eventId': '3438932', 'overall': None, 'rating': None, 'surface': 'Dirt', '__typename': 'TrackCondition'}",Dirt,,38429.0,8.0,False,9.0,9.0,54.5,,,47.0,Shadidelbas,3.0,Gelding,dk b/br,Midnight Lute,Senada,961.0,Leonel Reyes,Armando De La Cerda,True,0.22,3.0,S,o,17.0,14,15.785714285714286,13.0,30.0,4.262436785095912,5,1.01,13.0,1.01,6.0,0.0,2.0,7.5,6.0,9.0,0.0,0.0,0.0,27.375,32.0,20.0,64.5,52.0,2.0,0.0,2.0,0.0,1.0,0.1666666666666667,0.0,0.0,-100.0,47.0,961.0,481.0,20.0,255.0,6.0,13.0,,,,,,2,0.0,0.0,2,0.0,0.0,0,0.0,,0,0.0,,2,0.0,0.0,0,0.0,,1,0.0,0.0,0,0.0,,1,0.0,0.0,1,0.0,0.0,0,,,1,0.0,0.0,0,,,0,,,0,,,0,0.0,,1,0.0,0.0,0.0,,0.8090909090909091,2,0.0,0.0,0,,,2,0.0,0.0,0.058823529411764705,2.833213344056216,11.871287128712872,1.0769230769230769,0.06334841628959276,1.125,1.125,4803.625,-0.9486832970219425,0.012941176470588235,0.75,8.0,0.3,0.3125,0.2,0.3096935239427462,0.07356766138496229,6.0
Churchill Downs,2026-09-28,1,Race 1 - Maiden Special Weight,1207.0,"2YO, Fillies, Maiden, Spec. Weight","{'eventId': '3437974', 'overall': None, 'rating': None, 'surface': 'Dirt', '__typename': 'TrackCondition'}",Dirt,,130944.0,9.0,False,1.0,1.0,54.0,,,86.0,Pardi Vida,2.0,Filly,dk b/br,Yaupon,Moon Over Mag Bay,9167.0,Axel Concepcion,Joe Sharp,False,0.64,6.0,,,12.0,9,11.237777777777778,1.14,20.0,4.480956687974809,19,9.0,11.0,8.5,4.0,0.0,,4.6,2.0,,0.0,0.4,0.2,,12.2,25.8,,79.0,1.0,1.0,,0.0,,0.1666666666666667,0.0,0.0,0.0,86.0,0.0,0.0,16.0,21.0,5.0,10.0,,,,,,0,0.08,0.375,0,0.0,,0,0.0,,0,0.0,,0,0.0,,0,0.0,,0,0.0,,0,0.0,,0,0.0,,0,,,0,,,0,,,0,,,0,,,0,,,0,0.0,,0,0.0,,0.0,,0.8090909090909091,0,,,0,,,0,,,0.08333333333333333,2.4849066497880004,0.2222222222222222,1.678267747676488,0.08898556456397073,0.1111111111111111,0.1111111111111111,14549.333333333334,0.0,0.05333333333333333,0.6666666666666666,6.0,0.4444444444444444,0.5416666666666666,0.5,0.133572108457692,0.04737196430536675,6.0
Churchill Downs,2026-09-28,1,Race 1 - Maiden Special Weight,1207.0,"2YO, Fillies, Maiden, Spec. Weight","{'eventId': '3437974', 'overall': None, 'rating': None, 'surface': 'Dirt', '__typename': 'TrackCondition'}",Dirt,,130944.0,9.0,False,2.0,2.0,54.0,,,81.0,Your Choice,2.0,Filly,gr/ro,Volatile,Exceblades,13095.0,Agustin Gomez,Tirso Rivera,False,0.01,6.0,,,23.0,9,21.904444444444444,1.14,48.0,11.160731866793911,15,34.0,20.0,17.0,3.0,0.0,,4.6,2.0,,0.0,0.4,0.2,,12.2,25.8,,79.0,1.0,1.0,,0.0,,0.1666666666666667,0.0,0.0,0.0,81.0,0.0,0.0,17.0,21.0,5.0,10.0,,,,,,0,0.08,0.375,0,0.0,,0,0.0,,0,0.0,,0,0.0,,0,0.0,,0,0.0,,0,0.0,,0,0.0,,0,,,0,,,0,,,0,,,0,,,0,,,0,0.0,,0,0.0,,0.0,,0.8090909090909091,0,,,0,,,0,,,0.043478260869565216,3.1354942159291497,-0.4117647058823529,2.1392918737952726,0.045652835548341285,0.2222222222222222,0.2222222222222222,14549.333333333334,0.0,0.0004347826086956522,0.1111111111111111,9.0,0.1111111111111111,0.5416666666666666,0.5,0.133572108457692,0.034942363147165395,9.0
Churchill Downs,2026-09-28,1,Race 1 - Maiden Special Weight,1207.0,"2YO, Fillies, Maiden, Spec. Weight","{'eventId': '3437974', 'overall': None, 'rating': None, 'surface': 'Dirt', '__typename': 'TrackCondition'}",Dirt,,130944.0,9.0,False,3.0,3.0,54.0,,,94.0,Cowgirl Tuff,2.0,Filly,b,Nashville,Lethal Hunter,0.0,Jose L. Ortiz,Joe Sharp,False,0.89,1.0,,,5.0,9,4.359999999999999,1.14,5.6,1.1871160197910078,22,5.5,4.5,3.7,7.0,0.0,,4.6,2.0,,0.0,0.4,0.2,,12.2,25.8,,79.0,1.0,1.0,,0.0,,0.1666666666666667,0.0,0.0,0.0,94.0,0.0,0.0,20.0,21.0,5.0,10.0,,,,,,0,0.08,0.375,0,0.0,,0,0.0,,0,0.0,,0,0.0,,0,0.0,,0,0.0,,0,0.0,,0,0.0,,0,,,0,,,0,,,0,,,0,,,0,,,0,0.0,,0,0.0,,0.0,,0.8090909090909091,0,,,0,,,0,,,0.2,1.6094379124341003,-0.18181818181818182,1.022935779816514,0.22935779816513766,0.3333333333333333,0.3333333333333333,14549.333333333334,0.0,0.17800000000000002,0.7777777777777778,3.0,0.7777777777777778,0.5416666666666666,0.5,0.133572108457692,0.15998601653687233,3.0
Churchill Downs,2026-09-28,1,Race 1 - Maiden Special Weight,1207.0,"2YO, Fillies, Maiden, Spec. Weight","{'eventId': '3437974', 'overall': None, 'rating': None, 'surface': 'Dirt', '__typename': 'TrackCondition'}",Dirt,,130944.0,9.0,False,4.0,4.0,54.0,,,100.0,Flaming Verdict,2.0,Filly,gr/ro,Speaker's Corner,Ms. Dragonette,26191.0,Tyler Gaffalione,Michael J. Maker,False,1.0,6.0,,,4.5,9,4.16,1.54,4.9,0.9422903539308418,21,4.2,4.2,3.75,2.0,0.0,,4.6,2.0,,0.0,0.4,0.2,,12.2,25.8,,79.0,1.0,1.0,,0.0,,0.1666666666666667,0.0,0.0,0.0,100.0,0.0,0.0,19.0,21.0,5.0,10.0,,,,,,0,0.08,0.375,0,0.0,,0,0.0,,0,0.0,,0,0.0,,0,0.0,,0,0.0,,0,0.0,,0,0.0,,0,,,0,,,0,,,0,,,0,,,0,,,0,0.0,,0,0.0,,0.0,,0.8090909090909091,0,,,0,,,0,,,0.2222222222222222,1.5040773967762742,0.0,0.8076923076923077,0.24038461538461536,0.4444444444444444,0.4444444444444444,14549.333333333334,0.0,0.2222222222222222,1.0,2.0,0.8888888888888888,0.5416666666666666,0.5,0.133572108457692,0.2171117985201564,2.0
Churchill Downs,2026-09-28,1,Race 1 - Maiden Special Weight,1207.0,"2YO, Fillies, Maiden, Spec. Weight","{'eventId': '3437974', 'overall': None, 'rating': None, 'surface': 'Dirt', '__typename': 'TrackCondition'}",Dirt,,130944.0,9.0,False,5.0,5.0,54.0,,,85.0,Hoecakes,2.0,Filly,dk b/br,Essential Quality,Smuggler'S Moon,1802.0,Dylan Machado,Ben Colebrook,False,0.43,3.0,S,o,13.0,9,12.182222222222222,1.14,19.5,4.458334960193541,15,20.0,12.0,10.0,8.0,0.0,1.0,10.0,10.0,10.0,0.0,0.0,0.0,92.35,11.0,0.0,82.0,82.0,0.0,0.0,1.0,0.0,1.0,0.1666666666666667,0.0,0.0,-100.0,85.0,1802.0,1802.0,23.0,18.0,10.0,11.0,,,,,,1,0.0,0.0,1,0.0,0.0,1,0.0,0.0,0,0.0,,0,0.0,,0,0.0,,1,0.0,0.0,0,0.0,,1,0.0,0.0,0,,,0,,,1,0.0,0.0,0,,,0,,,0,,,0,0.0,,1,0.0,0.0,0.0,,0.8090909090909091,1,0.0,0.0,0,,,1,0.0,0.0,0.07692307692307693,2.5649493574615367,-0.4,1.507114191900766,0.08208682962422474,0.5555555555555556,0.5555555555555556,14549.333333333334,0.0,0.03307692307692308,0.3888888888888889,7.5,0.2777777777777778,0.5,0.5,0.133572108457692,0.04188696655056744,7.0
Churchill Downs,2026-09-28,1,Race 1 - Maiden Special Weight,1207.0,"2YO, Fillies, Maiden, Spec. Weight","{'eventId': '3437974', 'overall': None, 'rating': None, 'surface': 'Dirt', '__typename': 'TrackCondition'}",Dirt,,130944.0,9.0,False,6.0,6.0,54.0,,,95.0,Treat Me Nice,2.0,Filly,b,Honor Code,Truth,0.0,Keith J. Asmussen,Steven M. Asmussen,False,0.62,6.0,,,9.0,9,8.074444444444445,1.17,13.0,2.854801456848566,22,8.0,8.0,7.5,6.0,0.0,,4.6,2.0,,0.0,0.4,0.2,,12.2,25.8,,79.0,1.0,1.0,,0.0,,0.1666666666666667,0.0,0.0,0.0,95.0,0.0,0.0,9.0,21.0,5.0,10.0,,,,,,0,0.08,0.375,0,0.0,,0,0.0,,0,0.0,,0,0.0,,0,0.0,,0,0.0,,0,0.0,,0,0.0,,0,,,0,,,0,,,0,,,0,,,0,,,0,0.0,,0,0.0,,0.0,,0.8090909090909091,0,,,0,,,0,,,0.1111111111111111,2.1972245773362196,0.0,1.4651162790697674,0.12384752992981972,0.6666666666666666,0.6666666666666666,14549.333333333334,0.0,0.06888888888888889,0.5555555555555556,5.0,0.5555555555555556,0.5416666666666666,0.5,0.133572108457692,0.07194716507269304,5.0
Churchill Downs,2026-09-28,1,Race 1 - Maiden Special Weight,1207.0,"2YO, Fillies, Maiden, Spec. Weight","{'eventId': '3437974', 'overall': None, 'rating': None, 'surface': 'Dirt', '__typename': 'TrackCondition'}",Dirt,,130944.0,9.0,False,7.0,7.0,54.0,,,100.0,She's Toasty,2.0,Filly,b,Army Mule,Upsetter,82500.0,Luis Saez,Eddie Kenneally,False,0.98,2.0,,,3.8,9,4.316666666666666,3.5,8.0,1.3780017739062924,20,3.5,3.5,2.75,1.0,1.0,,4.6,2.0,,0.0,0.4,0.2,,12.2,25.8,,79.0,1.0,1.0,,0.0,,0.1666666666666667,0.0,0.0,0.0,100.0,0.0,0.0,21.0,21.0,5.0,10.0,,,,,,0,0.08,0.375,0,0.0,,0,0.0,,0,0.0,,0,0.0,,0,0.0,,0,0.0,,0,0.0,,0,0.0,,0,,,0,,,0,,,0,,,0,,,0,,,0,0.0,,0,0.0,,0.0,,0.8090909090909091,0,,,0,,,0,,,0.2631578947368421,1.33500106673234,0.0,1.0424710424710426,0.23166023166023167,0.7777777777777778,0.7777777777777778,14549.333333333334,0.0,0.25789473684210523,0.8888888888888888,1.0,1.0,0.5416666666666666,0.5,0.133572108457692,0.26727741904203445,1.0
Churchill Downs,2026-09-28,1,Race 1 - Maiden Special Weight,1207.0,"2YO, Fillies, Maiden, Spec. Weight","{'eventId': '3437974', 'overall': None, 'rating': None, 'surface': 'Dirt', '__typename': 'TrackCondition'}",Dirt,,130944.0,9.0,False,8.0,8.0,54.0,,,67.0,All Over It,2.0,Filly,ch,Drain The Clock,Giant'S Accent,11501.0,Jaime A. Torres,Carlos Munoz,False,0.43,6.0,S,,8.0,9,6.848888888888889,1.14,8.0,2.038084309914825,19,7.0,7.0,6.5,9.0,0.0,2.0,4.0,3.0,5.0,0.0,0.5,0.0,3.25,20.25,10.0,72.0,66.0,0.0,1.0,2.0,0.0,1.0,0.1666666666666667,0.0,50.0,-100.0,67.0,11501.0,5751.0,0.0,25.0,3.0,34.0,,,,,,2,0.0,0.5,2,0.0,0.5,2,0.0,0.5,1,0.0,0.0,0,0.0,,0,0.0,,1,0.0,1.0,0,0.0,,1,0.0,0.0,1,0.0,1.0,0,,,0,,,0,,,0,,,0,,,0,0.0,,0,0.0,,0.0,,0.8090909090909091,2,0.0,0.5,0,,,2,0.0,0.5,0.125,2.0794415416798357,0.0,1.001622323166775,0.14600908500973392,0.8888888888888888,0.8888888888888888,14549.333333333334,0.0,0.05375,0.3888888888888889,4.0,0.6666666666666666,1.0,1.0,0.133572108457692,0.1176078291209681,4.0
Churchill Downs,2026-09-28,1,Race 1 - Maiden Special Weight,1207.0,"2YO, Fillies, Maiden, Spec. Weight","{'eventId': '3437974', 'overall': None, 'rating': None, 'surface': 'Dirt', '__typename': 'TrackCondition'}",Dirt,,130944.0,9.0,False,9.0,9.0,54.0,,,52.0,Racheli,2.0,Filly,dk b/br,Cairo Prince,Campbell'S Class,1662.0,James Graham,J. Keith Desormeaux,False,0.35,6.0,S,bo,13.0,9,11.904444444444444,1.14,22.0,4.942529966437816,26,6.5,11.0,6.0,5.0,0.0,1.0,10.0,10.0,10.0,0.0,0.0,0.0,19.95,5.5,0.0,90.0,90.0,1.0,1.0,1.0,1.0,1.0,0.1666666666666667,0.0,0.0,-100.0,52.0,1662.0,1662.0,12.0,9.0,10.0,5.5,,,,,,1,0.0,0.0,1,0.0,0.0,1,0.0,0.0,1,0.0,0.0,1,0.0,0.0,1,0.0,0.0,0,0.0,,0,0.0,,1,0.0,0.0,0,,,0,,,0,,,0,,,0,,,0,,,0,0.0,,0,0.0,,1.0,0.0,0.0,1,0.0,0.0,0,,,1,0.0,0.0,0.07692307692307693,2.5649493574615367,0.6923076923076923,1.7522867276460705,0.08400224005973493,1.0,1.0,14549.333333333334,0.0,0.026923076923076925,0.2222222222222222,7.5,0.2777777777777778,0.5,0.5,0.133572108457692,0.04186847770417614,8.0
Istanbul,2026-09-27,1,Race 1,2000.0,,"{'eventId': '3438735', 'overall': 'Good', 'rating': None, 'surface': 'All Weather', '__typename': 'TrackCondition'}",All Weather,,37196.0,8.0,False,1.0,2.0,60.0,,-3.0,81.0,O Bir Çelik,6.0,Stallion,ch,Kaızbert,Jonathan,567532.0,K. Gokce,B. Çapkın,False,1.0,30.0,S,tcdn,2.5,15,2.33,1.9,2.5,0.1435270009440732,23,2.6,1.9,1.8,3.0,0.0,5.0,3.2,1.0,6.0,0.2,0.6,0.4,4.35,12.2,14.2,,79.0,5.0,0.0,5.0,0.0,0.0,-3.0,38.0,71.0,-100.0,79.0,563281.0,8941.0,0.0,0.0,4.0,10.0,,,,,,63,0.3809523809523809,0.7142857142857143,19,0.1052631578947368,0.3684210526315789,5,0.2,0.6,5,0.2,0.4,31,0.4193548387096774,0.6774193548387096,3,0.3333333333333333,0.3333333333333333,3,0.0,0.3333333333333333,0,0.0,,5,0.2,0.6,5,0.6,0.8,5,0.4,0.6,0,,,12,0.0833333333333333,0.4166666666666667,1,0.0,0.0,0,,,1,0.0,0.0,12,0.0833333333333333,0.4166666666666667,0.0,,0.8090909090909091,63,0.3809523809523809,0.7142857142857143,0,,,0,,,0.4,0.9162907318741551,-0.2692307692307693,0.25751072961373395,0.4291845493562232,0.25,0.125,4649.5,1.4686669698283992,0.4,1.0,1.0,1.0,1.0,1.0,0.1797711262578674,0.3053931409594111,1.0
Istanbul,2026-09-27,1,Race 1,2000.0,,"{'eventId': '3438735', 'overall': 'Good', 'rating': None, 'surface': 'All Weather', '__typename': 'TrackCondition'}",All Weather,,37196.0,8.0,False,2.0,1.0,59.0,,-3.0,81.0,Saadın Kasırgası,6.0,Stallion,b,Saadın Gücü,Baykanece,246266.0,O. F. Ozen,O. Bozyel,False,0.78,3.0,S,tcdn,4.6,15,4.713333333333335,3.9,6.6,0.954195414414096,14,6.25,3.9,3.7,2.0,0.0,5.0,5.4,1.0,9.0,0.2,0.2,0.2,3.56,12.2,10.0,,79.0,4.0,2.0,5.0,0.0,0.0,4.833333333333333,10.0,38.0,-100.0,79.0,237764.0,2378.0,50.0,0.0,4.0,10.0,,,,,,100,0.1,0.38,34,0.0294117647058823,0.3235294117647059,5,0.2,0.2,16,0.0625,0.375,22,0.0454545454545454,0.2272727272727272,5,0.2,0.6,25,0.0,0.12,0,0.0,,2,0.0,0.0,2,0.5,0.5,2,0.0,0.5,0,,,21,0.0476190476190476,0.238095238095238,1,0.0,0.0,0,,,1,0.0,0.0,21,0.0476190476190476,0.238095238095238,2.0,0.5,0.5,100,0.1,0.38,0,,,0,,,0.2173913043478261,1.5260563034950492,-0.376,0.5728429985855726,0.2121640735502121,0.125,0.25,4649.5,0.8939711990259824,0.16956521739130437,0.625,4.0,0.6666666666666666,0.4375,0.2222222222222222,0.1797711262578674,0.1320692004065994,4.0
Istanbul,2026-09-27,1,Race 1,2000.0,,"{'eventId': '3438735', 'overall': 'Good', 'rating': None, 'surface': 'All Weather', '__typename': 'TrackCondition'}",All Weather,,37196.0,8.0,False,3.0,4.0,56.0,,-4.0,81.0,Ufkun Ötesi,5.0,Stallion,ch,Ufukbir,Nurten,144462.0,U. Levent,Ram. Kaya,False,0.01,3.0,S,tn,3.8,15,3.88,2.7,5.6,0.8885943956609224,11,5.5,2.7,2.7,1.0,1.0,5.0,4.2,1.0,7.0,0.4,0.4,0.4,3.61,12.2,8.2,,79.0,4.0,1.0,5.0,0.0,0.0,-3.8333333333333335,14.0,34.0,-100.0,79.0,123207.0,1688.0,50.0,0.0,7.0,10.0,,,,,,73,0.136986301369863,0.3424657534246575,19,0.1578947368421052,0.2105263157894736,4,0.25,0.25,9,0.0,0.3333333333333333,18,0.2777777777777778,0.5,4,0.0,0.5,15,0.2,0.3333333333333333,0,0.0,,3,0.0,0.3333333333333333,3,0.3333333333333333,0.3333333333333333,3,0.0,0.3333333333333333,0,,,17,0.2352941176470588,0.2941176470588235,1,0.0,0.0,0,,,1,0.0,0.0,17,0.2352941176470588,0.2941176470588235,2.0,1.0,1.0,73,0.136986301369863,0.3424657534246575,0,,,0,,,0.2631578947368421,1.33500106673234,-0.509090909090909,0.747422680412371,0.2577319587628866,0.5,0.375,4649.5,-0.8301161133812677,0.002631578947368421,0.125,3.0,0.7777777777777778,0.875,0.1111111111111111,0.1797711262578674,0.2521487074399708,2.0
Istanbul,2026-09-27,1,Race 1,2000.0,,"{'eventId': '3438735', 'overall': 'Good', 'rating': None, 'surface': 'All Weather', '__typename': 'TrackCondition'}",All Weather,,37196.0,8.0,False,4.0,8.0,59.0,,,81.0,Liderkatı,4.0,Stallion,ch,Gümbürgümbür,Nisan Rüzgarı,127587.0,T. Yıldız,C. Katı,False,0.74,9.0,S,dsn,5.5,15,4.779999999999999,3.9,5.5,0.490170038524048,10,7.5,4.8,4.6,4.0,0.0,5.0,6.4,3.0,12.0,0.0,0.2,0.0,8.16,12.2,26.2,,79.0,0.0,1.0,5.0,0.0,1.0,-1.833333333333333,25.0,50.0,-100.0,79.0,125462.0,5228.0,0.0,0.0,3.0,10.0,,,,,,24,0.25,0.5,18,0.2222222222222222,0.5,2,0.0,0.5,3,0.3333333333333333,0.3333333333333333,1,0.0,0.0,0,0.0,,3,0.0,0.3333333333333333,0,0.0,,3,0.3333333333333333,0.3333333333333333,3,0.3333333333333333,1.0,2,0.0,0.5,0,,,12,0.0833333333333333,0.25,1,1.0,1.0,0,,,1,1.0,1.0,12,0.0833333333333333,0.25,1.0,1.0,1.0,24,0.25,0.5,0,,,0,,,0.18181818181818182,1.7047480922384253,-0.36000000000000004,0.3347280334728034,0.2092050209205021,1.0,0.5,4649.5,0.8939711990259824,0.13454545454545455,0.5,5.0,0.5555555555555556,0.4375,0.6666666666666666,0.1797711262578674,0.15956945583341992,3.0
Istanbul,2026-09-27,1,Race 1,2000.0,,"{'eventId': '3438735', 'overall': 'Good', 'rating': None, 'surface': 'All Weather', '__typename': 'TrackCondition'}",All Weather,,37196.0,8.0,False,5.0,3.0,58.0,,,81.0,Damla Suyu,5.0,Stallion,gr,Kurtçabey,İlkoru,91095.0,A. Yıldız,Guv. Gokce,False,0.63,6.0,S,n,19.0,15,15.38,11.9,19.0,2.3332952377842515,14,19.0,13.0,12.0,7.0,0.0,5.0,8.0,2.0,13.0,0.0,0.2,0.2,6.4,12.2,16.2,,79.0,3.0,2.0,5.0,0.0,0.0,3.333333333333334,7.0,40.0,-100.0,79.0,91095.0,1518.0,50.0,0.0,2.0,10.0,,,,,,60,0.0666666666666666,0.4,29,0.0344827586206896,0.2758620689655172,2,0.0,0.5,9,0.0,0.4444444444444444,14,0.0,0.2857142857142857,4,0.0,0.75,1,0.0,0.0,0,0.0,,1,0.0,0.0,1,0.0,0.0,1,0.0,0.0,0,,,17,0.1176470588235294,0.1764705882352941,5,0.0,0.4,0,,,5,0.0,0.4,17,0.1176470588235294,0.1764705882352941,1.0,0.0,0.0,60,0.0666666666666666,0.4,0,,,0,,,0.05263157894736842,2.9444389791664403,-0.3157894736842105,0.46163849154746417,0.06501950585175552,0.375,0.625,4649.5,0.31927542822356575,0.0331578947368421,0.375,8.0,0.2222222222222222,0.4375,0.3333333333333333,0.1797711262578674,0.038384192328667896,7.0
Istanbul,2026-09-27,1,Race 1,2000.0,,"{'eventId': '3438735', 'overall': 'Good', 'rating': None, 'surface': 'All Weather', '__typename': 'TrackCondition'}",All Weather,,37196.0,8.0,False,7.0,5.0,58.0,,,81.0,Surertay,5.0,Stallion,ch,Besleney,Ecebalın,160980.0,Mus. Celik,Mur. Altın,False,0.84,12.0,S,don,15.0,15,13.14,10.0,15.0,1.399428454762872,13,16.0,10.0,9.0,5.0,0.0,5.0,7.8,2.0,11.0,0.0,0.2,0.2,4.66,12.2,32.0,,79.0,1.0,1.0,5.0,0.0,1.0,-2.833333333333333,22.0,49.0,-100.0,79.0,159917.0,4322.0,0.0,0.0,11.0,10.0,,,,,,37,0.2162162162162162,0.4864864864864865,17,0.1764705882352941,0.4705882352941176,4,0.0,0.25,8,0.125,0.625,5,0.0,0.2,2,0.0,0.5,15,0.1333333333333333,0.4,0,0.0,,4,0.0,0.25,4,0.0,0.0,4,0.25,1.0,1,0.0,0.0,14,0.2142857142857142,0.5,1,0.0,1.0,0,,,1,0.0,1.0,15,0.2,0.4666666666666667,2.0,0.0,0.5,37,0.2162162162162162,0.4864864864864865,0,,,0,,,0.06666666666666667,2.70805020110221,-0.375,0.380517503805175,0.076103500761035,0.625,0.875,4649.5,0.31927542822356575,0.055999999999999994,0.75,7.0,0.3333333333333333,0.4375,0.5555555555555556,0.1797711262578674,0.04484739972245979,6.0
Istanbul,2026-09-27,1,Race 1,2000.0,,"{'eventId': '3438735', 'overall': 'Good', 'rating': None, 'surface': 'All Weather', '__typename': 'TrackCondition'}",All Weather,,37196.0,8.0,False,8.0,7.0,56.0,,,81.0,Ağa Turbo,7.0,Stallion,ch,Turbo,Hürgönül,197789.0,E. Aktug,Hal. Yıldız,False,0.97,20.0,S,tcdon,12.0,15,10.553333333333333,9.0,12.0,0.7931932649459118,14,15.0,9.0,8.5,6.0,0.0,5.0,5.6,1.0,10.0,0.2,0.2,0.2,3.5,12.2,14.6,,79.0,5.0,1.0,5.0,0.0,0.0,-2.333333333333333,20.0,53.0,-100.0,79.0,197789.0,3596.0,0.0,0.0,10.0,10.0,,,,,,55,0.2,0.5272727272727272,3,0.0,0.0,0,0.0,,11,0.2727272727272727,0.7272727272727273,49,0.2244897959183673,0.5714285714285714,11,0.2727272727272727,0.7272727272727273,24,0.0833333333333333,0.4583333333333333,0,0.0,,4,0.25,0.25,4,0.0,0.25,4,0.0,0.5,0,,,6,0.1666666666666666,0.3333333333333333,0,,,0,,,0,0.0,,6,0.1666666666666666,0.3333333333333333,0.0,,0.8090909090909091,55,0.2,0.5272727272727272,0,,,0,,,0.08333333333333333,2.4849066497880004,-0.4,0.28427037271004424,0.09475679090334808,0.875,1.0,4649.5,-0.8301161133812677,0.08083333333333333,0.875,6.0,0.4444444444444444,0.4375,0.7777777777777778,0.1797711262578674,0.06758790330947098,5.0
Churchill Downs,2026-09-28,10,Race 10 - Allowance Optional Claiming,2213.0,"3YO+, Allowance","{'eventId': '3437983', 'overall': None, 'rating': None, 'surface': 'Turf', '__typename': 'TrackCondition'}",Turf,,190722.0,8.0,False,1.0,1.0,55.25,,,106.0,Demolition Duke,6.0,Stallion,b,Good Magic,Media Madness,439056.0,Francisco Arrieta,Michael J. Maker,False,1.0,12.0,S,tn,5.0,9,4.466666666666666,2.5,5.0,0.7673909622147559,19,4.2,4.6,4.2,6.0,0.0,5.0,4.0,2.0,7.0,0.0,0.4,0.4,3.3125,6.9075,23.8,103.8,105.0,1.0,0.0,0.0,1.0,0.0,-0.8333333333333335,8.0,52.0,-63.0,106.0,439056.0,17562.0,50.0,24.0,7.0,10.0,,,,,,25,0.08,0.52,11,0.0,0.2727272727272727,3,0.0,0.6666666666666666,0,0.0,,5,0.2,0.4,0,0.0,,16,0.0625,0.625,0,0.0,,4,0.25,0.5,3,0.0,1.0,3,0.0,0.0,7,0.1428571428571428,0.4285714285714285,6,0.1666666666666666,0.8333333333333334,0,,,0,,,0,0.0,,13,0.1538461538461538,0.6153846153846154,7.0,0.0,0.7142857142857143,25,0.08,0.52,0,,,0,,,0.2,1.6094379124341003,0.09523809523809511,0.5597014925373135,0.2238805970149254,0.125,0.125,23840.25,-0.4494665738643796,0.2,1.0,4.0,0.7272727272727273,0.5625,0.7272727272727273,0.13955423568984793,0.13009724309258572,3.0
Churchill Downs,2026-09-28,10,Race 10 - Allowance Optional Claiming,2213.0,"3YO+, Allowance","{'eventId': '3437983', 'overall': None, 'rating': None, 'surface': 'Turf', '__typename': 'TrackCondition'}",Turf,,190722.0,8.0,False,2.0,2.0,55.25,,,103.0,The Hidden Chamber,4.0,Colt,b,American Pharoah,Mystery Strike,310418.0,Luis Saez,Kelsey Danner,False,0.62,1.0,S,n,4.5,9,4.9366666666666665,2.0,12.0,2.603903053324204,28,4.2,4.2,3.75,3.0,0.0,5.0,6.0,2.0,11.0,0.0,0.2,0.2,25.508,19.1,31.8,103.2,102.0,2.0,4.0,0.0,0.0,0.0,3.333333333333333,10.0,25.0,-48.0,103.0,291344.0,14567.0,14.0,24.0,2.0,8.5,,,,,,20,0.1,0.25,10,0.1,0.4,2,0.0,0.5,4,0.0,0.0,4,0.0,0.0,2,0.0,0.0,13,0.0769230769230769,0.2307692307692307,0,0.0,,4,0.5,0.5,4,0.0,0.0,3,0.0,0.0,9,0.0,0.2222222222222222,4,0.25,0.25,0,,,0,,,0,0.0,,13,0.0769230769230769,0.2307692307692307,1.0,1.0,1.0,20,0.1,0.25,0,,,0,,,0.2222222222222222,1.5040773967762742,0.0,2.025658338960162,0.2025658338960162,0.25,0.25,23840.25,-0.4494665738643796,0.13777777777777778,0.625,2.5,0.8636363636363636,0.3125,0.09090909090909091,0.13955423568984793,0.1505451767515116,2.0
Churchill Downs,2026-09-28,10,Race 10 - Allowance Optional Claiming,2213.0,"3YO+, Allowance","{'eventId': '3437983', 'overall': None, 'rating': None, 'surface': 'Turf', '__typename': 'TrackCondition'}",Turf,,190722.0,8.0,False,3.0,3.0,55.25,,,90.0,Devil Anse,4.0,Gelding,ch,Daredevil,Madame Du Lac,138989.0,William Antongeorgi Iii,Ryan D. Walsh,False,0.02,6.0,S,n,27.0,9,82.91111111111111,2.2,560.0,168.84396771012806,17,19.0,26.0,19.0,7.0,0.0,5.0,6.2,1.0,11.0,0.2,0.2,0.2,7.65,21.7,33.0,90.8,85.0,1.0,0.0,0.0,0.0,0.0,6.166666666666666,12.0,35.0,41.0,90.0,138989.0,8176.0,0.0,39.0,4.0,7.5,,,,,,17,0.1176470588235294,0.3529411764705882,9,0.1111111111111111,0.3333333333333333,1,0.0,0.0,0,0.0,,2,0.0,0.0,0,0.0,,5,0.0,0.2,0,0.0,,2,0.0,0.0,2,0.0,0.5,2,0.5,1.0,3,0.3333333333333333,0.3333333333333333,4,0.0,0.5,0,,,0,,,0,0.0,,7,0.1428571428571428,0.4285714285714285,0.0,,0.8090909090909091,17,0.1176470588235294,0.3529411764705882,0,,,2,0.0,0.5,0.037037037037037035,3.295836866004329,0.3684210526315789,6.727686947199142,0.012061109622085231,0.375,0.375,23840.25,-0.4494665738643796,0.0007407407407407407,0.25,10.0,0.18181818181818182,0.3125,0.18181818181818182,0.13955423568984793,0.03690687369601251,8.0
Churchill Downs,2026-09-28,10,Race 10 - Allowance Optional Claiming,2213.0,"3YO+, Allowance","{'eventId': '3437983', 'overall': None, 'rating': None, 'surface': 'Turf', '__typename': 'TrackCondition'}",Turf,,190722.0,8.0,False,5.0,5.0,55.25,,,100.0,Guns And Glory,5.0,Gelding,b,Gun Runner,Baby Go Far,251633.0,Danny Sheehy,Chris A. Hartman,False,0.16,1.0,S,dn,17.0,9,118.72222222222224,2.5,950.0,293.93414900384965,18,15.0,16.0,12.0,4.0,0.0,5.0,4.6,3.0,8.0,0.0,0.4,0.0,9.0,23.7,31.8,90.8,94.0,2.0,0.0,0.0,0.0,0.0,1.833333333333333,16.0,40.0,-89.0,100.0,238282.0,9531.0,33.0,24.0,4.0,34.0,,,,,,25,0.16,0.4,6,0.0,0.3333333333333333,1,0.0,0.0,3,0.6666666666666666,0.6666666666666666,2,0.0,0.5,0,0.0,,3,0.0,0.3333333333333333,0,0.0,,3,0.0,0.0,3,0.0,0.0,3,0.0,0.6666666666666666,9,0.1111111111111111,0.3333333333333333,3,0.3333333333333333,0.3333333333333333,0,,,0,,,0,0.0,,12,0.1666666666666666,0.3333333333333333,0.0,,0.8090909090909091,25,0.16,0.4,0,,,0,,,0.058823529411764705,2.833213344056216,0.06666666666666667,7.980814225549834,0.008423022929340196,0.625,0.625,23840.25,-0.4494665738643796,0.009411764705882354,0.375,8.0,0.36363636363636365,0.5625,0.36363636363636365,0.13955423568984793,0.0479296589218416,7.0
Churchill Downs,2026-09-28,10,Race 10 - Allowance Optional Claiming,2213.0,"3YO+, Allowance","{'eventId': '3437983', 'overall': None, 'rating': None, 'surface': 'Turf', '__typename': 'TrackCondition'}",Turf,,190722.0,8.0,False,6.0,6.0,55.25,,,107.0,Proven Advocate,5.0,Gelding,b,Not This Time,Song Of Melody,345021.0,"Brian Joseph Hernandez, Jr.",Jayde J. Gelner,False,0.59,11.0,S,n,13.0,9,115.5,3.5,950.0,295.05366743470023,19,8.0,11.0,8.0,5.0,0.0,5.0,3.2,1.0,6.0,0.2,0.6,0.4,2.04,9.9,33.2,101.8,103.0,0.0,0.0,0.0,1.0,0.0,2.0,18.0,64.0,-32.0,107.0,345021.0,12322.0,0.0,24.0,3.0,21.0,,,,,,28,0.1785714285714285,0.6428571428571429,11,0.1818181818181818,0.5454545454545454,1,0.0,1.0,0,0.0,,0,0.0,,0,0.0,,13,0.2307692307692307,0.6923076923076923,0,0.0,,3,0.3333333333333333,0.6666666666666666,3,0.0,0.6666666666666666,3,0.3333333333333333,0.3333333333333333,12,0.1666666666666666,0.75,7,0.1428571428571428,0.7142857142857143,0,,,0,,,0,0.0,,19,0.1578947368421052,0.7368421052631579,7.0,0.2857142857142857,0.5714285714285714,28,0.1785714285714285,0.6428571428571429,0,,,1,0.0,0.0,0.07692307692307693,2.5649493574615367,0.375,8.194805194805195,0.008658008658008658,0.75,0.75,23840.25,-0.4494665738643796,0.045384615384615384,0.5,7.0,0.45454545454545453,0.75,0.9090909090909091,0.13955423568984793,0.07931919198728599,5.0
Churchill Downs,2026-09-28,10,Race 10 - Allowance Optional Claiming,2213.0,"3YO+, Allowance","{'eventId': '3437983', 'overall': None, 'rating': None, 'surface': 'Turf', '__typename': 'TrackCondition'}",Turf,,190722.0,8.0,False,7.0,7.0,55.25,,,108.0,Winston,4.0,Colt,BLK,Forge,,104156.0,Victor R. Carrasco,Horacio De Paz,False,0.85,19.0,S,n,7.5,9,111.27777777777776,2.0,950.0,296.5374354399187,21,8.0,6.5,6.0,8.0,0.0,5.0,2.6,2.0,3.0,0.0,1.0,0.4,2.925,6.0,75.0,84.0,79.0,0.0,1.0,0.0,2.0,2.0,-0.6666666666666665,0.0,83.0,-100.0,108.0,14726.0,2454.0,0.0,42.0,3.0,4.0,,,,,,6,0.0,0.8333333333333334,3,0.0,1.0,1,0.0,1.0,0,0.0,,0,0.0,,0,0.0,,1,0.0,1.0,0,0.0,,5,0.0,0.8,1,0.0,1.0,0,,,1,0.0,1.0,3,0.0,1.0,0,,,0,,,0,0.0,,4,0.0,1.0,1.0,0.0,1.0,6,0.0,0.8333333333333334,0,,,0,,,0.13333333333333333,2.0149030205422647,-0.1875,8.51922116824763,0.008986520219670497,0.875,0.875,23840.25,-0.4494665738643796,0.11333333333333333,0.8125,5.0,0.6363636363636364,1.0,1.0,0.13955423568984793,0.08704264001830384,4.0
Churchill Downs,2026-09-28,10,Race 10 - Allowance Optional Claiming,2213.0,"3YO+, Allowance","{'eventId': '3437983', 'overall': None, 'rating': None, 'surface': 'Turf', '__typename': 'TrackCondition'}",Turf,,190722.0,8.0,False,10.0,10.0,56.25,,,108.0,Telescopic,5.0,Gelding,ch,American Pharoah,Visage,621999.0,Axel Concepcion,Victoria H. Oliver,False,0.85,12.0,S,n,2.4,9,2.225555555555556,1.4,2.4,0.2956390859406153,23,3.0,2.25,1.9,1.0,1.0,5.0,2.2,1.0,4.0,0.2,0.8,0.8,1.52,8.475999999999999,49.2,104.2,108.0,3.0,1.0,1.0,2.0,1.0,1.1666666666666663,12.0,41.0,-78.0,108.0,501836.0,29520.0,0.0,21.0,1.0,3.5,,,,,,17,0.1176470588235294,0.4117647058823529,6,0.1666666666666666,0.6666666666666666,1,1.0,1.0,1,0.0,0.0,6,0.0,0.5,1,0.0,0.0,14,0.1428571428571428,0.5,0,0.0,,3,0.0,0.3333333333333333,2,0.0,0.0,2,0.0,0.5,6,0.1666666666666666,0.3333333333333333,4,0.25,0.25,0,,,0,,,0,0.0,,10,0.2,0.3,2.0,0.5,1.0,17,0.1176470588235294,0.4117647058823529,0,,,1,0.0,1.0,0.4166666666666667,0.8754687373538999,-0.25,0.4493260109835246,0.4493260109835246,1.25,1.25,23840.25,2.0225995823897347,0.3541666666666667,0.8125,1.0,1.0,0.875,0.5,0.13955423568984793,0.39936401616508266,1.0
Churchill Downs,2026-09-28,10,Race 10 - Allowance Optional Claiming,2213.0,"3YO+, Allowance","{'eventId': '3437983', 'overall': None, 'rating': None, 'surface': 'Turf', '__typename': 'TrackCondition'}",Turf,,190722.0,8.0,False,11.0,11.0,55.25,,,107.0,Clyde's Got A Gun,6.0,Gelding,b,Gun Runner,Gone Theatrical,455117.0,James Graham,Helen Pitts,False,0.01,4.0,S,tn,23.0,9,78.0,2.0,560.0,170.51751294873563,20,6.5,17.0,6.5,2.0,0.0,5.0,6.8,5.0,10.0,0.0,0.0,0.0,5.93,19.0,64.0,110.6,110.0,2.0,2.0,0.0,0.0,1.0,1.333333333333333,10.0,38.0,-24.0,107.0,416970.0,19856.0,0.0,85.0,7.0,8.0,,,,,,21,0.0952380952380952,0.3809523809523809,5,0.0,0.0,0,0.0,,3,0.0,0.3333333333333333,10,0.1,0.3,3,0.0,0.3333333333333333,19,0.0526315789473684,0.3684210526315789,0,0.0,,4,0.0,0.5,4,0.25,0.5,4,0.0,0.25,3,0.3333333333333333,0.3333333333333333,11,0.0909090909090909,0.5454545454545454,0,,,0,,,0,0.0,,14,0.1428571428571428,0.5,1.0,0.0,1.0,21,0.0952380952380952,0.3809523809523809,0,,,1,0.0,1.0,0.043478260869565216,3.1354942159291497,1.6153846153846154,7.153846153846154,0.01282051282051282,1.375,1.375,23840.25,-0.4494665738643796,0.0004347826086956522,0.125,9.0,0.2727272727272727,0.125,0.2727272727272727,0.13955423568984793,0.06879519936737612,6.0
Laurel Park,2026-09-28,10,Race 10 - Maiden Claiming,1609.0,"3YO, Maiden, Claiming","{'eventId': '3438950', 'overall': 'Soft', 'rating': None, 'surface': 'Dirt', '__typename': 'TrackCondition'}",Dirt,,31313.0,7.0,False,2.0,2.0,55.25,,-3.25,65.0,Five Minutes More,3.0,Gelding,ch,Long River,Last Love,4270.0,Leandro M. Briceno,Miguel Vera,False,0.27,6.0,S,o,5.5,11,73.06363636363636,2.4,760.0,217.2297663879393,3,1.01,4.0,1.01,5.0,0.0,5.0,7.6,5.0,9.0,0.0,0.0,0.0,29.367999999999995,16.3,66.8,58.75,61.0,3.0,2.0,5.0,0.0,2.0,1.0,0.0,0.0,-100.0,65.0,4270.0,854.0,0.0,52.0,9.0,11.0,,,,,,5,0.0,0.0,4,0.0,0.0,1,0.0,0.0,2,0.0,0.0,3,0.0,0.0,2,0.0,0.0,3,0.0,0.0,0,0.0,,2,0.0,0.0,1,0.0,0.0,1,0.0,0.0,2,0.0,0.0,0,,,1,0.0,0.0,0,,,1,0.0,0.0,2,0.0,0.0,0.0,,0.8090909090909091,5,0.0,0.0,0,,,5,0.0,0.0,0.18181818181818182,1.7047480922384253,2.9603960396039604,10.369043175314172,0.013686699017046161,0.2857142857142857,0.2857142857142857,4473.285714285715,-0.3927927568876095,0.049090909090909095,0.7142857142857143,3.0,0.75,0.2857142857142857,0.25,0.25237200190607295,0.12158881820012951,2.0
Laurel Park,2026-09-28,10,Race 10 - Maiden Claiming,1609.0,"3YO, Maiden, Claiming","{'eventId': '3438950', 'overall': 'Soft', 'rating': None, 'surface': 'Dirt', '__typename': 'TrackCondition'}",Dirt,,31313.0,7.0,False,3.0,3.0,57.25,,,61.0,My Friend Lou,4.0,Gelding,ch,Street Magician,Irish Gal,12957.0,Kevin Gomez,Carlos A. Mancilla,False,0.23,5.0,S,,15.0,11,101.37272727272726,8.5,1000.0,284.18050950667094,5,1.01,8.5,1.01,4.0,0.0,5.0,7.0,3.0,9.0,0.0,0.2,0.0,9.175,24.8,30.6,46.4,63.0,4.0,2.0,5.0,0.0,0.0,-1.666666666666667,0.0,17.0,-100.0,61.0,10765.0,1794.0,8.0,16.0,8.0,21.0,,,,,,6,0.0,0.1666666666666666,6,0.0,0.1666666666666666,2,0.0,0.0,2,0.0,0.5,5,0.0,0.2,2,0.0,0.5,5,0.0,0.2,0,0.0,,1,0.0,0.0,1,0.0,0.0,1,0.0,1.0,3,0.0,0.3333333333333333,1,0.0,0.0,0,,,0,,,0,0.0,,4,0.0,0.25,0.0,,0.8090909090909091,6,0.0,0.1666666666666666,0,,,6,0.0,0.1666666666666666,0.06666666666666667,2.70805020110221,7.415841584158416,9.78073715361851,0.009864586135772577,0.42857142857142855,0.42857142857142855,4473.285714285715,1.0859564455128028,0.015333333333333334,0.5714285714285714,7.0,0.25,0.6428571428571429,0.625,0.25237200190607295,0.05953121308693884,6.0
Laurel Park,2026-09-28,10,Race 10 - Maiden Claiming,1609.0,"3YO, Maiden, Claiming","{'eventId': '3438950', 'overall': 'Soft', 'rating': None, 'surface': 'Dirt', '__typename': 'TrackCondition'}",Dirt,,31313.0,7.0,False,4.0,4.0,53.5,,-3.25,76.0,Mr Skinny,3.0,Gelding,b,Fog Of War,Fey,27779.0,Ronaldo Rodriguez,Mario Roberto Lopez,False,0.33,7.0,S,,8.5,11,41.90909090909091,3.0,390.0,110.08732446682708,16,1.01,6.0,1.01,1.0,1.0,5.0,4.75,2.0,6.0,0.0,0.2,0.2,6.44,12.7,13.8,72.2,73.0,0.0,2.0,5.0,0.0,0.0,1.5,0.0,17.0,-100.0,76.0,8051.0,1342.0,13.0,37.0,2.0,3.5,,,,,,6,0.0,0.1666666666666666,6,0.0,0.1666666666666666,1,0.0,1.0,1,0.0,0.0,0,0.0,,0,0.0,,3,0.0,0.0,0,0.0,,2,0.0,0.0,1,0.0,0.0,1,0.0,0.0,4,0.0,0.25,0,,,1,0.0,0.0,0,,,1,0.0,0.0,4,0.0,0.25,0.0,,0.8090909090909091,6,0.0,0.1666666666666666,0,,,7,0.0,0.1428571428571428,0.11764705882352941,2.1400661634962708,4.9405940594059405,9.234273318872019,0.023861171366594363,0.5714285714285714,0.5714285714285714,4473.285714285715,-1.6866983089879701,0.03882352941176471,0.8571428571428571,5.0,0.5,0.6428571428571429,0.625,0.25237200190607295,0.09110667741287973,4.0
Laurel Park,2026-09-28,10,Race 10 - Maiden Claiming,1609.0,"3YO, Maiden, Claiming","{'eventId': '3438950', 'overall': 'Soft', 'rating': None, 'surface': 'Dirt', '__typename': 'TrackCondition'}",Dirt,,31313.0,7.0,False,5.0,5.0,55.25,,,40.0,Seven's Good,3.0,Colt,dk b/br,Good Samaritan,Senorita Siete,2683.0,Jevian Toledo,Carlos A. Mancilla,False,0.19,2.0,S,o,34.0,11,112.5,12.5,1000.0,280.7409838267295,4,1.01,17.0,1.01,7.0,0.0,4.0,8.0,6.0,10.0,0.0,0.0,0.0,25.2375,32.0,13.75,61.25,44.0,1.0,1.0,4.0,0.0,1.0,-2.0,0.0,0.0,-100.0,40.0,2683.0,671.0,16.0,16.0,10.0,26.0,,,,,,4,0.0,0.0,4,0.0,0.0,2,0.0,0.0,1,0.0,0.0,1,0.0,0.0,1,0.0,0.0,4,0.0,0.0,0,0.0,,1,0.0,0.0,1,0.0,0.0,1,0.0,0.0,1,0.0,0.0,1,0.0,0.0,1,0.0,0.0,0,,,1,0.0,0.0,2,0.0,0.0,0.0,,0.8090909090909091,4,0.0,0.0,0,,,4,0.0,0.0,0.029411764705882353,3.5263605246161616,15.831683168316832,8.777777777777779,0.008888888888888889,0.7142857142857143,0.7142857142857143,4473.285714285715,-0.3927927568876095,0.005588235294117647,0.2857142857142857,8.0,0.125,0.2857142857142857,0.25,0.25237200190607295,0.04940539597012837,7.0
Laurel Park,2026-09-28,10,Race 10 - Maiden Claiming,1609.0,"3YO, Maiden, Claiming","{'eventId': '3438950', 'overall': 'Soft', 'rating': None, 'surface': 'Dirt', '__typename': 'TrackCondition'}",Dirt,,31313.0,7.0,False,6.0,6.0,57.25,,-3.25,64.0,Divine Swagger,4.0,Gelding,b,Divining Rod,Bode'S Brienne,58242.0,Taylor Kingsley,"Anthony Aguirre, Jr.",False,0.2,20.0,S,,7.5,11,44.82818181818181,2.28,440.0,124.97381273459447,3,1.01,4.33,1.01,2.0,0.0,5.0,4.0,2.0,7.0,0.0,0.6,0.4,8.77,7.0,23.2,59.2,62.0,2.0,2.0,5.0,1.0,0.0,-0.8333333333333335,0.0,46.0,-100.0,64.0,51979.0,3998.0,0.0,38.0,7.0,10.0,,,,,,13,0.0,0.4615384615384615,9,0.0,0.5555555555555556,1,0.0,0.0,2,0.0,0.5,9,0.0,0.5555555555555556,1,0.0,1.0,3,0.0,0.3333333333333333,0,0.0,,2,0.0,0.5,2,0.0,0.5,2,0.0,0.5,4,0.0,0.5,4,0.0,0.5,0,,,0,,,0,0.0,,8,0.0,0.5,1.0,0.0,1.0,13,0.0,0.4615384615384615,0,,,13,0.0,0.4615384615384615,0.13333333333333333,2.0149030205422647,3.2871287128712874,9.764393340228349,0.022307395915718606,0.8571428571428571,0.8571428571428571,4473.285714285715,1.0859564455128028,0.02666666666666667,0.42857142857142855,4.0,0.625,1.0,0.875,0.25237200190607295,0.09159702543320943,3.0
Laurel Park,2026-09-28,10,Race 10 - Maiden Claiming,1609.0,"3YO, Maiden, Claiming","{'eventId': '3438950', 'overall': 'Soft', 'rating': None, 'surface': 'Dirt', '__typename': 'TrackCondition'}",Dirt,,31313.0,7.0,False,7.0,7.0,57.25,,,57.0,Senor Money,4.0,Gelding,b,Mr. Money,Slamsational,77914.0,Xavier Perez,Keith W. Harris,False,0.01,25.0,S,,10.0,11,98.5,6.0,1000.0,285.0857127889148,4,1.01,6.0,1.01,3.0,0.0,5.0,6.0,3.0,8.0,0.0,0.4,0.0,25.498,22.834,38.8,62.0,57.0,0.0,2.0,3.0,1.0,1.0,-3.333333333333333,0.0,57.0,-100.0,57.0,74783.0,3561.0,0.0,23.0,8.0,41.0,,,,,,21,0.0,0.5714285714285714,10,0.0,0.5,1,0.0,0.0,3,0.0,1.0,0,0.0,,0,0.0,,2,0.0,0.0,0,0.0,,4,0.0,0.5,2,0.0,0.5,2,0.0,1.0,14,0.0,0.6428571428571429,1,0.0,0.0,0,,,0,,,0,0.0,,15,0.0,0.6,3.0,0.0,1.0,21,0.0,0.5714285714285714,0,,,19,0.0,0.631578947368421,0.1,2.302585092994046,4.9405940594059405,10.091370558375635,0.01015228426395939,1.0,1.0,4473.285714285715,1.0859564455128028,0.001,0.14285714285714285,6.0,0.375,0.8571428571428571,1.0,0.25237200190607295,0.07519831648241883,5.0
Laurel Park,2026-09-28,10,Race 10 - Maiden Claiming,1609.0,"3YO, Maiden, Claiming","{'eventId': '3438950', 'overall': 'Soft', 'rating': None, 'surface': 'Dirt', '__typename': 'TrackCondition'}",Dirt,,31313.0,7.0,False,8.0,8.0,55.25,,,79.0,Midas Factor,3.0,Gelding,b,The Factor,Silver Sides,4926.0,Mychel J. Sanchez,Brittany T. Russell,False,1.0,3.0,S,,2.5,11,37.35636363636364,1.8,390.0,111.51592159236743,7,1.01,1.8,1.01,6.0,0.0,3.0,6.0,5.0,7.0,0.0,0.0,0.0,6.783333333333334,7.166666666666667,124.66666666666669,76.0,81.0,1.0,3.0,3.0,1.0,2.0,-1.5,0.0,0.0,-100.0,79.0,4926.0,1642.0,32.0,20.0,7.0,8.0,,,,,,3,0.0,0.0,2,0.0,0.0,1,0.0,0.0,3,0.0,0.0,1,0.0,0.0,1,0.0,0.0,1,0.0,0.0,0,0.0,,2,0.0,0.0,1,0.0,0.0,0,,,0,,,0,,,0,,,0,,,0,0.0,,0,0.0,,1.0,0.0,0.0,3,0.0,0.0,0,,,3,0.0,0.0,0.4,0.9162907318741551,0.7821782178217822,10.391803757422368,0.026769200817677405,1.1428571428571428,1.1428571428571428,4473.285714285715,-0.3927927568876095,0.4,1.0,2.0,0.875,0.2857142857142857,0.25,0.25237200190607295,0.5115725534142952,1.0
Istanbul,2026-09-27,10,Race 10,2400.0,,"{'eventId': '3438744', 'overall': 'Good', 'rating': None, 'surface': 'Turf', '__typename': 'TrackCondition'}",Turf,,356675.0,9.0,False,1.0,7.0,60.0,,,81.0,Al Tan,5.0,Stallion,ch,Luxor,No More Strıke,955161.0,Ö. Yıldırım,M. Oz,False,0.15,2.0,S,tsn,12.0,15,10.386666666666663,8.6,12.0,1.14418335748933,5,11.0,10.0,9.0,2.0,0.0,5.0,3.8,1.0,10.0,0.2,0.8,0.4,1.9,12.2,26.8,,79.0,5.0,2.0,5.0,0.0,0.0,1.333333333333333,28.0,75.0,-100.0,79.0,873635.0,21841.0,0.0,0.0,3.0,10.0,,,,,,40,0.275,0.75,11,0.1818181818181818,0.7272727272727273,2,0.0,1.0,5,0.0,0.8,38,0.2894736842105263,0.7631578947368421,4,0.0,1.0,22,0.2272727272727272,0.7272727272727273,0,0.0,,3,0.3333333333333333,1.0,3,0.3333333333333333,1.0,3,0.3333333333333333,1.0,0,,,5,0.0,0.6,1,1.0,1.0,0,,,1,1.0,1.0,5,0.0,0.6,0.0,,0.8090909090909091,40,0.275,0.75,0,,,0,,,0.08333333333333333,2.4849066497880004,-0.09090909090909091,0.32734274711168176,0.09627727856225934,0.7777777777777778,0.1111111111111111,39630.555555555555,0.7122762986469002,0.012499999999999999,0.3333333333333333,6.0,0.4444444444444444,0.7222222222222222,0.7777777777777778,0.14436117145095473,0.03773900889732806,6.0
Istanbul,2026-09-27,10,Race 10,2400.0,,"{'eventId': '3438744', 'overall': 'Good', 'rating': None, 'surface': 'Turf', '__typename': 'TrackCondition'}",Turf,,356675.0,9.0,False,2.0,2.0,60.0,,,81.0,Borrego,5.0,Stallion,b,My Dear Son,Seddıfı,1436082.0,A. Yıldız,C. Turan,False,0.13,17.0,S,tcdn,21.0,15,22.2,18.0,32.0,4.982636517614612,7,21.0,18.0,16.0,9.0,0.0,5.0,4.4,3.0,6.0,0.0,0.4,0.0,3.9,12.2,28.2,,79.0,5.0,1.0,5.0,1.0,1.0,-0.1666666666666669,37.0,77.0,-100.0,79.0,1436082.0,47869.0,0.0,0.0,3.0,10.0,,,,,,30,0.3666666666666666,0.7666666666666667,6,0.0,0.5,3,0.0,0.3333333333333333,11,0.3636363636363636,0.7272727272727273,28,0.3928571428571428,0.8214285714285714,9,0.4444444444444444,0.8888888888888888,20,0.35,0.7,0,0.0,,5,0.0,0.8,5,0.6,0.8,5,0.4,0.8,0,,,4,0.0,0.5,1,0.0,1.0,0,,,1,0.0,1.0,4,0.0,0.5,1.0,0.0,0.0,30,0.3666666666666666,0.7666666666666667,0,,,0,,,0.047619047619047616,3.044522437723423,-0.14285714285714285,0.6306306306306306,0.04504504504504505,0.2222222222222222,0.2222222222222222,39630.555555555555,0.7122762986469002,0.006190476190476191,0.2222222222222222,8.0,0.2222222222222222,0.1111111111111111,0.8888888888888888,0.14436117145095473,0.03129503117598112,9.0
Istanbul,2026-09-27,10,Race 10,2400.0,,"{'eventId': '3438744', 'overall': 'Good', 'rating': None, 'surface': 'Turf', '__typename': 'TrackCondition'}",Turf,,356675.0,9.0,False,3.0,6.0,60.0,,,81.0,Galioğlu,4.0,Stallion,b,Myboycharlıe,Counter Strıke,541087.0,S. Kaya,E. Karatas,False,0.67,6.0,S,tcdn,9.5,15,9.2,8.0,11.5,1.2489995996796797,7,9.5,8.0,7.5,4.0,0.0,5.0,3.6,1.0,6.0,0.2,0.6,0.2,4.9,12.2,26.8,,79.0,3.0,2.0,5.0,0.0,0.0,0.1666666666666665,28.0,55.0,-100.0,79.0,520706.0,17955.0,50.0,0.0,1.0,10.0,,,,,,29,0.2758620689655172,0.5517241379310345,13,0.2307692307692307,0.5384615384615384,2,0.5,0.5,6,0.6666666666666666,0.6666666666666666,8,0.375,0.5,4,0.75,0.75,20,0.3,0.5,0,0.0,,3,0.3333333333333333,1.0,3,0.6666666666666666,0.6666666666666666,3,0.0,0.3333333333333333,0,,,9,0.3333333333333333,0.5555555555555556,1,0.0,0.0,0,,,1,0.0,0.0,9,0.3333333333333333,0.5555555555555556,0.0,,0.8090909090909091,29,0.2758620689655172,0.5517241379310345,0,,,0,,,0.10526315789473684,2.2512917986064953,-0.15789473684210525,0.3804347826086957,0.10869565217391305,0.6666666666666666,0.3333333333333333,39630.555555555555,0.7122762986469002,0.07052631578947369,0.8888888888888888,5.0,0.5555555555555556,0.3888888888888889,0.1111111111111111,0.14436117145095473,0.06238540106372364,5.0
Istanbul,2026-09-27,10,Race 10,2400.0,,"{'eventId': '3438744', 'overall': 'Good', 'rating': None, 'surface': 'Turf', '__typename': 'TrackCondition'}",Turf,,356675.0,9.0,False,4.0,8.0,60.0,,,81.0,Handsome King,4.0,Stallion,b,Vıctoıre Pısa,Nadire,1021563.0,V. Abis,V. Yıldırım,False,0.52,5.0,S,tcdn,14.0,15,13.06,12.0,14.0,0.8333066662399863,6,15.0,12.0,11.0,5.0,0.0,5.0,3.8,1.0,7.0,0.4,0.6,0.4,3.05,12.2,19.8,,79.0,4.0,3.0,5.0,0.0,0.0,3.0,32.0,57.0,-100.0,79.0,1011372.0,36120.0,44.0,0.0,3.0,10.0,,,,,,28,0.3214285714285714,0.5714285714285714,9,0.2222222222222222,0.6666666666666666,2,0.5,1.0,6,0.1666666666666666,0.8333333333333334,11,0.1818181818181818,0.5454545454545454,5,0.2,0.8,18,0.2222222222222222,0.6111111111111112,0,0.0,,2,0.0,0.5,2,0.0,0.5,2,0.0,0.0,0,,,7,0.1428571428571428,0.5714285714285714,1,0.0,0.0,0,,,1,0.0,0.0,7,0.1428571428571428,0.5714285714285714,1.0,1.0,1.0,28,0.3214285714285714,0.5714285714285714,0,,,0,,,0.07142857142857142,2.6390573296152584,-0.2,0.15313935681470137,0.07656967840735068,0.8888888888888888,0.4444444444444444,39630.555555555555,0.7122762986469002,0.037142857142857144,0.6666666666666666,7.0,0.3333333333333333,0.3888888888888889,0.2222222222222222,0.14436117145095473,0.035902243283193934,8.0
Istanbul,2026-09-27,10,Race 10,2400.0,,"{'eventId': '3438744', 'overall': 'Good', 'rating': None, 'surface': 'Turf', '__typename': 'TrackCondition'}",Turf,,356675.0,9.0,False,5.0,1.0,60.0,,,81.0,Tor Gold,5.0,Stallion,b,Torok,Suzi Gold,426960.0,A. Sozen,Y. Demir,False,0.44,1.0,S,tcdn,7.0,15,7.026666666666666,5.5,8.8,0.9560102277463124,7,7.0,5.5,5.5,6.0,0.0,5.0,2.2,1.0,4.0,0.4,0.8,0.6,1.5125,12.2,85.6,,79.0,4.0,3.0,5.0,0.0,1.0,-1.3333333333333333,31.0,73.0,-100.0,79.0,426960.0,16422.0,0.0,0.0,2.0,10.0,,,,,,26,0.3076923076923077,0.7307692307692307,3,0.3333333333333333,0.6666666666666666,1,0.0,1.0,6,0.3333333333333333,0.8333333333333334,11,0.1818181818181818,0.6363636363636364,5,0.4,0.8,24,0.3333333333333333,0.7083333333333334,0,0.0,,4,0.75,1.0,3,0.3333333333333333,0.6666666666666666,3,0.3333333333333333,0.6666666666666666,0,,,3,0.3333333333333333,0.6666666666666666,0,,,0,,,0,0.0,,3,0.3333333333333333,0.6666666666666666,2.0,0.5,1.0,26,0.3076923076923077,0.7307692307692307,0,,,0,,,0.14285714285714285,1.9459101490553132,-0.21428571428571427,0.4696394686907022,0.14231499051233398,0.1111111111111111,0.5555555555555556,39630.555555555555,0.7122762986469002,0.06285714285714285,0.5555555555555556,3.0,0.7777777777777778,0.7222222222222222,0.6666666666666666,0.14436117145095473,0.08222650126146723,3.0
Istanbul,2026-09-27,10,Race 10,2400.0,,"{'eventId': '3438744', 'overall': 'Good', 'rating': None, 'surface': 'Turf', '__typename': 'TrackCondition'}",Turf,,356675.0,9.0,False,6.0,3.0,58.0,,,81.0,Beauty Of Darkness,4.0,Mare,b,Tızway,Yasemin Kız,520696.0,E. Aktug,U. Kulak,False,0.01,3.0,S,tn,26.0,15,23.88,21.0,26.0,1.891454466805902,5,26.0,21.0,19.0,7.0,0.0,5.0,3.0,1.0,5.0,0.2,0.6,0.4,3.25,12.2,26.6,,79.0,4.0,0.0,5.0,0.0,0.0,-0.8333333333333335,24.0,59.0,-100.0,79.0,520696.0,15315.0,50.0,0.0,4.0,10.0,,,,,,34,0.2352941176470588,0.5882352941176471,10,0.2,0.5,2,0.0,0.5,2,0.0,0.0,13,0.3076923076923077,0.5384615384615384,1,0.0,0.0,17,0.2941176470588235,0.5294117647058824,0,0.0,,2,0.0,0.5,2,0.5,0.5,2,0.0,1.0,0,,,12,0.25,0.5,0,,,0,,,0,0.0,,12,0.25,0.5,2.0,0.5,1.0,34,0.2352941176470588,0.5882352941176471,0,,,0,,,0.038461538461538464,3.258096538021482,-0.19230769230769232,0.20938023450586266,0.04187604690117253,0.3333333333333333,0.6666666666666666,39630.555555555555,-0.4532667355025736,0.00038461538461538467,0.1111111111111111,9.0,0.1111111111111111,0.3888888888888889,0.3333333333333333,0.14436117145095473,0.037471372571985385,7.0
Istanbul,2026-09-27,10,Race 10,2400.0,,"{'eventId': '3438744', 'overall': 'Good', 'rating': None, 'surface': 'Turf', '__typename': 'TrackCondition'}",Turf,,356675.0,9.0,False,7.0,9.0,58.0,,,81.0,Etsuko,5.0,Mare,ch,Kaneko,Ocean Seraph,936864.0,A. Kursun,S. Gurkan,False,1.0,7.0,S,tcdn,8.5,15,8.14,7.5,9.2,0.6468384651518491,7,8.5,7.5,7.5,1.0,1.0,5.0,1.6,1.0,2.0,0.4,1.0,1.0,0.55,12.2,26.8,,79.0,4.0,3.0,5.0,1.0,0.0,-0.6666666666666667,34.0,66.0,-100.0,79.0,733050.0,20944.0,38.0,0.0,2.0,10.0,,,,,,35,0.3428571428571428,0.6571428571428571,9,0.2222222222222222,0.8888888888888888,2,0.0,1.0,7,0.2857142857142857,0.8571428571428571,11,0.1818181818181818,0.5454545454545454,5,0.2,0.8,28,0.3571428571428571,0.6785714285714286,0,0.0,,4,0.5,0.75,4,0.0,0.25,4,0.5,0.75,0,,,7,0.2857142857142857,1.0,1,0.0,0.0,0,,,1,0.0,0.0,7,0.2857142857142857,1.0,1.0,0.0,1.0,35,0.3428571428571428,0.6571428571428571,0,,,0,,,0.11764705882352941,2.1400661634962708,-0.11764705882352941,0.20884520884520874,0.12285012285012284,1.0,0.7777777777777778,39630.555555555555,-0.4532667355025736,0.11764705882352941,1.0,4.0,0.6666666666666666,0.9444444444444444,0.4444444444444444,0.14436117145095473,0.07161622624572739,4.0
Istanbul,2026-09-27,10,Race 10,2400.0,,"{'eventId': '3438744', 'overall': 'Good', 'rating': None, 'surface': 'Turf', '__typename': 'TrackCondition'}",Turf,,356675.0,9.0,False,8.0,4.0,58.0,,,81.0,Truely,4.0,Mare,ch,Vıctoıre Pısa,How Come,662257.0,H. Karatas,V. Yıldırım,False,0.28,14.0,S,tdn,2.2,15,1.9566666666666663,1.8,2.2,0.0928559218478941,4,1.75,1.8,1.75,3.0,0.0,5.0,3.4,1.0,10.0,0.6,0.6,0.6,1.06,12.2,29.6,,79.0,4.0,0.0,5.0,1.0,0.0,4.0,38.0,67.0,-100.0,79.0,621494.0,25896.0,33.0,0.0,1.0,10.0,,,,,,24,0.375,0.6666666666666666,7,0.5714285714285714,0.5714285714285714,2,1.0,1.0,2,0.5,0.5,5,0.6,0.6,0,0.0,,14,0.5,0.7142857142857143,0,0.0,,3,0.6666666666666666,1.0,3,0.6666666666666666,0.6666666666666666,3,0.0,0.6666666666666666,0,,,10,0.6,0.7,0,,,0,,,0,0.0,,10,0.6,0.7,3.0,0.6666666666666666,1.0,24,0.375,0.6666666666666666,0,,,0,,,0.45454545454545453,0.7884573603642703,0.0285714285714286,0.20442930153321986,0.5110732538330495,0.4444444444444444,0.8888888888888888,39630.555555555555,-0.4532667355025736,0.1272727272727273,0.4444444444444444,1.0,1.0,0.3888888888888889,0.5555555555555556,0.14436117145095473,0.3301435529650063,1.0
Istanbul,2026-09-27,10,Race 10,2400.0,,"{'eventId': '3438744', 'overall': 'Good', 'rating': None, 'surface': 'Turf', '__typename': 'TrackCondition'}",Turf,,356675.0,9.0,False,9.0,5.0,55.0,,,81.0,Rabovo,3.0,Colt,gr,Kırcaali,Monshau,832614.0,G. Kocakaya,Muc. Kaya,False,0.54,23.0,S,tsn,4.2,15,4.3,3.6,6.3,1.017185659880568,10,4.2,3.6,3.6,8.0,0.0,5.0,1.6,1.0,2.0,0.4,1.0,1.0,3.1,12.2,58.4,,79.0,2.0,1.0,5.0,0.0,1.0,0.1666666666666667,30.0,90.0,-100.0,79.0,832614.0,83261.0,100.0,0.0,2.0,10.0,,,,,,10,0.3,0.9,4,0.5,1.0,0,0.0,,1,0.0,1.0,2,0.5,1.0,1,0.0,1.0,10,0.3,0.9,0,0.0,,3,0.3333333333333333,0.6666666666666666,3,0.0,1.0,2,0.5,1.0,0,,,4,0.25,1.0,2,0.5,1.0,0,,,2,0.5,1.0,4,0.25,1.0,0.0,,0.8090909090909091,10,0.3,0.9,0,,,0,,,0.23809523809523808,1.4350845252893227,-0.14285714285714288,0.627906976744186,0.23255813953488372,0.5555555555555556,1.0,39630.555555555555,-2.2015812867267845,0.1285714285714286,0.7777777777777778,2.0,0.8888888888888888,0.9444444444444444,1.0,0.14436117145095473,0.31122066253558694,2.0
Laurel Park,2026-09-28,2,Race 2 - Claiming,1609.0,"3YO+, Claiming","{'eventId': '3438942', 'overall': 'Soft', 'rating': None, 'surface': 'Dirt', '__typename': 'TrackCondition'}",Dirt,,25619.0,6.0,False,1.0,1.0,57.25,,,73.0,Magnificent Rags,5.0,Gelding,dk b/br,Union Rags,Magnificent Song,113850.0,Jeiron Barbosa,"Michael E. Jones, Jr.",False,0.46,20.0,S,n,4.5,16,4.724375,1.09,7.8,1.6386464259793811,13,1.01,4.0,1.01,6.0,0.0,5.0,3.8,2.0,7.0,0.0,0.6,0.4,10.02,7.65,40.2,85.75,85.0,0.0,3.0,2.0,0.0,1.0,-3.6666666666666665,6.0,38.0,-66.0,73.0,113850.0,7116.0,13.0,24.0,5.0,14.0,,,,,,16,0.0625,0.375,8,0.125,0.625,2,0.0,0.0,7,0.0,0.5714285714285714,0,0.0,,0,0.0,,3,0.0,1.0,0,0.0,,4,0.0,0.75,4,0.0,0.25,3,0.0,0.3333333333333333,7,0.0,0.1428571428571428,2,0.0,0.5,0,,,0,,,0,0.0,,9,0.0,0.2222222222222222,0.0,,0.8090909090909091,16,0.0625,0.375,0,,,2,0.0,1.0,0.2222222222222222,1.5040773967762742,2.9603960396039604,1.4202936896414868,0.2116682100806985,0.16666666666666666,0.16666666666666666,4269.833333333333,1.2585395423160748,0.10222222222222221,0.8333333333333334,3.0,0.7142857142857143,0.75,0.7142857142857143,0.307579460253035,0.1954084087923977,3.0
Laurel Park,2026-09-28,2,Race 2 - Claiming,1609.0,"3YO+, Claiming","{'eventId': '3438942', 'overall': 'Soft', 'rating': None, 'surface': 'Dirt', '__typename': 'TrackCondition'}",Dirt,,25619.0,6.0,False,2.0,2.0,57.25,,-3.25,78.0,Veneto,4.0,Gelding,dk b/br,Unified,Bambola Di Pezza,114364.0,Leandro M. Briceno,Jose Corrales,False,1.0,25.0,S,n,2.3,16,61.39125,1.6,950.0,229.43797110752507,12,1.01,2.15,1.01,1.0,1.0,5.0,3.0,1.0,6.0,0.2,0.8,0.4,6.6,4.556,92.2,74.25,76.0,2.0,0.0,1.0,1.0,1.0,0.8333333333333335,7.0,67.0,-78.0,78.0,98223.0,6548.0,0.0,16.0,3.0,2.63,,,,,,15,0.0666666666666666,0.6666666666666666,3,0.3333333333333333,1.0,3,0.3333333333333333,1.0,4,0.0,0.5,12,0.0,0.6666666666666666,4,0.0,0.5,0,0.0,,0,0.0,,2,0.5,0.5,2,0.0,1.0,2,0.0,0.5,12,0.0833333333333333,0.5833333333333334,3,0.0,1.0,0,,,0,,,0,0.0,,15,0.0666666666666666,0.6666666666666666,3.0,0.3333333333333333,1.0,15,0.0666666666666666,0.6666666666666666,0,,,1,0.0,1.0,0.4347826086956522,0.8329091229351039,1.1287128712871286,15.448455602386334,0.016288966261478632,0.3333333333333333,0.3333333333333333,4269.833333333333,1.2585395423160748,0.4347826086956522,1.0,2.0,0.8571428571428571,1.0,1.0,0.307579460253035,0.3086418916509322,1.0
Laurel Park,2026-09-28,2,Race 2 - Claiming,1609.0,"3YO+, Claiming","{'eventId': '3438942', 'overall': 'Soft', 'rating': None, 'surface': 'Dirt', '__typename': 'TrackCondition'}",Dirt,,25619.0,6.0,False,3.0,3.0,55.25,,,63.0,Uncle Grey,5.0,Gelding,gr/ro,Biblical,Eleanor'S Empress,60283.0,Leonardo Corujo,Timothy M. Vick,False,0.01,2.0,S,tn,14.0,16,12.118125,1.09,24.0,4.356638926325545,10,1.01,12.0,1.01,5.0,0.0,5.0,4.2,2.0,8.0,0.0,0.4,0.2,12.35,20.3,25.2,57.333333333333336,51.0,1.0,2.0,0.0,0.0,0.0,2.833333333333333,4.0,15.0,-69.0,63.0,60283.0,2233.0,9.0,22.0,2.0,5.5,,,,,,27,0.037037037037037,0.1481481481481481,16,0.0,0.125,3,0.0,0.6666666666666666,11,0.0,0.2727272727272727,23,0.0434782608695652,0.0869565217391304,9,0.0,0.1111111111111111,5,0.0,0.0,0,0.0,,2,0.0,0.0,2,0.0,0.0,2,0.0,0.0,15,0.0,0.1333333333333333,5,0.2,0.4,0,,,0,,,0,0.0,,20,0.05,0.2,0.0,,0.8090909090909091,27,0.037037037037037,0.1481481481481481,0,,,2,0.0,0.0,0.07142857142857142,2.6390573296152584,10.881188118811881,1.8905565011088763,0.08252101707153542,0.5,0.5,4269.833333333333,-0.046612575641334725,0.0007142857142857143,0.16666666666666666,7.0,0.14285714285714285,0.4166666666666667,0.2857142857142857,0.307579460253035,0.05801685598294412,6.0
Laurel Park,2026-09-28,2,Race 2 - Claiming,1609.0,"3YO+, Claiming","{'eventId': '3438942', 'overall': 'Soft', 'rating': None, 'surface': 'Dirt', '__typename': 'TrackCondition'}",Dirt,,25619.0,6.0,False,4.0,4.0,53.5,,,67.0,Paynted Lion,3.0,Gelding,dk b/br,Paynter,Lionheart Champion,63458.0,Jose A. Batista,Nesvil Hernan Bailon,False,0.44,20.0,S,tcdn,7.0,16,6.168125,1.09,8.4,1.4347439612610329,7,1.01,6.0,1.01,4.0,0.0,5.0,4.2,3.0,6.0,0.0,0.4,0.0,7.95,21.2,40.4,58.4,71.0,4.0,2.0,1.0,0.0,1.0,1.166666666666667,7.0,47.0,-47.0,67.0,61665.0,4111.0,18.0,10.0,3.0,11.0,,,,,,15,0.0666666666666666,0.4666666666666667,11,0.0909090909090909,0.5454545454545454,1,0.0,1.0,7,0.1428571428571428,0.4285714285714285,9,0.1111111111111111,0.5555555555555556,5,0.2,0.4,1,0.0,0.0,0,0.0,,3,0.0,0.3333333333333333,2,0.0,0.5,2,0.0,0.5,4,0.0,0.25,0,,,1,0.0,1.0,0,,,1,0.0,1.0,4,0.0,0.25,0.0,,0.8090909090909091,15,0.0666666666666666,0.4666666666666667,0,,,3,0.0,0.3333333333333333,0.14285714285714285,1.9459101490553132,4.9405940594059405,1.1851251393251596,0.16212382206910528,0.6666666666666666,0.6666666666666666,4269.833333333333,-1.1886206788540679,0.06285714285714285,0.6666666666666666,5.0,0.42857142857142855,0.4166666666666667,0.8571428571428571,0.307579460253035,0.12246196421034032,4.0
Laurel Park,2026-09-28,2,Race 2 - Claiming,1609.0,"3YO+, Claiming","{'eventId': '3438942', 'overall': 'Soft', 'rating': None, 'surface': 'Dirt', '__typename': 'TrackCondition'}",Dirt,,25619.0,6.0,False,5.0,5.0,55.25,,,65.0,Furious George,4.0,Gelding,dk b/br,Holy Boss,Betty'S Storm,58360.0,Matilda Burnham,Damon R. Dilodovico,False,0.34,2.0,S,,8.0,16,7.418125,1.09,10.0,1.748407199245931,12,1.01,7.0,1.01,2.0,0.0,5.0,4.2,1.0,10.0,0.2,0.6,0.4,12.010000000000002,10.36,38.0,55.25,54.0,2.0,0.0,0.0,1.0,1.0,4.5,5.0,24.0,-91.0,65.0,53236.0,2535.0,9.0,21.0,1.0,1.8,,,,,,21,0.0476190476190476,0.238095238095238,13,0.0769230769230769,0.3076923076923077,2,0.5,1.0,2,0.0,0.0,17,0.0,0.1176470588235294,2,0.0,0.0,4,0.0,0.0,0,0.0,,2,0.0,0.5,2,0.0,0.5,2,0.5,0.5,8,0.125,0.375,5,0.0,0.0,1,0.0,1.0,0,,,1,0.0,1.0,13,0.0769230769230769,0.2307692307692307,2.0,0.5,0.5,21,0.0476190476190476,0.238095238095238,0,,,0,,,0.125,2.0794415416798357,5.930693069306931,1.2011121408711771,0.13480495408206253,0.8333333333333334,0.8333333333333334,4269.833333333333,-0.046612575641334725,0.0425,0.5,6.0,0.2857142857142857,0.75,0.5714285714285714,0.307579460253035,0.09502536259017935,5.0
Laurel Park,2026-09-28,2,Race 2 - Claiming,1609.0,"3YO+, Claiming","{'eventId': '3438942', 'overall': 'Soft', 'rating': None, 'surface': 'Dirt', '__typename': 'TrackCondition'}",Dirt,,25619.0,6.0,False,7.0,7.0,53.5,,-3.25,88.0,Coco No Loco,3.0,Gelding,dk b/br,Global Campaign,Classy Coco,63579.0,Taylor Kingsley,Gerard Galligan,False,0.26,5.0,S,n,6.0,16,5.449375,1.09,8.8,2.118476660096825,11,1.01,3.8,1.01,3.0,0.0,5.0,4.2,1.0,6.0,0.2,0.2,0.2,4.1,16.0,72.4,66.6,74.0,0.0,4.0,2.0,0.0,1.0,-2.1666666666666665,11.0,22.0,-56.0,88.0,61017.0,6780.0,0.0,20.0,6.0,26.0,,,,,,9,0.1111111111111111,0.2222222222222222,5,0.2,0.2,2,0.0,0.0,6,0.0,0.0,0,0.0,,0,0.0,,2,0.5,0.5,0,0.0,,2,0.0,0.5,2,0.5,0.5,2,0.0,0.0,1,0.0,0.0,1,0.0,1.0,0,,,0,,,0,0.0,,2,0.0,0.5,0.0,,0.8090909090909091,9,0.1111111111111111,0.2222222222222222,0,,,2,0.0,0.0,0.16666666666666666,1.791759469228055,2.762376237623762,1.4148411515082007,0.1835072829452919,1.1666666666666667,1.1666666666666667,4269.833333333333,-1.1886206788540679,0.043333333333333335,0.3333333333333333,4.0,0.5714285714285714,0.16666666666666666,0.42857142857142855,0.307579460253035,0.22044551677320628,2.0
Gulfstream,2026-09-28,2,Race 2 - Maiden Claiming,1609.0,"2YO, Maiden, Claiming","{'eventId': '3438933', 'overall': None, 'rating': None, 'surface': 'Turf', '__typename': 'TrackCondition'}",Turf,,47681.0,7.0,False,1.0,1.0,54.5,,,64.0,Bandari,2.0,Gelding,b,Roadster,Union Lane,18855.0,Renzo Rojas,Herbert Miller,False,0.95,6.0,S,,3.3,16,5.696875,1.6,17.3,5.508302504799006,11,1.01,3.0,1.01,2.0,0.0,1.0,2.0,2.0,2.0,0.0,1.0,1.0,2.25,26.0,0.0,78.0,78.0,1.0,0.0,1.0,0.0,1.0,0.1666666666666667,0.0,100.0,-100.0,64.0,9318.0,9318.0,8.0,22.0,2.0,26.0,,,,,,1,0.0,1.0,1,0.0,1.0,1,0.0,1.0,0,0.0,,1,0.0,1.0,0,0.0,,1,0.0,1.0,0,0.0,,1,0.0,1.0,0,,,0,,,1,0.0,1.0,0,,,0,,,0,,,0,0.0,,1,0.0,1.0,0.0,,0.8090909090909091,1,0.0,1.0,0,,,1,0.0,1.0,0.30303030303030304,1.1939224684724346,1.9702970297029703,2.7558968732857925,0.1755348326933626,0.14285714285714285,0.14285714285714285,6811.571428571428,0.0,0.2878787878787879,0.8571428571428571,2.0,0.875,1.0,1.0,0.270296337445498,0.19739752858300358,3.0
Gulfstream,2026-09-28,2,Race 2 - Maiden Claiming,1609.0,"2YO, Maiden, Claiming","{'eventId': '3438933', 'overall': None, 'rating': None, 'surface': 'Turf', '__typename': 'TrackCondition'}",Turf,,47681.0,7.0,False,3.0,3.0,54.5,,,98.0,Bro,2.0,Colt,ch,Catalina Cruiser,Brenna'S Song,0.0,Diego A. Herrera,Joseph F. Orseno,False,1.0,1.0,,,7.0,16,67.79375,1.1,1000.0,240.7009411820766,12,1.01,6.5,1.01,7.0,0.0,,4.6,2.0,,0.0,0.4,0.2,,12.2,25.8,,79.0,1.0,1.0,,0.0,,0.1666666666666667,0.0,0.0,0.0,98.0,0.0,0.0,17.0,21.0,5.0,10.0,,,,,,0,0.08,0.375,0,0.0,,0,0.0,,0,0.0,,0,0.0,,0,0.0,,0,0.0,,0,0.0,,0,0.0,,0,,,0,,,0,,,0,,,0,,,0,,,0,0.0,,0,0.0,,0.0,,0.8090909090909091,0,,,0,,,0,,,0.14285714285714285,1.9459101490553132,5.435643564356436,14.734396607356873,0.014750622291877938,0.42857142857142855,0.42857142857142855,6811.571428571428,0.0,0.14285714285714285,1.0,6.0,0.375,0.5416666666666666,0.4375,0.270296337445498,0.07344198962302603,5.0
Gulfstream,2026-09-28,2,Race 2 - Maiden Claiming,1609.0,"2YO, Maiden, Claiming","{'eventId': '3438933', 'overall': None, 'rating': None, 'surface': 'Turf', '__typename': 'TrackCondition'}",Turf,,47681.0,7.0,False,4.0,4.0,54.5,,,60.0,Power Royal,2.0,Colt,b,Higher Power,Royal Raja,557.0,"Pedro Monterrey, Jr.",Frank Santillana,False,0.1,6.0,S,,26.0,16,78.96875,1.1,1000.0,237.9437793858825,14,1.01,20.0,1.01,6.0,0.0,1.0,7.0,7.0,7.0,0.0,0.0,0.0,11.5,34.0,0.0,73.0,73.0,1.0,1.0,1.0,0.0,1.0,0.1666666666666667,0.0,0.0,-100.0,60.0,557.0,557.0,0.0,28.0,7.0,34.0,,,,,,1,0.0,0.0,1,0.0,0.0,1,0.0,0.0,1,0.0,0.0,1,0.0,0.0,1,0.0,0.0,1,0.0,0.0,0,0.0,,1,0.0,0.0,0,,,0,,,0,,,1,0.0,0.0,0,,,0,,,0,0.0,,1,0.0,0.0,0.0,,0.8090909090909091,1,0.0,0.0,0,,,1,0.0,0.0,0.038461538461538464,3.258096538021482,18.801980198019802,12.649307479224376,0.012663237039968342,0.5714285714285714,0.5714285714285714,6811.571428571428,0.0,0.0038461538461538464,0.42857142857142855,8.0,0.125,0.4,0.4375,0.270296337445498,0.05859185422981462,7.0
Gulfstream,2026-09-28,2,Race 2 - Maiden Claiming,1609.0,"2YO, Maiden, Claiming","{'eventId': '3438933', 'overall': None, 'rating': None, 'surface': 'Turf', '__typename': 'TrackCondition'}",Turf,,47681.0,7.0,False,5.0,5.0,54.5,,,48.0,Save Our Soul,2.0,Gelding,b,Modernist,Gulchic,3937.0,Rasheed Hughes,Gerald James,False,0.03,6.0,S,o,23.0,16,81.025,1.1,1000.0,237.3306962341787,12,1.01,19.0,1.01,4.0,0.0,1.0,8.0,8.0,8.0,0.0,0.0,0.0,23.0,21.0,0.0,72.0,72.0,1.0,0.0,1.0,0.0,1.0,0.1666666666666667,0.0,0.0,-100.0,48.0,599.0,599.0,0.0,15.0,8.0,21.0,,,,,,1,0.0,0.0,1,0.0,0.0,1,0.0,0.0,0,0.0,,1,0.0,0.0,0,0.0,,0,0.0,,0,0.0,,1,0.0,0.0,0,,,0,,,0,,,1,0.0,0.0,0,,,0,,,0,0.0,,1,0.0,0.0,0.0,,0.8090909090909091,1,0.0,0.0,0,,,1,0.0,0.0,0.043478260869565216,3.1354942159291497,17.81188118811881,12.32829373650108,0.01234186979327368,0.7142857142857143,0.7142857142857143,6811.571428571428,0.0,0.0013043478260869564,0.2857142857142857,7.0,0.25,0.4,0.4375,0.270296337445498,0.061211159587436434,6.0
Gulfstream,2026-09-28,2,Race 2 - Maiden Claiming,1609.0,"2YO, Maiden, Claiming","{'eventId': '3438933', 'overall': None, 'rating': None, 'surface': 'Turf', '__typename': 'TrackCondition'}",Turf,,47681.0,7.0,False,6.0,6.0,54.5,,,53.0,Tulio,2.0,Colt,gr/ro,Knicks Go,Devine Mischief,12345.0,Leonel Reyes,Fausto Gutierrez,False,0.52,3.0,S,,6.0,16,68.390625,3.0,1000.0,240.553840269407,15,1.01,5.0,1.01,3.0,0.0,3.0,5.333333333333333,3.0,8.0,0.0,0.3333333333333333,0.0,13.583333333333334,27.33333333333333,13.666666666666666,51.0,44.0,1.0,1.0,3.0,0.0,1.0,4.0,0.0,33.0,-100.0,53.0,7577.0,2526.0,24.0,22.0,3.0,7.5,,,,,,3,0.0,0.3333333333333333,3,0.0,0.3333333333333333,2,0.0,0.5,1,0.0,0.0,1,0.0,1.0,0,0.0,,1,0.0,1.0,0,0.0,,1,0.0,0.0,1,0.0,0.0,1,0.0,1.0,1,0.0,1.0,0,,,0,,,0,,,0,0.0,,1,0.0,1.0,0.0,,0.8090909090909091,3,0.0,0.3333333333333333,0,,,3,0.0,0.3333333333333333,0.16666666666666666,1.791759469228055,3.9504950495049505,14.578021475896733,0.01462188713730866,0.8571428571428571,0.8571428571428571,6811.571428571428,0.0,0.08666666666666667,0.7142857142857143,5.0,0.5,0.8,0.875,0.270296337445498,0.15320653159493428,4.0
Gulfstream,2026-09-28,2,Race 2 - Maiden Claiming,1609.0,"2YO, Maiden, Claiming","{'eventId': '3438933', 'overall': None, 'rating': None, 'surface': 'Turf', '__typename': 'TrackCondition'}",Turf,,47681.0,7.0,False,7.0,7.0,54.5,,,61.0,Eh Han,2.0,Colt,b,Roadster,Mlle. Minuit,6091.0,Yolber Torres,Guillermo A. Rangel,False,0.01,2.0,S,,5.0,16,66.325,2.2,1000.0,241.07593072515556,16,1.01,4.6,1.01,5.0,0.0,4.0,5.25,5.0,6.0,0.0,0.0,0.0,12.0,23.0,19.5,62.0,59.0,4.0,1.0,4.0,0.0,1.0,0.5,0.0,0.0,-100.0,61.0,6091.0,1523.0,22.0,28.0,5.0,17.0,,,,,,4,0.0,0.0,4,0.0,0.0,2,0.0,0.0,1,0.0,0.0,4,0.0,0.0,1,0.0,0.0,2,0.0,0.0,0,0.0,,1,0.0,0.0,1,0.0,0.0,1,0.0,0.0,2,0.0,0.0,1,0.0,0.0,0,,,0,,,0,0.0,,3,0.0,0.0,0.0,,0.8090909090909091,4,0.0,0.0,0,,,4,0.0,0.0,0.2,1.6094379124341003,3.5544554455445545,15.044101017715793,0.015077271013946476,1.0,1.0,6811.571428571428,0.0,0.002,0.14285714285714285,4.0,0.625,0.4,0.4375,0.270296337445498,0.20412901890900048,2.0
Gulfstream,2026-09-28,2,Race 2 - Maiden Claiming,1609.0,"2YO, Maiden, Claiming","{'eventId': '3438933', 'overall': None, 'rating': None, 'surface': 'Turf', '__typename': 'TrackCondition'}",Turf,,47681.0,7.0,False,8.0,8.0,54.5,,-3.25,89.0,Megaplumb,2.0,Gelding,ch,Known Agenda,Heart'S Song,30041.0,Pedro Pena,Armando De La Cerda,False,0.48,6.0,,,3.6,16,66.42812500000001,3.05,1000.0,241.0511602652731,16,1.01,3.5,1.01,1.0,1.0,,4.6,2.0,,0.0,0.4,0.2,,12.2,25.8,,79.0,1.0,1.0,,0.0,,0.1666666666666667,0.0,0.0,0.0,89.0,0.0,0.0,0.0,21.0,5.0,10.0,,,,,,0,0.08,0.375,0,0.0,,0,0.0,,0,0.0,,0,0.0,,0,0.0,,0,0.0,,0,0.0,,0,0.0,,0,,,0,,,0,,,0,,,0,,,0,,,0,0.0,,0,0.0,,0.0,,0.8090909090909091,0,,,0,,,0,,,0.2777777777777778,1.2809338454620642,2.4653465346534653,15.007950322246788,0.015053864609305169,1.1428571428571428,1.1428571428571428,6811.571428571428,0.0,0.13333333333333333,0.5714285714285714,3.0,0.75,0.5416666666666666,0.4375,0.270296337445498,0.25202191747278463,1.0
Churchill Downs,2026-09-28,2,Race 2 - Maiden Special Weight,1710.0,"3YO+, Fillies & Mares, Maiden, Spec. Weight","{'eventId': '3437975', 'overall': None, 'rating': None, 'surface': 'Dirt', '__typename': 'TrackCondition'}",Dirt,,170796.0,6.0,False,1.0,1.0,54.5,,,84.0,Skyforge,3.0,Filly,ch,Gun Runner,Awesome Flower,51153.0,Tyler Gaffalione,Steven M. Asmussen,False,1.0,20.0,S,,2.3,9,114.25,2.15,1000.0,313.1762265704229,13,2.0,2.15,1.83,3.0,0.0,4.0,3.5,2.0,5.0,0.0,0.5,0.5,6.566666666666666,6.75,27.0,89.0,99.0,0.0,1.0,3.0,0.0,2.0,3.0,0.0,50.0,-100.0,84.0,34072.0,8518.0,20.0,42.0,2.0,10.0,,,,,,4,0.0,0.5,4,0.0,0.5,2,0.0,1.0,1,0.0,0.0,0,0.0,,0,0.0,,0,0.0,,0,0.0,,2,0.0,0.0,1,0.0,1.0,1,0.0,1.0,0,,,0,,,0,,,0,,,0,0.0,,0,0.0,,0.0,,0.8090909090909091,4,0.0,0.5,0,,,3,0.0,0.3333333333333333,0.4347826086956522,0.8329091229351039,0.07499999999999996,8.733916849015317,0.0087527352297593,0.16666666666666666,0.16666666666666666,28466.0,0.0,0.4347826086956522,1.0,1.0,1.0,0.6666666666666666,0.6666666666666666,0.19765770709416533,0.2985236980817364,2.0
Churchill Downs,2026-09-28,2,Race 2 - Maiden Special Weight,1710.0,"3YO+, Fillies & Mares, Maiden, Spec. Weight","{'eventId': '3437975', 'overall': None, 'rating': None, 'surface': 'Dirt', '__typename': 'TrackCondition'}",Dirt,,170796.0,6.0,False,2.0,2.0,54.5,,,80.0,Al Ghadeer,3.0,Filly,dk b/br,Gun Runner,Classofsixtythree,76361.0,Danny Sheehy,Andrew Mckeever,False,0.64,20.0,S,b,4.5,9,6.733333333333333,3.5,27.0,7.170464110192279,21,8.5,4.2,3.5,2.0,0.0,4.0,4.75,3.0,10.0,0.0,0.75,0.0,8.0875,4.8125,54.75,84.25,77.0,2.0,1.0,4.0,1.0,2.0,-3.5,0.0,75.0,-100.0,80.0,42199.0,10550.0,13.0,83.0,3.0,2.25,,,,,,4,0.0,0.75,4,0.0,0.75,0,0.0,,1,0.0,1.0,2,0.0,0.5,0,0.0,,0,0.0,,0,0.0,,2,0.0,1.0,1,0.0,0.0,1,0.0,1.0,1,0.0,1.0,1,0.0,1.0,0,,,0,,,0,0.0,,2,0.0,1.0,1.0,0.0,1.0,4,0.0,0.75,0,,,4,0.0,0.75,0.2222222222222222,1.5040773967762742,-0.5058823529411764,3.49009900990099,0.1485148514851485,0.3333333333333333,0.3333333333333333,28466.0,0.0,0.14222222222222222,0.6666666666666666,3.0,0.6666666666666666,1.0,1.0,0.19765770709416533,0.17196377145336628,3.0
Churchill Downs,2026-09-28,2,Race 2 - Maiden Special Weight,1710.0,"3YO+, Fillies & Mares, Maiden, Spec. Weight","{'eventId': '3437975', 'overall': None, 'rating': None, 'surface': 'Dirt', '__typename': 'TrackCondition'}",Dirt,,170796.0,6.0,False,3.0,3.0,54.5,,,78.0,Twas The Law,3.0,Filly,dk b/br,Tiz The Law,Line Of Vision,2624.0,Ben Curtis,Michael R. Thompson,False,0.1,6.0,S,,23.0,9,26.33333333333333,8.0,70.0,16.117623204982113,16,26.0,21.0,17.0,6.0,0.0,3.0,6.333333333333333,6.0,7.0,0.0,0.0,0.0,11.3,33.5,7.666666666666667,83.66666666666667,77.0,0.0,0.0,2.0,0.0,1.0,1.0,0.0,0.0,-100.0,78.0,2624.0,875.0,100.0,42.0,6.0,10.0,,,,,,3,0.0,0.0,3,0.0,0.0,2,0.0,0.0,0,0.0,,0,0.0,,0,0.0,,0,0.0,,0,0.0,,1,0.0,0.0,1,0.0,0.0,1,0.0,0.0,0,,,0,,,0,,,0,,,0,0.0,,0,0.0,,0.0,,0.8090909090909091,3,0.0,0.0,0,,,2,0.0,0.0,0.043478260869565216,3.1354942159291497,-0.19230769230769232,2.354430379746836,0.037974683544303806,0.5,0.5,28466.0,0.0,0.004347826086956522,0.3333333333333333,5.0,0.3333333333333333,0.25,0.25,0.19765770709416533,0.0531055291586372,5.0
Churchill Downs,2026-09-28,2,Race 2 - Maiden Special Weight,1710.0,"3YO+, Fillies & Mares, Maiden, Spec. Weight","{'eventId': '3437975', 'overall': None, 'rating': None, 'surface': 'Dirt', '__typename': 'TrackCondition'}",Dirt,,170796.0,6.0,False,4.0,4.0,54.5,,,86.0,Twinklee,3.0,Filly,gr/ro,Street Sense,Winter Sunset,48157.0,Edgar Morales,Wayne M. Catalano,False,0.39,1.0,S,b,8.5,9,10.444444444444445,7.5,20.0,4.265132826148719,18,4.0,7.5,3.75,4.0,0.0,5.0,4.8,3.0,7.0,0.0,0.2,0.0,5.66,12.8,33.8,85.8,92.0,2.0,3.0,5.0,1.0,0.0,-0.333333333333333,0.0,14.0,-100.0,86.0,36200.0,5171.0,11.0,79.0,7.0,4.0,,,,,,7,0.0,0.1428571428571428,7,0.0,0.1428571428571428,0,0.0,,4,0.0,0.0,2,0.0,0.5,1,0.0,0.0,3,0.0,0.0,0,0.0,,1,0.0,0.0,1,0.0,0.0,1,0.0,0.0,0,,,0,,,0,,,0,,,0,0.0,,0,0.0,,1.0,0.0,0.0,7,0.0,0.1428571428571428,0,,,7,0.0,0.1428571428571428,0.11764705882352941,2.1400661634962708,0.875,1.1968085106382977,0.09574468085106383,0.6666666666666666,0.6666666666666666,28466.0,0.0,0.04588235294117647,0.5,4.0,0.5,0.5,0.5,0.19765770709416533,0.07733079351261421,4.0
Churchill Downs,2026-09-28,2,Race 2 - Maiden Special Weight,1710.0,"3YO+, Fillies & Mares, Maiden, Spec. Weight","{'eventId': '3437975', 'overall': None, 'rating': None, 'surface': 'Dirt', '__typename': 'TrackCondition'}",Dirt,,170796.0,6.0,False,5.0,5.0,54.5,,,44.0,Got What I Got,3.0,Filly,ch,Curlin,Song Of Mine,10476.0,Jaime A. Torres,Jeff A. Hiles,False,0.01,3.0,S,,29.0,9,27.444444444444443,12.0,48.0,8.642416214502248,19,41.0,26.0,21.0,5.0,0.0,3.0,5.333333333333333,4.0,7.0,0.0,0.0,0.0,21.25,22.666666666666668,85.66666666666667,40.0,38.0,1.0,0.0,3.0,0.0,2.0,-0.5,0.0,0.0,-100.0,44.0,10476.0,3492.0,25.0,127.0,4.0,34.0,,,,,,3,0.0,0.0,2,0.0,0.0,0,0.0,,0,0.0,,1,0.0,0.0,0,0.0,,0,0.0,,0,0.0,,2,0.0,0.0,1,0.0,0.0,0,,,2,0.0,0.0,0,,,0,,,0,,,0,0.0,,2,0.0,0.0,0.0,,0.8090909090909091,3,0.0,0.0,0,,,3,0.0,0.0,0.034482758620689655,3.367295829986474,-0.36585365853658536,1.3117408906882593,0.03643724696356276,0.8333333333333334,0.8333333333333334,28466.0,0.0,0.0003448275862068966,0.16666666666666666,6.0,0.16666666666666666,0.25,0.25,0.19765770709416533,0.04843638338522076,6.0
Churchill Downs,2026-09-28,2,Race 2 - Maiden Special Weight,1710.0,"3YO+, Fillies & Mares, Maiden, Spec. Weight","{'eventId': '3437975', 'overall': None, 'rating': None, 'surface': 'Dirt', '__typename': 'TrackCondition'}",Dirt,,170796.0,6.0,False,6.0,6.0,54.5,,,87.0,She's Our Girl,3.0,Filly,ch,Curlin,Covenant,148889.0,"Brian Joseph Hernandez, Jr.",Peter Eurton,False,0.88,10.0,S,,3.0,9,2.556666666666666,1.22,3.0,0.6635594254557093,24,3.8,2.87,2.75,1.0,1.0,5.0,4.0,3.0,7.0,0.0,0.6,0.0,5.525,6.9375,24.0,88.8,87.0,1.0,0.0,4.0,2.0,1.0,1.666666666666667,0.0,60.0,-100.0,87.0,41280.0,8256.0,0.0,42.0,3.0,10.0,,,,,,5,0.0,0.6,5,0.0,0.6,2,0.0,1.0,0,0.0,,1,0.0,0.0,0,0.0,,0,0.0,,0,0.0,,1,0.0,0.0,1,0.0,0.0,1,0.0,1.0,1,0.0,0.0,0,,,0,,,0,,,0,0.0,,1,0.0,0.0,2.0,0.0,1.0,5,0.0,0.6,0,,,4,0.0,0.5,0.3333333333333333,1.0986122886681098,-0.24473684210526309,0.6962190352020862,0.3911342894393743,1.0,1.0,28466.0,0.0,0.29333333333333333,0.8333333333333334,2.0,0.8333333333333334,0.8333333333333334,0.8333333333333334,0.19765770709416533,0.3506398244084251,1.0
Istanbul,2026-09-27,2,Race 2,1400.0,,"{'eventId': '3438736', 'overall': 'Good', 'rating': None, 'surface': 'All Weather', '__typename': 'TrackCondition'}",All Weather,,30572.0,12.0,False,1.0,2.0,54.0,,-3.0,81.0,Alander,3.0,Colt,ch,Afrikaander,Al Seray,3786.0,R. Ketme,N. Gunduz,False,0.28,6.0,S,o,19.0,15,14.706666666666669,13.0,19.0,1.4748860596293154,14,17.0,13.0,12.0,4.0,0.0,2.0,7.0,4.0,10.0,0.0,0.0,0.0,17.025,12.2,4.5,,79.0,0.0,0.0,2.0,0.0,1.0,0.1666666666666667,0.0,0.0,-100.0,79.0,2039.0,1020.0,25.0,0.0,10.0,10.0,,,,,,2,0.0,0.0,2,0.0,0.0,2,0.0,0.0,0,0.0,,0,0.0,,0,0.0,,0,0.0,,0,0.0,,1,0.0,0.0,1,0.0,0.0,0,,,0,,,1,0.0,0.0,0,,,0,,,0,0.0,,1,0.0,0.0,0.0,,0.8090909090909091,2,0.0,0.0,0,,,0,,,0.05263157894736842,2.9444389791664403,-0.23529411764705882,0.4079782411604714,0.06799637352674523,0.16666666666666666,0.08333333333333333,2547.6666666666665,-0.3651483714701095,0.01473684210526316,0.4166666666666667,7.0,0.5,0.5,0.5,0.1117174397916605,0.0341826021895435,7.0
Istanbul,2026-09-27,2,Race 2,1400.0,,"{'eventId': '3438736', 'overall': 'Good', 'rating': None, 'surface': 'All Weather', '__typename': 'TrackCondition'}",All Weather,,30572.0,12.0,False,2.0,10.0,57.0,,,81.0,Altın Adam,3.0,Colt,gr,Özhaber,Kuruşun Kızı,19929.0,G. Ozcelik,Guv. Gokce,False,0.01,6.0,S,,8.5,15,8.26,8.0,8.5,0.2244994432064365,7,8.0,8.0,7.5,1.0,1.0,5.0,6.4,4.0,11.0,0.0,0.0,0.0,13.1,12.2,14.0,,79.0,3.0,1.0,5.0,0.0,0.0,0.666666666666667,0.0,0.0,-100.0,79.0,2459.0,410.0,0.0,0.0,6.0,10.0,,,,,,6,0.0,0.0,6,0.0,0.0,3,0.0,0.0,1,0.0,0.0,4,0.0,0.0,0,0.0,,1,0.0,0.0,0,0.0,,1,0.0,0.0,1,0.0,0.0,1,0.0,0.0,0,,,5,0.0,0.0,0,,,0,,,0,0.0,,5,0.0,0.0,0.0,,0.8090909090909091,6,0.0,0.0,0,,,0,,,0.11764705882352941,2.1400661634962708,0.0,0.06053268765133172,0.12106537530266344,0.8333333333333334,0.16666666666666666,2547.6666666666665,1.278019300145389,0.0011764705882352942,0.08333333333333333,3.0,0.8333333333333334,0.5,0.5,0.1117174397916605,0.08293113992314677,3.0
Istanbul,2026-09-27,2,Race 2,1400.0,,"{'eventId': '3438736', 'overall': 'Good', 'rating': None, 'surface': 'All Weather', '__typename': 'TrackCondition'}",All Weather,,30572.0,12.0,False,3.0,9.0,57.0,,,81.0,Büyük Destan,3.0,Colt,ch,Berksoy,Duruat,5708.0,E. Aktug,Ser. Yıldız,False,1.0,2.0,S,,3.1,15,2.9966666666666666,2.7,3.8,0.4165199741775763,13,3.9,2.7,2.5,3.0,0.0,3.0,5.666666666666667,5.0,7.0,0.0,0.0,0.0,6.433333333333334,12.2,9.0,,79.0,1.0,0.0,3.0,0.0,1.0,-1.0,0.0,0.0,-100.0,79.0,2214.0,738.0,0.0,0.0,7.0,10.0,,,,,,3,0.0,0.0,3,0.0,0.0,0,0.0,,0,0.0,,1,0.0,0.0,0,0.0,,2,0.0,0.0,0,0.0,,1,0.0,0.0,1,0.0,0.0,1,0.0,0.0,0,,,2,0.0,0.0,1,0.0,0.0,0,,,1,0.0,0.0,2,0.0,0.0,0.0,,0.8090909090909091,3,0.0,0.0,0,,,0,,,0.3225806451612903,1.1314021114911006,-0.30769230769230765,0.36707452725250267,0.33370411568409347,0.75,0.25,2547.6666666666665,1.278019300145389,0.3225806451612903,1.0,2.0,0.9166666666666666,0.5,0.5,0.1117174397916605,0.2702039740177513,2.0
Istanbul,2026-09-27,2,Race 2,1400.0,,"{'eventId': '3438736', 'overall': 'Good', 'rating': None, 'surface': 'All Weather', '__typename': 'TrackCondition'}",All Weather,,30572.0,12.0,False,4.0,6.0,55.0,,-2.0,81.0,Kamalı Beyi,3.0,Colt,gr,Baba Mevlüt,Pers Aslanı,0.0,Er. Cankılıç,O. Bozyel,False,0.26,6.0,S,o,51.0,15,45.24666666666667,34.0,57.9,7.462427367969634,9,31.0,34.0,29.0,12.0,0.0,1.0,9.0,9.0,9.0,0.0,0.0,0.0,11.0,12.2,0.0,,79.0,1.0,0.0,1.0,0.0,1.0,0.1666666666666667,0.0,0.0,-100.0,79.0,0.0,0.0,0.0,0.0,9.0,10.0,,,,,,1,0.0,0.0,1,0.0,0.0,0,0.0,,0,0.0,,1,0.0,0.0,0,0.0,,0,0.0,,0,0.0,,1,0.0,0.0,0,,,0,,,0,,,1,0.0,0.0,0,,,0,,,0,0.0,,1,0.0,0.0,0.0,,0.8090909090909091,1,0.0,0.0,0,,,0,,,0.0196078431372549,3.9318256327243257,0.0967741935483871,0.5282157064977162,0.0221010755856785,0.5,0.3333333333333333,2547.6666666666665,0.18257418573505668,0.005098039215686275,0.3333333333333333,9.0,0.3333333333333333,0.5,0.5,0.1117174397916605,0.02929820234021948,8.0
Istanbul,2026-09-27,2,Race 2,1400.0,,"{'eventId': '3438736', 'overall': 'Good', 'rating': None, 'surface': 'All Weather', '__typename': 'TrackCondition'}",All Weather,,30572.0,12.0,False,5.0,12.0,57.0,,,81.0,Karanlık,3.0,Colt,gr,Taliphan,Fülane,13864.0,T. Yıldız,B. Çapkın,False,0.3,6.0,S,,2.1,15,2.183333333333333,1.95,2.9,0.3613247231446466,7,1.95,1.95,1.8,5.0,0.0,5.0,6.8,2.0,10.0,0.0,0.2,0.2,8.7,12.2,14.0,,79.0,4.0,0.0,5.0,0.0,0.0,2.166666666666667,0.0,33.0,-100.0,79.0,12991.0,2165.0,0.0,0.0,2.0,10.0,,,,,,6,0.0,0.3333333333333333,6,0.0,0.3333333333333333,3,0.0,0.3333333333333333,0,0.0,,5,0.0,0.4,0,0.0,,3,0.0,0.3333333333333333,0,0.0,,1,0.0,1.0,1,0.0,0.0,1,0.0,0.0,0,,,5,0.0,0.4,0,,,0,,,0,0.0,,5,0.0,0.4,0.0,,0.8090909090909091,6,0.0,0.3333333333333333,0,,,0,,,0.47619047619047616,0.7419373447293773,0.0,0.4351145038167939,0.45801526717557256,1.0,0.4166666666666667,2547.6666666666665,1.278019300145389,0.14285714285714285,0.5833333333333334,1.0,1.0,1.0,1.0,0.1117174397916605,0.3120121193033115,1.0
Istanbul,2026-09-27,2,Race 2,1400.0,,"{'eventId': '3438736', 'overall': 'Good', 'rating': None, 'surface': 'All Weather', '__typename': 'TrackCondition'}",All Weather,,30572.0,12.0,False,6.0,11.0,53.0,,-4.0,81.0,Tuguntay,3.0,Colt,ch,Taykut,Gülümayşe,0.0,R. Yıldız,A. Karatoprak,False,0.29,6.0,S,o,91.0,15,60.26,29.3,91.0,18.166738837777128,9,51.0,61.0,51.0,8.0,0.0,2.0,9.0,8.0,10.0,0.0,0.0,0.0,9.5,12.2,5.0,,79.0,2.0,0.0,2.0,0.0,1.0,0.1666666666666667,0.0,0.0,-100.0,79.0,0.0,0.0,0.0,0.0,10.0,10.0,,,,,,2,0.0,0.0,2,0.0,0.0,2,0.0,0.0,0,0.0,,2,0.0,0.0,0,0.0,,1,0.0,0.0,0,0.0,,1,0.0,0.0,1,0.0,0.0,0,,,0,,,2,0.0,0.0,0,,,0,,,0,0.0,,2,0.0,0.0,0.0,,0.8090909090909091,2,0.0,0.0,0,,,0,,,0.01098901098901099,4.51085950651685,0.19607843137254902,1.0238964487222038,0.01659475605708596,0.9166666666666666,0.5,2547.6666666666665,-0.9128709286752756,0.003186813186813187,0.5,12.0,0.08333333333333333,0.5,0.5,0.1117174397916605,0.028982437969714385,9.0
Istanbul,2026-09-27,2,Race 2,1400.0,,"{'eventId': '3438736', 'overall': 'Good', 'rating': None, 'surface': 'All Weather', '__typename': 'TrackCondition'}",All Weather,,30572.0,12.0,False,7.0,4.0,51.0,,-4.0,81.0,Aykısrak,3.0,Filly,gr,Madrabaz,Serapkız,0.0,B. Bulbul,S. Keresteci,False,0.49,6.0,S,,51.0,15,37.75333333333333,26.1,51.0,6.860113377747889,11,31.0,34.0,26.0,11.0,0.0,1.0,8.0,8.0,8.0,0.0,0.0,0.0,14.0,12.2,0.0,,79.0,1.0,0.0,1.0,0.0,1.0,0.1666666666666667,0.0,0.0,-100.0,79.0,0.0,0.0,0.0,0.0,8.0,10.0,,,,,,1,0.0,0.0,1,0.0,0.0,1,0.0,0.0,0,0.0,,1,0.0,0.0,0,0.0,,0,0.0,,0,0.0,,1,0.0,0.0,0,,,0,,,0,,,0,,,0,,,0,,,0,0.0,,0,0.0,,0.0,,0.8090909090909091,1,0.0,0.0,0,,,0,,,0.0196078431372549,3.9318256327243257,0.0967741935483871,0.6595444110895285,0.026487727352993116,0.3333333333333333,0.5833333333333334,2547.6666666666665,-2.008316043085608,0.009607843137254901,0.75,9.0,0.3333333333333333,0.5,0.5,0.1117174397916605,0.02695549304187937,10.0
Istanbul,2026-09-27,2,Race 2,1400.0,,"{'eventId': '3438736', 'overall': 'Good', 'rating': None, 'surface': 'All Weather', '__typename': 'TrackCondition'}",All Weather,,30572.0,12.0,False,8.0,5.0,55.0,,,81.0,Çınaraltı Kızı,3.0,Filly,gr,Demirturbo,Zülal,10325.0,A. Yıldız,A. Avcı,False,0.78,2.0,S,,11.0,15,9.433333333333334,7.0,11.0,1.302134998974974,10,9.0,9.0,7.5,2.0,0.0,5.0,5.4,4.0,6.0,0.0,0.0,0.0,7.8,12.2,11.0,,79.0,2.0,2.0,5.0,0.0,1.0,-1.0,0.0,0.0,-100.0,79.0,3337.0,667.0,100.0,0.0,6.0,10.0,,,,,,5,0.0,0.0,5,0.0,0.0,3,0.0,0.0,2,0.0,0.0,2,0.0,0.0,1,0.0,0.0,2,0.0,0.0,0,0.0,,1,0.0,0.0,1,0.0,0.0,1,0.0,0.0,0,,,5,0.0,0.0,0,,,0,,,0,0.0,,5,0.0,0.0,0.0,,0.8090909090909091,5,0.0,0.0,0,,,0,,,0.09090909090909091,2.3978952727983707,0.0,0.42402826855123676,0.10600706713780919,0.4166666666666667,0.6666666666666666,2547.6666666666665,0.18257418573505668,0.07090909090909091,0.9166666666666666,5.0,0.6666666666666666,0.5,0.5,0.1117174397916605,0.06022665422628059,5.0
Istanbul,2026-09-27,2,Race 2,1400.0,,"{'eventId': '3438736', 'overall': 'Good', 'rating': None, 'surface': 'All Weather', '__typename': 'TrackCondition'}",All Weather,,30572.0,12.0,False,9.0,8.0,55.0,,,81.0,Gökşenim,3.0,Filly,ch,Kayayürekli,Aybeniz,0.0,A. Kacmaz,Mur. Akkılıç,False,0.25,6.0,S,bo,9.0,15,7.693333333333332,7.0,9.0,0.6115190557583269,8,11.0,7.0,7.0,7.0,0.0,1.0,9.0,9.0,9.0,0.0,0.0,0.0,6.5,12.2,0.0,,79.0,1.0,0.0,1.0,1.0,1.0,0.1666666666666667,0.0,0.0,-100.0,79.0,0.0,0.0,0.0,0.0,9.0,10.0,,,,,,1,0.0,0.0,1,0.0,0.0,1,0.0,0.0,0,0.0,,1,0.0,0.0,0,0.0,,1,0.0,0.0,0,0.0,,1,0.0,0.0,0,,,0,,,0,,,0,,,0,,,0,,,0,0.0,,0,0.0,,1.0,0.0,0.0,1,0.0,0.0,0,,,0,,,0.1111111111111111,2.1972245773362196,-0.36363636363636365,0.2599653379549394,0.1299826689774697,0.6666666666666666,0.75,2547.6666666666665,0.18257418573505668,0.027777777777777776,0.25,4.0,0.75,0.5,0.5,0.1117174397916605,0.0694895315316574,4.0
Istanbul,2026-09-27,2,Race 2,1400.0,,"{'eventId': '3438736', 'overall': 'Good', 'rating': None, 'surface': 'All Weather', '__typename': 'TrackCondition'}",All Weather,,30572.0,12.0,False,10.0,3.0,54.0,,-1.0,81.0,Hünerim,3.0,Filly,ch,Fatih Ağa,Çekerekli,0.0,K. Gokce,Guv. Gokce,False,0.32,6.0,S,o,51.0,15,38.16666666666666,26.0,51.0,8.415593991051507,9,18.0,26.0,18.0,6.0,0.0,4.0,9.0,6.0,11.0,0.0,0.0,0.0,9.5,12.2,9.5,,79.0,4.0,0.0,4.0,0.0,1.0,-3.0,0.0,0.0,-100.0,79.0,0.0,0.0,0.0,0.0,10.0,10.0,,,,,,4,0.0,0.0,4,0.0,0.0,3,0.0,0.0,0,0.0,,4,0.0,0.0,0,0.0,,3,0.0,0.0,0,0.0,,1,0.0,0.0,1,0.0,0.0,1,0.0,0.0,0,,,4,0.0,0.0,0,,,0,,,0,0.0,,4,0.0,0.0,0.0,,0.8090909090909091,4,0.0,0.0,0,,,0,,,0.0196078431372549,3.9318256327243257,0.4444444444444444,0.6550218340611356,0.02620087336244542,0.25,0.8333333333333334,2547.6666666666665,-0.3651483714701095,0.006274509803921568,0.6666666666666666,9.0,0.3333333333333333,0.5,0.5,0.1117174397916605,0.02577336640024727,11.0
Istanbul,2026-09-27,2,Race 2,1400.0,,"{'eventId': '3438736', 'overall': 'Good', 'rating': None, 'surface': 'All Weather', '__typename': 'TrackCondition'}",All Weather,,30572.0,12.0,False,11.0,7.0,55.0,,,81.0,Tumbul Nadide,3.0,Filly,ch,Uçanoğlu,Tütsü,5700.0,Mus. Celik,Mah. Baykara,False,0.51,2.0,S,,12.0,15,10.72,9.0,12.6,1.197330363767661,4,10.0,9.0,9.0,9.0,0.0,5.0,7.6,4.0,12.0,0.0,0.0,0.0,13.2,12.2,12.2,,79.0,1.0,3.0,5.0,0.0,0.0,3.5,0.0,0.0,-100.0,79.0,5700.0,570.0,0.0,0.0,5.0,10.0,,,,,,10,0.0,0.0,10,0.0,0.0,4,0.0,0.0,3,0.0,0.0,4,0.0,0.0,0,0.0,,4,0.0,0.0,0,0.0,,1,0.0,0.0,1,0.0,0.0,1,0.0,0.0,0,,,5,0.0,0.0,1,0.0,0.0,0,,,1,0.0,0.0,5,0.0,0.0,0.0,,0.8090909090909091,10,0.0,0.0,0,,,0,,,0.08333333333333333,2.4849066497880004,-0.1,0.33582089552238803,0.09328358208955223,0.5833333333333334,0.9166666666666666,2547.6666666666665,0.18257418573505668,0.042499999999999996,0.8333333333333334,6.0,0.5833333333333334,0.5,0.5,0.1117174397916605,0.035864714881865274,6.0
Istanbul,2026-09-27,2,Race 2,1400.0,,"{'eventId': '3438736', 'overall': 'Good', 'rating': None, 'surface': 'All Weather', '__typename': 'TrackCondition'}",All Weather,,30572.0,12.0,False,12.0,1.0,53.0,,-2.0,81.0,Volcanic Girl,3.0,Filly,ch,Gelibolu,Tezkire,0.0,U. Levent,B. Çapkın,False,0.13,6.0,S,,61.0,15,60.36666666666667,41.0,94.5,17.62712556134878,9,41.0,41.0,34.0,10.0,0.0,1.0,8.0,8.0,8.0,0.0,0.0,0.0,6.5,12.2,0.0,,79.0,1.0,0.0,1.0,0.0,1.0,0.1666666666666667,0.0,0.0,-100.0,79.0,0.0,0.0,0.0,0.0,8.0,10.0,,,,,,1,0.0,0.0,1,0.0,0.0,1,0.0,0.0,0,0.0,,1,0.0,0.0,0,0.0,,1,0.0,0.0,0,0.0,,1,0.0,0.0,0,,,0,,,0,,,0,,,0,,,0,,,0,0.0,,0,0.0,,0.0,,0.8090909090909091,1,0.0,0.0,0,,,0,,,0.01639344262295082,4.110873864173311,0.0,0.8862506902263942,0.016565433462175594,0.08333333333333333,1.0,2547.6666666666665,-0.9128709286752756,0.0021311475409836068,0.16666666666666666,11.0,0.16666666666666666,0.5,0.5,0.1117174397916605,0.024079764174383192,12.0
Churchill Downs,2026-09-28,3,Race 3 - Allowance,1609.0,"2YO, Allowance","{'eventId': '3437976', 'overall': None, 'rating': None, 'surface': 'Turf', '__typename': 'TrackCondition'}",Turf,,180759.0,7.0,False,1.0,1.0,55.25,,,69.0,Spies Like Us,2.0,Colt,b,Oscar Performance,Mucha Mezquina,76657.0,Jareth Loveberry,D. Whitworth Beckman,False,0.83,6.0,S,dn,5.0,9,4.217777777777778,1.06,5.0,1.163651129255364,14,5.0,4.2,4.0,5.0,0.0,1.0,1.0,1.0,1.0,1.0,1.0,1.0,0.0,7.0,0.0,91.0,91.0,0.0,1.0,0.0,0.0,1.0,0.1666666666666667,100.0,100.0,600.0,69.0,76657.0,76657.0,19.0,21.0,1.0,7.0,,,,,,1,1.0,1.0,1,1.0,1.0,1,1.0,1.0,1,1.0,1.0,0,0.0,,0,0.0,,0,0.0,,0,0.0,,1,1.0,1.0,0,,,0,,,0,,,0,,,0,,,0,,,0,0.0,,0,0.0,,0.0,,0.8090909090909091,1,1.0,1.0,0,,,0,,,0.2,1.6094379124341003,-0.15999999999999998,0.9341412012644889,0.23709167544783982,0.14285714285714285,0.14285714285714285,25822.714285714286,0.8017837237372673,0.166,0.7142857142857143,3.5,0.6428571428571429,0.9285714285714286,0.9285714285714286,0.16895585213557565,0.1404720148738533,4.0
Churchill Downs,2026-09-28,3,Race 3 - Allowance,1609.0,"2YO, Allowance","{'eventId': '3437976', 'overall': None, 'rating': None, 'surface': 'Turf', '__typename': 'TrackCondition'}",Turf,,180759.0,7.0,False,2.0,2.0,55.25,,,75.0,Sir Hansen,2.0,Colt,ch,Olympiad,Ri N Ginger,68708.0,Tyler Gaffalione,Michael J. Maker,False,0.95,3.0,S,don,7.0,9,116.50777777777778,1.07,1000.0,312.36683106664395,8,5.0,6.5,4.8,7.0,0.0,2.0,5.5,1.0,10.0,0.5,0.5,0.5,11.25,8.5,26.0,85.5,80.0,0.0,2.0,0.0,0.0,1.0,0.1666666666666667,50.0,50.0,250.0,75.0,68708.0,34354.0,19.0,18.0,10.0,10.0,,,,,,2,0.5,0.5,2,0.5,0.5,1,0.0,0.0,2,0.5,0.5,0,0.0,,0,0.0,,2,0.5,0.5,0,0.0,,1,1.0,1.0,1,0.0,0.0,0,,,1,0.0,0.0,0,,,0,,,0,,,0,0.0,,1,0.0,0.0,0.0,,0.8090909090909091,2,0.5,0.5,0,,,0,,,0.14285714285714285,1.9459101490553132,0.3,8.573934024433276,0.008583117960651173,0.2857142857142857,0.2857142857142857,25822.714285714286,0.8017837237372673,0.1357142857142857,0.8571428571428571,5.0,0.42857142857142855,0.2857142857142857,0.2857142857142857,0.16895585213557565,0.061846496358015514,5.0
Churchill Downs,2026-09-28,3,Race 3 - Allowance,1609.0,"2YO, Allowance","{'eventId': '3437976', 'overall': None, 'rating': None, 'surface': 'Turf', '__typename': 'TrackCondition'}",Turf,,180759.0,7.0,False,3.0,3.0,54.5,,,95.0,Majik Mooney,2.0,Colt,b,Audible,Play Our Song,262830.0,Jose L. Ortiz,Joe Sharp,False,1.0,2.0,S,n,3.75,9,114.17444444444445,2.92,1000.0,313.1866970749099,19,4.2,3.4,3.0,1.0,1.0,1.0,1.0,1.0,1.0,1.0,1.0,1.0,0.0,8.0,0.0,87.0,87.0,0.0,0.0,0.0,0.0,1.0,0.1666666666666667,100.0,100.0,700.0,95.0,148944.0,148944.0,20.0,22.0,1.0,8.0,,,,,,1,1.0,1.0,1,1.0,1.0,1,1.0,1.0,0,0.0,,0,0.0,,0,0.0,,1,1.0,1.0,0,0.0,,1,1.0,1.0,0,,,0,,,1,1.0,1.0,0,,,0,,,0,,,0,0.0,,1,1.0,1.0,0.0,,0.8090909090909091,1,1.0,1.0,0,,,0,,,0.26666666666666666,1.3217558399823195,-0.19047619047619052,8.732952499586403,0.008758527399593215,0.42857142857142855,0.42857142857142855,25822.714285714286,-1.0690449649830347,0.26666666666666666,1.0,1.0,1.0,0.9285714285714286,0.9285714285714286,0.16895585213557565,0.29159161807916606,1.0
Churchill Downs,2026-09-28,3,Race 3 - Allowance,1609.0,"2YO, Allowance","{'eventId': '3437976', 'overall': None, 'rating': None, 'surface': 'Turf', '__typename': 'TrackCondition'}",Turf,,180759.0,7.0,False,4.0,4.0,55.25,,,53.0,That's Fire,2.0,Gelding,ch,Flameaway,That'S All,114144.0,Assael Espinoza,Raymond C. Bryner,False,0.46,5.0,S,dn,11.0,9,76.78444444444443,1.06,620.0,192.07636369777,15,8.5,9.5,8.0,3.0,0.0,3.0,4.0,1.0,8.0,0.3333333333333333,0.6666666666666666,0.3333333333333333,9.333333333333334,14.666666666666666,18.0,64.66666666666667,48.0,0.0,2.0,0.0,0.0,1.0,6.0,33.0,67.0,233.0,53.0,96067.0,32022.0,33.0,24.0,1.0,10.0,,,,,,3,0.3333333333333333,0.6666666666666666,3,0.3333333333333333,0.6666666666666666,2,0.5,1.0,2,0.5,1.0,0,0.0,,0,0.0,,2,0.5,1.0,0,0.0,,1,0.0,0.0,1,0.0,1.0,1,1.0,1.0,1,1.0,1.0,0,,,0,,,0,,,0,0.0,,1,1.0,1.0,0.0,,0.8090909090909091,3,0.3333333333333333,0.6666666666666666,0,,,0,,,0.09090909090909091,2.3978952727983707,0.11764705882352941,8.060747257835791,0.013023471189187627,0.5714285714285714,0.5714285714285714,25822.714285714286,0.8017837237372673,0.041818181818181824,0.42857142857142855,6.0,0.2857142857142857,0.5714285714285714,0.5714285714285714,0.16895585213557565,0.05676697247773435,6.0
Churchill Downs,2026-09-28,3,Race 3 - Allowance,1609.0,"2YO, Allowance","{'eventId': '3437976', 'overall': None, 'rating': None, 'surface': 'Turf', '__typename': 'TrackCondition'}",Turf,,180759.0,7.0,False,5.0,5.0,54.5,,,66.0,Line Astern,2.0,Colt,b,Divisidero,Kelsey'S Shot,11394.0,Adam Beschizza,Kelsey Danner,False,0.01,6.0,,d,31.0,9,133.77777777777777,4.0,1000.0,306.35846025993715,17,21.0,26.0,21.0,6.0,0.0,2.0,4.0,1.0,7.0,0.5,0.5,0.5,2.375,4.5,5.0,,79.0,0.0,1.0,0.0,0.0,1.0,0.1666666666666667,50.0,50.0,50.0,66.0,11394.0,5697.0,12.0,23.0,1.0,3.0,,,,,,2,0.5,0.5,2,0.5,0.5,2,0.5,0.5,1,1.0,1.0,0,0.0,,0,0.0,,0,0.0,,0,0.0,,1,0.0,0.0,1,1.0,1.0,0,,,1,1.0,1.0,1,0.0,0.0,0,,,0,,,0,0.0,,2,0.5,0.5,0.0,,0.8090909090909091,2,0.5,0.5,0,,,0,,,0.03225806451612903,3.4339872044851463,0.23809523809523808,7.445182724252492,0.007475083056478406,0.7142857142857143,0.7142857142857143,25822.714285714286,-1.0690449649830347,0.0003225806451612903,0.14285714285714285,7.0,0.14285714285714285,0.2857142857142857,0.2857142857142857,0.16895585213557565,0.035257583307224075,7.0
Churchill Downs,2026-09-28,3,Race 3 - Allowance,1609.0,"2YO, Allowance","{'eventId': '3437976', 'overall': None, 'rating': None, 'surface': 'Turf', '__typename': 'TrackCondition'}",Turf,,180759.0,7.0,False,6.0,6.0,55.25,,,85.0,Hit The High Note,2.0,Colt,b,Tonalist,Capture Your Dream,69205.0,Luis Saez,Christopher Davis,False,0.69,3.0,S,dn,4.0,9,4.134444444444444,1.06,9.2,1.993417562942324,19,4.2,3.7,3.5,4.0,0.0,2.0,3.5,1.0,6.0,0.5,0.5,0.5,6.0,14.625,16.0,90.5,81.0,0.0,2.0,0.0,1.0,1.0,0.1666666666666667,50.0,50.0,63.0,85.0,56551.0,28276.0,19.0,18.0,6.0,26.0,,,,,,2,0.5,0.5,2,0.5,0.5,2,0.5,0.5,2,0.5,0.5,0,0.0,,0,0.0,,2,0.5,0.5,0,0.0,,1,1.0,1.0,1,0.0,0.0,0,,,1,0.0,0.0,0,,,0,,,0,,,0,0.0,,1,0.0,0.0,1.0,1.0,1.0,2,0.5,0.5,0,,,0,,,0.25,1.3862943611198906,-0.11904761904761904,1.96882558452029,0.2418704649287826,0.8571428571428571,0.8571428571428571,25822.714285714286,0.8017837237372673,0.1725,0.5714285714285714,2.0,0.8571428571428571,0.2857142857142857,0.2857142857142857,0.16895585213557565,0.25140012343876805,2.0
Churchill Downs,2026-09-28,3,Race 3 - Allowance,1609.0,"2YO, Allowance","{'eventId': '3437976', 'overall': None, 'rating': None, 'surface': 'Turf', '__typename': 'TrackCondition'}",Turf,,180759.0,7.0,False,7.0,7.0,54.5,,,85.0,Bearamour,2.0,Colt,gr/ro,Vekoma,Rockport Beauty,203795.0,James Graham,J. Keith Desormeaux,False,0.31,5.0,S,n,5.0,9,115.01777777777777,1.06,1000.0,312.8907602690249,8,5.0,4.5,4.5,2.0,0.0,4.0,2.75,1.0,6.0,0.5,0.75,0.5,4.25,15.083333333333334,18.0,88.0,81.0,1.0,1.0,0.0,2.0,1.0,-3.5,50.0,75.0,-25.0,85.0,167641.0,41910.0,12.0,15.0,6.0,34.0,,,,,,4,0.5,0.75,4,0.5,0.75,2,0.0,0.5,1,0.0,0.0,1,0.0,0.0,1,0.0,0.0,0,0.0,,0,0.0,,1,1.0,1.0,1,1.0,1.0,1,0.0,1.0,0,,,0,,,0,,,0,,,0,0.0,,0,0.0,,2.0,1.0,1.0,4,0.5,0.75,0,,,0,,,0.2,1.6094379124341003,-0.1,8.68509215966614,0.008694308126279996,1.0,1.0,25822.714285714286,-1.0690449649830347,0.062,0.2857142857142857,3.5,0.6428571428571429,0.7142857142857143,0.7142857142857143,0.16895585213557565,0.16266519146523867,3.0
Laurel Park,2026-09-28,3,Race 3 - Claiming,1710.0,"3YO+, Claiming","{'eventId': '3438943', 'overall': 'Soft', 'rating': None, 'surface': 'Turf', '__typename': 'TrackCondition'}",Turf,,34159.0,5.0,False,3.0,3.0,57.25,,,73.0,Tyson's Delivery,4.0,Gelding,b,Accelerate,Outrank,106650.0,Jean Gregor Briceno,Sergio H. Pradenas,False,0.12,14.0,S,tn,10.0,15,71.77666666666667,1.25,950.0,234.7247685174182,15,1.01,9.0,1.01,4.0,0.0,5.0,6.0,1.0,9.0,0.2,0.2,0.2,7.94,20.9,33.2,67.2,74.0,2.0,1.0,0.0,0.0,1.0,-3.333333333333333,12.0,35.0,-44.0,73.0,104259.0,6133.0,33.0,38.0,9.0,34.0,,,,,,17,0.1176470588235294,0.3529411764705882,7,0.1428571428571428,0.1428571428571428,1,0.0,0.0,5,0.0,0.6,10,0.1,0.4,3,0.0,0.6666666666666666,6,0.1666666666666666,0.5,0,0.0,,3,0.0,0.0,3,0.0,0.0,2,0.5,0.5,5,0.0,0.2,5,0.2,0.6,0,,,0,,,0,0.0,,10,0.1,0.4,1.0,1.0,1.0,17,0.1176470588235294,0.3529411764705882,0,,,0,,,0.1,2.302585092994046,7.910891089108911,13.218083871267357,0.013932104212139506,0.6,0.6,6831.8,0.4281744187388412,0.012,0.4,11.5,0.125,0.3,0.4583333333333333,0.6750711966357926,0.07028083191807784,5.0
Laurel Park,2026-09-28,3,Race 3 - Claiming,1710.0,"3YO+, Claiming","{'eventId': '3438943', 'overall': 'Soft', 'rating': None, 'surface': 'Turf', '__typename': 'TrackCondition'}",Turf,,34159.0,5.0,False,6.0,6.0,55.25,,,77.0,West Mountain,3.0,Colt,dk b/br,Mo Town,Sea Level Drive,49237.0,Kevin Gomez,Caitlin Keil,False,0.39,27.0,S,tcdn,10.0,15,70.41666666666669,1.25,950.0,235.08634134906453,5,1.01,7.5,1.01,3.0,0.0,5.0,4.6,1.0,8.0,0.4,0.4,0.4,6.01,17.8,63.0,73.6,76.0,3.0,1.0,2.0,0.0,1.0,-3.1666666666666665,33.0,33.0,600.0,77.0,45821.0,7637.0,14.0,14.0,6.0,21.0,,,,,,6,0.3333333333333333,0.3333333333333333,6,0.3333333333333333,0.3333333333333333,2,0.0,0.0,2,0.5,0.5,4,0.5,0.5,2,0.5,0.5,5,0.4,0.4,0,0.0,,2,0.5,0.5,1,1.0,1.0,1,0.0,0.0,2,0.0,0.0,3,0.6666666666666666,0.6666666666666666,0,,,0,,,0,0.0,,5,0.4,0.4,0.0,,0.8090909090909091,6,0.3333333333333333,0.3333333333333333,0,,,2,0.0,0.0,0.1,2.302585092994046,6.425742574257426,13.473372781065086,0.014201183431952659,1.2,1.2,6831.8,-2.140872093694188,0.03900000000000001,0.8,11.5,0.125,0.7,0.3333333333333333,0.6750711966357926,0.17316298220424106,3.0
Laurel Park,2026-09-28,3,Race 3 - Claiming,1710.0,"3YO+, Claiming","{'eventId': '3438943', 'overall': 'Soft', 'rating': None, 'surface': 'Turf', '__typename': 'TrackCondition'}",Turf,,34159.0,5.0,False,8.0,8.0,57.25,,,77.0,Latin Rebel,4.0,Gelding,dk b/br,Holy Boss,Misssavannah'Sbabe,100210.0,Carlos Eduardo Lopez,Mark Shuman,False,0.21,3.0,S,tcdn,5.0,15,19.923333333333336,1.25,250.0,61.497617478692256,8,1.01,3.3,1.01,5.0,0.0,5.0,4.0,2.0,6.0,0.0,0.4,0.2,12.42,7.1,30.4,80.0,69.0,1.0,3.0,0.0,0.0,0.0,0.833333333333333,9.0,30.0,-50.0,77.0,100210.0,4357.0,4.0,17.0,4.0,10.0,,,,,,23,0.0869565217391304,0.3043478260869565,9,0.1111111111111111,0.4444444444444444,1,0.0,0.0,9,0.2222222222222222,0.5555555555555556,11,0.0909090909090909,0.1818181818181818,3,0.3333333333333333,0.3333333333333333,14,0.1428571428571428,0.5,0,0.0,,3,0.0,0.0,3,0.0,0.6666666666666666,3,0.0,0.0,15,0.0666666666666666,0.2666666666666666,2,0.0,0.0,0,,,0,,,0,0.0,,17,0.0588235294117647,0.2352941176470588,0.0,,0.8090909090909091,23,0.0869565217391304,0.3043478260869565,0,,,0,,,0.2,1.6094379124341003,2.267326732673267,12.485360548770284,0.050192404216161945,1.6,1.6,6831.8,0.4281744187388412,0.042,0.6,9.0,0.3333333333333333,0.7,0.25,0.6750711966357926,0.21452970112885653,2.0
Laurel Park,2026-09-28,3,Race 3 - Claiming,1710.0,"3YO+, Claiming","{'eventId': '3438943', 'overall': 'Soft', 'rating': None, 'surface': 'Turf', '__typename': 'TrackCondition'}",Turf,,34159.0,5.0,False,9.0,9.0,57.25,,-3.25,84.0,Sneaking Suspicion,6.0,Gelding,b,Great Notion,Emerald Song,168614.0,Taylor Kingsley,"Anthony Aguirre, Jr.",False,0.01,3.0,S,tn,8.0,15,69.89666666666668,1.25,950.0,235.2229753989936,4,1.01,7.0,1.01,2.0,0.0,5.0,5.2,1.0,7.0,0.2,0.2,0.2,6.720000000000001,13.9,55.4,74.2,73.0,3.0,1.0,0.0,0.0,1.0,2.0,5.0,28.0,-83.0,84.0,161782.0,4148.0,0.0,38.0,7.0,26.0,,,,,,39,0.0512820512820512,0.282051282051282,8,0.125,0.25,1,0.0,0.0,12,0.0,0.25,32,0.03125,0.21875,12,0.0,0.25,24,0.0416666666666666,0.2083333333333333,0,0.0,,4,0.25,0.5,4,0.0,0.25,4,0.0,0.0,16,0.0,0.25,11,0.0909090909090909,0.2727272727272727,0,,,0,,,0,0.0,,27,0.037037037037037,0.2592592592592592,0.0,,0.8090909090909091,39,0.0512820512820512,0.282051282051282,0,,,3,0.0,0.3333333333333333,0.125,2.0794415416798357,5.930693069306931,13.573608660403451,0.014306833897658446,1.8,1.8,6831.8,0.4281744187388412,0.00125,0.2,10.0,0.25,0.3,0.16666666666666666,0.6750711966357926,0.09561352602381529,4.0
Laurel Park,2026-09-28,3,Race 3 - Claiming,1710.0,"3YO+, Claiming","{'eventId': '3438943', 'overall': 'Soft', 'rating': None, 'surface': 'Turf', '__typename': 'TrackCondition'}",Turf,,34159.0,5.0,False,11.0,11.0,57.25,,,80.0,Keen Talent,4.0,Gelding,gr/ro,Keen Ice,Native Talent,131491.0,Jeiron Barbosa,Anthony Farrior,False,1.0,25.0,S,dn,1.55,15,68.18799999999999,1.5,1000.0,249.0373048146268,12,1.01,1.5,1.01,1.0,1.0,5.0,2.2,1.0,3.0,0.2,1.0,0.6,3.0,5.416,25.2,82.0,79.0,2.0,2.0,1.0,0.0,0.0,0.3333333333333335,15.0,54.0,-45.0,80.0,109969.0,8459.0,24.0,15.0,1.0,5.0,,,,,,13,0.1538461538461538,0.5384615384615384,9,0.2222222222222222,0.6666666666666666,2,0.5,1.0,6,0.3333333333333333,0.5,2,0.0,1.0,0,0.0,,2,0.0,0.5,0,0.0,,2,0.0,0.5,2,0.0,0.0,2,0.0,0.0,7,0.2857142857142857,0.7142857142857143,2,0.0,0.5,0,,,0,,,0,0.0,,9,0.2222222222222222,0.6666666666666666,2.0,0.5,0.5,13,0.1538461538461538,0.5384615384615384,0,,,1,0.0,1.0,0.6451612903225806,0.4382549309311553,0.48514851485148514,14.643339003930313,0.01466533700944448,2.2,2.2,6831.8,0.4281744187388412,0.6451612903225806,1.0,8.0,0.4166666666666667,1.0,0.75,0.6750711966357926,0.44641295872500925,1.0
Istanbul,2026-09-27,3,Race 3,1900.0,,"{'eventId': '3438737', 'overall': 'Good', 'rating': None, 'surface': 'Turf', '__typename': 'TrackCondition'}",Turf,,37196.0,8.0,False,1.0,8.0,59.0,,-2.0,81.0,Sheep Stealer,3.0,Colt,b,Epaulette,Chaposa Strıke,94840.0,Er. Cankılıç,A. Olcar,False,0.29,2.0,S,tn,18.0,15,16.186666666666664,15.0,18.0,1.0052307639984412,6,15.0,15.0,14.0,8.0,0.0,5.0,4.8,3.0,6.0,0.0,0.2,0.0,6.55,12.2,20.6,,79.0,0.0,1.0,5.0,0.0,0.0,0.5,20.0,45.0,-100.0,79.0,94840.0,4742.0,0.0,0.0,6.0,10.0,,,,,,20,0.2,0.45,18,0.2222222222222222,0.4444444444444444,3,0.0,0.3333333333333333,1,0.0,0.0,4,0.25,0.25,0,0.0,,11,0.1818181818181818,0.4545454545454545,0,0.0,,2,0.0,1.0,2,0.0,0.0,2,0.5,1.0,0,,,14,0.1428571428571428,0.4285714285714285,1,0.0,0.0,0,,,1,0.0,0.0,14,0.1428571428571428,0.4285714285714285,0.0,,0.8090909090909091,20,0.2,0.45,0,,,0,,,0.05555555555555555,2.8903717578961645,0.0,0.185337726523888,0.06177924217462934,1.0,0.125,4649.5,0.3619226766537899,0.01611111111111111,0.375,6.0,0.375,0.375,0.375,0.16027610699188158,0.06661463720267778,6.0
Istanbul,2026-09-27,3,Race 3,1900.0,,"{'eventId': '3438737', 'overall': 'Good', 'rating': None, 'surface': 'Turf', '__typename': 'TrackCondition'}",Turf,,37196.0,8.0,False,2.0,4.0,59.0,,,81.0,Rosario,3.0,Colt,b,Approve,Bookıesındex Gırl,49296.0,V. Abis,S. Gokce,False,0.48,10.0,S,tbn,6.5,15,5.653333333333334,4.6,6.5,0.6097722707882202,3,4.6,5.5,4.6,5.0,0.0,5.0,2.8,1.0,6.0,0.4,0.8,0.4,2.91,12.2,44.2,,79.0,5.0,1.0,5.0,1.0,1.0,-1.1666666666666663,33.0,83.0,-100.0,79.0,48233.0,8039.0,50.0,0.0,6.0,10.0,,,,,,6,0.3333333333333333,0.8333333333333334,6,0.3333333333333333,0.8333333333333334,1,0.0,0.0,1,0.0,0.0,6,0.3333333333333333,0.8333333333333334,1,0.0,0.0,3,0.6666666666666666,0.6666666666666666,0,0.0,,2,0.0,1.0,2,0.5,1.0,1,1.0,1.0,0,,,5,0.4,0.8,0,,,0,,,0,0.0,,5,0.4,0.8,1.0,0.0,0.0,6,0.3333333333333333,0.8333333333333334,0,,,0,,,0.15384615384615385,1.8718021769015913,0.19565217391304357,0.33608490566037735,0.17688679245283015,0.5,0.25,4649.5,0.3619226766537899,0.07384615384615385,0.5,4.0,0.625,0.6875,0.875,0.16027610699188158,0.19649870232440558,3.0
Istanbul,2026-09-27,3,Race 3,1900.0,,"{'eventId': '3438737', 'overall': 'Good', 'rating': None, 'surface': 'Turf', '__typename': 'TrackCondition'}",Turf,,37196.0,8.0,False,3.0,1.0,60.0,,-2.0,81.0,Son Of The Knife,4.0,Stallion,b,Myboycharlıe,Kıss Me,84291.0,Z. Karabulut,V. Karakaya,False,0.1,1.0,S,ton,67.0,15,51.03333333333333,32.5,67.0,11.203372508113596,4,34.0,41.0,34.0,6.0,0.0,5.0,8.6,4.0,10.0,0.0,0.0,0.0,6.26,12.2,18.2,,79.0,5.0,0.0,5.0,0.0,0.0,-2.333333333333333,19.0,38.0,-100.0,79.0,84291.0,3242.0,0.0,0.0,10.0,10.0,,,,,,26,0.1923076923076923,0.3846153846153846,11,0.0,0.0909090909090909,0,0.0,,1,0.0,0.0,26,0.1923076923076923,0.3846153846153846,1,0.0,0.0,9,0.3333333333333333,0.5555555555555556,0,0.0,,3,0.0,0.0,3,0.3333333333333333,0.6666666666666666,3,0.0,0.6666666666666666,0,,,7,0.0,0.2857142857142857,1,0.0,0.0,0,,,1,0.0,0.0,7,0.0,0.2857142857142857,0.0,,0.8090909090909091,26,0.1923076923076923,0.3846153846153846,0,,,0,,,0.014925373134328358,4.204692619390966,0.20588235294117646,0.6760287393860223,0.019595035924232528,0.125,0.375,4649.5,0.6514608179768219,0.0014925373134328358,0.25,8.0,0.125,0.1875,0.25,0.16027610699188158,0.036034048626009396,8.0
Istanbul,2026-09-27,3,Race 3,1900.0,,"{'eventId': '3438737', 'overall': 'Good', 'rating': None, 'surface': 'Turf', '__typename': 'TrackCondition'}",Turf,,37196.0,8.0,False,4.0,3.0,58.0,,,81.0,Süper Han,3.0,Colt,b,Talıp Han,Eraada,68871.0,Ö. Yıldırım,I. Koroglu,False,0.82,23.0,S,tcdn,2.9,15,2.9166666666666665,2.55,4.0,0.5473166867139677,3,2.7,2.55,2.5,3.0,0.0,5.0,1.8,1.0,4.0,0.6,0.8,0.8,0.51,12.2,15.4,,79.0,2.0,1.0,5.0,2.0,0.0,1.3333333333333337,33.0,67.0,-100.0,79.0,64620.0,7180.0,67.0,0.0,1.0,10.0,,,,,,9,0.3333333333333333,0.6666666666666666,9,0.3333333333333333,0.6666666666666666,3,1.0,1.0,1,1.0,1.0,5,0.4,0.8,1,1.0,1.0,5,0.6,0.6,0,0.0,,1,0.0,0.0,1,0.0,0.0,1,0.0,1.0,0,,,7,0.4285714285714285,0.7142857142857143,0,,,0,,,0,0.0,,7,0.4285714285714285,0.7142857142857143,2.0,1.0,1.0,9,0.3333333333333333,0.6666666666666666,0,,,0,,,0.3448275862068966,1.0647107369924282,-0.055555555555555684,0.4971428571428572,0.34285714285714286,0.375,0.5,4649.5,0.07238453533075798,0.2827586206896552,0.75,2.0,0.875,0.6875,0.75,0.16027610699188158,0.2107538741040564,2.0
Istanbul,2026-09-27,3,Race 3,1900.0,,"{'eventId': '3438737', 'overall': 'Good', 'rating': None, 'surface': 'Turf', '__typename': 'TrackCondition'}",Turf,,37196.0,8.0,False,5.0,5.0,57.0,,,81.0,Ormello,3.0,Colt,gr,Natıve Khan,Top Traıl,68282.0,Mus. Celik,S. Keresteci,False,0.99,32.0,S,tcdn,2.8,15,2.73,2.5,3.3,0.2942787793912431,6,2.9,2.5,2.5,1.0,1.0,5.0,2.2,1.0,3.0,0.4,1.0,0.4,1.7,12.2,18.0,,79.0,5.0,3.0,5.0,1.0,1.0,0.3333333333333335,40.0,100.0,-100.0,79.0,47027.0,9405.0,33.0,0.0,1.0,10.0,,,,,,5,0.4,1.0,5,0.4,1.0,2,0.5,1.0,3,0.6666666666666666,1.0,5,0.4,1.0,3,0.6666666666666666,1.0,5,0.4,1.0,0,0.0,,1,0.0,1.0,1,0.0,1.0,1,1.0,1.0,0,,,5,0.4,1.0,0,,,0,,,0,0.0,,5,0.4,1.0,1.0,1.0,1.0,5,0.4,1.0,0,,,0,,,0.35714285714285715,1.0296194171811581,-0.1379310344827586,0.293040293040293,0.3663003663003663,0.625,0.625,4649.5,-0.21715360599227396,0.3535714285714286,0.875,1.0,1.0,1.0,1.0,0.16027610699188158,0.22217032761903027,1.0
Istanbul,2026-09-27,3,Race 3,1900.0,,"{'eventId': '3438737', 'overall': 'Good', 'rating': None, 'surface': 'Turf', '__typename': 'TrackCondition'}",Turf,,37196.0,8.0,False,6.0,6.0,63.0,,,81.0,Asra İnat,4.0,Stallion,ch,Touch The Wolf,Radıant,99826.0,A. Sozen,Mur. Akkılıç,False,1.0,8.0,S,tn,14.0,15,12.92,9.0,14.6,1.356072761076386,6,12.0,9.0,8.5,4.0,0.0,5.0,2.4,1.0,5.0,0.4,0.8,0.6,4.1,12.2,26.0,,79.0,4.0,2.0,5.0,0.0,1.0,0.6666666666666665,11.0,48.0,-100.0,79.0,97701.0,3619.0,25.0,0.0,1.0,10.0,,,,,,27,0.1111111111111111,0.4814814814814814,13,0.1538461538461538,0.4615384615384615,3,0.3333333333333333,1.0,2,0.0,0.5,24,0.125,0.4583333333333333,2,0.0,0.5,9,0.2222222222222222,0.5555555555555556,0,0.0,,4,0.0,0.5,4,0.0,0.5,4,0.25,0.75,0,,,8,0.25,0.75,1,0.0,0.0,0,,,1,0.0,0.0,8,0.25,0.75,2.0,0.0,0.5,27,0.1111111111111111,0.4814814814814814,0,,,0,,,0.07142857142857142,2.6390573296152584,-0.25,0.4334365325077399,0.07739938080495357,0.75,0.75,4649.5,1.5200752419459176,0.07142857142857142,1.0,5.0,0.5,0.6875,0.5,0.16027610699188158,0.09912239381474879,5.0
Istanbul,2026-09-27,3,Race 3,1900.0,,"{'eventId': '3438737', 'overall': 'Good', 'rating': None, 'surface': 'Turf', '__typename': 'TrackCondition'}",Turf,,37196.0,8.0,False,7.0,2.0,52.0,,,81.0,Pevrul,3.0,Colt,b,Vıctory Gallop,Phantastıc,63953.0,E. Aktug,İb. B. Oğulları,False,0.49,8.0,S,n,4.0,15,3.9333333333333327,3.4,4.4,0.2724375565560341,4,3.9,3.4,3.4,2.0,0.0,5.0,3.0,1.0,8.0,0.2,0.8,0.8,2.45,12.2,17.6,,79.0,2.0,4.0,5.0,0.0,0.0,-3.333333333333333,10.0,60.0,-100.0,79.0,55451.0,5545.0,0.0,0.0,2.0,10.0,,,,,,10,0.1,0.6,10,0.1,0.6,3,0.0,0.6666666666666666,4,0.0,0.75,2,0.0,1.0,2,0.0,1.0,7,0.1428571428571428,0.7142857142857143,0,0.0,,1,0.0,1.0,1,0.0,0.0,1,0.0,0.0,0,,,6,0.1666666666666666,0.6666666666666666,1,0.0,1.0,0,,,1,0.0,1.0,6,0.1666666666666666,0.6666666666666666,0.0,,0.8090909090909091,10,0.1,0.6,0,,,0,,,0.25,1.3862943611198906,-0.12820512820512822,0.2542372881355934,0.25423728813559326,0.25,0.875,4649.5,-1.6648443126074337,0.1225,0.625,3.0,0.75,0.6875,0.625,0.16027610699188158,0.12254603187369201,4.0
Istanbul,2026-09-27,3,Race 3,1900.0,,"{'eventId': '3438737', 'overall': 'Good', 'rating': None, 'surface': 'Turf', '__typename': 'TrackCondition'}",Turf,,37196.0,8.0,False,8.0,7.0,54.0,,,81.0,Senkron,5.0,Stallion,b,Authorızed,Duru Hanım,73281.0,A. Kacmaz,S. Bektas,False,0.01,6.0,S,tbn,29.0,15,20.866666666666667,9.0,29.0,6.206090198793082,7,19.0,21.0,19.0,7.0,0.0,5.0,5.2,4.0,7.0,0.0,0.0,0.0,5.96,12.2,16.8,,79.0,4.0,0.0,5.0,1.0,0.0,0.333333333333333,12.0,30.0,-100.0,79.0,73281.0,2221.0,0.0,0.0,4.0,10.0,,,,,,33,0.1212121212121212,0.303030303030303,13,0.0,0.1538461538461538,3,0.0,0.0,3,0.0,0.3333333333333333,31,0.1290322580645161,0.3225806451612903,3,0.0,0.3333333333333333,11,0.0909090909090909,0.3636363636363636,0,0.0,,3,0.0,0.0,3,0.0,0.0,3,0.3333333333333333,0.3333333333333333,0,,,10,0.0,0.2,0,,,0,,,0,0.0,,10,0.0,0.2,1.0,0.0,0.0,33,0.1212121212121212,0.303030303030303,0,,,0,,,0.034482758620689655,3.367295829986474,0.10526315789473684,0.9584664536741214,0.04792332268370607,0.875,1.0,4649.5,-1.0857680299613697,0.0003448275862068966,0.125,7.0,0.25,0.1875,0.125,0.16027610699188158,0.04625998443537979,7.0
Laurel Park,2026-09-28,4,Race 4 - Maiden Claiming,1710.0,"3YO+, Maiden, Claiming","{'eventId': '3438944', 'overall': 'Soft', 'rating': None, 'surface': 'Turf', '__typename': 'TrackCondition'}",Turf,,34159.0,8.0,False,2.0,2.0,57.25,,-2.25,86.0,Classic Martini,4.0,Gelding,b,Classic Empire,Conquest War Miss,21990.0,Warren Ebow Iii,Alberto Delgado,False,0.01,14.0,S,,12.0,15,76.84933333333333,1.14,1000.0,246.7416542449928,17,1.01,10.0,1.01,5.0,0.0,5.0,5.4,2.0,8.0,0.0,0.2,0.2,16.7,19.5,68.6,59.6,56.0,3.0,2.0,5.0,0.0,2.0,-1.0,0.0,17.0,-100.0,86.0,21990.0,1833.0,0.0,30.0,8.0,34.0,,,,,,12,0.0,0.1666666666666666,5,0.0,0.2,1,0.0,0.0,5,0.0,0.4,3,0.0,0.3333333333333333,2,0.0,0.5,6,0.0,0.3333333333333333,0,0.0,,3,0.0,0.3333333333333333,2,0.0,0.0,2,0.0,0.0,4,0.0,0.0,4,0.0,0.0,0,,,0,,,0,0.0,,8,0.0,0.0,0.0,,0.8090909090909091,12,0.0,0.1666666666666666,0,,,12,0.0,0.1666666666666666,0.08333333333333333,2.4849066497880004,8.900990099009901,12.997640404601212,0.01301247462567448,0.25,0.25,4269.875,1.1629187112930528,0.0008333333333333333,0.125,15.0,0.125,0.8125,0.625,0.5691415281234006,0.0518239939076999,7.0
Laurel Park,2026-09-28,4,Race 4 - Maiden Claiming,1710.0,"3YO+, Maiden, Claiming","{'eventId': '3438944', 'overall': 'Soft', 'rating': None, 'surface': 'Turf', '__typename': 'TrackCondition'}",Turf,,34159.0,8.0,False,4.0,4.0,55.25,,,85.0,Beautiful Quality,3.0,Gelding,gr/ro,Essential Quality,Stowe White,24865.0,Mychel J. Sanchez,Susan S. Cooney,False,0.63,9.0,S,,5.5,15,5.681333333333334,1.12,19.0,3.7187916795049913,2,1.01,4.4,1.01,2.0,0.0,5.0,6.2,2.0,10.0,0.0,0.2,0.2,18.4,20.0,52.2,49.8,62.0,1.0,2.0,5.0,0.0,1.0,-0.5,0.0,17.0,-100.0,85.0,18033.0,3006.0,8.0,21.0,8.0,4.0,,,,,,6,0.0,0.1666666666666666,6,0.0,0.1666666666666666,2,0.0,0.0,2,0.0,0.0,2,0.0,0.0,0,0.0,,3,0.0,0.0,0,0.0,,2,0.0,0.0,2,0.0,0.5,1,0.0,0.0,0,,,1,0.0,0.0,1,0.0,0.0,0,,,1,0.0,0.0,1,0.0,0.0,0.0,,0.8090909090909091,6,0.0,0.1666666666666666,0,,,6,0.0,0.1666666666666666,0.18181818181818182,1.7047480922384253,3.3564356435643568,3.147148556676836,0.1760150199483689,0.5,0.5,4269.875,-0.5480421512990249,0.11454545454545455,0.625,12.0,0.3125,0.8125,0.625,0.5691415281234006,0.13238231211931106,4.0
Laurel Park,2026-09-28,4,Race 4 - Maiden Claiming,1710.0,"3YO+, Maiden, Claiming","{'eventId': '3438944', 'overall': 'Soft', 'rating': None, 'surface': 'Turf', '__typename': 'TrackCondition'}",Turf,,34159.0,8.0,False,5.0,5.0,55.25,,,85.0,Teddy P,4.0,Gelding,dk b/br,Mor Spirit,Why Lucy Why,5648.0,Kevin Gomez,Hamilton A. Smith,False,0.72,6.0,S,,5.0,15,70.98799999999999,1.12,1000.0,248.2907143169072,7,1.01,4.6,1.01,6.0,0.0,3.0,6.0,4.0,8.0,0.0,0.0,0.0,7.166666666666667,14.75,126.33333333333331,56.5,64.0,0.0,0.0,3.0,0.0,2.0,-3.0,0.0,0.0,-100.0,85.0,5648.0,1883.0,8.0,23.0,6.0,26.0,,,,,,3,0.0,0.0,2,0.0,0.0,2,0.0,0.0,0,0.0,,0,0.0,,0,0.0,,1,0.0,0.0,0,0.0,,2,0.0,0.0,1,0.0,0.0,0,,,1,0.0,0.0,0,,,1,0.0,0.0,0,,,1,0.0,0.0,1,0.0,0.0,0.0,,0.8090909090909091,3,0.0,0.0,0,,,3,0.0,0.0,0.2,1.6094379124341003,3.5544554455445545,14.071110610243988,0.014086887924719673,0.625,0.625,4269.875,-0.5480421512990249,0.144,0.75,10.5,0.40625,0.375,0.25,0.5691415281234006,0.14002041299805496,3.0
Laurel Park,2026-09-28,4,Race 4 - Maiden Claiming,1710.0,"3YO+, Maiden, Claiming","{'eventId': '3438944', 'overall': 'Soft', 'rating': None, 'surface': 'Turf', '__typename': 'TrackCondition'}",Turf,,34159.0,8.0,False,6.0,6.0,55.25,,-3.25,83.0,Phantom Gold,3.0,Gelding,dk b/br,Golden Lad,Phantom Shot,728.0,Leandro M. Briceno,Milan Milosevic,False,0.45,6.0,S,o,11.0,15,75.00800000000001,1.12,1000.0,247.22575289803447,15,1.01,9.5,1.01,7.0,0.0,1.0,7.0,7.0,7.0,0.0,0.0,0.0,16.0,13.0,0.0,71.0,71.0,1.0,0.0,1.0,0.0,1.0,0.1666666666666667,0.0,0.0,-100.0,83.0,728.0,728.0,0.0,247.0,7.0,13.0,,,,,,1,0.0,0.0,1,0.0,0.0,0,0.0,,0,0.0,,1,0.0,0.0,0,0.0,,0,0.0,,0,0.0,,1,0.0,0.0,0,,,0,,,1,0.0,0.0,0,,,0,,,0,,,0,0.0,,1,0.0,0.0,0.0,,0.8090909090909091,1,0.0,0.0,0,,,1,0.0,0.0,0.09090909090909091,2.3978952727983707,8.405940594059405,13.3169795221843,0.013331911262798634,0.75,0.75,4269.875,-0.5480421512990249,0.04090909090909091,0.5,14.0,0.1875,0.375,0.25,0.5691415281234006,0.0575229486959812,6.0
Laurel Park,2026-09-28,4,Race 4 - Maiden Claiming,1710.0,"3YO+, Maiden, Claiming","{'eventId': '3438944', 'overall': 'Soft', 'rating': None, 'surface': 'Turf', '__typename': 'TrackCondition'}",Turf,,34159.0,8.0,False,9.0,9.0,53.5,,,85.0,Big Boy Luka,3.0,Gelding,b,Aldrin,Braefield,7983.0,Ismerio Villalobos,Anthony Aguirre,False,1.0,6.0,S,,5.0,15,14.988,1.12,160.0,38.767686062836745,16,1.01,4.8,1.01,4.0,0.0,2.0,4.5,4.0,5.0,0.0,0.0,0.0,10.775,19.0,14.5,67.0,62.0,0.0,1.0,2.0,0.0,1.0,0.1666666666666667,0.0,0.0,-100.0,85.0,5592.0,2796.0,0.0,21.0,4.0,17.0,,,,,,2,0.0,0.0,2,0.0,0.0,2,0.0,0.0,1,0.0,0.0,0,0.0,,0,0.0,,1,0.0,0.0,0,0.0,,1,0.0,0.0,1,0.0,0.0,0,,,0,,,0,,,0,,,0,,,0,0.0,,0,0.0,,0.0,,0.8090909090909091,2,0.0,0.0,0,,,2,0.0,0.0,0.2,1.6094379124341003,3.7524752475247523,10.600480384307446,0.06672004270082733,1.125,1.125,4269.875,-2.045132906067093,0.2,1.0,10.5,0.40625,0.375,0.25,0.5691415281234006,0.1784519319507671,2.0
Laurel Park,2026-09-28,4,Race 4 - Maiden Claiming,1710.0,"3YO+, Maiden, Claiming","{'eventId': '3438944', 'overall': 'Soft', 'rating': None, 'surface': 'Turf', '__typename': 'TrackCondition'}",Turf,,34159.0,8.0,False,11.0,11.0,55.25,,-3.25,83.0,River Revival,3.0,Gelding,dk b/br,Long River,Prepare The Way,3368.0,Magglio Sanchez,Susan S. Cooney,False,0.25,6.0,S,,34.0,15,86.65466666666666,1.12,1000.0,244.33900978944988,15,1.01,23.0,1.01,8.0,0.0,2.0,7.5,7.0,8.0,0.0,0.0,0.0,10.575,26.0,10.5,82.0,79.0,0.0,1.0,2.0,0.0,1.0,0.1666666666666667,0.0,0.0,-100.0,83.0,3368.0,1684.0,0.0,21.0,7.0,26.0,,,,,,2,0.0,0.0,2,0.0,0.0,2,0.0,0.0,1,0.0,0.0,0,0.0,,0,0.0,,1,0.0,0.0,0,0.0,,1,0.0,0.0,1,0.0,0.0,0,,,0,,,0,,,0,,,0,,,0,0.0,,0,0.0,,0.0,,0.8090909090909091,2,0.0,0.0,0,,,2,0.0,0.0,0.029411764705882353,3.5263605246161616,21.77227722772277,11.52713452631903,0.01154005939283901,1.375,1.375,4269.875,-0.5480421512990249,0.007352941176470588,0.375,16.0,0.0625,0.375,0.25,0.5691415281234006,0.042493787848870715,8.0
Laurel Park,2026-09-28,4,Race 4 - Maiden Claiming,1710.0,"3YO+, Maiden, Claiming","{'eventId': '3438944', 'overall': 'Soft', 'rating': None, 'surface': 'Turf', '__typename': 'TrackCondition'}",Turf,,34159.0,8.0,False,13.0,13.0,57.25,,,82.0,Long Straw,4.0,Gelding,ch,Madefromlucky,Bravucona,24429.0,Leonardo Corujo,Timothy M. Vick,False,0.08,2.0,S,,7.5,15,72.60133333333334,1.12,1000.0,247.86233280772797,3,1.01,6.0,1.01,3.0,0.0,5.0,6.8,5.0,9.0,0.0,0.0,0.0,6.73,31.4,21.0,63.2,74.0,3.0,2.0,5.0,0.0,0.0,1.333333333333333,0.0,0.0,-100.0,82.0,21013.0,1910.0,9.0,16.0,7.0,13.0,,,,,,11,0.0,0.0,8,0.0,0.0,3,0.0,0.0,2,0.0,0.0,9,0.0,0.0,1,0.0,0.0,9,0.0,0.0,0,0.0,,3,0.0,0.0,2,0.0,0.0,2,0.0,0.0,4,0.0,0.0,1,0.0,0.0,0,,,0,,,0,0.0,,5,0.0,0.0,0.0,,0.8090909090909091,11,0.0,0.0,0,,,11,0.0,0.0,0.13333333333333333,2.0149030205422647,4.9405940594059405,13.758425005968666,0.01377385171989495,1.625,1.625,4269.875,1.1629187112930528,0.010666666666666666,0.25,13.0,0.25,0.375,0.25,0.5691415281234006,0.0892663005618978,5.0
Laurel Park,2026-09-28,4,Race 4 - Maiden Claiming,1710.0,"3YO+, Maiden, Claiming","{'eventId': '3438944', 'overall': 'Soft', 'rating': None, 'surface': 'Turf', '__typename': 'TrackCondition'}",Turf,,34159.0,8.0,False,14.0,14.0,55.25,,,85.0,All Fruits Ripe,6.0,Gelding,dk b/br,Bourbon Courage,Broken Treaty,80713.0,Jose E. Vargas,Valrie Smith,False,0.76,23.0,S,,3.75,15,70.40333333333334,1.1,1000.0,248.44828467018155,22,1.01,3.6,1.01,1.0,1.0,5.0,3.8,2.0,6.0,0.0,0.4,0.2,5.8,24.6,19.4,71.2,73.0,2.0,0.0,5.0,0.0,0.0,1.333333333333333,0.0,33.0,-100.0,85.0,59191.0,2192.0,0.0,16.0,2.0,13.0,,,,,,27,0.0,0.3333333333333333,9,0.0,0.4444444444444444,3,0.0,0.6666666666666666,4,0.0,0.25,19,0.0,0.3684210526315789,2,0.0,0.5,20,0.0,0.35,0,0.0,,4,0.0,0.25,4,0.0,0.25,3,0.0,0.6666666666666666,10,0.0,0.2,10,0.0,0.5,0,,,0,,,0,0.0,,20,0.0,0.35,1.0,0.0,1.0,27,0.0,0.3333333333333333,0,,,27,0.0,0.3333333333333333,0.26666666666666666,1.3217558399823195,2.5643564356435644,14.188248662468633,0.014203872922683585,1.75,1.75,4269.875,-0.5480421512990249,0.20266666666666666,0.875,9.0,0.5,1.0,0.875,0.5691415281234006,0.30803831191741726,1.0
Churchill Downs,2026-09-28,4,Race 4 - Maiden Special Weight,1106.0,"2YO, Maiden, Spec. Weight","{'eventId': '3437977', 'overall': None, 'rating': None, 'surface': 'Dirt', '__typename': 'TrackCondition'}",Dirt,,170796.0,7.0,False,1.0,1.0,54.0,,,95.0,Creole Mischief,2.0,Colt,b,Maximus Mischief,Tensas Patch,0.0,Axel Concepcion,Joe Sharp,False,0.38,6.0,,,21.0,9,22.666666666666668,11.0,46.0,8.819171036881968,20,8.5,21.0,8.0,7.0,0.0,,4.6,2.0,,0.0,0.4,0.2,,12.2,25.8,,79.0,1.0,1.0,,0.0,,0.1666666666666667,0.0,0.0,0.0,95.0,0.0,0.0,16.0,21.0,5.0,10.0,,,,,,0,0.08,0.375,0,0.0,,0,0.0,,0,0.0,,0,0.0,,0,0.0,,0,0.0,,0,0.0,,0,0.0,,0,,,0,,,0,,,0,,,0,,,0,,,0,0.0,,0,0.0,,0.0,,0.8090909090909091,0,,,0,,,0,,,0.047619047619047616,3.044522437723423,1.4705882352941178,1.5441176470588234,0.044117647058823525,0.14285714285714285,0.14285714285714285,24399.428571428572,0.0,0.018095238095238095,0.2857142857142857,7.0,0.3333333333333333,0.5416666666666666,0.4444444444444444,0.14435466494290025,0.0324486613705592,6.0
Churchill Downs,2026-09-28,4,Race 4 - Maiden Special Weight,1106.0,"2YO, Maiden, Spec. Weight","{'eventId': '3437977', 'overall': None, 'rating': None, 'surface': 'Dirt', '__typename': 'TrackCondition'}",Dirt,,170796.0,7.0,False,4.0,4.0,54.0,,,79.0,Subjugation,2.0,Colt,b,Bee Jersey,Tale Of Class,89384.0,Keith J. Asmussen,Steven M. Asmussen,False,1.0,6.0,S,,15.0,9,16.77777777777778,11.0,40.0,8.32369813347913,16,7.5,12.0,7.0,3.0,0.0,3.0,2.6666666666666665,2.0,4.0,0.0,0.6666666666666666,0.6666666666666666,5.833333333333333,4.666666666666667,18.666666666666668,82.33333333333333,75.0,0.0,1.0,3.0,1.0,1.0,-1.0,0.0,67.0,-100.0,79.0,72303.0,24101.0,9.0,29.0,2.0,7.0,,,,,,3,0.0,0.6666666666666666,3,0.0,0.6666666666666666,2,0.0,0.5,1,0.0,1.0,0,0.0,,0,0.0,,0,0.0,,0,0.0,,1,0.0,1.0,1,0.0,0.0,1,0.0,1.0,2,0.0,0.5,0,,,0,,,0,,,0,0.0,,2,0.0,0.5,1.0,0.0,0.0,3,0.0,0.6666666666666666,0,,,3,0.0,0.6666666666666666,0.06666666666666667,2.70805020110221,0.6,1.728476821192053,0.059602649006622516,0.5714285714285714,0.5714285714285714,24399.428571428572,0.0,0.06666666666666667,1.0,5.5,0.5,0.5,0.8888888888888888,0.14435466494290025,0.03870644501185424,5.0
Churchill Downs,2026-09-28,4,Race 4 - Maiden Special Weight,1106.0,"2YO, Maiden, Spec. Weight","{'eventId': '3437977', 'overall': None, 'rating': None, 'surface': 'Dirt', '__typename': 'TrackCondition'}",Dirt,,170796.0,7.0,False,5.0,5.0,54.0,,,85.0,Timelapse,2.0,Colt,b,Drain The Clock,Megara,0.0,Luis Saez,James P. Divito,False,0.56,3.0,,,15.0,9,15.015555555555554,1.14,36.0,8.446547106640166,22,18.0,13.0,12.0,5.0,0.0,,4.6,2.0,,0.0,0.4,0.2,,12.2,25.8,,79.0,1.0,1.0,,0.0,,0.1666666666666667,0.0,0.0,0.0,85.0,0.0,0.0,36.0,21.0,5.0,10.0,,,,,,0,0.08,0.375,0,0.0,,0,0.0,,0,0.0,,0,0.0,,0,0.0,,0,0.0,,0,0.0,,0,0.0,,0,,,0,,,0,,,0,,,0,,,0,,,0,0.0,,0,0.0,,0.0,,0.8090909090909091,0,,,0,,,0,,,0.06666666666666667,2.70805020110221,-0.2777777777777778,2.3215924226727838,0.0665976024863105,0.7142857142857143,0.7142857142857143,24399.428571428572,0.0,0.037333333333333336,0.5714285714285714,5.5,0.5,0.5416666666666666,0.4444444444444444,0.14435466494290025,0.045932728568889504,4.0
Churchill Downs,2026-09-28,4,Race 4 - Maiden Special Weight,1106.0,"2YO, Maiden, Spec. Weight","{'eventId': '3437977', 'overall': None, 'rating': None, 'surface': 'Dirt', '__typename': 'TrackCondition'}",Dirt,,170796.0,7.0,False,6.0,6.0,54.0,,,97.0,Yacht Master,2.0,Colt,b,Into Mischief,Pathetique,107609.0,Tyler Gaffalione,Bob Baffert,False,0.61,1.0,,,3.0,9,108.21111111111112,2.9,950.0,297.61733986388344,13,4.0,2.9,2.75,1.0,1.0,,4.6,2.0,,0.0,0.4,0.2,,12.2,25.8,,79.0,1.0,1.0,,0.0,,0.1666666666666667,0.0,0.0,0.0,97.0,0.0,0.0,25.0,21.0,5.0,10.0,,,,,,0,0.08,0.375,0,0.0,,0,0.0,,0,0.0,,0,0.0,,0,0.0,,0,0.0,,0,0.0,,0,0.0,,0,,,0,,,0,,,0,,,0,,,0,,,0,0.0,,0,0.0,,0.0,,0.8090909090909091,0,,,0,,,0,,,0.3333333333333333,1.0986122886681098,-0.275,8.752335968785296,0.009241195194578498,0.8571428571428571,0.8571428571428571,24399.428571428572,0.0,0.2033333333333333,0.8571428571428571,2.0,0.8888888888888888,0.5416666666666666,0.4444444444444444,0.14435466494290025,0.1976747982553269,3.0
Churchill Downs,2026-09-28,4,Race 4 - Maiden Special Weight,1106.0,"2YO, Maiden, Spec. Weight","{'eventId': '3437977', 'overall': None, 'rating': None, 'surface': 'Dirt', '__typename': 'TrackCondition'}",Dirt,,170796.0,7.0,False,7.0,7.0,54.0,,,87.0,Hazy Horizon,2.0,Gelding,b,Midshipman,Tiz Rae Anna,50998.0,Yedsit Hazlewood,Wesley A. Ward,False,0.42,2.0,S,,4.0,9,3.5877777777777777,1.14,5.1,0.973696025778725,25,3.3,3.5,2.62,2.0,0.0,1.0,3.0,3.0,3.0,0.0,1.0,0.0,5.0,5.5,0.0,97.0,97.0,1.0,0.0,1.0,0.0,1.0,0.1666666666666667,0.0,100.0,-100.0,87.0,16836.0,16836.0,28.0,129.0,3.0,5.5,,,,,,1,0.0,1.0,1,0.0,1.0,0,0.0,,0,0.0,,1,0.0,1.0,0,0.0,,1,0.0,1.0,0,0.0,,1,0.0,1.0,0,,,0,,,0,,,0,,,0,,,0,,,0,0.0,,0,0.0,,0.0,,0.8090909090909091,1,0.0,1.0,0,,,1,0.0,1.0,0.25,1.3862943611198906,0.06060606060606066,1.1037472901827192,0.27872406317745435,1.0,1.0,24399.428571428572,0.0,0.105,0.42857142857142855,3.0,0.7777777777777778,1.0,1.0,0.14435466494290025,0.32707658321038036,2.0
Churchill Downs,2026-09-28,4,Race 4 - Maiden Special Weight,1106.0,"2YO, Maiden, Spec. Weight","{'eventId': '3437977', 'overall': None, 'rating': None, 'surface': 'Dirt', '__typename': 'TrackCondition'}",Dirt,,170796.0,7.0,False,8.0,8.0,54.0,,,99.0,Kamassa,2.0,Colt,b,Life Is Good,Tiz Breathtaking,11957.0,Jose L. Ortiz,Wayne M. Catalano,False,0.59,6.0,,,2.5,9,2.31,1.14,2.7,0.425205832509386,21,3.3,2.35,2.25,4.0,0.0,,4.6,2.0,,0.0,0.4,0.2,,12.2,25.8,,79.0,1.0,1.0,,0.0,,0.1666666666666667,0.0,0.0,0.0,99.0,0.0,0.0,14.0,21.0,5.0,10.0,,,,,,0,0.08,0.375,0,0.0,,0,0.0,,0,0.0,,0,0.0,,0,0.0,,0,0.0,,0,0.0,,0,0.0,,0,,,0,,,0,,,0,,,0,,,0,,,0,0.0,,0,0.0,,0.0,,0.8090909090909091,0,,,0,,,0,,,0.4,0.9162907318741551,-0.2878787878787878,0.6753246753246754,0.4329004329004329,1.1428571428571428,1.1428571428571428,24399.428571428572,0.0,0.236,0.7142857142857143,1.0,1.0,0.5416666666666666,0.4444444444444444,0.14435466494290025,0.3274072976957486,1.0
Churchill Downs,2026-09-28,4,Race 4 - Maiden Special Weight,1106.0,"2YO, Maiden, Spec. Weight","{'eventId': '3437977', 'overall': None, 'rating': None, 'surface': 'Dirt', '__typename': 'TrackCondition'}",Dirt,,170796.0,7.0,False,9.0,9.0,54.0,,,81.0,Wolverine,2.0,Colt,b,Charlatan,Faypien,0.0,Adam Beschizza,S. Jade Cunningham,False,0.01,6.0,,,35.0,9,36.20222222222222,1.82,90.0,21.46807540811228,14,26.0,31.0,23.0,6.0,0.0,,4.6,2.0,,0.0,0.4,0.2,,12.2,25.8,,79.0,1.0,1.0,,0.0,,0.1666666666666667,0.0,0.0,0.0,81.0,0.0,0.0,0.0,21.0,5.0,10.0,,,,,,0,0.08,0.375,0,0.0,,0,0.0,,0,0.0,,0,0.0,,0,0.0,,0,0.0,,0,0.0,,0,0.0,,0,,,0,,,0,,,0,,,0,,,0,,,0,0.0,,0,0.0,,0.0,,0.8090909090909091,0,,,0,,,0,,,0.02857142857142857,3.5553480614894135,0.19230769230769232,2.4357620772205517,0.027622613713093123,1.2857142857142858,1.2857142857142858,24399.428571428572,0.0,0.00028571428571428574,0.14285714285714285,9.0,0.1111111111111111,0.5416666666666666,0.4444444444444444,0.14435466494290025,0.030753485887241187,7.0
Istanbul,2026-09-27,4,Race 4,1400.0,,"{'eventId': '3438738', 'overall': 'Good', 'rating': None, 'surface': 'All Weather', '__typename': 'TrackCondition'}",All Weather,,30572.0,12.0,False,1.0,11.0,59.0,,,81.0,Karaköprü Ateşi,3.0,Colt,ch,Orhunkaan,Sevilgen,36490.0,Mahs. Turan,A. Temizer,False,0.55,16.0,S,,6.25,15,6.423333333333334,5.5,8.2,0.8997900989798797,6,6.0,5.5,5.0,1.0,1.0,5.0,6.2,2.0,14.0,0.0,0.4,0.2,8.15,12.2,13.0,,79.0,0.0,2.0,5.0,0.0,0.0,-3.0,0.0,33.0,-100.0,79.0,19020.0,2113.0,43.0,0.0,2.0,10.0,,,,,,9,0.0,0.3333333333333333,9,0.0,0.3333333333333333,4,0.0,0.5,3,0.0,0.6666666666666666,0,0.0,,0,0.0,,2,0.0,1.0,0,0.0,,1,0.0,0.0,1,0.0,0.0,1,0.0,0.0,0,,,9,0.0,0.3333333333333333,0,,,0,,,0,0.0,,9,0.0,0.3333333333333333,0.0,,0.8090909090909091,9,0.0,0.3333333333333333,0,,,0,,,0.16,1.8325814637483102,-0.08333333333333333,0.42034250129735323,0.15568240788790866,0.9166666666666666,0.08333333333333333,2547.6666666666665,1.62020707932866,0.08800000000000001,0.8333333333333334,4.0,0.75,0.9583333333333334,0.8333333333333334,0.11200824523688291,0.11415247782401687,3.0
Istanbul,2026-09-27,4,Race 4,1400.0,,"{'eventId': '3438738', 'overall': 'Good', 'rating': None, 'surface': 'All Weather', '__typename': 'TrackCondition'}",All Weather,,30572.0,12.0,False,2.0,7.0,57.0,,,81.0,Akçaali,3.0,Colt,ch,Berksoy,Çeltik,8475.0,G. Ozcelik,Mir. Ipek,False,0.27,5.0,S,,7.0,15,7.353333333333333,6.5,9.1,0.8890944206825779,8,7.0,6.5,6.25,4.0,0.0,3.0,5.333333333333333,3.0,9.0,0.0,0.3333333333333333,0.0,8.083333333333334,12.2,12.666666666666666,,79.0,3.0,0.0,3.0,0.0,1.0,-3.5,0.0,33.0,-100.0,79.0,6728.0,2243.0,0.0,0.0,4.0,10.0,,,,,,3,0.0,0.3333333333333333,3,0.0,0.3333333333333333,3,0.0,0.3333333333333333,0,0.0,,3,0.0,0.3333333333333333,0,0.0,,1,0.0,0.0,0,0.0,,1,0.0,1.0,1,0.0,0.0,1,0.0,0.0,0,,,3,0.0,0.3333333333333333,0,,,0,,,0,0.0,,3,0.0,0.3333333333333333,0.0,,0.8090909090909091,3,0.0,0.3333333333333333,0,,,0,,,0.14285714285714285,1.9459101490553132,-0.07142857142857142,0.3535811423390752,0.1359927470534905,0.5833333333333334,0.16666666666666666,2547.6666666666665,0.671793179233834,0.03857142857142857,0.5833333333333334,5.0,0.6666666666666666,0.7916666666666666,0.8333333333333334,0.11200824523688291,0.10993016089181042,5.0
Istanbul,2026-09-27,4,Race 4,1400.0,,"{'eventId': '3438738', 'overall': 'Good', 'rating': None, 'surface': 'All Weather', '__typename': 'TrackCondition'}",All Weather,,30572.0,12.0,False,3.0,1.0,57.0,,,81.0,Besni,3.0,Colt,ch,Besleney,Bedesten,15238.0,V. Abis,Ser. Yıldız,False,0.86,25.0,S,,2.35,15,2.61,2.2,4.0,0.6957489968851315,6,2.5,2.2,2.2,3.0,0.0,3.0,6.333333333333333,2.0,13.0,0.0,0.3333333333333333,0.3333333333333333,7.166666666666667,12.2,13.666666666666666,,79.0,2.0,1.0,3.0,1.0,1.0,-6.5,0.0,33.0,-100.0,79.0,11744.0,3915.0,20.0,0.0,4.0,10.0,,,,,,3,0.0,0.3333333333333333,3,0.0,0.3333333333333333,3,0.0,0.3333333333333333,1,0.0,0.0,2,0.0,0.5,1,0.0,0.0,2,0.0,0.0,0,0.0,,1,0.0,1.0,1,0.0,0.0,1,0.0,0.0,0,,,3,0.0,0.3333333333333333,0,,,0,,,0,0.0,,3,0.0,0.3333333333333333,1.0,0.0,0.0,3,0.0,0.3333333333333333,0,,,0,,,0.425531914893617,0.8544153281560676,-0.11999999999999993,0.689655172413793,0.3831417624521073,0.08333333333333333,0.25,2547.6666666666665,0.671793179233834,0.3659574468085106,0.9166666666666666,1.0,1.0,0.7916666666666666,0.8333333333333334,0.11200824523688291,0.24944555707578747,1.0
Istanbul,2026-09-27,4,Race 4,1400.0,,"{'eventId': '3438738', 'overall': 'Good', 'rating': None, 'surface': 'All Weather', '__typename': 'TrackCondition'}",All Weather,,30572.0,12.0,False,4.0,8.0,57.0,,,81.0,Birtugan,3.0,Colt,gr,Gelibolu,Gülsima,873.0,E. Bozdag,Gok. Gokce,False,0.04,6.0,S,,34.0,15,28.026666666666667,11.8,34.0,8.375795816252658,5,31.0,26.0,23.0,5.0,0.0,2.0,7.0,6.0,8.0,0.0,0.0,0.0,12.75,12.2,6.5,,79.0,2.0,1.0,2.0,0.0,1.0,0.1666666666666667,0.0,0.0,-100.0,79.0,0.0,0.0,0.0,0.0,8.0,10.0,,,,,,2,0.0,0.0,2,0.0,0.0,2,0.0,0.0,1,0.0,0.0,2,0.0,0.0,1,0.0,0.0,2,0.0,0.0,0,0.0,,1,0.0,0.0,1,0.0,0.0,0,,,0,,,2,0.0,0.0,0,,,0,,,0,0.0,,2,0.0,0.0,0.0,,0.8090909090909091,2,0.0,0.0,0,,,0,,,0.029411764705882353,3.5263605246161616,-0.16129032258064516,0.7921027592768791,0.03568030447193149,0.6666666666666666,0.3333333333333333,2547.6666666666665,0.671793179233834,0.0011764705882352942,0.16666666666666666,9.0,0.3333333333333333,0.3333333333333333,0.3333333333333333,0.11200824523688291,0.031262038892825056,10.0
Istanbul,2026-09-27,4,Race 4,1400.0,,"{'eventId': '3438738', 'overall': 'Good', 'rating': None, 'surface': 'All Weather', '__typename': 'TrackCondition'}",All Weather,,30572.0,12.0,False,5.0,4.0,53.0,,-4.0,81.0,Gökkılıç,3.0,Colt,gr,Kafkas Şahı,Safsu,888.0,U. Levent,Ram. Kaya,False,0.13,6.0,S,,61.0,15,42.266666666666666,30.0,61.0,11.357621034158322,8,16.0,34.0,16.0,8.0,0.0,5.0,7.2,5.0,9.0,0.0,0.0,0.0,13.6,12.2,10.4,,79.0,4.0,1.0,5.0,0.0,0.0,1.166666666666667,0.0,0.0,-100.0,79.0,888.0,127.0,50.0,0.0,7.0,10.0,,,,,,7,0.0,0.0,7,0.0,0.0,4,0.0,0.0,1,0.0,0.0,5,0.0,0.0,1,0.0,0.0,4,0.0,0.0,0,0.0,,2,0.0,0.0,1,0.0,0.0,1,0.0,0.0,0,,,6,0.0,0.0,0,,,0,,,0,0.0,,6,0.0,0.0,0.0,,0.8090909090909091,7,0.0,0.0,0,,,0,,,0.01639344262295082,4.110873864173311,1.125,0.7334384858044164,0.023659305993690854,0.3333333333333333,0.4166666666666667,2547.6666666666665,-1.225034620955818,0.0021311475409836068,0.5,10.0,0.25,0.3333333333333333,0.3333333333333333,0.11200824523688291,0.031401674378010516,9.0
Istanbul,2026-09-27,4,Race 4,1400.0,,"{'eventId': '3438738', 'overall': 'Good', 'rating': None, 'surface': 'All Weather', '__typename': 'TrackCondition'}",All Weather,,30572.0,12.0,False,6.0,12.0,56.0,,-1.0,81.0,Rossiman,3.0,Colt,b,Bodrum Kalesi,Gagauz,0.0,K. Gokce,Guv. Gokce,False,0.09,6.0,S,,67.0,15,49.48,11.4,67.0,19.875988864288825,4,51.0,41.0,41.0,7.0,0.0,5.0,11.0,6.0,14.0,0.0,0.0,0.0,7.7,12.2,23.2,,79.0,5.0,0.0,5.0,0.0,1.0,4.166666666666666,0.0,0.0,-100.0,79.0,0.0,0.0,0.0,0.0,6.0,10.0,,,,,,6,0.0,0.0,6,0.0,0.0,4,0.0,0.0,0,0.0,,6,0.0,0.0,0,0.0,,3,0.0,0.0,0,0.0,,2,0.0,0.0,2,0.0,0.0,1,0.0,0.0,0,,,6,0.0,0.0,0,,,0,,,0,0.0,,6,0.0,0.0,0.0,,0.8090909090909091,6,0.0,0.0,0,,,0,,,0.014925373134328358,4.204692619390966,-0.19607843137254902,1.123686337914309,0.02021018593371059,1.0,0.5,2547.6666666666665,0.19758622918642096,0.0013432835820895521,0.375,11.0,0.16666666666666666,0.3333333333333333,0.3333333333333333,0.11200824523688291,0.028907174645351204,12.0
Istanbul,2026-09-27,4,Race 4,1400.0,,"{'eventId': '3438738', 'overall': 'Good', 'rating': None, 'surface': 'All Weather', '__typename': 'TrackCondition'}",All Weather,,30572.0,12.0,False,7.0,3.0,57.0,,,81.0,Roza Hanım,3.0,Filly,ch,Balalayka,Dilahatun,15673.0,A. Yıldız,A. Temizer,False,1.0,17.0,S,,6.0,15,5.913333333333333,5.5,7.4,0.7535397947170558,3,5.25,5.5,5.0,6.0,0.0,5.0,3.6,2.0,5.0,0.0,0.4,0.2,4.61,12.2,18.2,,79.0,0.0,1.0,5.0,1.0,1.0,-0.6666666666666665,0.0,40.0,-100.0,79.0,15673.0,3135.0,0.0,0.0,4.0,10.0,,,,,,5,0.0,0.4,5,0.0,0.4,1,0.0,0.0,1,0.0,1.0,0,0.0,,0,0.0,,5,0.0,0.4,0,0.0,,1,0.0,1.0,1,0.0,1.0,1,0.0,0.0,0,,,5,0.0,0.4,0,,,0,,,0,0.0,,5,0.0,0.4,1.0,0.0,0.0,5,0.0,0.4,0,,,0,,,0.16666666666666666,1.791759469228055,0.047619047619047616,0.3213077790304398,0.16910935738444194,0.25,0.5833333333333334,2547.6666666666665,0.671793179233834,0.16666666666666666,1.0,3.0,0.8333333333333334,0.9583333333333334,1.0,0.11200824523688291,0.11403429388978917,4.0
Istanbul,2026-09-27,4,Race 4,1400.0,,"{'eventId': '3438738', 'overall': 'Good', 'rating': None, 'surface': 'All Weather', '__typename': 'TrackCondition'}",All Weather,,30572.0,12.0,False,8.0,5.0,55.0,,,81.0,Alcanzar,3.0,Filly,gr,Fatih Ağa,Aspurçe,6988.0,B. Akcay,Z. Temucin,False,0.09,2.0,S,,23.0,15,17.560000000000002,7.8,23.0,5.05447656373371,11,23.0,17.0,16.0,2.0,0.0,4.0,9.25,7.0,14.0,0.0,0.0,0.0,10.625,12.2,13.0,,79.0,3.0,1.0,4.0,0.0,1.0,2.5,0.0,0.0,-100.0,79.0,0.0,0.0,33.0,0.0,8.0,10.0,,,,,,4,0.0,0.0,4,0.0,0.0,3,0.0,0.0,1,0.0,0.0,3,0.0,0.0,0,0.0,,1,0.0,0.0,0,0.0,,1,0.0,0.0,1,0.0,0.0,1,0.0,0.0,0,,,4,0.0,0.0,0,,,0,,,0,0.0,,4,0.0,0.0,0.0,,0.8090909090909091,4,0.0,0.0,0,,,0,,,0.043478260869565216,3.1354942159291497,-0.2608695652173913,0.8656036446469246,0.05694760820045557,0.4166666666666667,0.6666666666666666,2547.6666666666665,-0.27662072086099204,0.003913043478260869,0.375,7.0,0.5,0.3333333333333333,0.3333333333333333,0.11200824523688291,0.04016223638578984,7.0
Istanbul,2026-09-27,4,Race 4,1400.0,,"{'eventId': '3438738', 'overall': 'Good', 'rating': None, 'surface': 'All Weather', '__typename': 'TrackCondition'}",All Weather,,30572.0,12.0,False,9.0,9.0,55.0,,,81.0,Buzmeral,3.0,Filly,ch,Biçer,Jonathan,0.0,T. Yıldız,B. Çapkın,False,0.01,6.0,S,,31.0,15,29.286666666666672,23.0,31.0,2.2832335744631025,8,26.0,23.0,21.0,12.0,0.0,1.0,7.0,7.0,7.0,0.0,0.0,0.0,6.5,12.2,0.0,,79.0,1.0,0.0,1.0,0.0,1.0,0.1666666666666667,0.0,0.0,-100.0,79.0,0.0,0.0,0.0,0.0,7.0,10.0,,,,,,1,0.0,0.0,1,0.0,0.0,1,0.0,0.0,0,0.0,,1,0.0,0.0,0,0.0,,1,0.0,0.0,0,0.0,,1,0.0,0.0,0,,,0,,,0,,,0,,,0,,,0,,,0,0.0,,0,0.0,,0.0,,0.8090909090909091,1,0.0,0.0,0,,,0,,,0.03225806451612903,3.4339872044851463,-0.11538461538461539,0.2731618483951741,0.03414523104939676,0.75,0.75,2547.6666666666665,-0.27662072086099204,0.0003225806451612903,0.08333333333333333,8.0,0.4166666666666667,0.3333333333333333,0.3333333333333333,0.11200824523688291,0.0373223174893154,8.0
Istanbul,2026-09-27,4,Race 4,1400.0,,"{'eventId': '3438738', 'overall': 'Good', 'rating': None, 'surface': 'All Weather', '__typename': 'TrackCondition'}",All Weather,,30572.0,12.0,False,10.0,10.0,51.0,,-4.0,81.0,Günkari,3.0,Filly,ch,Gelibolu,Elayar,0.0,B. Bulbul,S. Bektas,False,0.08,6.0,S,,91.0,15,80.26666666666667,51.0,91.0,9.014556130072195,8,61.0,51.0,41.0,10.0,0.0,5.0,9.2,7.0,12.0,0.0,0.0,0.0,8.85,12.2,10.4,,79.0,4.0,2.0,5.0,0.0,0.0,-0.5,0.0,0.0,-100.0,79.0,0.0,0.0,0.0,0.0,7.0,10.0,,,,,,6,0.0,0.0,6,0.0,0.0,4,0.0,0.0,2,0.0,0.0,5,0.0,0.0,1,0.0,0.0,2,0.0,0.0,0,0.0,,1,0.0,0.0,1,0.0,0.0,1,0.0,0.0,0,,,6,0.0,0.0,0,,,0,,,0,0.0,,6,0.0,0.0,0.0,,0.8090909090909091,6,0.0,0.0,0,,,0,,,0.01098901098901099,4.51085950651685,-0.16393442622950818,0.4983388704318937,0.012458471760797342,0.8333333333333334,0.8333333333333334,2547.6666666666665,-2.173448521050644,0.0008791208791208792,0.25,12.0,0.08333333333333333,0.3333333333333333,0.3333333333333333,0.11200824523688291,0.03124297738266567,11.0
Istanbul,2026-09-27,4,Race 4,1400.0,,"{'eventId': '3438738', 'overall': 'Good', 'rating': None, 'surface': 'All Weather', '__typename': 'TrackCondition'}",All Weather,,30572.0,12.0,False,11.0,2.0,55.0,,,81.0,Nilperi,3.0,Filly,ch,Gümbürgümbür,Lavanta,2409.0,G. Kocakaya,Ram. Kaya,False,0.43,2.0,S,,5.25,15,4.929999999999999,4.6,5.5,0.3285320887422314,6,5.25,4.6,4.5,9.0,0.0,1.0,4.0,4.0,4.0,0.0,0.0,0.0,9.5,12.2,0.0,,79.0,1.0,0.0,1.0,0.0,1.0,0.1666666666666667,0.0,0.0,-100.0,79.0,2409.0,2409.0,33.0,0.0,4.0,10.0,,,,,,1,0.0,0.0,1,0.0,0.0,1,0.0,0.0,0,0.0,,1,0.0,0.0,0,0.0,,0,0.0,,0,0.0,,1,0.0,0.0,0,,,0,,,0,,,0,,,0,,,0,,,0,0.0,,0,0.0,,0.0,,0.8090909090909091,1,0.0,0.0,0,,,0,,,0.19047619047619047,1.6582280766035324,-0.12380952380952388,0.182555780933063,0.20283975659229214,0.16666666666666666,0.9166666666666666,2547.6666666666665,-0.27662072086099204,0.0819047619047619,0.75,2.0,0.9166666666666666,0.3333333333333333,0.3333333333333333,0.11200824523688291,0.15383992034960633,2.0
Istanbul,2026-09-27,4,Race 4,1400.0,,"{'eventId': '3438738', 'overall': 'Good', 'rating': None, 'surface': 'All Weather', '__typename': 'TrackCondition'}",All Weather,,30572.0,12.0,False,12.0,6.0,55.0,,,81.0,Sabrinin Kızı,3.0,Filly,ch,Sabrinin Atı,Mıss Erciş,4315.0,Mus. Celik,O. Guneli,False,0.39,1.0,S,,9.0,15,9.56,8.5,12.8,1.6353592877407706,4,9.0,8.5,8.0,11.0,0.0,5.0,7.8,3.0,12.0,0.0,0.2,0.0,7.9,12.2,24.8,,79.0,4.0,2.0,5.0,0.0,0.0,6.333333333333334,0.0,17.0,-100.0,79.0,4315.0,719.0,0.0,0.0,3.0,10.0,,,,,,6,0.0,0.1666666666666666,6,0.0,0.1666666666666666,2,0.0,0.5,2,0.0,0.5,4,0.0,0.25,2,0.0,0.5,4,0.0,0.25,0,0.0,,1,0.0,0.0,1,0.0,0.0,1,0.0,0.0,0,,,6,0.0,0.1666666666666666,0,,,0,,,0,0.0,,6,0.0,0.1666666666666666,0.0,,0.8090909090909091,6,0.0,0.1666666666666666,0,,,0,,,0.1111111111111111,2.1972245773362196,-0.05555555555555555,0.44979079497907953,0.10460251046025104,0.5,1.0,2547.6666666666665,-0.27662072086099204,0.043333333333333335,0.6666666666666666,6.0,0.5833333333333334,0.6666666666666666,0.6666666666666666,0.11200824523688291,0.058299170795031996,6.0
Gulfstream,2026-09-28,4,Race 4 - Starter Optional Claiming,1207.0,"3YO+, Fillies & Mares, Claiming","{'eventId': '3438935', 'overall': None, 'rating': None, 'surface': 'Dirt', '__typename': 'TrackCondition'}",Dirt,,38429.0,6.0,False,1.0,1.0,55.75,,,77.0,Girvin Star,5.0,Mare,dk b/br,Girvin,Albea Star,258883.0,Yolber Torres,Marcial Cornejo,False,0.12,3.0,S,tcdon,3.75,16,4.675000000000001,3.4,9.3,2.102751174057454,10,1.01,3.4,1.01,5.0,0.0,5.0,3.2,1.0,6.0,0.2,0.6,0.4,8.17,14.8,28.2,73.4,76.0,5.0,1.0,0.0,0.0,0.0,-3.0,15.0,37.0,0.0,77.0,258883.0,9588.0,20.0,35.0,6.0,17.0,,,,,,27,0.1481481481481481,0.3703703703703703,13,0.1538461538461538,0.5384615384615384,1,0.0,0.0,10,0.2,0.4,27,0.1481481481481481,0.3703703703703703,10,0.2,0.4,5,0.0,0.0,0,0.0,,3,0.0,0.0,1,0.0,0.0,1,0.0,0.0,14,0.1428571428571428,0.4285714285714285,4,0.0,0.0,0,,,0,,,0,0.0,,18,0.1111111111111111,0.3333333333333333,2.0,1.0,1.0,27,0.1481481481481481,0.3703703703703703,0,,,1,0.0,1.0,0.26666666666666666,1.3217558399823195,2.366336633663366,1.2620320855614973,0.213903743315508,0.16666666666666666,0.16666666666666666,6404.833333333333,1.25988157521594,0.032,0.3333333333333333,3.0,0.7142857142857143,0.5,0.14285714285714285,0.3073798800395614,0.16278969074045654,2.0
Gulfstream,2026-09-28,4,Race 4 - Starter Optional Claiming,1207.0,"3YO+, Fillies & Mares, Claiming","{'eventId': '3438935', 'overall': None, 'rating': None, 'surface': 'Dirt', '__typename': 'TrackCondition'}",Dirt,,38429.0,6.0,False,2.0,2.0,53.5,,,79.0,Sweet Agenda,3.0,Filly,ch,Known Agenda,Mission Up,137637.0,Leonel Reyes,Jose Francisco D'Angelo,False,1.0,25.0,S,tcdbn,1.75,16,1.88125,1.5,2.8,0.4211720996219953,7,1.01,1.6,1.01,2.0,0.0,5.0,1.4,1.0,2.0,0.6,1.0,1.0,0.75,4.866,20.8,66.4,76.0,5.0,3.0,0.0,3.0,0.0,-0.1666666666666667,40.0,60.0,22.0,79.0,129951.0,12995.0,24.0,16.0,2.0,2.63,,,,,,10,0.4,0.6,7,0.4285714285714285,0.7142857142857143,3,0.6666666666666666,1.0,4,0.5,0.75,10,0.4,0.6,4,0.5,0.75,0,0.0,,0,0.0,,2,0.0,0.0,2,0.0,0.0,2,0.5,1.0,4,0.0,0.25,1,1.0,1.0,1,0.0,1.0,0,,,1,0.0,1.0,5,0.2,0.4,3.0,0.6666666666666666,1.0,10,0.4,0.6,0,,,1,0.0,0.0,0.5714285714285714,0.5596157879354227,0.5841584158415842,0.6910299003322258,0.5315614617940199,0.3333333333333333,0.3333333333333333,6404.833333333333,-1.385869732737539,0.5714285714285714,1.0,2.0,0.8571428571428571,1.0,0.7142857142857143,0.3073798800395614,0.4597518423995549,1.0
Gulfstream,2026-09-28,4,Race 4 - Starter Optional Claiming,1207.0,"3YO+, Fillies & Mares, Claiming","{'eventId': '3438935', 'overall': None, 'rating': None, 'surface': 'Dirt', '__typename': 'TrackCondition'}",Dirt,,38429.0,6.0,False,3.0,3.0,53.5,,-3.25,80.0,Mo Hijinx,3.0,Filly,dk b/br,Caracaro,Marazion Girl,125941.0,Pedro Pena,Kennedy A. Pownall,False,0.44,5.0,S,tcdn,12.0,16,9.875,5.2,14.0,2.351993835025934,4,1.01,9.5,1.01,6.0,0.0,5.0,4.2,2.0,7.0,0.0,0.4,0.2,7.7,8.7,32.8,66.2,78.0,5.0,2.0,1.0,0.0,1.0,2.0,20.0,40.0,-13.0,80.0,125941.0,12594.0,0.0,28.0,2.0,10.0,,,,,,10,0.2,0.4,8,0.125,0.375,2,0.0,0.5,6,0.3333333333333333,0.5,10,0.2,0.4,6,0.3333333333333333,0.5,0,0.0,,0,0.0,,3,0.3333333333333333,0.3333333333333333,3,0.3333333333333333,0.3333333333333333,2,0.0,0.5,2,0.5,0.5,3,0.3333333333333333,0.6666666666666666,1,0.0,0.0,0,,,1,0.0,0.0,5,0.4,0.6,1.0,0.0,0.0,10,0.2,0.4,0,,,1,0.0,1.0,0.08333333333333333,2.4849066497880004,8.405940594059405,0.8911392405063292,0.10126582278481013,0.5,0.5,6404.833333333333,-1.385869732737539,0.03666666666666667,0.5,5.0,0.42857142857142855,0.3333333333333333,0.2857142857142857,0.3073798800395614,0.06829482179426953,5.0
Gulfstream,2026-09-28,4,Race 4 - Starter Optional Claiming,1207.0,"3YO+, Fillies & Mares, Claiming","{'eventId': '3438935', 'overall': None, 'rating': None, 'surface': 'Dirt', '__typename': 'TrackCondition'}",Dirt,,38429.0,6.0,False,4.0,4.0,55.0,,,77.0,Evanora,5.0,Mare,b,Girvin,Majestic Minister,263121.0,Jose E. Morelos,Garrett W. Arscott,False,0.45,8.0,S,tcdn,8.0,16,6.7625,2.7,11.0,2.1696413874186677,4,1.01,6.5,1.01,4.0,0.0,5.0,3.0,1.0,5.0,0.2,0.8,0.2,5.45,12.2,18.2,73.6,73.0,5.0,3.0,1.0,0.0,0.0,0.0,11.0,58.0,-47.0,77.0,260431.0,7234.0,0.0,9.0,3.0,21.0,,,,,,36,0.1111111111111111,0.5833333333333334,12,0.0833333333333333,0.6666666666666666,3,0.0,1.0,10,0.2,0.6,35,0.1142857142857142,0.6,10,0.2,0.6,1,0.0,0.0,0,0.0,,3,0.0,0.6666666666666666,3,0.3333333333333333,0.6666666666666666,3,0.0,0.3333333333333333,25,0.12,0.52,3,0.0,0.6666666666666666,1,0.0,1.0,0,,,1,0.0,1.0,28,0.1071428571428571,0.5357142857142857,3.0,0.3333333333333333,0.6666666666666666,36,0.1111111111111111,0.5833333333333334,0,,,4,0.25,1.0,0.125,2.0794415416798357,5.435643564356436,1.2273567467652495,0.14787430683918668,0.6666666666666666,0.6666666666666666,6404.833333333333,0.37796447256478033,0.05625,0.6666666666666666,4.0,0.5714285714285714,0.75,0.5714285714285714,0.3073798800395614,0.130942069545001,3.0
Gulfstream,2026-09-28,4,Race 4 - Starter Optional Claiming,1207.0,"3YO+, Fillies & Mares, Claiming","{'eventId': '3438935', 'overall': None, 'rating': None, 'surface': 'Dirt', '__typename': 'TrackCondition'}",Dirt,,38429.0,6.0,False,6.0,6.0,55.0,,-3.25,88.0,Kip The Distance,4.0,Filly,dk b/br,Neolithic,Haunting Melody,360522.0,Carlos Martinez,Angel M. Rodriguez,False,0.01,5.0,S,tdn,19.0,16,18.325000000000003,11.9,46.0,7.612038163330502,7,1.01,16.0,1.01,1.0,1.0,5.0,5.4,3.0,7.0,0.0,0.2,0.0,5.61,16.3,33.0,86.6,84.0,0.0,2.0,1.0,0.0,1.0,-1.0,13.0,45.0,-64.0,88.0,336310.0,10849.0,20.0,21.0,6.0,26.0,,,,,,31,0.1290322580645161,0.4516129032258064,11,0.0909090909090909,0.3636363636363636,1,0.0,0.0,8,0.125,0.375,10,0.1,0.5,1,0.0,1.0,6,0.1666666666666666,0.3333333333333333,0,0.0,,3,0.0,0.3333333333333333,3,0.3333333333333333,0.3333333333333333,2,0.0,0.0,21,0.0952380952380952,0.5238095238095238,3,0.3333333333333333,0.6666666666666666,0,,,0,,,0,0.0,,24,0.125,0.5416666666666666,4.0,0.5,1.0,31,0.1290322580645161,0.4516129032258064,0,,,3,0.3333333333333333,0.3333333333333333,0.05263157894736842,2.9444389791664403,14.841584158415841,1.8608458390177351,0.05457025920873123,1.0,1.0,6404.833333333333,0.37796447256478033,0.0005263157894736842,0.16666666666666666,7.0,0.14285714285714285,0.16666666666666666,0.42857142857142855,0.3073798800395614,0.054370763849357524,6.0
Gulfstream,2026-09-28,4,Race 4 - Starter Optional Claiming,1207.0,"3YO+, Fillies & Mares, Claiming","{'eventId': '3438935', 'overall': None, 'rating': None, 'surface': 'Dirt', '__typename': 'TrackCondition'}",Dirt,,38429.0,6.0,False,7.0,7.0,55.0,,,78.0,Fully Entitled,5.0,Mare,b,Protonico,Matryoshka Doll,198854.0,Jonathan Ocasio,Kathryn Davey,False,0.82,27.0,S,tcdsn,16.0,16,15.000000000000002,5.9,34.0,6.782606431159042,7,1.01,13.0,1.01,3.0,0.0,5.0,2.4,1.0,6.0,0.6,0.8,0.6,4.15,3.35,29.6,75.6,72.0,5.0,1.0,0.0,3.0,0.0,2.333333333333333,29.0,82.0,-30.0,78.0,195011.0,11471.0,0.0,29.0,1.0,2.88,,,,,,17,0.2941176470588235,0.8235294117647058,9,0.3333333333333333,0.8888888888888888,2,1.0,1.0,5,0.6,1.0,15,0.2666666666666666,0.8666666666666667,4,0.5,1.0,0,0.0,,0,0.0,,4,0.25,0.75,2,1.0,1.0,2,0.0,0.5,9,0.2222222222222222,0.7777777777777778,0,,,1,1.0,1.0,0,,,1,1.0,1.0,9,0.2222222222222222,0.7777777777777778,9.0,0.4444444444444444,1.0,17,0.2941176470588235,0.8235294117647058,0,,,1,0.0,1.0,0.0625,2.772588722239781,11.871287128712872,1.8733333333333333,0.06666666666666665,1.1666666666666667,1.1666666666666667,6404.833333333333,0.37796447256478033,0.05125,0.8333333333333334,6.0,0.2857142857142857,0.75,1.0,0.3073798800395614,0.12385081167136053,4.0
Gulfstream,2026-09-28,5,Race 5 - Allowance Optional Claiming,1006.0,"3YO+, Fillies & Mares, Allowance","{'eventId': '3438936', 'overall': None, 'rating': None, 'surface': 'Turf', '__typename': 'TrackCondition'}",Turf,,88956.0,9.0,False,1.0,1.0,56.25,,,85.0,Neodera,4.0,Filly,b,Neolithic,Codera,217374.0,Edgar Perez,Michael Lerman,False,1.0,25.0,S,tcdn,2.3,12,81.18833333333333,2.1,950.0,261.9565932501456,6,1.01,2.1,1.01,3.0,0.0,5.0,2.2,1.0,6.0,0.6,0.8,0.8,3.35,3.642,56.6,76.0,75.0,5.0,3.0,0.0,3.0,1.0,2.0,40.0,70.0,57.0,85.0,208478.0,20848.0,24.0,27.0,1.0,2.38,,,,,,10,0.4,0.7,7,0.4285714285714285,0.5714285714285714,2,1.0,1.0,4,0.5,0.5,10,0.4,0.7,4,0.5,0.5,2,1.0,1.0,0,0.0,,4,0.5,0.75,3,0.3333333333333333,0.6666666666666666,1,1.0,1.0,6,0.1666666666666666,0.6666666666666666,1,1.0,1.0,0,,,0,,,0,0.0,,7,0.2857142857142857,0.7142857142857143,3.0,0.6666666666666666,1.0,10,0.4,0.7,0,,,0,,,0.4347826086956522,0.8329091229351039,1.0792079207920793,11.6753228091064,0.012317040625705664,0.1111111111111111,0.1111111111111111,9884.0,0.7207499693401166,0.4347826086956522,1.0,3.0,0.8181818181818182,0.7777777777777778,0.8181818181818182,0.2876950729297392,0.29812689844867624,1.0
Gulfstream,2026-09-28,5,Race 5 - Allowance Optional Claiming,1006.0,"3YO+, Fillies & Mares, Allowance","{'eventId': '3438936', 'overall': None, 'rating': None, 'surface': 'Turf', '__typename': 'TrackCondition'}",Turf,,88956.0,9.0,False,2.0,2.0,54.5,,,64.0,Amasia,3.0,Filly,dk b/br,Modernist,Rollover Risk,61231.0,Jose E. Morelos,Jena M. Antonucci,False,0.58,4.0,S,tcdn,13.0,12,11.606666666666667,1.28,17.0,3.452799186489452,7,1.01,11.0,1.01,7.0,0.0,2.0,3.0,1.0,5.0,0.5,0.5,0.5,13.75,10.5,139.5,58.0,40.0,2.0,1.0,0.0,0.0,2.0,0.1666666666666667,50.0,50.0,400.0,64.0,61231.0,30616.0,13.0,50.0,1.0,10.0,,,,,,2,0.5,0.5,2,0.5,0.5,1,1.0,1.0,1,1.0,1.0,2,0.5,0.5,1,1.0,1.0,1,1.0,1.0,0,0.0,,2,0.5,0.5,0,,,0,,,2,0.5,0.5,0,,,0,,,0,,,0,0.0,,2,0.5,0.5,0.0,,0.8090909090909091,2,0.5,0.5,0,,,0,,,0.07692307692307693,2.5649493574615367,9.891089108910892,1.3543940264215968,0.0861573808156232,0.2222222222222222,0.2222222222222222,9884.0,-1.2613124463452141,0.04461538461538461,0.5555555555555556,7.0,0.45454545454545453,0.4444444444444444,0.36363636363636365,0.2876950729297392,0.09761802638601601,4.0
Gulfstream,2026-09-28,5,Race 5 - Allowance Optional Claiming,1006.0,"3YO+, Fillies & Mares, Allowance","{'eventId': '3438936', 'overall': None, 'rating': None, 'surface': 'Turf', '__typename': 'TrackCondition'}",Turf,,88956.0,9.0,False,3.0,3.0,56.25,,,87.0,Laila Bella Girl,5.0,Mare,dk b/br,Girvin,Libby Knows,213490.0,Diego A. Herrera,J. David Braddy,False,0.47,4.0,S,tcdn,6.5,12,6.341666666666666,1.3,9.8,1.7708088233597918,8,1.01,6.5,1.01,4.0,0.0,5.0,4.6,1.0,9.0,0.2,0.4,0.4,6.409999999999999,8.766,66.0,81.8,83.0,5.0,4.0,0.0,0.0,1.0,2.666666666666667,11.0,39.0,-17.0,87.0,207263.0,11515.0,0.0,27.0,2.0,4.33,,,,,,18,0.1111111111111111,0.3888888888888889,6,0.1666666666666666,0.5,2,0.0,0.5,11,0.1818181818181818,0.5454545454545454,16,0.125,0.375,11,0.1818181818181818,0.5454545454545454,10,0.2,0.5,0,0.0,,4,0.25,0.75,4,0.0,0.0,3,0.3333333333333333,0.6666666666666666,9,0.1111111111111111,0.2222222222222222,5,0.2,0.6,0,,,0,,,0,0.0,,14,0.1428571428571428,0.3571428571428571,1.0,1.0,1.0,18,0.1111111111111111,0.3888888888888889,0,,,1,0.0,0.0,0.15384615384615385,1.8718021769015913,5.435643564356436,1.3403416557161631,0.15768725361366626,0.3333333333333333,0.3333333333333333,9884.0,0.7207499693401166,0.07230769230769231,0.4444444444444444,5.0,0.6363636363636364,0.2777777777777778,0.18181818181818182,0.2876950729297392,0.06541657390189476,7.0
Gulfstream,2026-09-28,5,Race 5 - Allowance Optional Claiming,1006.0,"3YO+, Fillies & Mares, Allowance","{'eventId': '3438936', 'overall': None, 'rating': None, 'surface': 'Turf', '__typename': 'TrackCondition'}",Turf,,88956.0,9.0,False,5.0,5.0,56.25,,,92.0,Ninia,4.0,Filly,b,Adios Charlie,Three Socks One,103900.0,Micah J. Husbands,Sam Wilensky,False,0.59,20.0,S,dn,4.33,12,3.815833333333334,1.26,5.1,0.8538877593428515,8,1.01,3.7,1.01,5.0,0.0,5.0,1.8,1.0,5.0,0.8,0.8,0.8,0.77,10.4,41.4,95.0,90.0,0.0,1.0,0.0,2.0,2.0,-2.0,75.0,88.0,88.0,92.0,103900.0,12988.0,0.0,23.0,5.0,26.0,,,,,,8,0.75,0.875,7,0.7142857142857143,0.8571428571428571,3,0.6666666666666666,0.6666666666666666,3,0.3333333333333333,0.6666666666666666,0,0.0,,0,0.0,,3,0.3333333333333333,0.6666666666666666,0,0.0,,5,0.8,1.0,2,1.0,1.0,1,0.0,0.0,4,0.75,0.75,2,0.5,1.0,0,,,0,,,0,0.0,,6,0.6666666666666666,0.8333333333333334,4.0,0.75,1.0,8,0.75,0.875,0,,,2,0.5,1.0,0.23094688221709006,1.4655675420143985,2.6633663366336635,1.006333260537235,0.26206595326490495,0.5555555555555556,0.5555555555555556,9884.0,0.7207499693401166,0.13625866050808313,0.6666666666666666,4.0,0.7272727272727273,0.7777777777777778,0.9090909090909091,0.2876950729297392,0.17580596532298845,2.0
Gulfstream,2026-09-28,5,Race 5 - Allowance Optional Claiming,1006.0,"3YO+, Fillies & Mares, Allowance","{'eventId': '3438936', 'overall': None, 'rating': None, 'surface': 'Turf', '__typename': 'TrackCondition'}",Turf,,88956.0,9.0,False,6.0,6.0,54.5,,,88.0,Come On Teesha,3.0,Filly,ch,Improbable,Lightning Dove,88619.0,Miguel Angel Vasquez,Michael S. Morrison,False,0.4,2.0,S,tcdn,16.0,12,91.5425,1.51,950.0,258.8614379072647,8,1.01,13.0,1.01,1.0,1.0,1.0,1.0,1.0,1.0,1.0,1.0,1.0,0.0,7.0,0.0,81.0,81.0,1.0,1.0,0.0,0.0,1.0,0.1666666666666667,100.0,100.0,600.0,88.0,32573.0,32573.0,27.0,34.0,1.0,7.0,,,,,,1,1.0,1.0,1,1.0,1.0,1,1.0,1.0,1,1.0,1.0,1,1.0,1.0,1,1.0,1.0,1,1.0,1.0,0,0.0,,1,1.0,1.0,0,,,0,,,1,1.0,1.0,0,,,0,,,0,,,0,0.0,,1,1.0,1.0,0.0,,0.8090909090909091,1,1.0,1.0,0,,,0,,,0.0625,2.772588722239781,11.871287128712872,10.36119835049294,0.010923887811672174,0.6666666666666666,0.6666666666666666,9884.0,-1.2613124463452141,0.025,0.3333333333333333,9.0,0.2727272727272727,1.0,1.0,0.2876950729297392,0.09454946277757285,5.0
Gulfstream,2026-09-28,5,Race 5 - Allowance Optional Claiming,1006.0,"3YO+, Fillies & Mares, Allowance","{'eventId': '3438936', 'overall': None, 'rating': None, 'surface': 'Turf', '__typename': 'TrackCondition'}",Turf,,88956.0,9.0,False,7.0,7.0,56.25,,,77.0,Dominant Diva,4.0,Filly,b,Spun To Run,Sierra Aleone,161918.0,Rasheed Hughes,"Saffie A. Joseph, Jr.",False,0.68,8.0,S,tn,15.0,12,13.356666666666667,1.28,19.0,3.977351156513871,8,1.01,13.0,1.01,9.0,0.0,5.0,3.8,1.0,8.0,0.2,0.6,0.6,6.3,4.55,42.4,80.2,79.0,2.0,0.0,0.0,1.0,1.0,-0.3333333333333335,22.0,56.0,-59.0,77.0,161918.0,17991.0,30.0,35.0,2.0,6.5,,,,,,9,0.2222222222222222,0.5555555555555556,8,0.125,0.5,1,0.0,1.0,1,0.0,0.0,5,0.2,0.6,1,0.0,0.0,1,0.0,0.0,0,0.0,,3,0.3333333333333333,0.3333333333333333,3,0.0,1.0,2,0.5,0.5,2,0.0,0.5,1,0.0,0.0,0,,,0,,,0,0.0,,3,0.0,0.3333333333333333,3.0,0.6666666666666666,1.0,9,0.2222222222222222,0.5555555555555556,0,,,0,,,0.06666666666666667,2.70805020110221,11.871287128712872,1.3266783129523332,0.07486897928624905,0.7777777777777778,0.7777777777777778,9884.0,0.7207499693401166,0.04533333333333334,0.8888888888888888,8.0,0.36363636363636365,0.5555555555555556,0.5454545454545454,0.2876950729297392,0.04862174600516923,8.0
Gulfstream,2026-09-28,5,Race 5 - Allowance Optional Claiming,1006.0,"3YO+, Fillies & Mares, Allowance","{'eventId': '3438936', 'overall': None, 'rating': None, 'surface': 'Turf', '__typename': 'TrackCondition'}",Turf,,88956.0,9.0,False,8.0,8.0,56.25,,,77.0,Champagne Brunch,4.0,Filly,b,Gun Runner,Forest Valentine,172857.0,Samy Camacho,Antonio Sano,False,0.64,3.0,S,tcdn,34.0,12,25.433333333333334,3.2,42.0,9.425084732893506,9,1.01,21.0,1.01,8.0,0.0,5.0,3.8,1.0,6.0,0.2,0.4,0.4,3.6,9.066,38.8,77.4,77.0,1.0,1.0,0.0,0.0,1.0,0.5,7.0,50.0,-69.0,77.0,172857.0,12347.0,19.0,23.0,1.0,4.33,,,,,,14,0.0714285714285714,0.5,7,0.1428571428571428,0.4285714285714285,3,0.3333333333333333,0.6666666666666666,2,0.5,1.0,8,0.125,0.75,2,0.5,1.0,10,0.1,0.5,0,0.0,,6,0.0,0.5,5,0.0,0.4,1,0.0,1.0,7,0.0,0.4285714285714285,2,0.0,1.0,0,,,0,,,0,0.0,,9,0.0,0.5555555555555556,3.0,0.0,0.6666666666666666,14,0.0714285714285714,0.5,0,,,0,,,0.029411764705882353,3.5263605246161616,19.79207920792079,1.5255570117955437,0.039318479685452164,0.8888888888888888,0.8888888888888888,9884.0,0.7207499693401166,0.018823529411764708,0.7777777777777778,11.0,0.09090909090909091,0.2777777777777778,0.36363636363636365,0.2876950729297392,0.042215048003635104,9.0
Gulfstream,2026-09-28,5,Race 5 - Allowance Optional Claiming,1006.0,"3YO+, Fillies & Mares, Allowance","{'eventId': '3438936', 'overall': None, 'rating': None, 'surface': 'Turf', '__typename': 'TrackCondition'}",Turf,,88956.0,9.0,False,9.0,9.0,54.5,,,81.0,Flowko,3.0,Filly,b,Brethren,Vino De Pago,222830.0,Marcos Meneses,Rory C. Miller,False,0.01,3.0,S,tn,26.0,12,19.355,1.26,30.0,7.066324480708953,10,1.01,17.0,1.01,2.0,0.0,5.0,3.0,1.0,5.0,0.2,0.8,0.2,5.5200000000000005,16.766,25.4,79.8,75.0,3.0,0.0,0.0,1.0,0.0,0.0,15.0,62.0,-1.0,81.0,205037.0,15772.0,19.0,99.0,5.0,10.0,,,,,,13,0.1538461538461538,0.6153846153846154,11,0.1818181818181818,0.6363636363636364,0,0.0,,2,0.0,0.5,8,0.25,0.5,2,0.0,0.5,4,0.0,0.75,0,0.0,,1,0.0,0.0,1,0.0,1.0,1,1.0,1.0,6,0.0,0.1666666666666666,2,0.0,1.0,0,,,0,,,0,0.0,,8,0.0,0.375,1.0,1.0,1.0,13,0.1538461538461538,0.6153846153846154,0,,,1,0.0,1.0,0.038461538461538464,3.258096538021482,15.831683168316832,1.4848876259364505,0.051666236114699046,1.0,1.0,9884.0,-1.2613124463452141,0.00038461538461538467,0.1111111111111111,10.0,0.18181818181818182,0.7777777777777778,0.6363636363636364,0.2876950729297392,0.07529067295570424,6.0
Gulfstream,2026-09-28,5,Race 5 - Allowance Optional Claiming,1006.0,"3YO+, Fillies & Mares, Allowance","{'eventId': '3438936', 'overall': None, 'rating': None, 'surface': 'Turf', '__typename': 'TrackCondition'}",Turf,,88956.0,9.0,False,10.0,10.0,54.5,,,74.0,Cryingintherain,3.0,Filly,gr/ro,Havana Grey,Midnight Dance,8263.0,J. G. Torrealba,Patrick L. Biancone,True,0.27,3.0,D,,11.0,12,10.19,1.28,16.0,3.1172263312117714,5,1.01,10.0,1.01,6.0,0.0,5.0,4.4,1.0,8.0,0.2,0.2,0.2,3.025,8.75,33.6,75.0,75.0,0.0,1.0,0.0,0.0,1.0,0.666666666666667,17.0,17.0,183.0,74.0,9676.0,1613.0,0.0,172.0,4.0,12.0,,,,,,6,0.1666666666666666,0.1666666666666666,6,0.1666666666666666,0.1666666666666666,0,0.0,,1,0.0,0.0,0,0.0,,0,0.0,,0,0.0,,4,0.25,0.25,2,0.0,0.0,2,0.0,0.0,1,0.0,0.0,0,,,0,,,0,,,0,,,0,0.0,,0,0.0,,0.0,,0.8090909090909091,6,0.1666666666666666,0.1666666666666666,0,,,0,,,0.09090909090909091,2.3978952727983707,8.900990099009901,1.4445534838076548,0.09813542688910697,1.1111111111111112,1.1111111111111112,9884.0,-1.2613124463452141,0.024545454545454547,0.2222222222222222,6.0,0.5454545454545454,0.1111111111111111,0.09090909090909091,0.2876950729297392,0.10235560619834301,3.0
Churchill Downs,2026-09-28,5,Race 5 - Claiming,1408.0,"3YO+, Claiming","{'eventId': '3437978', 'overall': None, 'rating': None, 'surface': 'Dirt', '__typename': 'TrackCondition'}",Dirt,,88245.0,7.0,False,2.0,2.0,55.0,,,86.0,Equilibrium,4.0,Gelding,dk b/br,Omaha Beach,Out Of Balance,46577.0,Victor R. Carrasco,Ian R. Wilkes,True,0.48,11.0,S,tn,10.0,9,8.787777777777778,1.09,13.0,2.975133153986661,15,12.0,9.0,8.5,7.0,0.0,3.0,4.333333333333333,1.0,7.0,0.3333333333333333,0.3333333333333333,0.3333333333333333,6.0,8.166666666666666,30.0,85.0,89.0,2.0,0.0,0.0,0.0,2.0,-5.0,33.0,33.0,183.0,86.0,46577.0,15526.0,0.0,37.0,7.0,8.0,,,,,,3,0.3333333333333333,0.3333333333333333,3,0.3333333333333333,0.3333333333333333,1,0.0,0.0,0,0.0,,2,0.5,0.5,0,0.0,,2,0.0,0.0,0,0.0,,2,0.5,0.5,1,0.0,0.0,0,,,0,,,0,,,0,,,0,,,0,0.0,,0,0.0,,0.0,,0.8090909090909091,3,0.3333333333333333,0.3333333333333333,0,,,0,,,0.1,2.302585092994046,-0.25,1.3552914401314957,0.11379441143001642,0.2857142857142857,0.2857142857142857,12606.42857142857,0.6451837991569548,0.048,0.8571428571428571,6.0,0.375,0.2857142857142857,0.25,0.16685432622932622,0.0852687412577328,5.0
Churchill Downs,2026-09-28,5,Race 5 - Claiming,1408.0,"3YO+, Claiming","{'eventId': '3437978', 'overall': None, 'rating': None, 'surface': 'Dirt', '__typename': 'TrackCondition'}",Dirt,,88245.0,7.0,False,3.0,3.0,53.5,,,91.0,Mcfasty,3.0,Gelding,dk b/br,Mitole,Withyourpermission,110647.0,Jaime A. Torres,Carlos Santamaria,False,0.22,4.0,S,on,8.0,9,6.861111111111111,1.15,8.6,2.071201714756405,25,7.0,7.0,5.5,4.0,0.0,5.0,4.2,1.0,6.0,0.2,0.4,0.2,4.37,7.540000000000001,54.4,84.2,88.0,1.0,0.0,1.0,2.0,2.0,-3.0,10.0,30.0,-79.0,91.0,104469.0,10447.0,50.0,39.0,6.0,6.5,,,,,,10,0.1,0.3,7,0.1428571428571428,0.2857142857142857,1,0.0,0.0,0,0.0,,3,0.0,0.3333333333333333,0,0.0,,1,0.0,0.0,0,0.0,,3,0.0,0.0,1,0.0,0.0,1,0.0,1.0,1,0.0,0.0,1,0.0,0.0,1,0.0,0.0,0,,,1,0.0,0.0,2,0.0,0.0,2.0,0.5,1.0,10,0.1,0.3,0,,,1,0.0,0.0,0.125,2.0794415416798357,0.0,1.08582995951417,0.14574898785425103,0.42857142857142855,0.42857142857142855,12606.42857142857,-1.5668749408097473,0.0275,0.2857142857142857,5.0,0.5,0.5,0.125,0.16685432622932622,0.07812289042249987,6.0
Churchill Downs,2026-09-28,5,Race 5 - Claiming,1408.0,"3YO+, Claiming","{'eventId': '3437978', 'overall': None, 'rating': None, 'surface': 'Dirt', '__typename': 'TrackCondition'}",Dirt,,88245.0,7.0,False,4.0,4.0,55.0,,,84.0,White Whale,4.0,Gelding,b,Hightail,Elusive Diva,271049.0,"Brian Joseph Hernandez, Jr.",W. Bret Calhoun,False,0.42,3.0,S,tn,6.0,9,115.89111111111112,1.52,1000.0,312.58275592035693,18,7.0,5.5,5.0,1.0,1.0,5.0,5.4,3.0,7.0,0.0,0.2,0.0,11.78,8.1,44.6,88.6,87.0,2.0,1.0,1.0,1.0,1.0,-1.833333333333333,6.0,39.0,-58.0,84.0,215451.0,11970.0,15.0,16.0,7.0,11.0,,,,,,18,0.0555555555555555,0.3888888888888889,9,0.1111111111111111,0.3333333333333333,1,0.0,0.0,2,0.0,1.0,8,0.125,0.25,1,0.0,1.0,3,0.0,0.0,0,0.0,,3,0.0,0.3333333333333333,3,0.0,0.3333333333333333,2,0.0,0.0,6,0.0,0.5,1,0.0,0.0,0,,,0,,,0,0.0,,7,0.0,0.4285714285714285,1.0,0.0,0.0,18,0.0555555555555555,0.3888888888888889,0,,,1,0.0,0.0,0.16666666666666666,1.791759469228055,-0.21428571428571427,8.615673716707255,0.008628789476711855,0.5714285714285714,0.5714285714285714,12606.42857142857,0.6451837991569548,0.06999999999999999,0.7142857142857143,2.5,0.8125,0.14285714285714285,0.375,0.16685432622932622,0.12558540425587242,3.0
Churchill Downs,2026-09-28,5,Race 5 - Claiming,1408.0,"3YO+, Claiming","{'eventId': '3437978', 'overall': None, 'rating': None, 'surface': 'Dirt', '__typename': 'TrackCondition'}",Dirt,,88245.0,7.0,False,5.0,5.0,55.0,,,90.0,Valiant Humor,4.0,Colt,b,Practical Joke,Valiant Emilia,211839.0,Axel Concepcion,Shelly R. Radosevich,False,0.27,3.0,S,n,11.0,9,8.76,1.14,11.0,2.90117217689678,15,6.0,9.0,5.5,2.0,0.0,5.0,4.6,1.0,7.0,0.2,0.4,0.2,4.909999999999999,21.026,64.8,93.2,96.0,3.0,0.0,1.0,0.0,2.0,-2.333333333333333,8.0,54.0,-80.0,90.0,194189.0,14938.0,9.0,16.0,6.0,6.5,,,,,,13,0.0769230769230769,0.5384615384615384,6,0.1666666666666666,0.3333333333333333,2,0.0,0.0,1,0.0,1.0,6,0.0,0.5,0,0.0,,2,0.5,0.5,0,0.0,,3,0.0,0.3333333333333333,2,0.0,0.5,1,0.0,1.0,5,0.0,0.8,0,,,0,,,0,,,0,0.0,,5,0.0,0.8,4.0,0.0,1.0,13,0.0769230769230769,0.5384615384615384,0,,,1,0.0,0.0,0.09090909090909091,2.3978952727983707,0.5,1.1255707762557077,0.11415525114155252,0.7142857142857143,0.7142857142857143,12606.42857142857,0.6451837991569548,0.024545454545454547,0.42857142857142855,7.0,0.25,0.5,0.625,0.16685432622932622,0.09778920819998066,4.0
Churchill Downs,2026-09-28,5,Race 5 - Claiming,1408.0,"3YO+, Claiming","{'eventId': '3437978', 'overall': None, 'rating': None, 'surface': 'Dirt', '__typename': 'TrackCondition'}",Dirt,,88245.0,7.0,False,6.0,6.0,53.5,,,90.0,Kid Twist,3.0,Gelding,dk b/br,Dialed In,Samurai'S Honor,190475.0,Jose L. Ortiz,Carlos A. David,False,1.0,21.0,S,tbn,2.1,9,3.5877777777777777,1.09,17.0,4.751067196554143,30,3.0,2.0,1.9,3.0,0.0,5.0,3.0,2.0,5.0,0.0,0.8,0.4,3.87,7.675999999999999,31.2,88.6,91.0,4.0,1.0,0.0,1.0,1.0,-1.6666666666666663,9.0,73.0,0.0,90.0,181650.0,16514.0,24.0,16.0,3.0,2.88,,,,,,11,0.0909090909090909,0.7272727272727273,10,0.0,0.7,1,0.0,1.0,2,0.0,1.0,6,0.1666666666666666,1.0,1,0.0,1.0,0,0.0,,0,0.0,,4,0.25,0.75,2,0.0,1.0,2,0.0,0.5,2,0.5,0.5,0,,,0,,,0,,,0,0.0,,2,0.5,0.5,1.0,0.0,1.0,11,0.0909090909090909,0.7272727272727273,0,,,0,,,0.47619047619047616,0.7419373447293773,-0.3333333333333333,4.434499845153298,0.27872406317745435,0.8571428571428571,0.8571428571428571,12606.42857142857,-1.5668749408097473,0.47619047619047616,1.0,1.0,1.0,1.0,1.0,0.16685432622932622,0.3736249173959395,1.0
Churchill Downs,2026-09-28,5,Race 5 - Claiming,1408.0,"3YO+, Claiming","{'eventId': '3437978', 'overall': None, 'rating': None, 'surface': 'Dirt', '__typename': 'TrackCondition'}",Dirt,,88245.0,7.0,False,7.0,7.0,55.0,,,88.0,Greers Ferry,5.0,Gelding,dk b/br,More Than Ready,Dee Dee Bertie,143017.0,Rafael Bejarano,Carlos Santamaria,False,0.01,1.0,S,n,18.0,9,18.60111111111111,1.41,50.0,12.110491727281069,23,5.5,15.0,5.0,5.0,0.0,5.0,3.8,1.0,8.0,0.2,0.6,0.2,6.2375,17.166,112.2,83.2,90.0,3.0,0.0,1.0,0.0,3.0,-3.6666666666666665,4.0,56.0,-83.0,88.0,143017.0,5721.0,5.0,51.0,4.0,15.0,,,,,,25,0.04,0.56,2,0.0,0.0,1,0.0,0.0,0,0.0,,5,0.0,0.4,0,0.0,,2,0.0,0.0,0,0.0,,5,0.2,0.2,3,0.0,0.6666666666666666,2,0.0,0.5,18,0.0555555555555555,0.6666666666666666,4,0.0,0.5,0,,,0,,,0,0.0,,22,0.0454545454545454,0.6363636363636364,9.0,0.0,0.8888888888888888,25,0.04,0.56,0,,,1,0.0,1.0,0.05555555555555555,2.8903717578961645,1.7272727272727273,2.6122095454273944,0.053760229376978684,1.0,1.0,12606.42857142857,0.6451837991569548,0.0005555555555555556,0.14285714285714285,8.0,0.125,0.7857142857142857,0.75,0.16685432622932622,0.07489250095552034,7.0
Churchill Downs,2026-09-28,5,Race 5 - Claiming,1408.0,"3YO+, Claiming","{'eventId': '3437978', 'overall': None, 'rating': None, 'surface': 'Dirt', '__typename': 'TrackCondition'}",Dirt,,88245.0,7.0,False,8.0,8.0,55.0,,,88.0,Easy Dial,4.0,Gelding,ch,Dialed In,Arisia,88439.0,Francisco Arrieta,Thomas L. Van Berg,False,0.4,17.0,S,n,6.5,9,5.732222222222223,1.09,9.0,1.921016963183695,23,10.0,5.5,5.5,6.0,0.0,5.0,3.4,1.0,6.0,0.2,0.6,0.4,4.86,9.15,28.0,88.0,90.0,2.0,2.0,0.0,0.0,1.0,-1.8333333333333333,20.0,60.0,50.0,88.0,88439.0,17688.0,21.0,51.0,3.0,3.75,,,,,,5,0.2,0.6,5,0.2,0.6,1,0.0,1.0,2,0.0,0.0,2,0.0,0.0,2,0.0,0.0,0,0.0,,0,0.0,,1,0.0,1.0,1,1.0,1.0,1,0.0,0.0,0,,,0,,,0,,,0,,,0,0.0,,0,0.0,,0.0,,0.8090909090909091,5,0.2,0.6,0,,,0,,,0.15384615384615385,1.8718021769015913,-0.45,1.3799185888738126,0.17445241325838337,1.1428571428571428,1.1428571428571428,12606.42857142857,0.6451837991569548,0.06153846153846154,0.5714285714285714,4.0,0.625,0.7857142857142857,0.875,0.16685432622932622,0.16471633751245437,2.0
Laurel Park,2026-09-28,5,Race 5 - Maiden Claiming,1408.0,"2YO, Fillies, Maiden, Claiming","{'eventId': '3438945', 'overall': 'Soft', 'rating': None, 'surface': 'Dirt', '__typename': 'TrackCondition'}",Dirt,,42699.0,9.0,False,1.0,1.0,55.25,,,52.0,Think Pink,2.0,Filly,gr/ro,Blofeld,Pink Tights,15955.0,Julio A. Hernandez,Michael R. Matz,False,0.63,11.0,S,,4.0,15,4.8406666666666665,1.21,20.0,4.115849797496934,15,1.01,3.7,1.01,2.0,0.0,2.0,4.5,2.0,7.0,0.0,0.5,0.5,8.25,4.875,17.0,68.5,42.0,0.0,0.0,2.0,0.0,1.0,0.1666666666666667,0.0,50.0,-100.0,52.0,7415.0,3708.0,31.0,24.0,2.0,3.75,,,,,,2,0.0,0.5,2,0.0,0.5,2,0.0,0.5,0,0.0,,0,0.0,,0,0.0,,0,0.0,,0,0.0,,1,0.0,0.0,1,0.0,1.0,0,,,1,0.0,0.0,0,,,1,0.0,1.0,0,,,1,0.0,1.0,1,0.0,0.0,0.0,,0.8090909090909091,2,0.0,0.5,0,,,2,0.0,0.5,0.25,1.3862943611198906,2.6633663366336635,3.881696735986779,0.20658311527337833,0.1111111111111111,0.1111111111111111,4744.333333333333,0.3333333327619015,0.1575,0.8888888888888888,2.0,0.8888888888888888,0.9375,0.9444444444444444,0.1326569944217003,0.23958904496616892,2.0
Laurel Park,2026-09-28,5,Race 5 - Maiden Claiming,1408.0,"2YO, Fillies, Maiden, Claiming","{'eventId': '3438945', 'overall': 'Soft', 'rating': None, 'surface': 'Dirt', '__typename': 'TrackCondition'}",Dirt,,42699.0,9.0,False,2.0,2.0,55.25,,,43.0,Stoic Reserve,2.0,Filly,gr/ro,Frosted,Aroma De Mujer,18994.0,Jose E. Vargas,Hamilton A. Smith,False,0.36,6.0,S,o,6.5,15,72.84666666666666,5.2,1000.0,247.79293470333025,13,1.01,6.0,1.01,3.0,0.0,3.0,7.0,2.0,11.0,0.0,0.3333333333333333,0.3333333333333333,15.466666666666669,22.0,14.0,58.0,52.0,0.0,0.0,3.0,0.0,1.0,6.0,0.0,33.0,-100.0,43.0,14724.0,4908.0,19.0,31.0,8.0,34.0,,,,,,3,0.0,0.3333333333333333,3,0.0,0.3333333333333333,2,0.0,0.5,0,0.0,,0,0.0,,0,0.0,,1,0.0,0.0,0,0.0,,1,0.0,0.0,1,0.0,1.0,1,0.0,0.0,0,,,0,,,0,,,0,,,0,0.0,,0,0.0,,0.0,,0.8090909090909091,3,0.0,0.3333333333333333,0,,,3,0.0,0.3333333333333333,0.15384615384615385,1.8718021769015913,4.9405940594059405,13.656081266587352,0.013727464079802324,0.2222222222222222,0.2222222222222222,4744.333333333333,0.3333333327619015,0.055384615384615386,0.6666666666666666,3.5,0.7222222222222222,0.6875,0.7222222222222222,0.1326569944217003,0.05733970916029433,6.0
Laurel Park,2026-09-28,5,Race 5 - Maiden Claiming,1408.0,"2YO, Fillies, Maiden, Claiming","{'eventId': '3438945', 'overall': 'Soft', 'rating': None, 'surface': 'Dirt', '__typename': 'TrackCondition'}",Dirt,,42699.0,9.0,False,3.0,3.0,53.5,,-3.25,47.0,Doe's Lemonade,2.0,Filly,ch,Improbable,Lemon Avocado,2830.0,Leandro M. Briceno,Jonathan Maldonado,False,0.14,6.0,S,,26.0,15,24.478666666666665,1.88,36.0,7.3205080576570785,7,1.01,21.0,1.01,8.0,0.0,3.0,5.666666666666667,5.0,7.0,0.0,0.0,0.0,9.666666666666666,17.0,21.666666666666668,65.5,43.0,0.0,0.0,3.0,0.0,1.0,2.0,0.0,0.0,-100.0,47.0,2830.0,943.0,0.0,30.0,5.0,17.0,,,,,,3,0.0,0.0,3,0.0,0.0,1,0.0,0.0,0,0.0,,0,0.0,,0,0.0,,0,0.0,,0,0.0,,1,0.0,0.0,1,0.0,0.0,1,0.0,0.0,2,0.0,0.0,0,,,0,,,0,,,0,0.0,,2,0.0,0.0,0.0,,0.8090909090909091,3,0.0,0.0,0,,,3,0.0,0.0,0.038461538461538464,3.258096538021482,19.79207920792079,1.3938667683425023,0.04085189825153876,0.3333333333333333,0.3333333333333333,4744.333333333333,-2.6666666620952366,0.005384615384615385,0.4444444444444444,8.0,0.2222222222222222,0.3125,0.3333333333333333,0.1326569944217003,0.04464861726772,8.0
Laurel Park,2026-09-28,5,Race 5 - Maiden Claiming,1408.0,"2YO, Fillies, Maiden, Claiming","{'eventId': '3438945', 'overall': 'Soft', 'rating': None, 'surface': 'Dirt', '__typename': 'TrackCondition'}",Dirt,,42699.0,9.0,False,4.0,4.0,55.25,,,36.0,Bangkok Blaze,2.0,Filly,ch,Bustin Stones,Lightning Lilly,8900.0,Jean Gregor Briceno,Jose Corrales,False,0.04,6.0,S,,34.0,15,88.99866666666667,1.88,1000.0,243.59353089020155,12,1.01,21.0,1.01,6.0,0.0,5.0,6.0,4.0,9.0,0.0,0.0,0.0,15.1625,20.6,14.8,39.333333333333336,40.0,0.0,0.0,5.0,0.0,0.0,1.666666666666667,0.0,0.0,-100.0,36.0,8900.0,1483.0,7.0,21.0,6.0,16.0,,,,,,6,0.0,0.0,6,0.0,0.0,3,0.0,0.0,0,0.0,,0,0.0,,0,0.0,,0,0.0,,0,0.0,,1,0.0,0.0,1,0.0,0.0,1,0.0,0.0,4,0.0,0.0,0,,,0,,,0,,,0,0.0,,4,0.0,0.0,0.0,,0.8090909090909091,6,0.0,0.0,0,,,6,0.0,0.0,0.029411764705882353,3.5263605246161616,19.79207920792079,11.214999475647575,0.011236123387616294,0.4444444444444444,0.4444444444444444,4744.333333333333,0.3333333327619015,0.0011764705882352942,0.3333333333333333,9.0,0.1111111111111111,0.3125,0.3333333333333333,0.1326569944217003,0.03884662482297099,9.0
Laurel Park,2026-09-28,5,Race 5 - Maiden Claiming,1408.0,"2YO, Fillies, Maiden, Claiming","{'eventId': '3438945', 'overall': 'Soft', 'rating': None, 'surface': 'Dirt', '__typename': 'TrackCondition'}",Dirt,,42699.0,9.0,False,5.0,5.0,55.25,,,52.0,Silver Strings,2.0,Filly,gr/ro,Nashville,Silver Sides,37338.0,Mychel J. Sanchez,Brittany T. Russell,False,1.0,3.0,S,,3.75,15,3.104,1.43,3.75,0.5983064989340051,17,1.01,3.1,1.01,1.0,1.0,2.0,5.0,4.0,6.0,0.0,0.0,0.0,12.0,4.75,18.5,71.5,56.0,0.0,0.0,2.0,0.0,1.0,0.1666666666666667,0.0,0.0,-100.0,52.0,10436.0,5218.0,32.0,28.0,6.0,4.5,,,,,,2,0.0,0.0,2,0.0,0.0,1,0.0,0.0,0,0.0,,0,0.0,,0,0.0,,0,0.0,,0,0.0,,1,0.0,0.0,1,0.0,0.0,0,,,0,,,0,,,0,,,0,,,0,0.0,,0,0.0,,0.0,,0.8090909090909091,2,0.0,0.0,0,,,2,0.0,0.0,0.26666666666666666,1.3217558399823195,2.0693069306930694,0.7474226804123713,0.3221649484536082,0.5555555555555556,0.5555555555555556,4744.333333333333,0.3333333327619015,0.26666666666666666,1.0,1.0,1.0,0.3125,0.3333333333333333,0.1326569944217003,0.2873864139008621,1.0
Laurel Park,2026-09-28,5,Race 5 - Maiden Claiming,1408.0,"2YO, Fillies, Maiden, Claiming","{'eventId': '3438945', 'overall': 'Soft', 'rating': None, 'surface': 'Dirt', '__typename': 'TrackCondition'}",Dirt,,42699.0,9.0,False,6.0,6.0,55.25,,,41.0,Whacky Witch,2.0,Filly,ch,Flameaway,Witch Alert,11625.0,Jevian Toledo,Anthony Farrior,False,0.55,1.0,S,,7.0,15,73.48666666666666,5.2,1000.0,247.62444916086577,12,1.01,6.5,1.01,7.0,0.0,3.0,4.333333333333333,3.0,6.0,0.0,0.3333333333333333,0.0,13.666666666666666,6.0,23.33333333333333,57.5,38.0,0.0,0.0,3.0,0.0,1.0,-2.0,0.0,33.0,-100.0,41.0,11625.0,3875.0,15.0,21.0,4.0,7.5,,,,,,3,0.0,0.3333333333333333,3,0.0,0.3333333333333333,2,0.0,0.0,0,0.0,,0,0.0,,0,0.0,,0,0.0,,0,0.0,,1,0.0,1.0,1,0.0,0.0,1,0.0,0.0,1,0.0,0.0,0,,,0,,,0,,,0,0.0,,1,0.0,0.0,0.0,,0.8090909090909091,3,0.0,0.3333333333333333,0,,,3,0.0,0.3333333333333333,0.14285714285714285,1.9459101490553132,5.435643564356436,13.537149596298647,0.013607910732105597,0.6666666666666666,0.6666666666666666,4744.333333333333,0.3333333327619015,0.07857142857142857,0.7777777777777778,5.0,0.5555555555555556,0.6875,0.7222222222222222,0.1326569944217003,0.0761190765884689,4.0
Laurel Park,2026-09-28,5,Race 5 - Maiden Claiming,1408.0,"2YO, Fillies, Maiden, Claiming","{'eventId': '3438945', 'overall': 'Soft', 'rating': None, 'surface': 'Dirt', '__typename': 'TrackCondition'}",Dirt,,42699.0,9.0,False,7.0,7.0,55.25,,-3.25,77.0,A. P. Class,2.0,Filly,b,Honor A. P.,Shear Class,0.0,Taylor Kingsley,Kevin C. Boniface,False,0.01,6.0,,,10.0,13,8.746153846153847,4.9,10.0,2.113915573823713,10,1.01,9.5,1.01,5.0,0.0,,4.6,2.0,,0.0,0.4,0.2,,12.2,25.8,,79.0,1.0,1.0,,0.0,,0.1666666666666667,0.0,0.0,0.0,77.0,0.0,0.0,5.0,21.0,5.0,10.0,,,,,,0,0.08,0.375,0,0.0,,0,0.0,,0,0.0,,0,0.0,,0,0.0,,0,0.0,,0,0.0,,0,0.0,,0,,,0,,,0,,,0,,,0,,,0,,,0,0.0,,0,0.0,,0.0,,0.8090909090909091,0,,,0,,,0,,,0.1,2.302585092994046,8.405940594059405,0.5831134564643798,0.11433597185576076,0.7777777777777778,0.7777777777777778,4744.333333333333,0.3333333327619015,0.001,0.16666666666666666,6.0,0.4444444444444444,0.5416666666666666,0.3333333333333333,0.1326569944217003,0.06235400033454354,5.0
Laurel Park,2026-09-28,5,Race 5 - Maiden Claiming,1408.0,"2YO, Fillies, Maiden, Claiming","{'eventId': '3438945', 'overall': 'Soft', 'rating': None, 'surface': 'Dirt', '__typename': 'TrackCondition'}",Dirt,,42699.0,9.0,False,8.0,8.0,55.25,,,35.0,Sense The Moon,2.0,Filly,dk b/br,Street Sense,Moon Virginia,3368.0,Horacio Karamanos,A. Ferris Allen Iii,False,0.01,6.0,S,,17.0,15,14.458666666666666,1.88,23.0,4.115813190880051,10,1.01,13.0,1.01,9.0,0.0,2.0,6.5,6.0,7.0,0.0,0.0,0.0,19.875,29.0,11.0,51.0,25.0,0.0,0.0,2.0,0.0,1.0,0.1666666666666667,0.0,0.0,-100.0,35.0,3368.0,1684.0,9.0,21.0,7.0,41.0,,,,,,2,0.0,0.0,2,0.0,0.0,2,0.0,0.0,0,0.0,,0,0.0,,0,0.0,,0,0.0,,0,0.0,,1,0.0,0.0,1,0.0,0.0,0,,,0,,,0,,,0,,,0,,,0,0.0,,0,0.0,,0.0,,0.8090909090909091,2,0.0,0.0,0,,,2,0.0,0.0,0.058823529411764705,2.833213344056216,11.871287128712872,1.4607156030984878,0.06916267060125415,0.8888888888888888,0.8888888888888888,4744.333333333333,0.3333333327619015,0.0005882352941176471,0.16666666666666666,7.0,0.3333333333333333,0.3125,0.3333333333333333,0.1326569944217003,0.05268749922319206,7.0
Laurel Park,2026-09-28,5,Race 5 - Maiden Claiming,1408.0,"2YO, Fillies, Maiden, Claiming","{'eventId': '3438945', 'overall': 'Soft', 'rating': None, 'surface': 'Dirt', '__typename': 'TrackCondition'}",Dirt,,42699.0,9.0,False,9.0,9.0,55.25,,,52.0,Ashley H,2.0,Filly,b,Mitole,Awesome Ashley,10878.0,Jeiron Barbosa,Anthony Farrior,False,0.28,3.0,S,,6.5,15,72.254,1.51,1000.0,247.95407671045325,8,1.01,5.5,1.01,4.0,0.0,2.0,3.5,3.0,4.0,0.0,0.5,0.0,7.125,6.25,26.0,82.0,82.0,0.0,0.0,2.0,0.0,1.0,0.1666666666666667,0.0,50.0,-100.0,52.0,7889.0,3945.0,24.0,21.0,3.0,6.5,,,,,,2,0.0,0.5,2,0.0,0.5,1,0.0,1.0,0,0.0,,0,0.0,,0,0.0,,0,0.0,,0,0.0,,1,0.0,0.0,1,0.0,1.0,0,,,1,0.0,1.0,0,,,0,,,0,,,0,0.0,,1,0.0,1.0,0.0,,0.8090909090909091,2,0.0,0.5,0,,,2,0.0,0.5,0.15384615384615385,1.8718021769015913,4.445544554455446,13.819165720928945,0.01384006421789797,1.0,1.0,4744.333333333333,0.3333333327619015,0.04307692307692308,0.5555555555555556,3.5,0.7222222222222222,0.9375,0.9444444444444444,0.1326569944217003,0.1410290137357791,3.0
Istanbul,2026-09-27,5,Race 5,1300.0,,"{'eventId': '3438739', 'overall': 'Good', 'rating': None, 'surface': 'All Weather', '__typename': 'TrackCondition'}",All Weather,,30317.0,10.0,False,1.0,7.0,60.0,,,81.0,Ballıbike,3.0,Filly,gr,Kayayürekli,Beyaz Kelebek,49213.0,G. Kocakaya,A. Karatoprak,False,0.46,5.0,S,tson,4.6,15,4.380000000000001,4.2,4.7,0.1973153144926498,1,4.2,4.2,4.2,3.0,0.0,5.0,4.4,1.0,10.0,0.2,0.6,0.2,5.3,12.2,18.0,,79.0,5.0,0.0,5.0,0.0,0.0,-3.5,13.0,63.0,-100.0,79.0,45748.0,5719.0,0.0,0.0,10.0,10.0,,,,,,8,0.125,0.625,8,0.125,0.625,3,0.0,0.3333333333333333,0,0.0,,6,0.1666666666666666,0.5,0,0.0,,6,0.1666666666666666,0.6666666666666666,0,0.0,,1,0.0,1.0,1,0.0,1.0,1,0.0,0.0,0,,,5,0.0,0.8,2,0.5,0.5,0,,,2,0.5,0.5,5,0.0,0.8,0.0,,0.8090909090909091,8,0.125,0.625,0,,,0,,,0.2173913043478261,1.5260563034950492,0.0,0.11415525114155249,0.22831050228310498,0.7,0.1,3031.7,1.2727922055957854,0.10000000000000002,0.6,2.0,0.9,0.75,0.8,0.13138178900446715,0.19515221789463688,3.0
Istanbul,2026-09-27,5,Race 5,1300.0,,"{'eventId': '3438739', 'overall': 'Good', 'rating': None, 'surface': 'All Weather', '__typename': 'TrackCondition'}",All Weather,,30317.0,10.0,False,2.0,2.0,59.0,,,81.0,Hoşbakış,3.0,Filly,gr,Özgünhan,Hoşnur,43386.0,Ö. Yıldırım,M. Tekinalp,False,0.42,5.0,S,dn,5.5,15,6.116666666666666,5.0,9.0,1.451627439194445,5,5.5,5.0,5.0,5.0,0.0,5.0,5.8,3.0,9.0,0.0,0.2,0.0,5.66,12.2,14.4,,79.0,2.0,0.0,5.0,0.0,0.0,3.0,8.0,31.0,-100.0,79.0,42520.0,3271.0,0.0,0.0,5.0,10.0,,,,,,13,0.0769230769230769,0.3076923076923077,13,0.0769230769230769,0.3076923076923077,5,0.0,0.2,2,0.5,0.5,4,0.0,0.0,0,0.0,,9,0.1111111111111111,0.3333333333333333,0,0.0,,1,0.0,0.0,1,0.0,0.0,1,0.0,1.0,0,,,8,0.125,0.25,3,0.0,0.3333333333333333,0,,,3,0.0,0.3333333333333333,8,0.125,0.25,0.0,,0.8090909090909091,13,0.0769230769230769,0.3076923076923077,0,,,0,,,0.18181818181818182,1.7047480922384253,-0.09090909090909091,0.6539509536784741,0.16348773841961853,0.2,0.2,3031.7,0.848528137063857,0.07636363636363637,0.5,4.0,0.7,0.1,0.3,0.13138178900446715,0.06883934961148239,4.0
Istanbul,2026-09-27,5,Race 5,1300.0,,"{'eventId': '3438739', 'overall': 'Good', 'rating': None, 'surface': 'All Weather', '__typename': 'TrackCondition'}",All Weather,,30317.0,10.0,False,3.0,8.0,59.0,,,81.0,Konçiçek,3.0,Filly,gr,Oğuzboylu,Kudret Narı,41139.0,A. Sozen,H. Sunkar,False,0.51,6.0,S,n,9.0,15,8.98,8.0,9.4,0.3390181902690966,5,9.0,8.0,8.0,10.0,0.0,5.0,4.2,2.0,8.0,0.0,0.6,0.2,7.26,12.2,11.2,,79.0,0.0,2.0,5.0,0.0,0.0,2.833333333333333,8.0,46.0,-100.0,79.0,41139.0,3165.0,0.0,0.0,2.0,10.0,,,,,,13,0.0769230769230769,0.4615384615384615,13,0.0769230769230769,0.4615384615384615,5,0.0,0.6,3,0.0,0.6666666666666666,2,0.0,0.0,0,0.0,,3,0.0,0.3333333333333333,0,0.0,,1,0.0,0.0,1,0.0,0.0,1,0.0,0.0,0,,,8,0.125,0.375,2,0.0,0.5,0,,,2,0.0,0.5,8,0.125,0.375,0.0,,0.8090909090909091,13,0.0769230769230769,0.4615384615384615,0,,,0,,,0.1111111111111111,2.1972245773362196,-0.1111111111111111,0.15590200445434302,0.11135857461024498,0.8,0.3,3031.7,0.848528137063857,0.056666666666666664,0.7,6.0,0.5,0.75,0.5,0.13138178900446715,0.06030484436651815,5.0
Istanbul,2026-09-27,5,Race 5,1300.0,,"{'eventId': '3438739', 'overall': 'Good', 'rating': None, 'surface': 'All Weather', '__typename': 'TrackCondition'}",All Weather,,30317.0,10.0,False,4.0,3.0,59.0,,,81.0,Özbeyin Rüzgarı,3.0,Filly,ch,Orhunkaan,Özbeyingülü,41292.0,E. Aktug,Y. Karakoç,False,0.21,6.0,S,tdn,16.0,15,14.373333333333331,12.0,16.0,1.027272548493772,6,19.0,12.0,12.0,7.0,0.0,5.0,6.6,1.0,12.0,0.2,0.4,0.2,6.5,12.2,17.8,,79.0,3.0,2.0,5.0,0.0,0.0,-5.666666666666667,25.0,50.0,-100.0,79.0,41292.0,5162.0,0.0,0.0,8.0,10.0,,,,,,8,0.25,0.5,8,0.25,0.5,3,0.0,0.0,3,0.3333333333333333,0.3333333333333333,6,0.1666666666666666,0.5,1,0.0,0.0,7,0.2857142857142857,0.5714285714285714,0,0.0,,1,0.0,1.0,1,0.0,0.0,1,1.0,1.0,0,,,4,0.5,0.75,1,0.0,0.0,0,,,1,0.0,0.0,4,0.5,0.75,0.0,,0.8090909090909091,8,0.25,0.5,0,,,0,,,0.0625,2.772588722239781,-0.3684210526315789,0.2782931354359926,0.06957328385899815,0.3,0.4,3031.7,0.848528137063857,0.013125,0.4,7.0,0.4,0.4,0.65,0.13138178900446715,0.037046098516211136,8.0
Istanbul,2026-09-27,5,Race 5,1300.0,,"{'eventId': '3438739', 'overall': 'Good', 'rating': None, 'surface': 'All Weather', '__typename': 'TrackCondition'}",All Weather,,30317.0,10.0,False,5.0,5.0,53.0,,-4.0,81.0,Aladağlar,3.0,Filly,ch,Gelibolu,Sarıyazma,26959.0,U. Levent,U. Temucin,False,0.01,3.0,S,tn,26.0,15,25.966666666666665,20.0,34.5,4.638486343146389,8,26.0,20.0,17.0,8.0,0.0,4.0,4.75,1.0,7.0,0.25,0.25,0.25,6.25,12.2,17.5,,79.0,4.0,1.0,4.0,0.0,1.0,-3.5,25.0,25.0,-100.0,79.0,26959.0,6740.0,0.0,0.0,6.0,10.0,,,,,,4,0.25,0.25,4,0.25,0.25,1,0.0,0.0,1,0.0,0.0,4,0.25,0.25,1,0.0,0.0,3,0.3333333333333333,0.3333333333333333,0,0.0,,1,1.0,1.0,1,0.0,0.0,1,0.0,0.0,0,,,2,0.0,0.0,0,,,0,,,0,0.0,,2,0.0,0.0,0.0,,0.8090909090909091,4,0.25,0.25,0,,,0,,,0.038461538461538464,3.258096538021482,-0.23076923076923078,0.558408215661104,0.038510911424903725,0.5,0.5,3031.7,-1.697056274127714,0.00038461538461538467,0.1,8.0,0.3,0.2,0.15,0.13138178900446715,0.03446261448490192,10.0
Istanbul,2026-09-27,5,Race 5,1300.0,,"{'eventId': '3438739', 'overall': 'Good', 'rating': None, 'surface': 'All Weather', '__typename': 'TrackCondition'}",All Weather,,30317.0,10.0,False,6.0,4.0,57.0,,,81.0,Can Şehriban,3.0,Filly,gr,Afrikaander,İlksen,34550.0,A. Kursun,Al. Cizik,False,1.0,23.0,S,sn,5.0,15,4.513333333333334,4.2,5.0,0.2186829262247562,4,3.7,4.2,3.7,9.0,0.0,3.0,1.6666666666666667,1.0,2.0,0.3333333333333333,1.0,1.0,0.4166666666666667,12.2,39.66666666666666,,79.0,2.0,1.0,3.0,1.0,2.0,0.5,33.0,100.0,-100.0,79.0,34550.0,11517.0,0.0,0.0,1.0,10.0,,,,,,3,0.3333333333333333,1.0,3,0.3333333333333333,1.0,2,0.5,1.0,1,0.0,1.0,2,0.0,1.0,1,0.0,1.0,3,0.3333333333333333,1.0,0,0.0,,2,0.0,1.0,1,1.0,1.0,0,,,0,,,1,0.0,1.0,1,1.0,1.0,0,,,1,1.0,1.0,1,0.0,1.0,1.0,1.0,1.0,3,0.3333333333333333,1.0,0,,,0,,,0.2,1.6094379124341003,0.13513513513513511,0.17725258493353022,0.22156573116691283,0.4,0.6,3031.7,0.0,0.2,1.0,3.0,0.8,1.0,1.0,0.13138178900446715,0.19562978576164905,2.0
Istanbul,2026-09-27,5,Race 5,1300.0,,"{'eventId': '3438739', 'overall': 'Good', 'rating': None, 'surface': 'All Weather', '__typename': 'TrackCondition'}",All Weather,,30317.0,10.0,False,7.0,1.0,57.0,,,81.0,Feyzanur,3.0,Filly,ch,Diliran,Tuncakızı,40901.0,Mus. Celik,B. Tanrıkulu,False,0.6,11.0,S,dn,7.0,15,6.303333333333333,4.1,7.0,1.118401637258379,8,7.5,6.5,6.25,2.0,0.0,5.0,3.6,1.0,6.0,0.4,0.4,0.4,2.6,12.2,14.6,,79.0,1.0,1.0,5.0,0.0,0.0,1.0,33.0,33.0,-100.0,79.0,33971.0,5662.0,0.0,0.0,1.0,10.0,,,,,,6,0.3333333333333333,0.3333333333333333,6,0.3333333333333333,0.3333333333333333,3,0.3333333333333333,0.3333333333333333,2,0.5,0.5,2,0.0,0.0,1,0.0,0.0,5,0.4,0.4,0,0.0,,1,0.0,0.0,1,0.0,0.0,1,1.0,1.0,0,,,6,0.3333333333333333,0.3333333333333333,0,,,0,,,0,0.0,,6,0.3333333333333333,0.3333333333333333,0.0,,0.8090909090909091,6,0.3333333333333333,0.3333333333333333,0,,,0,,,0.14285714285714285,1.9459101490553132,-0.13333333333333333,0.46007403490216825,0.15864621893178213,0.1,0.7,3031.7,0.0,0.0857142857142857,0.8,5.0,0.6,0.4,0.4,0.13138178900446715,0.053371213965266194,6.0
Istanbul,2026-09-27,5,Race 5,1300.0,,"{'eventId': '3438739', 'overall': 'Good', 'rating': None, 'surface': 'All Weather', '__typename': 'TrackCondition'}",All Weather,,30317.0,10.0,False,8.0,6.0,57.0,,,81.0,Harem Güzeli,3.0,Filly,gr,Afrikaander,Canım Çidem,44341.0,H. Karatas,Ser. Dogan,False,0.72,15.0,S,bn,3.3,15,3.2466666666666657,2.8,4.5,0.6365183073216006,9,3.0,2.8,2.65,1.0,1.0,4.0,2.75,1.0,4.0,0.25,0.75,0.25,3.25,12.2,13.75,,79.0,1.0,0.0,4.0,2.0,1.0,1.5,25.0,75.0,-100.0,79.0,27017.0,6754.0,25.0,0.0,3.0,10.0,,,,,,4,0.25,0.75,4,0.25,0.75,3,0.3333333333333333,0.6666666666666666,0,0.0,,1,0.0,1.0,0,0.0,,3,0.3333333333333333,0.6666666666666666,0,0.0,,1,0.0,1.0,1,0.0,0.0,1,1.0,1.0,0,,,4,0.25,0.75,0,,,0,,,0,0.0,,4,0.25,0.75,2.0,0.5,1.0,4,0.25,0.75,0,,,0,,,0.30303030303030304,1.1939224684724346,-0.06666666666666672,0.5236139630390145,0.30800821355236147,0.6,0.8,3031.7,0.0,0.21818181818181817,0.9,1.0,1.0,0.9,0.9,0.13138178900446715,0.2771309504767146,1.0
Istanbul,2026-09-27,5,Race 5,1300.0,,"{'eventId': '3438739', 'overall': 'Good', 'rating': None, 'surface': 'All Weather', '__typename': 'TrackCondition'}",All Weather,,30317.0,10.0,False,9.0,9.0,54.0,,-3.0,81.0,Şahanıl,3.0,Filly,ch,Gelibolu,Mine Hanım,25431.0,K. Gokce,Hal. Yıldız,False,0.16,3.0,S,tcdon,41.0,15,36.62666666666667,31.0,45.8,5.061154896749247,6,34.0,31.0,26.0,6.0,0.0,5.0,6.2,1.0,14.0,0.2,0.4,0.2,5.8,12.2,15.2,,79.0,5.0,2.0,5.0,1.0,0.0,-2.166666666666667,13.0,25.0,-100.0,79.0,25431.0,3179.0,0.0,0.0,14.0,10.0,,,,,,8,0.125,0.25,8,0.125,0.25,3,0.3333333333333333,0.6666666666666666,3,0.3333333333333333,0.3333333333333333,8,0.125,0.25,3,0.3333333333333333,0.3333333333333333,6,0.1666666666666666,0.3333333333333333,0,0.0,,1,0.0,0.0,1,0.0,0.0,1,0.0,0.0,0,,,4,0.25,0.5,2,0.0,0.0,0,,,2,0.0,0.0,4,0.25,0.5,1.0,1.0,1.0,8,0.125,0.25,0,,,0,,,0.024390243902439025,3.713572066704308,-0.08823529411764706,0.4040771751001091,0.027302511831088457,0.9,0.9,3031.7,-1.2727922055957854,0.0039024390243902443,0.2,10.0,0.1,0.4,0.15,0.13138178900446715,0.03660365456685665,9.0
Istanbul,2026-09-27,5,Race 5,1300.0,,"{'eventId': '3438739', 'overall': 'Good', 'rating': None, 'surface': 'All Weather', '__typename': 'TrackCondition'}",All Weather,,30317.0,10.0,False,10.0,10.0,55.0,,,81.0,Şengül Sultan,3.0,Filly,b,Gürsu,İdilkız,21829.0,A. Kacmaz,T. N. Yıldız,False,0.17,7.0,S,don,31.0,15,28.03333333333333,23.0,32.5,2.985892756874492,2,26.0,23.0,23.0,4.0,0.0,2.0,5.0,1.0,9.0,0.5,0.5,0.5,3.0,12.2,14.0,,79.0,0.0,2.0,2.0,0.0,1.0,0.1666666666666667,50.0,50.0,-100.0,79.0,20097.0,10049.0,0.0,0.0,9.0,10.0,,,,,,2,0.5,0.5,2,0.5,0.5,2,0.5,0.5,2,0.5,0.5,0,0.0,,0,0.0,,2,0.5,0.5,0,0.0,,1,1.0,1.0,1,0.0,0.0,0,,,0,,,1,1.0,1.0,1,0.0,0.0,0,,,1,0.0,0.0,1,1.0,1.0,0.0,,0.8090909090909091,2,0.5,0.5,0,,,0,,,0.03225806451612903,3.4339872044851463,-0.11538461538461539,0.33888228299643286,0.03567181926278241,1.0,1.0,3031.7,-0.848528137063857,0.005483870967741936,0.3,9.0,0.2,0.6,0.65,0.13138178900446715,0.04145927035576305,7.0
Laurel Park,2026-09-28,6,Race 6 - Allowance Optional Claiming,1106.0,"3YO+, Allowance","{'eventId': '3438946', 'overall': 'Soft', 'rating': None, 'surface': 'Turf', '__typename': 'TrackCondition'}",Turf,,75435.0,3.0,False,6.0,5.0,55.25,,,87.0,Jessica's Eyes,3.0,Gelding,dk b/br,Mosler,Miracle Mischief,217355.0,Xavier Perez,John J. Robb,False,0.01,20.0,S,tcdn,11.0,11,9.159090909090908,3.75,15.0,2.8249552033309207,16,1.01,6.0,1.01,2.0,0.0,5.0,4.4,1.0,7.0,0.2,0.4,0.4,4.209999999999999,18.95,25.8,85.4,88.0,2.0,4.0,0.0,0.0,0.0,4.833333333333333,33.0,44.0,264.0,87.0,202267.0,22474.0,23.0,25.0,1.0,3.25,,,,,,9,0.3333333333333333,0.4444444444444444,8,0.25,0.375,2,0.5,1.0,7,0.4285714285714285,0.5714285714285714,5,0.2,0.2,3,0.3333333333333333,0.3333333333333333,7,0.2857142857142857,0.4285714285714285,0,0.0,,2,0.5,0.5,2,0.0,0.0,2,0.5,0.5,2,0.0,0.0,0,,,0,,,0,,,0,0.0,,2,0.0,0.0,0.0,,0.8090909090909091,9,0.3333333333333333,0.4444444444444444,0,,,0,,,0.09090909090909091,2.3978952727983707,4.9405940594059405,1.2282878411910672,0.10918114143920596,1.6666666666666667,2.0,25145.0,-0.8949301345152028,0.0009090909090909091,0.3333333333333333,9.0,0.2,0.6666666666666666,0.15,0.7131503150315032,0.14741056382425652,3.0
Laurel Park,2026-09-28,6,Race 6 - Allowance Optional Claiming,1106.0,"3YO+, Allowance","{'eventId': '3438946', 'overall': 'Soft', 'rating': None, 'surface': 'Turf', '__typename': 'TrackCondition'}",Turf,,75435.0,3.0,False,7.0,7.0,55.75,,,100.0,Twisted Filigree,5.0,Gelding,b,Distorted Humor,Saturn Lace,465735.0,Vincent Cheminaud,Horacio De Paz,False,0.1,15.0,S,dn,5.0,11,4.840909090909091,3.5,8.6,1.278283327147315,20,1.01,3.5,1.01,3.0,0.0,5.0,4.8,3.0,7.0,0.0,0.2,0.0,2.41,7.5,60.4,96.6,96.0,0.0,3.0,0.0,0.0,2.0,1.333333333333333,16.0,53.0,-43.0,100.0,458191.0,24115.0,19.0,35.0,5.0,4.5,,,,,,19,0.1578947368421052,0.5263157894736842,7,0.0,0.1428571428571428,1,0.0,0.0,9,0.1111111111111111,0.5555555555555556,0,0.0,,0,0.0,,19,0.1578947368421052,0.5263157894736842,0,0.0,,5,0.2,0.6,5,0.2,0.4,3,0.0,0.6666666666666666,8,0.0,0.375,6,0.3333333333333333,0.8333333333333334,1,0.0,0.0,0,,,1,0.0,0.0,14,0.1428571428571428,0.5714285714285714,3.0,0.6666666666666666,1.0,19,0.1578947368421052,0.5263157894736842,0,,,0,,,0.2,1.6094379124341003,2.4653465346534653,1.0535211267605633,0.20657276995305165,2.3333333333333335,2.3333333333333335,25145.0,-0.45837884938583495,0.020000000000000004,0.6666666666666666,8.0,0.3,0.3333333333333333,0.3,0.7131503150315032,0.2576096365830104,2.0
Laurel Park,2026-09-28,6,Race 6 - Allowance Optional Claiming,1106.0,"3YO+, Allowance","{'eventId': '3438946', 'overall': 'Soft', 'rating': None, 'surface': 'Turf', '__typename': 'TrackCondition'}",Turf,,75435.0,3.0,False,10.0,8.0,54.0,,,98.0,Mizner,3.0,Gelding,gr/ro,Munnings,Welcoming,151428.0,Mychel J. Sanchez,Brittany T. Russell,False,1.0,25.0,S,tcdn,1.2,11,1.1881818181818182,1.15,1.36,0.0602748525609119,19,1.01,1.15,1.01,1.0,1.0,5.0,2.8,1.0,5.0,0.4,0.6,0.4,2.43,4.648,61.8,82.25,97.0,2.0,2.0,0.0,1.0,2.0,0.5,40.0,60.0,-15.0,98.0,103901.0,20780.0,32.0,77.0,4.0,7.5,,,,,,5,0.4,0.6,4,0.5,0.75,0,0.0,,2,0.5,0.5,2,1.0,1.0,1,1.0,1.0,1,0.0,0.0,0,0.0,,2,0.0,0.5,1,1.0,1.0,1,1.0,1.0,0,,,1,1.0,1.0,0,,,0,,,0,0.0,,1,1.0,1.0,1.0,1.0,1.0,5,0.4,0.6,0,,,0,,,0.8333333333333334,0.1823215567939546,0.13861386138613851,0.17674062739097185,0.8416220351951033,2.6666666666666665,3.3333333333333335,25145.0,-1.9863083473386223,0.8333333333333334,1.0,7.0,0.4,1.0,0.8,0.7131503150315032,0.5949797995927331,1.0
Gulfstream,2026-09-28,6,Race 6 - Claiming,1710.0,"3YO+, Claiming","{'eventId': '3438937', 'overall': None, 'rating': None, 'surface': 'Dirt', '__typename': 'TrackCondition'}",Dirt,,35583.0,9.0,False,1.0,1.0,55.25,,,81.0,Tonytone,3.0,Gelding,ch,Ghostzapper,Focaccina,47582.0,Leonel Reyes,Jose Francisco D'Angelo,False,1.0,29.0,S,tcdn,2.45,12,2.2583333333333333,1.35,2.78,0.315827836363773,10,1.01,2.2,1.01,6.0,0.0,5.0,3.6,1.0,10.0,0.2,0.8,0.6,3.4200000000000004,4.832,29.6,77.2,80.0,5.0,4.0,0.0,2.0,1.0,2.666666666666667,20.0,80.0,-62.0,81.0,47582.0,9516.0,24.0,34.0,1.0,1.91,,,,,,5,0.2,0.8,5,0.2,0.8,1,1.0,1.0,4,0.25,1.0,5,0.2,0.8,4,0.25,1.0,2,0.0,0.5,0,0.0,,1,0.0,0.0,1,0.0,1.0,1,0.0,1.0,4,0.25,1.0,0,,,0,,,0,,,0,0.0,,4,0.25,1.0,2.0,0.5,1.0,5,0.2,0.8,0,,,0,,,0.4081632653061224,0.8960880245566357,1.1782178217821784,0.6332103321033209,0.44280442804428044,0.1111111111111111,0.1111111111111111,3953.6666666666665,-0.03732616734690127,0.4081632653061224,1.0,1.0,1.0,1.0,1.0,0.13111075185007548,0.2084201075317995,2.0
Gulfstream,2026-09-28,6,Race 6 - Claiming,1710.0,"3YO+, Claiming","{'eventId': '3438937', 'overall': None, 'rating': None, 'surface': 'Dirt', '__typename': 'TrackCondition'}",Dirt,,35583.0,9.0,False,2.0,2.0,55.25,,,76.0,David Pepperman,3.0,Colt,dk b/br,Bolt D'Oro,Holly Hundy,99657.0,Jose E. Morelos,Daniel C. Hurtak,False,0.34,1.0,S,tn,8.5,12,90.95833333333331,8.0,1000.0,274.0869279940622,9,1.01,8.0,1.01,1.0,1.0,5.0,5.6,4.0,7.0,0.0,0.0,0.0,9.97,22.7,32.0,77.8,75.0,5.0,3.0,1.0,0.0,1.0,-0.666666666666667,6.0,29.0,-68.0,76.0,77238.0,4543.0,5.0,22.0,5.0,15.0,,,,,,17,0.0588235294117647,0.2941176470588235,14,0.0714285714285714,0.2857142857142857,1,0.0,0.0,6,0.0,0.3333333333333333,17,0.0588235294117647,0.2941176470588235,6,0.0,0.3333333333333333,14,0.0714285714285714,0.3571428571428571,0,0.0,,2,0.0,0.0,1,0.0,0.0,1,0.0,1.0,15,0.0666666666666666,0.2666666666666666,0,,,1,0.0,1.0,0,,,1,0.0,1.0,15,0.0666666666666666,0.2666666666666666,3.0,0.0,0.3333333333333333,17,0.0588235294117647,0.2941176470588235,0,,,1,0.0,0.0,0.11764705882352941,2.1400661634962708,6.920792079207921,10.90609253321118,0.01099404489234998,0.2222222222222222,0.2222222222222222,3953.6666666666665,-0.03732616734690127,0.04,0.5555555555555556,5.0,0.5555555555555556,0.2222222222222222,0.5,0.13111075185007548,0.053165865631264186,6.0
Gulfstream,2026-09-28,6,Race 6 - Claiming,1710.0,"3YO+, Claiming","{'eventId': '3438937', 'overall': None, 'rating': None, 'surface': 'Dirt', '__typename': 'TrackCondition'}",Dirt,,35583.0,9.0,False,3.0,3.0,56.75,,-3.25,78.0,Smooth An Easy,5.0,Gelding,b,Achikulak,Nancy Doll,86117.0,Carlos Martinez,Angel M. Rodriguez,False,0.13,2.0,S,tn,34.0,12,31.761666666666667,1.14,65.0,13.24656548778672,5,1.01,26.0,1.01,5.0,0.0,5.0,5.6,2.0,10.0,0.0,0.2,0.2,9.36,27.0,23.0,79.4,75.0,0.0,0.0,1.0,0.0,0.0,-4.833333333333334,3.0,14.0,17.0,78.0,86117.0,2970.0,20.0,20.0,7.0,34.0,,,,,,29,0.0344827586206896,0.1379310344827586,8,0.125,0.25,3,0.0,0.0,12,0.0,0.1666666666666666,17,0.0588235294117647,0.0588235294117647,7,0.0,0.0,15,0.0666666666666666,0.1333333333333333,0,0.0,,5,0.0,0.0,4,0.25,0.25,4,0.0,0.25,15,0.0666666666666666,0.1333333333333333,9,0.0,0.1111111111111111,0,,,0,,,0,0.0,,24,0.0416666666666666,0.125,0.0,,0.8090909090909091,29,0.0344827586206896,0.1379310344827586,0,,,1,0.0,0.0,0.029411764705882353,3.5263605246161616,24.74257425742574,2.0105997796085426,0.03148449388676077,0.3333333333333333,0.3333333333333333,3953.6666666666665,1.97828686938571,0.003823529411764706,0.3333333333333333,8.0,0.2222222222222222,0.6111111111111112,0.1111111111111111,0.13111075185007548,0.04638158577142663,8.0
Gulfstream,2026-09-28,6,Race 6 - Claiming,1710.0,"3YO+, Claiming","{'eventId': '3438937', 'overall': None, 'rating': None, 'surface': 'Dirt', '__typename': 'TrackCondition'}",Dirt,,35583.0,9.0,False,4.0,4.0,54.5,,,78.0,Pardo,3.0,Colt,ch,Classic Empire,Dahlonega,71643.0,Miguel Angel Vasquez,Jose Francisco D'Angelo,False,0.78,18.0,S,tn,4.33,12,4.027500000000001,3.7,5.0,0.3936818724130774,13,1.01,3.7,1.01,4.0,0.0,3.0,3.6666666666666665,1.0,5.0,0.3333333333333333,0.3333333333333333,0.3333333333333333,8.916666666666666,7.083333333333333,82.0,84.0,77.0,3.0,0.0,0.0,1.0,2.0,-4.0,33.0,33.0,-8.0,78.0,69152.0,23051.0,24.0,105.0,5.0,11.0,,,,,,3,0.3333333333333333,0.3333333333333333,3,0.3333333333333333,0.3333333333333333,0,0.0,,0,0.0,,3,0.3333333333333333,0.3333333333333333,0,0.0,,0,0.0,,0,0.0,,2,0.5,0.5,1,0.0,0.0,0,,,1,0.0,0.0,1,1.0,1.0,0,,,0,,,0,0.0,,2,0.5,0.5,1.0,1.0,1.0,3,0.3333333333333333,0.3333333333333333,0,,,0,,,0.23094688221709006,1.4655675420143985,2.6633663366336635,0.3227808814400992,0.24829298572315328,0.4444444444444444,0.4444444444444444,3953.6666666666665,-1.045132685713207,0.18013856812933024,0.7777777777777778,2.0,0.8888888888888888,0.8888888888888888,0.7222222222222222,0.13111075185007548,0.30324649076567456,1.0
Gulfstream,2026-09-28,6,Race 6 - Claiming,1710.0,"3YO+, Claiming","{'eventId': '3438937', 'overall': None, 'rating': None, 'surface': 'Dirt', '__typename': 'TrackCondition'}",Dirt,,35583.0,9.0,False,5.0,5.0,54.5,,,76.0,Chalky White,3.0,Gelding,b,Practical Joke,Race,132990.0,Diego A. Herrera,Nicholas Tomlinson,False,0.83,5.0,S,dn,7.5,12,7.258333333333333,6.0,10.5,1.3450268481417842,13,1.01,6.0,1.01,8.0,0.0,5.0,6.6,5.0,8.0,0.0,0.0,0.0,9.12,9.3,62.0,73.4,71.0,5.0,2.0,0.0,0.0,2.0,1.833333333333333,9.0,18.0,-77.0,76.0,132990.0,12090.0,0.0,41.0,5.0,7.0,,,,,,11,0.0909090909090909,0.1818181818181818,6,0.0,0.0,1,0.0,0.0,3,0.3333333333333333,0.3333333333333333,5,0.0,0.0,2,0.0,0.0,5,0.2,0.2,0,0.0,,3,0.0,0.0,3,0.0,0.0,1,0.0,1.0,7,0.0,0.0,0,,,0,,,0,,,0,0.0,,7,0.0,0.0,2.0,0.5,0.5,11,0.0909090909090909,0.1818181818181818,0,,,0,,,0.13333333333333333,2.0149030205422647,4.9405940594059405,0.6199770378874857,0.13777267508610794,0.5555555555555556,0.5555555555555556,3953.6666666666665,-1.045132685713207,0.11066666666666666,0.8888888888888888,4.0,0.6666666666666666,0.2222222222222222,0.2222222222222222,0.13111075185007548,0.08243068841878262,4.0
Gulfstream,2026-09-28,6,Race 6 - Claiming,1710.0,"3YO+, Claiming","{'eventId': '3438937', 'overall': None, 'rating': None, 'surface': 'Dirt', '__typename': 'TrackCondition'}",Dirt,,35583.0,9.0,False,6.0,6.0,55.75,,,62.0,Sponge Time,4.0,Gelding,ch,Hard Spun,Jo Marie,75727.0,Marcos Meneses,Marcus J. Vitali,False,0.2,3.0,S,tn,31.0,12,28.416666666666668,23.0,40.0,4.271189009579833,7,1.01,23.0,1.01,3.0,0.0,5.0,6.8,4.0,9.0,0.0,0.0,0.0,12.03,27.0,29.8,61.8,63.0,5.0,4.0,0.0,0.0,0.0,3.0,4.0,29.0,-88.0,62.0,72168.0,3007.0,25.0,23.0,6.0,26.0,,,,,,24,0.0416666666666666,0.2916666666666667,11,0.0,0.0,2,0.0,0.0,14,0.0,0.2857142857142857,23,0.0434782608695652,0.3043478260869565,13,0.0,0.3076923076923077,8,0.0,0.25,0,0.0,,2,0.0,0.0,2,0.0,0.5,2,0.0,0.0,14,0.0714285714285714,0.3571428571428571,5,0.0,0.2,0,,,0,,,0,0.0,,19,0.0526315789473684,0.3157894736842105,1.0,1.0,1.0,24,0.0416666666666666,0.2916666666666667,0,,,0,,,0.03225806451612903,3.4339872044851463,21.77227722772277,0.5982404692082112,0.03519061583577712,0.6666666666666666,0.6666666666666666,3953.6666666666665,0.6345448448973026,0.0064516129032258064,0.4444444444444444,7.0,0.3333333333333333,0.2222222222222222,0.5,0.13111075185007548,0.046303294450794084,9.0
Gulfstream,2026-09-28,6,Race 6 - Claiming,1710.0,"3YO+, Claiming","{'eventId': '3438937', 'overall': None, 'rating': None, 'surface': 'Dirt', '__typename': 'TrackCondition'}",Dirt,,35583.0,9.0,False,7.0,7.0,54.5,,,66.0,My Foolish Notion,3.0,Gelding,b,Bolt D'Oro,Foolish Cause,60846.0,"Pedro Monterrey, Jr.",Herbert Miller,False,0.06,2.0,S,tcdon,20.0,12,19.291666666666668,17.0,26.0,2.164662534643423,16,1.01,17.0,1.01,7.0,0.0,5.0,4.8,1.0,8.0,0.2,0.2,0.2,14.7,14.151999999999996,16.6,71.4,70.0,5.0,5.0,0.0,1.0,0.0,-3.6666666666666665,6.0,33.0,-87.0,66.0,60846.0,3380.0,0.0,23.0,8.0,34.0,,,,,,18,0.0555555555555555,0.3333333333333333,17,0.0588235294117647,0.3529411764705882,2,0.0,0.0,13,0.0769230769230769,0.4615384615384615,18,0.0555555555555555,0.3333333333333333,13,0.0769230769230769,0.4615384615384615,3,0.0,0.0,0,0.0,,2,0.0,0.0,1,0.0,0.0,1,0.0,0.0,11,0.0,0.2727272727272727,2,0.5,1.0,0,,,0,,,0,0.0,,13,0.0769230769230769,0.3846153846153846,2.0,0.0,0.5,18,0.0555555555555555,0.3333333333333333,0,,,0,,,0.05,2.995732273553991,15.831683168316832,0.4665226781857451,0.05183585313174946,0.7777777777777778,0.7777777777777778,3953.6666666666665,-1.045132685713207,0.003,0.2222222222222222,6.0,0.4444444444444444,0.6111111111111112,0.7222222222222222,0.13111075185007548,0.06796774416646141,5.0
Gulfstream,2026-09-28,6,Race 6 - Claiming,1710.0,"3YO+, Claiming","{'eventId': '3438937', 'overall': None, 'rating': None, 'surface': 'Dirt', '__typename': 'TrackCondition'}",Dirt,,35583.0,9.0,False,8.0,8.0,55.25,,,61.0,Rockazo,3.0,Colt,b,Rock Your World,Violinist,26856.0,Jozbin Z. Santana,Antonio Sano,False,0.01,9.0,S,tcdn,41.0,12,38.833333333333336,26.0,80.0,13.50822794530142,9,1.01,26.0,1.01,9.0,0.0,5.0,5.0,1.0,7.0,0.2,0.2,0.2,14.5,19.9,12.2,58.8,59.0,5.0,2.0,0.0,0.0,1.0,3.333333333333333,20.0,20.0,200.0,61.0,26856.0,5371.0,0.0,23.0,5.0,34.0,,,,,,5,0.2,0.2,5,0.2,0.2,2,0.5,0.5,2,0.5,0.5,5,0.2,0.2,2,0.5,0.5,1,0.0,0.0,0,0.0,,1,0.0,0.0,1,0.0,0.0,1,0.0,0.0,3,0.3333333333333333,0.3333333333333333,0,,,0,,,0,,,0,0.0,,3,0.3333333333333333,0.3333333333333333,0.0,,0.8090909090909091,5,0.2,0.2,0,,,0,,,0.024390243902439025,3.713572066704308,24.74257425742574,1.390557939914163,0.02575107296137339,0.8888888888888888,0.8888888888888888,3953.6666666666665,-0.03732616734690127,0.00024390243902439027,0.1111111111111111,9.0,0.1111111111111111,0.6111111111111112,0.3333333333333333,0.13111075185007548,0.04772344661641064,7.0
Gulfstream,2026-09-28,6,Race 6 - Claiming,1710.0,"3YO+, Claiming","{'eventId': '3438937', 'overall': None, 'rating': None, 'surface': 'Dirt', '__typename': 'TrackCondition'}",Dirt,,35583.0,9.0,False,9.0,9.0,55.75,,,75.0,Sky Masterson,4.0,Gelding,dk b/br,The Factor,Kitty Maddnes,200330.0,Anthony Thomas,Rohan Crichton,False,0.57,5.0,S,n,6.5,12,6.204166666666667,5.5,7.8,0.7078307040214881,10,1.01,5.5,1.01,2.0,0.0,5.0,7.2,3.0,10.0,0.0,0.2,0.0,11.03,6.25,49.4,83.0,72.0,1.0,2.0,0.0,1.0,1.0,1.166666666666667,3.0,41.0,-87.0,75.0,193213.0,6663.0,17.0,23.0,3.0,6.0,,,,,,29,0.0344827586206896,0.4137931034482758,9,0.0,0.4444444444444444,1,0.0,1.0,15,0.0,0.5333333333333333,1,0.0,1.0,1,0.0,1.0,22,0.0454545454545454,0.5,0,0.0,,2,0.0,0.5,1,0.0,0.0,1,0.0,0.0,10,0.0,0.5,13,0.0769230769230769,0.3076923076923077,0,,,0,,,0,0.0,,23,0.0434782608695652,0.391304347826087,4.0,0.25,0.5,29,0.0344827586206896,0.4137931034482758,0,,,1,0.0,0.0,0.15384615384615385,1.8718021769015913,4.445544554455446,0.37071860308932164,0.16118200134318333,1.0,1.0,3953.6666666666665,0.6345448448973026,0.0876923076923077,0.6666666666666666,3.0,0.7777777777777778,0.6111111111111112,0.8888888888888888,0.13111075185007548,0.14436077664738642,3.0
Churchill Downs,2026-09-28,6,Race 6 - Maiden Special Weight,1811.0,"3YO+, Maiden, Spec. Weight","{'eventId': '3437979', 'overall': None, 'rating': None, 'surface': 'Dirt', '__typename': 'TrackCondition'}",Dirt,,170796.0,8.0,False,1.0,1.0,54.5,,,87.0,El Tio,3.0,Colt,b,Uncle Mo,Roughing,37503.0,Gerardo Corrales,Robert Medina,False,0.01,6.0,S,,21.0,9,19.17111111111111,2.54,28.0,6.382859763885785,4,12.0,19.0,12.0,5.0,0.0,5.0,5.8,2.0,8.0,0.0,0.2,0.2,11.06,27.6,23.8,81.0,86.0,1.0,1.0,5.0,0.0,1.0,1.333333333333333,0.0,20.0,-100.0,87.0,37503.0,7501.0,0.0,37.0,2.0,26.0,,,,,,5,0.0,0.2,5,0.0,0.2,1,0.0,1.0,1,0.0,0.0,1,0.0,0.0,0,0.0,,1,0.0,0.0,0,0.0,,1,0.0,0.0,1,0.0,0.0,1,0.0,0.0,0,,,0,,,1,0.0,0.0,0,,,1,0.0,0.0,0,0.0,,0.0,,0.8090909090909091,5,0.0,0.2,0,,,5,0.0,0.2,0.047619047619047616,3.044522437723423,0.5833333333333334,1.328039874811638,0.05216181754955373,0.125,0.125,21349.5,-0.35355339002184455,0.0004761904761904762,0.125,8.0,0.125,0.16666666666666666,0.375,0.14932263090157827,0.040148773217621114,8.0
Churchill Downs,2026-09-28,6,Race 6 - Maiden Special Weight,1811.0,"3YO+, Maiden, Spec. Weight","{'eventId': '3437979', 'overall': None, 'rating': None, 'surface': 'Dirt', '__typename': 'TrackCondition'}",Dirt,,170796.0,8.0,False,2.0,2.0,54.5,,,91.0,Safety Off,3.0,Gelding,ch,Gun Runner,If Not For Her,0.0,Jareth Loveberry,D. Whitworth Beckman,False,0.21,6.0,,,18.0,9,17.35666666666667,1.21,36.0,8.254151817250651,12,11.0,16.0,10.0,8.0,0.0,,4.6,2.0,,0.0,0.4,0.2,,12.2,25.8,,79.0,1.0,1.0,,0.0,,0.1666666666666667,0.0,0.0,0.0,91.0,0.0,0.0,19.0,21.0,5.0,10.0,,,,,,0,0.08,0.375,0,0.0,,0,0.0,,0,0.0,,0,0.0,,0,0.0,,0,0.0,,0,0.0,,0,0.0,,0,,,0,,,0,,,0,,,0,,,0,,,0,0.0,,0,0.0,,0.0,,0.8090909090909091,0,,,0,,,0,,,0.05555555555555555,2.8903717578961645,0.45454545454545453,2.004417130785481,0.057614749375840206,0.25,0.25,21349.5,-0.35355339002184455,0.011666666666666665,0.375,7.0,0.25,0.5416666666666666,0.1875,0.14932263090157827,0.04145182530850941,7.0
Churchill Downs,2026-09-28,6,Race 6 - Maiden Special Weight,1811.0,"3YO+, Maiden, Spec. Weight","{'eventId': '3437979', 'overall': None, 'rating': None, 'surface': 'Dirt', '__typename': 'TrackCondition'}",Dirt,,170796.0,8.0,False,3.0,3.0,54.5,,,83.0,Bold Stand,3.0,Gelding,b,Curlin,Indulgent,30376.0,Alex Achard,Eoin G. Harty,False,0.11,12.0,S,,9.0,9,9.61111111111111,8.0,16.5,2.715979235906737,16,12.0,8.0,6.5,6.0,0.0,4.0,6.0,2.0,11.0,0.0,0.5,0.5,10.2,15.5,37.75,76.75,74.0,1.0,0.0,4.0,0.0,2.0,8.0,0.0,50.0,-100.0,83.0,30376.0,7594.0,17.0,109.0,2.0,10.0,,,,,,4,0.0,0.5,4,0.0,0.5,0,0.0,,0,0.0,,1,0.0,1.0,0,0.0,,0,0.0,,0,0.0,,2,0.0,0.0,1,0.0,1.0,1,0.0,1.0,0,,,0,,,1,0.0,1.0,0,,,1,0.0,1.0,0,0.0,,0.0,,0.8090909090909091,4,0.0,0.5,0,,,4,0.0,0.5,0.1111111111111111,2.1972245773362196,-0.3333333333333333,0.8843930635838151,0.10404624277456648,0.375,0.375,21349.5,-0.35355339002184455,0.012222222222222221,0.25,4.0,0.625,0.6666666666666666,0.625,0.14932263090157827,0.05564024388291387,5.0
Churchill Downs,2026-09-28,6,Race 6 - Maiden Special Weight,1811.0,"3YO+, Maiden, Spec. Weight","{'eventId': '3437979', 'overall': None, 'rating': None, 'surface': 'Dirt', '__typename': 'TrackCondition'}",Dirt,,170796.0,8.0,False,4.0,4.0,56.25,,,91.0,Cromwell,4.0,Colt,b,Quality Road,Borealis Night,146096.0,Jose L. Ortiz,Cherie Devaux,False,0.73,17.0,S,b,3.7,9,3.434444444444444,1.21,4.7,0.8663731696767869,20,3.0,3.4,2.5,2.0,0.0,5.0,4.4,2.0,10.0,0.0,0.4,0.4,4.325,5.83,101.4,93.0,91.0,2.0,1.0,5.0,1.0,4.0,2.333333333333333,0.0,56.0,-100.0,91.0,111934.0,12437.0,25.0,82.0,2.0,1.4,,,,,,9,0.0,0.5555555555555556,3,0.0,0.6666666666666666,0,0.0,,1,0.0,0.0,2,0.0,0.0,0,0.0,,1,0.0,0.0,0,0.0,,6,0.0,0.6666666666666666,2,0.0,0.5,1,0.0,0.0,8,0.0,0.5,0,,,0,,,0,,,0,0.0,,8,0.0,0.5,3.0,0.0,1.0,9,0.0,0.5555555555555556,0,,,9,0.0,0.5555555555555556,0.27027027027027023,1.308332819650179,0.1333333333333333,1.016175994823682,0.29116790682626986,0.5,0.5,21349.5,2.474873730152912,0.19729729729729725,0.75,2.0,0.875,0.5,0.75,0.14932263090157827,0.22656134866325586,2.0
Churchill Downs,2026-09-28,6,Race 6 - Maiden Special Weight,1811.0,"3YO+, Maiden, Spec. Weight","{'eventId': '3437979', 'overall': None, 'rating': None, 'surface': 'Dirt', '__typename': 'TrackCondition'}",Dirt,,170796.0,8.0,False,5.0,5.0,54.5,,,85.0,Mr. Tapps,3.0,Colt,b,American Pharoah,Sweet Tapper,17081.0,Yedsit Hazlewood,Michael W. McCarthy,False,0.34,6.0,,,14.0,7,13.285714285714286,13.0,14.0,0.4517539514526256,12,8.0,13.0,8.0,3.0,0.0,,4.6,2.0,,0.0,0.4,0.2,,12.2,25.8,,79.0,1.0,1.0,,0.0,,0.1666666666666667,0.0,0.0,0.0,85.0,0.0,0.0,21.0,21.0,5.0,10.0,,,,,,0,0.08,0.375,0,0.0,,0,0.0,,0,0.0,,0,0.0,,0,0.0,,0,0.0,,0,0.0,,0,0.0,,0,,,0,,,0,,,0,,,0,,,0,,,0,0.0,,0,0.0,,0.0,,0.8090909090909091,0,,,0,,,0,,,0.07142857142857142,2.6390573296152584,0.625,0.07526881720430108,0.07526881720430108,0.625,0.625,21349.5,-0.35355339002184455,0.024285714285714285,0.5625,6.0,0.375,0.5416666666666666,0.1875,0.14932263090157827,0.04845162905167648,6.0
Churchill Downs,2026-09-28,6,Race 6 - Maiden Special Weight,1811.0,"3YO+, Maiden, Spec. Weight","{'eventId': '3437979', 'overall': None, 'rating': None, 'surface': 'Dirt', '__typename': 'TrackCondition'}",Dirt,,170796.0,8.0,False,6.0,6.0,54.5,,,96.0,Top Drawer,3.0,Colt,ch,Munnings,Touch The Star,54876.0,Axel Concepcion,Brad H. Cox,False,1.0,10.0,S,,2.5,9,2.3466666666666667,1.35,2.72,0.3646611821647291,36,3.5,2.4,2.35,4.0,0.0,2.0,2.5,2.0,3.0,0.0,1.0,0.5,1.475,7.25,13.5,95.5,96.0,0.0,1.0,2.0,0.0,1.0,0.1666666666666667,0.0,100.0,-100.0,96.0,42919.0,21460.0,22.0,57.0,2.0,6.5,,,,,,2,0.0,1.0,2,0.0,1.0,1,0.0,1.0,1,0.0,1.0,0,0.0,,0,0.0,,0,0.0,,0,0.0,,1,0.0,1.0,1,0.0,1.0,0,,,0,,,0,,,0,,,0,,,0,0.0,,0,0.0,,0.0,,0.8090909090909091,2,0.0,1.0,0,,,2,0.0,1.0,0.4,0.9162907318741551,-0.31428571428571433,0.5838068181818182,0.42613636363636365,0.75,0.75,21349.5,-0.35355339002184455,0.4,1.0,1.0,1.0,1.0,1.0,0.14932263090157827,0.3841344725642017,1.0
Churchill Downs,2026-09-28,6,Race 6 - Maiden Special Weight,1811.0,"3YO+, Maiden, Spec. Weight","{'eventId': '3437979', 'overall': None, 'rating': None, 'surface': 'Dirt', '__typename': 'TrackCondition'}",Dirt,,170796.0,8.0,False,7.0,7.0,54.5,,,88.0,Liberty Valance,3.0,Gelding,b,Constitution,Gone To Town,79857.0,Tyler Gaffalione,Brendan P. Walsh,False,0.95,10.0,S,,9.5,9,9.411111111111111,9.0,11.5,0.765135346697192,11,8.0,9.0,8.0,7.0,0.0,5.0,4.6,2.0,8.0,0.0,0.6,0.4,5.279999999999999,6.6,64.2,88.2,91.0,1.0,0.0,5.0,1.0,2.0,-5.666666666666666,0.0,60.0,-100.0,88.0,79857.0,15971.0,21.0,37.0,8.0,5.0,,,,,,5,0.0,0.6,5,0.0,0.6,1,0.0,0.0,0,0.0,,1,0.0,1.0,0,0.0,,0,0.0,,0,0.0,,2,0.0,0.5,1,0.0,1.0,1,0.0,1.0,1,0.0,1.0,0,,,0,,,0,,,0,0.0,,1,0.0,1.0,1.0,0.0,0.0,5,0.0,0.6,0,,,5,0.0,0.6,0.10526315789473684,2.2512917986064953,0.125,0.26564344746162927,0.10625737898465171,0.875,0.875,21349.5,-0.35355339002184455,0.09999999999999999,0.875,5.0,0.5,0.8333333333333334,0.875,0.14932263090157827,0.1192121532497874,3.0
Churchill Downs,2026-09-28,6,Race 6 - Maiden Special Weight,1811.0,"3YO+, Maiden, Spec. Weight","{'eventId': '3437979', 'overall': None, 'rating': None, 'surface': 'Dirt', '__typename': 'TrackCondition'}",Dirt,,170796.0,8.0,False,8.0,8.0,54.5,,,91.0,Don's Winner,3.0,Colt,gr/ro,Game Winner,Map Maker,163562.0,Luis Saez,Joe Sharp,False,0.34,5.0,S,,7.5,9,117.72222222222224,6.5,1000.0,311.93296209202737,11,7.0,6.5,5.5,1.0,1.0,4.0,4.75,2.0,8.0,0.0,0.25,0.25,7.175,17.375,26.0,88.75,89.0,2.0,1.0,4.0,0.0,1.0,0.5,0.0,25.0,-100.0,91.0,55953.0,13988.0,23.0,29.0,5.0,8.5,,,,,,4,0.0,0.25,4,0.0,0.25,2,0.0,0.0,1,0.0,0.0,2,0.0,0.5,0,0.0,,1,0.0,0.0,0,0.0,,1,0.0,0.0,1,0.0,1.0,1,0.0,0.0,1,0.0,0.0,0,,,0,,,0,,,0,0.0,,1,0.0,0.0,0.0,,0.8090909090909091,4,0.0,0.25,0,,,4,0.0,0.25,0.13333333333333333,2.0149030205422647,-0.07142857142857142,8.439358187824444,0.008494572911750825,1.0,1.0,21349.5,-0.35355339002184455,0.04533333333333334,0.5625,3.0,0.75,0.3333333333333333,0.5,0.14932263090157827,0.08439955406203421,4.0
Istanbul,2026-09-27,6,Race 6,1600.0,,"{'eventId': '3438740', 'overall': 'Good', 'rating': None, 'surface': 'Turf', '__typename': 'TrackCondition'}",Turf,,30317.0,8.0,False,1.0,3.0,60.0,,,81.0,Yonaguni,2.0,Colt,b,Kaneko,Parıvash,45764.0,A. Sozen,H. Sunkar,False,0.87,5.0,S,sn,12.0,15,10.493333333333332,7.8,12.0,1.387307544210087,3,11.0,11.0,10.0,5.0,0.0,5.0,4.0,1.0,6.0,0.2,0.4,0.4,4.5600000000000005,12.2,10.8,,79.0,3.0,0.0,5.0,2.0,0.0,4.166666666666667,9.0,45.0,-100.0,79.0,44898.0,4082.0,0.0,0.0,1.0,10.0,,,,,,11,0.0909090909090909,0.4545454545454545,11,0.0909090909090909,0.4545454545454545,5,0.2,0.4,0,0.0,,7,0.0,0.2857142857142857,0,0.0,,7,0.1428571428571428,0.5714285714285714,0,0.0,,1,0.0,0.0,1,0.0,0.0,1,0.0,0.0,0,,,10,0.0,0.4,1,1.0,1.0,0,,,1,1.0,1.0,10,0.0,0.4,2.0,0.5,0.5,11,0.0909090909090909,0.4545454545454545,0,,,0,,,0.08333333333333333,2.4849066497880004,0.0,0.4002541296060992,0.09529860228716647,0.375,0.125,3789.625,1.6042223692846642,0.0725,0.75,5.0,0.5,0.3125,0.25,0.1669934950107364,0.03743632179615413,8.0
Istanbul,2026-09-27,6,Race 6,1600.0,,"{'eventId': '3438740', 'overall': 'Good', 'rating': None, 'surface': 'Turf', '__typename': 'TrackCondition'}",Turf,,30317.0,8.0,False,2.0,7.0,58.0,,,81.0,Victory Maria,2.0,Filly,b,Tızway,Easy Come Easy Go,909.0,G. Ozcelik,H. Dolmaz,False,0.01,6.0,S,,29.0,15,31.04,23.0,50.2,9.65020207042319,6,23.0,23.0,21.0,8.0,0.0,1.0,5.0,5.0,5.0,0.0,0.0,0.0,11.0,12.2,0.0,,79.0,1.0,0.0,1.0,0.0,1.0,0.1666666666666667,0.0,0.0,-100.0,79.0,909.0,909.0,0.0,0.0,5.0,10.0,,,,,,1,0.0,0.0,1,0.0,0.0,1,0.0,0.0,0,0.0,,1,0.0,0.0,0,0.0,,1,0.0,0.0,0,0.0,,1,0.0,0.0,0,,,0,,,0,,,0,,,0,,,0,,,0,0.0,,0,0.0,,0.0,,0.8090909090909091,1,0.0,0.0,0,,,0,,,0.034482758620689655,3.367295829986474,0.0,0.8762886597938145,0.03221649484536083,0.875,0.25,3789.625,0.9625334215707985,0.0003448275862068966,0.125,8.0,0.125,0.125,0.125,0.1669934950107364,0.041172528857699224,6.0
Istanbul,2026-09-27,6,Race 6,1600.0,,"{'eventId': '3438740', 'overall': 'Good', 'rating': None, 'surface': 'Turf', '__typename': 'TrackCondition'}",Turf,,30317.0,8.0,False,3.0,2.0,57.0,,,81.0,La Muneca,2.0,Filly,gr,The Grey Gatsby,Hıort,43905.0,E. Aktug,H. Sunkar,False,0.65,2.0,S,n,7.5,15,8.5,7.0,14.0,2.756809750418044,5,6.5,7.0,6.25,3.0,0.0,5.0,3.8,2.0,5.0,0.0,0.4,0.2,6.2700000000000005,12.2,9.6,,79.0,2.0,0.0,5.0,0.0,0.0,2.166666666666667,13.0,50.0,-100.0,79.0,40440.0,5055.0,0.0,0.0,2.0,10.0,,,,,,8,0.125,0.5,8,0.125,0.5,5,0.0,0.4,0,0.0,,2,0.0,0.5,0,0.0,,8,0.125,0.5,0,0.0,,1,0.0,1.0,1,0.0,0.0,1,1.0,1.0,0,,,6,0.1666666666666666,0.3333333333333333,0,,,0,,,0,0.0,,6,0.1666666666666666,0.3333333333333333,0.0,,0.8090909090909091,8,0.125,0.5,0,,,0,,,0.13333333333333333,2.0149030205422647,0.07692307692307693,0.8235294117647058,0.11764705882352941,0.25,0.375,3789.625,0.6416889477138656,0.08666666666666667,0.625,4.0,0.625,0.3125,0.375,0.1669934950107364,0.052770477897436184,4.0
Istanbul,2026-09-27,6,Race 6,1600.0,,"{'eventId': '3438740', 'overall': 'Good', 'rating': None, 'surface': 'Turf', '__typename': 'TrackCondition'}",Turf,,30317.0,8.0,False,4.0,8.0,55.0,,,81.0,Anshba Sky,2.0,Filly,ch,Natıve Khan,Welldones Daughter,51808.0,V. Abis,İb. B. Oğulları,False,0.6,20.0,S,tn,4.4,15,4.213333333333335,3.9,4.4,0.14996295838936,8,4.2,3.9,3.7,1.0,1.0,5.0,3.2,1.0,8.0,0.2,0.8,0.6,5.05,12.2,16.8,,79.0,1.0,0.0,5.0,0.0,1.0,2.833333333333333,20.0,80.0,-100.0,79.0,34484.0,6897.0,12.0,0.0,2.0,10.0,,,,,,5,0.2,0.8,5,0.2,0.8,2,0.5,1.0,0,0.0,,1,1.0,1.0,0,0.0,,1,0.0,0.0,0,0.0,,1,0.0,0.0,1,0.0,1.0,1,0.0,1.0,0,,,4,0.0,0.75,0,,,0,,,0,0.0,,4,0.0,0.75,0.0,,0.8090909090909091,5,0.2,0.8,0,,,0,,,0.22727272727272727,1.4816045409242156,-0.0714285714285715,0.11867088607594943,0.23734177215189867,1.0,0.5,3789.625,0.0,0.13636363636363635,0.5,2.0,0.875,0.875,0.875,0.1669934950107364,0.29256406219029274,2.0
Istanbul,2026-09-27,6,Race 6,1600.0,,"{'eventId': '3438740', 'overall': 'Good', 'rating': None, 'surface': 'Turf', '__typename': 'TrackCondition'}",Turf,,30317.0,8.0,False,5.0,4.0,54.0,,-1.0,81.0,Ottoman,2.0,Colt,b,Epaulette,Crazy Lıon,18884.0,O. F. Ozen,S. Celik,False,0.9,16.0,S,n,20.0,15,16.24,7.2,20.0,4.556723969403165,8,16.0,18.0,15.0,7.0,0.0,3.0,3.333333333333333,1.0,6.0,0.3333333333333333,0.6666666666666666,0.3333333333333333,6.333333333333333,12.2,6.0,,79.0,0.0,0.0,3.0,1.0,1.0,4.0,33.0,67.0,-100.0,79.0,18884.0,6295.0,25.0,0.0,1.0,10.0,,,,,,3,0.3333333333333333,0.6666666666666666,3,0.3333333333333333,0.6666666666666666,3,0.3333333333333333,0.6666666666666666,0,0.0,,0,0.0,,0,0.0,,2,0.5,1.0,0,0.0,,1,0.0,0.0,1,0.0,1.0,1,1.0,1.0,0,,,3,0.3333333333333333,0.6666666666666666,0,,,0,,,0,0.0,,3,0.3333333333333333,0.6666666666666666,1.0,1.0,1.0,3,0.3333333333333333,0.6666666666666666,0,,,0,,,0.05,2.995732273553991,0.125,0.788177339901478,0.061576354679802964,0.5,0.625,3789.625,-0.3208444738569328,0.045000000000000005,0.875,6.0,0.375,0.5625,0.5625,0.1669934950107364,0.039873173861793815,7.0
Istanbul,2026-09-27,6,Race 6,1600.0,,"{'eventId': '3438740', 'overall': 'Good', 'rating': None, 'surface': 'Turf', '__typename': 'TrackCondition'}",Turf,,30317.0,8.0,False,6.0,1.0,52.0,,-3.0,81.0,Pravda,2.0,Colt,b,Cooger,Best Of Angel,19060.0,E. Kadirler,K. Sengel,False,0.57,12.0,S,n,21.0,15,18.99333333333333,17.3,21.0,1.022067621159296,6,18.0,19.0,17.0,6.0,0.0,3.0,4.0,1.0,8.0,0.3333333333333333,0.6666666666666666,0.3333333333333333,4.666666666666667,12.2,32.666666666666664,,79.0,0.0,0.0,3.0,0.0,2.0,6.0,33.0,67.0,-100.0,79.0,19060.0,6353.0,8.0,0.0,1.0,10.0,,,,,,3,0.3333333333333333,0.6666666666666666,3,0.3333333333333333,0.6666666666666666,1,1.0,1.0,0,0.0,,0,0.0,,0,0.0,,2,0.5,1.0,0,0.0,,2,0.5,0.5,1,0.0,1.0,0,,,0,,,3,0.3333333333333333,0.6666666666666666,0,,,0,,,0,0.0,,3,0.3333333333333333,0.6666666666666666,0.0,,0.8090909090909091,3,0.3333333333333333,0.6666666666666666,0,,,0,,,0.047619047619047616,3.044522437723423,0.05555555555555555,0.19480519480519481,0.05265005265005266,0.125,0.75,3789.625,-0.9625334215707985,0.02714285714285714,0.375,7.0,0.25,0.5625,0.5625,0.1669934950107364,0.04226598882910033,5.0
Istanbul,2026-09-27,6,Race 6,1600.0,,"{'eventId': '3438740', 'overall': 'Good', 'rating': None, 'surface': 'Turf', '__typename': 'TrackCondition'}",Turf,,30317.0,8.0,False,7.0,5.0,51.0,,-4.0,81.0,Wolf Women,2.0,Filly,ch,Amerikalı,Lucy Tına,40631.0,B. Bulbul,A. Mantas,False,0.17,19.0,S,n,6.5,15,6.233333333333333,6.0,6.5,0.2494438257849295,7,7.5,6.0,5.5,2.0,0.0,4.0,2.75,1.0,5.0,0.25,0.75,0.5,3.2625,12.2,17.5,,79.0,0.0,0.0,4.0,0.0,1.0,-2.5,25.0,75.0,-100.0,79.0,33701.0,8425.0,0.0,0.0,5.0,10.0,,,,,,4,0.25,0.75,4,0.25,0.75,3,0.0,0.6666666666666666,0,0.0,,0,0.0,,0,0.0,,4,0.25,0.75,0,0.0,,1,1.0,1.0,1,0.0,1.0,1,0.0,1.0,0,,,4,0.25,0.75,0,,,0,,,0,0.0,,4,0.25,0.75,0.0,,0.8090909090909091,4,0.25,0.75,0,,,0,,,0.15384615384615385,1.8718021769015913,-0.2,0.08021390374331551,0.16042780748663102,0.625,0.875,3789.625,-1.2833778954277313,0.026153846153846156,0.25,3.0,0.75,0.75,0.75,0.1669934950107364,0.10551424675101695,3.0
Istanbul,2026-09-27,6,Race 6,1600.0,,"{'eventId': '3438740', 'overall': 'Good', 'rating': None, 'surface': 'Turf', '__typename': 'TrackCondition'}",Turf,,30317.0,8.0,False,8.0,6.0,53.0,,,81.0,Giant Wave,2.0,Colt,b,Torok,Doradısta,11491.0,H. Karatas,S. Ciftci,False,1.0,6.0,S,,1.65,15,1.6746666666666663,1.4,2.3,0.3165199660193474,3,1.55,1.4,1.4,4.0,0.0,1.0,2.0,2.0,2.0,0.0,1.0,1.0,5.0,12.2,0.0,,79.0,0.0,0.0,1.0,0.0,1.0,0.1666666666666667,0.0,100.0,-100.0,79.0,9759.0,9759.0,0.0,0.0,2.0,10.0,,,,,,1,0.0,1.0,1,0.0,1.0,1,0.0,1.0,0,0.0,,0,0.0,,0,0.0,,1,0.0,1.0,0,0.0,,1,0.0,1.0,0,,,0,,,0,,,1,0.0,1.0,0,,,0,,,0,0.0,,1,0.0,1.0,0.0,,0.8090909090909091,1,0.0,1.0,0,,,0,,,0.6060606060606061,0.5007752879124892,-0.09677419354838718,0.5374203821656052,0.5971337579617836,0.75,1.0,3789.625,-0.6416889477138656,0.6060606060606061,1.0,1.0,1.0,1.0,1.0,0.1669934950107364,0.38840319981650673,1.0
Churchill Downs,2026-09-28,7,Race 7 - Maiden Special Weight,1509.0,"2YO, Fillies, Maiden, Spec. Weight","{'eventId': '3437980', 'overall': None, 'rating': None, 'surface': 'Dirt', '__typename': 'TrackCondition'}",Dirt,,170796.0,9.0,False,1.0,1.0,54.0,,-2.25,65.0,She's All Kristi,2.0,Filly,gr/ro,Tapit,She'S All In,0.0,Miguel Fernandez,Donnie K. Von Hemel,False,0.01,6.0,,,46.0,9,93.87777777777778,1.9,560.0,165.285367892945,22,41.0,34.0,21.0,8.0,0.0,,4.6,2.0,,0.0,0.4,0.2,,12.2,25.8,,79.0,1.0,1.0,,0.0,,0.1666666666666667,0.0,0.0,0.0,65.0,0.0,0.0,0.0,21.0,5.0,10.0,,,,,,0,0.08,0.375,0,0.0,,0,0.0,,0,0.0,,0,0.0,,0,0.0,,0,0.0,,0,0.0,,0,0.0,,0,,,0,,,0,,,0,,,0,,,0,,,0,0.0,,0,0.0,,0.0,,0.8090909090909091,0,,,0,,,0,,,0.021739130434782608,3.828641396489095,-0.17073170731707318,5.944963901053379,0.010652148183216949,0.1111111111111111,0.1111111111111111,18977.333333333332,0.0,0.0002173913043478261,0.1111111111111111,9.0,0.1111111111111111,0.5416666666666666,0.3333333333333333,0.1361432545569202,0.03491192858743956,9.0
Churchill Downs,2026-09-28,7,Race 7 - Maiden Special Weight,1509.0,"2YO, Fillies, Maiden, Spec. Weight","{'eventId': '3437980', 'overall': None, 'rating': None, 'surface': 'Dirt', '__typename': 'TrackCondition'}",Dirt,,170796.0,9.0,False,2.0,2.0,54.0,,,66.0,Sapphire Song,2.0,Filly,b,Authentic,Our Unbridled Gem,0.0,Jaime A. Torres,Riley Mott,False,0.34,6.0,,,26.0,9,123.54444444444444,1.9,950.0,292.27242661261204,24,41.0,21.0,17.0,7.0,0.0,,4.6,2.0,,0.0,0.4,0.2,,12.2,25.8,,79.0,1.0,1.0,,0.0,,0.1666666666666667,0.0,0.0,0.0,66.0,0.0,0.0,18.0,21.0,5.0,10.0,,,,,,0,0.08,0.375,0,0.0,,0,0.0,,0,0.0,,0,0.0,,0,0.0,,0,0.0,,0,0.0,,0,0.0,,0,,,0,,,0,,,0,,,0,,,0,,,0,0.0,,0,0.0,,0.0,,0.8090909090909091,0,,,0,,,0,,,0.038461538461538464,3.258096538021482,-0.4878048780487805,7.674161345444735,0.008094253080312978,0.2222222222222222,0.2222222222222222,18977.333333333332,0.0,0.013076923076923078,0.2777777777777778,7.0,0.3333333333333333,0.5416666666666666,0.3333333333333333,0.1361432545569202,0.037971324617366485,8.0
Churchill Downs,2026-09-28,7,Race 7 - Maiden Special Weight,1509.0,"2YO, Fillies, Maiden, Spec. Weight","{'eventId': '3437980', 'overall': None, 'rating': None, 'surface': 'Dirt', '__typename': 'TrackCondition'}",Dirt,,170796.0,9.0,False,3.0,3.0,54.0,,,81.0,Foxiest,2.0,Filly,b,Gun Runner,Covfefe,123617.0,Luis Saez,Brad H. Cox,False,0.96,3.0,S,b,1.52,9,1.5788888888888888,1.5,2.1,0.1863356854022358,18,1.45,1.5,1.4,1.0,1.0,1.0,3.0,3.0,3.0,0.0,1.0,0.0,2.55,2.25,0.0,100.0,100.0,0.0,0.0,1.0,1.0,1.0,0.1666666666666667,0.0,100.0,-100.0,81.0,16008.0,16008.0,34.0,29.0,3.0,2.25,,,,,,1,0.0,1.0,1,0.0,1.0,1,0.0,1.0,0,0.0,,0,0.0,,0,0.0,,0,0.0,,0,0.0,,1,0.0,1.0,0,,,0,,,1,0.0,1.0,0,,,0,,,0,,,0,0.0,,1,0.0,1.0,1.0,0.0,1.0,1,0.0,1.0,0,,,1,0.0,1.0,0.6578947368421053,0.41871033485818504,0.03448275862068969,0.38001407459535547,0.6333567909922591,0.3333333333333333,0.3333333333333333,18977.333333333332,0.0,0.6315789473684211,0.8888888888888888,1.0,1.0,0.8571428571428571,0.8888888888888888,0.1361432545569202,0.3437367217320668,1.0
Churchill Downs,2026-09-28,7,Race 7 - Maiden Special Weight,1509.0,"2YO, Fillies, Maiden, Spec. Weight","{'eventId': '3437980', 'overall': None, 'rating': None, 'surface': 'Dirt', '__typename': 'TrackCondition'}",Dirt,,170796.0,9.0,False,4.0,4.0,54.0,,,83.0,Missy,2.0,Filly,b,Maxfield,Mattie Mae,26896.0,"Brian Joseph Hernandez, Jr.",Ian R. Wilkes,False,0.56,6.0,S,,6.5,9,116.32222222222224,1.9,1000.0,312.43050348225097,20,12.0,6.0,6.0,3.0,0.0,1.0,4.0,4.0,4.0,0.0,0.0,0.0,2.8,10.0,0.0,88.0,88.0,0.0,0.0,1.0,0.0,1.0,0.1666666666666667,0.0,0.0,-100.0,83.0,9815.0,9815.0,14.0,36.0,4.0,10.0,,,,,,1,0.0,0.0,1,0.0,0.0,1,0.0,0.0,0,0.0,,0,0.0,,0,0.0,,0,0.0,,0,0.0,,1,0.0,0.0,0,,,0,,,0,,,0,,,0,,,0,,,0,0.0,,0,0.0,,0.0,,0.8090909090909091,1,0.0,0.0,0,,,1,0.0,0.0,0.15384615384615385,1.8718021769015913,-0.5,8.580475690132772,0.008596809628426783,0.4444444444444444,0.4444444444444444,18977.333333333332,0.0,0.08615384615384616,0.5555555555555556,2.0,0.8888888888888888,0.2857142857142857,0.3333333333333333,0.1361432545569202,0.13598708960269373,3.0
Churchill Downs,2026-09-28,7,Race 7 - Maiden Special Weight,1509.0,"2YO, Fillies, Maiden, Spec. Weight","{'eventId': '3437980', 'overall': None, 'rating': None, 'surface': 'Dirt', '__typename': 'TrackCondition'}",Dirt,,170796.0,9.0,False,5.0,5.0,54.0,,,73.0,Dantini,2.0,Filly,dk b/br,Good Magic,Aunt Kat,46431.0,Axel Concepcion,William Walden,False,0.68,1.0,S,b,11.0,9,10.266666666666667,1.9,16.5,3.51536310752926,17,12.0,10.0,8.5,2.0,0.0,1.0,3.0,3.0,3.0,0.0,1.0,0.0,1.6,3.25,0.0,90.0,90.0,0.0,0.0,1.0,1.0,1.0,0.1666666666666667,0.0,100.0,-100.0,73.0,12269.0,12269.0,20.0,36.0,3.0,3.25,,,,,,1,0.0,1.0,1,0.0,1.0,1,0.0,1.0,0,0.0,,0,0.0,,0,0.0,,1,0.0,1.0,0,0.0,,1,0.0,1.0,0,,,0,,,0,,,0,,,0,,,0,,,0,0.0,,0,0.0,,1.0,0.0,1.0,1,0.0,1.0,0,,,1,0.0,1.0,0.09090909090909091,2.3978952727983707,-0.16666666666666666,1.4220779220779218,0.0974025974025974,0.5555555555555556,0.5555555555555556,18977.333333333332,0.0,0.06181818181818183,0.6666666666666666,4.0,0.6666666666666666,0.8571428571428571,0.8888888888888888,0.1361432545569202,0.08683628383978441,4.0
Churchill Downs,2026-09-28,7,Race 7 - Maiden Special Weight,1509.0,"2YO, Fillies, Maiden, Spec. Weight","{'eventId': '3437980', 'overall': None, 'rating': None, 'surface': 'Dirt', '__typename': 'TrackCondition'}",Dirt,,170796.0,9.0,False,6.0,6.0,54.0,,,67.0,My Pal Al,2.0,Filly,dk b/br,Golden Pal,Stopshoppingdebbie,24120.0,Luan Machado,Robert Medina,False,0.47,6.0,S,b,23.0,9,101.65555555555557,1.9,760.0,232.84471273128275,18,7.0,21.0,7.0,4.0,0.0,1.0,2.0,2.0,2.0,0.0,1.0,1.0,3.5,4.0,0.0,96.0,96.0,0.0,0.0,1.0,1.0,1.0,0.1666666666666667,0.0,100.0,-100.0,67.0,12163.0,12163.0,0.0,34.0,2.0,4.0,,,,,,1,0.0,1.0,1,0.0,1.0,1,0.0,1.0,0,0.0,,0,0.0,,0,0.0,,0,0.0,,0,0.0,,1,0.0,1.0,0,,,0,,,1,0.0,1.0,0,,,0,,,0,,,0,0.0,,1,0.0,1.0,1.0,0.0,1.0,1,0.0,1.0,0,,,1,0.0,1.0,0.043478260869565216,3.1354942159291497,2.0,7.457536342769701,0.009837140671111596,0.6666666666666666,0.6666666666666666,18977.333333333332,0.0,0.02043478260869565,0.4444444444444444,6.0,0.4444444444444444,0.8571428571428571,0.8888888888888888,0.1361432545569202,0.05290883453162669,6.0
Churchill Downs,2026-09-28,7,Race 7 - Maiden Special Weight,1509.0,"2YO, Fillies, Maiden, Spec. Weight","{'eventId': '3437980', 'overall': None, 'rating': None, 'surface': 'Dirt', '__typename': 'TrackCondition'}",Dirt,,170796.0,9.0,False,7.0,7.0,54.0,,,70.0,Texas Dandelion,2.0,Filly,ch,Halladay,Cool Talking,45427.0,Jose L. Ortiz,Joe Sharp,False,1.0,1.0,S,(D/A),13.0,9,120.8777777777778,1.9,1000.0,310.83376685502486,9,8.5,12.0,8.5,9.0,0.0,3.0,4.333333333333333,2.0,8.0,0.0,0.6666666666666666,0.3333333333333333,7.5,10.416666666666666,16.666666666666668,76.66666666666667,73.0,2.0,0.0,3.0,0.0,1.0,-2.0,0.0,67.0,-100.0,70.0,45427.0,15142.0,20.0,64.0,8.0,13.0,,,,,,3,0.0,0.6666666666666666,3,0.0,0.6666666666666666,0,0.0,,0,0.0,,2,0.0,1.0,0,0.0,,0,0.0,,0,0.0,,1,0.0,1.0,1,0.0,1.0,1,0.0,0.0,1,0.0,0.0,0,,,0,,,0,,,0,0.0,,1,0.0,0.0,0.0,,0.8090909090909091,3,0.0,0.6666666666666666,0,,,3,0.0,0.6666666666666666,0.07692307692307693,2.5649493574615367,0.4117647058823529,8.25710083647394,0.008272819192940527,0.7777777777777778,0.7777777777777778,18977.333333333332,0.0,0.07692307692307693,1.0,5.0,0.5555555555555556,0.5714285714285714,0.6666666666666666,0.1361432545569202,0.07848683215685677,5.0
Churchill Downs,2026-09-28,7,Race 7 - Maiden Special Weight,1509.0,"2YO, Fillies, Maiden, Spec. Weight","{'eventId': '3437980', 'overall': None, 'rating': None, 'surface': 'Dirt', '__typename': 'TrackCondition'}",Dirt,,170796.0,9.0,False,8.0,8.0,54.0,,,82.0,Special Liberty,2.0,Filly,ch,Midshipman,Takingtimeoff,4055.0,Tyler Gaffalione,Brendan P. Walsh,False,0.74,2.0,S,b,8.5,9,6.922222222222222,1.9,8.5,1.8503920171909387,21,11.0,7.5,7.0,5.0,0.0,1.0,5.0,5.0,5.0,0.0,0.0,0.0,3.3,2.75,0.0,100.0,100.0,0.0,0.0,1.0,1.0,1.0,0.1666666666666667,0.0,0.0,-100.0,82.0,4055.0,4055.0,21.0,36.0,5.0,2.75,,,,,,1,0.0,0.0,1,0.0,0.0,1,0.0,0.0,0,0.0,,0,0.0,,0,0.0,,0,0.0,,0,0.0,,1,0.0,0.0,0,,,0,,,0,,,0,,,0,,,0,,,0,0.0,,0,0.0,,1.0,0.0,0.0,1,0.0,0.0,0,,,1,0.0,0.0,0.11764705882352941,2.1400661634962708,-0.3181818181818182,0.9534510433386838,0.14446227929373998,0.8888888888888888,0.8888888888888888,18977.333333333332,0.0,0.08705882352941176,0.7777777777777778,3.0,0.7777777777777778,0.2857142857142857,0.3333333333333333,0.1361432545569202,0.18438135027678915,2.0
Churchill Downs,2026-09-28,7,Race 7 - Maiden Special Weight,1509.0,"2YO, Fillies, Maiden, Spec. Weight","{'eventId': '3437980', 'overall': None, 'rating': None, 'surface': 'Dirt', '__typename': 'TrackCondition'}",Dirt,,170796.0,9.0,False,9.0,9.0,54.0,,,50.0,Tajin Time,2.0,Filly,dk b/br,Not This Time,Allende,1073.0,Gerardo Corrales,Dale L. Romans,False,0.34,6.0,S,o,41.0,9,140.8777777777778,1.9,1000.0,303.9694201643674,15,21.0,34.0,21.0,6.0,0.0,1.0,11.0,11.0,11.0,0.0,0.0,0.0,17.55,17.0,0.0,88.0,88.0,0.0,0.0,1.0,0.0,1.0,0.1666666666666667,0.0,0.0,-100.0,50.0,1073.0,1073.0,5.0,36.0,11.0,17.0,,,,,,1,0.0,0.0,1,0.0,0.0,1,0.0,0.0,0,0.0,,0,0.0,,0,0.0,,0,0.0,,0,0.0,,1,0.0,0.0,0,,,0,,,0,,,0,,,0,,,0,,,0,0.0,,0,0.0,,0.0,,0.8090909090909091,1,0.0,0.0,0,,,1,0.0,0.0,0.024390243902439025,3.713572066704308,0.6190476190476191,7.084864736966637,0.0070983516050161675,1.0,1.0,18977.333333333332,0.0,0.008292682926829269,0.2777777777777778,8.0,0.2222222222222222,0.2857142857142857,0.3333333333333333,0.1361432545569202,0.04477963465537641,7.0
Gulfstream,2026-09-28,7,Race 7 - Starter Optional Claiming,1609.0,"3YO+, Claiming","{'eventId': '3438938', 'overall': None, 'rating': None, 'surface': 'Turf', '__typename': 'TrackCondition'}",Turf,,46969.0,7.0,False,1.0,1.0,55.0,,,106.0,Gold Foot,5.0,Gelding,b,Goldencents,Tiz Ladys Legs,303404.0,Micah J. Husbands,Sam Wilensky,False,0.62,4.0,S,dbn,2.85,12,3.0125,2.7,5.1,0.6506807332837408,13,1.01,2.7,1.01,7.0,0.0,5.0,3.4,2.0,6.0,0.0,0.6,0.6,2.32,5.366,30.8,95.8,98.0,2.0,2.0,0.0,1.0,0.0,2.333333333333333,14.0,45.0,21.0,106.0,303404.0,10462.0,0.0,29.0,2.0,3.0,,,,,,29,0.1379310344827586,0.4482758620689655,13,0.0,0.5384615384615384,2,0.0,1.0,15,0.0666666666666666,0.6,2,0.0,0.5,0,0.0,,19,0.2105263157894736,0.4210526315789473,0,0.0,,3,0.0,0.3333333333333333,3,0.3333333333333333,0.3333333333333333,3,0.0,0.0,5,0.0,0.4,13,0.3076923076923077,0.3846153846153846,0,,,0,,,0,0.0,,18,0.2222222222222222,0.3888888888888889,3.0,0.0,0.6666666666666666,29,0.1379310344827586,0.4482758620689655,0,,,1,0.0,0.0,0.3508771929824561,1.0473189942805592,1.6732673267326734,0.7966804979253109,0.33195020746887965,0.14285714285714285,0.14285714285714285,6709.857142857143,-0.5400617233117657,0.2175438596491228,0.7142857142857143,2.0,0.875,0.5,0.5,0.2726658785660487,0.19569960930398128,2.0
Gulfstream,2026-09-28,7,Race 7 - Starter Optional Claiming,1609.0,"3YO+, Claiming","{'eventId': '3438938', 'overall': None, 'rating': None, 'surface': 'Turf', '__typename': 'TrackCondition'}",Turf,,46969.0,7.0,False,2.0,2.0,55.75,,-3.25,105.0,Quizler,4.0,Gelding,dk b/br,Curlin's Honor,Imperial Code,318371.0,Pedro Pena,Beau Chapman,False,1.0,16.0,S,tcdn,4.0,12,4.145833333333333,3.3,8.0,1.1742831737797412,12,1.01,3.75,1.01,3.0,0.0,5.0,4.2,1.0,7.0,0.2,0.4,0.4,3.1100000000000003,5.715999999999999,28.6,98.4,106.0,5.0,2.0,0.0,1.0,0.0,4.5,23.0,55.0,6.0,105.0,313674.0,14258.0,16.0,41.0,1.0,1.83,,,,,,22,0.2272727272727272,0.5454545454545454,10,0.3,0.4,2,0.5,1.0,7,0.4285714285714285,0.8571428571428571,18,0.2777777777777778,0.5555555555555556,4,0.75,1.0,16,0.3125,0.625,0,0.0,,1,0.0,1.0,1,0.0,0.0,1,0.0,0.0,9,0.2222222222222222,0.4444444444444444,8,0.25,0.75,0,,,0,,,0,0.0,,17,0.2352941176470588,0.5882352941176471,5.0,0.8,0.8,22,0.2272727272727272,0.5454545454545454,0,,,1,0.0,0.0,0.25,1.3862943611198906,2.712871287128713,1.133668341708543,0.2412060301507538,0.2857142857142857,0.2857142857142857,6709.857142857143,1.6201851699352974,0.25,1.0,4.0,0.625,0.21428571428571427,0.625,0.2726658785660487,0.18963288913972567,3.0
Gulfstream,2026-09-28,7,Race 7 - Starter Optional Claiming,1609.0,"3YO+, Claiming","{'eventId': '3438938', 'overall': None, 'rating': None, 'surface': 'Turf', '__typename': 'TrackCondition'}",Turf,,46969.0,7.0,False,4.0,4.0,55.0,,,96.0,Brigade Commander,6.0,Gelding,b,Hard Spun,Inspeight Of Us,493710.0,Diego A. Herrera,Bobby S. Dibona,False,0.69,8.0,S,tcdn,3.25,12,86.70833333333336,3.0,1000.0,275.3721669799296,5,1.01,3.0,1.01,2.0,0.0,5.0,2.6,1.0,4.0,0.2,0.8,0.4,2.6300000000000003,5.061999999999999,42.2,94.0,92.0,5.0,1.0,1.0,2.0,0.0,-0.6666666666666665,10.0,60.0,-56.0,96.0,484316.0,16144.0,50.0,41.0,2.0,6.5,,,,,,30,0.1,0.6,9,0.1111111111111111,0.5555555555555556,1,0.0,1.0,9,0.1111111111111111,0.2222222222222222,9,0.1111111111111111,0.5555555555555556,3,0.3333333333333333,0.3333333333333333,15,0.1333333333333333,0.7333333333333333,0,0.0,,5,0.0,0.6,4,0.0,0.25,4,0.25,0.75,15,0.0666666666666666,0.4,10,0.2,0.9,0,,,0,,,0,0.0,,25,0.12,0.6,5.0,0.2,0.6,30,0.1,0.6,0,,,5,0.0,0.4,0.3076923076923077,1.1786549963416462,1.9702970297029703,11.498318116290243,0.011532916866890914,0.5714285714285714,0.5714285714285714,6709.857142857143,-0.5400617233117657,0.2123076923076923,0.8571428571428571,3.0,0.75,0.8571428571428571,0.75,0.2726658785660487,0.2715829297462829,1.0
Gulfstream,2026-09-28,7,Race 7 - Starter Optional Claiming,1609.0,"3YO+, Claiming","{'eventId': '3438938', 'overall': None, 'rating': None, 'surface': 'Turf', '__typename': 'TrackCondition'}",Turf,,46969.0,7.0,False,5.0,5.0,55.0,,,89.0,War Warrior,8.0,Gelding,CHESTNUT,War Of Will,Fancy Day,318898.0,Leonel Reyes,Michael S. Morrison,False,0.01,6.0,S,tsn,11.0,12,92.325,4.9,1000.0,273.67866536323214,9,1.01,10.0,1.01,1.0,1.0,5.0,1.8,1.0,4.0,0.6,0.8,0.8,0.6875,4.616,85.4,82.4,85.0,5.0,0.0,0.0,3.0,2.0,0.5,12.0,32.0,-20.0,89.0,289306.0,3963.0,0.0,16.0,2.0,11.0,2.08,0.57,0.51,0.46,0.85,73,0.1232876712328767,0.3150684931506849,5,0.6,0.8,2,0.5,1.0,0,0.0,,12,0.3333333333333333,0.6666666666666666,0,0.0,,57,0.087719298245614,0.2807017543859649,31,0.064516129032258,0.2580645161290322,7,0.1428571428571428,0.4285714285714285,4,0.25,0.5,3,0.6666666666666666,0.6666666666666666,10,0.3,0.5,18,0.0555555555555555,0.1666666666666666,8,0.125,0.5,0,,,8,0.125,0.5,28,0.1428571428571428,0.2857142857142857,9.0,0.5555555555555556,0.7777777777777778,73,0.1232876712328767,0.3150684931506849,0,,,0,,,0.09090909090909091,2.3978952727983707,8.900990099009901,10.778229082047115,0.01083130246412131,0.7142857142857143,0.7142857142857143,6709.857142857143,-0.5400617233117657,0.0009090909090909091,0.14285714285714285,5.5,0.4375,0.8571428571428571,0.125,0.2726658785660487,0.07384030276595122,6.0
Gulfstream,2026-09-28,7,Race 7 - Starter Optional Claiming,1609.0,"3YO+, Claiming","{'eventId': '3438938', 'overall': None, 'rating': None, 'surface': 'Turf', '__typename': 'TrackCondition'}",Turf,,46969.0,7.0,False,6.0,6.0,55.0,,,96.0,Navy Cross,6.0,Gelding,b,Uncle Mo,Coco'S Wildcat,238626.0,Edgar Perez,Georgina Baxter,False,0.38,19.0,S,tdn,11.0,12,92.35833333333332,3.3,1000.0,273.67181519213034,13,1.01,10.0,1.01,5.0,0.0,5.0,2.4,1.0,5.0,0.4,0.8,0.6,1.6,7.108,29.6,95.2,92.0,5.0,1.0,1.0,2.0,1.0,2.333333333333333,26.0,62.0,19.0,96.0,238626.0,7018.0,33.0,34.0,1.0,2.63,,,,,,34,0.2647058823529412,0.6176470588235294,11,0.2727272727272727,0.5454545454545454,2,1.0,1.0,8,0.375,0.875,21,0.2857142857142857,0.5714285714285714,1,0.0,1.0,1,0.0,1.0,0,0.0,,5,0.2,0.4,5,0.0,0.6,5,0.2,0.4,28,0.2857142857142857,0.6071428571428571,1,0.0,1.0,0,,,0,,,0,0.0,,29,0.2758620689655172,0.6206896551724138,11.0,0.4545454545454545,0.8181818181818182,34,0.2647058823529412,0.6176470588235294,0,,,5,0.2,0.6,0.09090909090909091,2.3978952727983707,8.900990099009901,10.791662907155104,0.010827393305061809,0.8571428571428571,0.8571428571428571,6709.857142857143,-0.5400617233117657,0.034545454545454546,0.42857142857142855,5.5,0.4375,0.8571428571428571,0.875,0.2726658785660487,0.12892164710401685,4.0
Gulfstream,2026-09-28,7,Race 7 - Starter Optional Claiming,1609.0,"3YO+, Claiming","{'eventId': '3438938', 'overall': None, 'rating': None, 'surface': 'Turf', '__typename': 'TrackCondition'}",Turf,,46969.0,7.0,False,7.0,7.0,55.0,,-4.5,97.0,Alinao Forever,4.0,Gelding,dk b/br,Yoshida,Caribbean Sea,118027.0,Jonathan Santos,Dante Zanelli,False,0.6,12.0,S,tn,34.0,12,108.83333333333331,15.0,1000.0,268.7439405001637,8,1.01,26.0,1.01,6.0,0.0,5.0,3.0,1.0,6.0,0.4,0.6,0.4,1.7,3.132,103.8,87.0,84.0,5.0,0.0,2.0,3.0,3.0,1.6666666666666663,30.0,40.0,215.0,97.0,118027.0,11803.0,0.0,15.0,1.0,7.0,,,,,,10,0.3,0.4,4,0.5,0.75,1,1.0,1.0,1,0.0,0.0,10,0.3,0.4,1,0.0,0.0,1,0.0,0.0,0,0.0,,5,0.6,0.6,3,0.0,0.0,2,0.0,0.5,6,0.1666666666666666,0.3333333333333333,2,0.5,0.5,0,,,0,,,0,0.0,,8,0.25,0.375,3.0,0.0,0.3333333333333333,10,0.3,0.4,0,,,3,0.3333333333333333,0.3333333333333333,0.029411764705882353,3.5263605246161616,24.74257425742574,9.050535987748853,0.009188361408882083,1.0,1.0,6709.857142857143,-0.5400617233117657,0.01764705882352941,0.5714285714285714,8.0,0.125,0.5,0.25,0.2726658785660487,0.06456078242722127,7.0
Gulfstream,2026-09-28,7,Race 7 - Starter Optional Claiming,1609.0,"3YO+, Claiming","{'eventId': '3438938', 'overall': None, 'rating': None, 'surface': 'Turf', '__typename': 'TrackCondition'}",Turf,,46969.0,7.0,False,8.0,8.0,55.0,,,85.0,Shinigami,4.0,Gelding,dk b/br,Prime Attraction,Documented,214582.0,Jose E. Morelos,Steve Klesaris,False,0.02,1.0,S,ton,14.0,12,94.44166666666666,3.3,1000.0,273.0500792233705,6,1.01,12.0,1.01,4.0,0.0,5.0,4.2,1.0,10.0,0.2,0.4,0.4,8.16,10.3,48.8,85.6,92.0,4.0,2.0,0.0,0.0,1.0,-2.1666666666666665,21.0,42.0,-13.0,85.0,211294.0,11121.0,11.0,45.0,10.0,21.0,,,,,,19,0.2105263157894736,0.4210526315789473,9,0.4444444444444444,0.5555555555555556,1,0.0,0.0,4,0.0,0.25,4,0.25,0.5,1,0.0,0.0,2,0.0,0.0,0,0.0,,4,0.25,0.25,4,0.25,0.25,3,0.0,0.6666666666666666,12,0.25,0.5,2,0.0,0.0,0,,,0,,,0,0.0,,14,0.2142857142857142,0.4285714285714285,6.0,0.3333333333333333,0.6666666666666666,19,0.2105263157894736,0.4210526315789473,0,,,0,,,0.07142857142857142,2.6390573296152584,10.881188118811881,10.553604517779936,0.01058854672196241,1.1428571428571428,1.1428571428571428,6709.857142857143,-0.5400617233117657,0.0014285714285714286,0.2857142857142857,7.0,0.25,0.21428571428571427,0.375,0.2726658785660487,0.07576183951282076,5.0
Churchill Downs,2026-09-28,8,Race 8 - Allowance,1106.0,"3YO+, Fillies & Mares, Allowance","{'eventId': '3437981', 'overall': None, 'rating': None, 'surface': 'Turf', '__typename': 'TrackCondition'}",Turf,,180759.0,12.0,False,1.0,1.0,55.0,,,96.0,Mechaya,4.0,Filly,gr/ro,Liam's Map,Malibu Rainbow,365801.0,Francisco Arrieta,James P. Divito,False,0.29,4.0,S,bn,7.0,9,6.30111111111111,1.51,9.2,1.9027491482031085,18,6.5,6.0,6.0,3.0,0.0,5.0,4.6,2.0,9.0,0.0,0.4,0.4,5.74,4.242,96.6,96.8,99.0,1.0,1.0,2.0,4.0,2.0,-0.666666666666667,11.0,44.0,-100.0,96.0,347724.0,38636.0,13.0,22.0,4.0,2.88,,,,,,9,0.1111111111111111,0.4444444444444444,3,0.0,0.3333333333333333,2,0.0,0.0,2,0.0,1.0,3,0.0,0.3333333333333333,1,0.0,1.0,8,0.125,0.5,0,0.0,,4,0.25,1.0,3,0.0,0.0,2,0.0,0.0,3,0.0,0.3333333333333333,4,0.25,0.5,0,,,0,,,0,0.0,,7,0.1428571428571428,0.4285714285714285,4.0,0.0,0.5,9,0.1111111111111111,0.4444444444444444,0,,,2,0.0,0.5,0.14285714285714285,1.9459101490553132,-0.07692307692307693,1.2204196790689474,0.15870216892964206,0.08333333333333333,0.08333333333333333,15063.25,0.9211323716709471,0.041428571428571426,0.5,4.0,0.8,0.2916666666666667,0.4,0.1148978611170262,0.04860979300320666,7.0
Churchill Downs,2026-09-28,8,Race 8 - Allowance,1106.0,"3YO+, Fillies & Mares, Allowance","{'eventId': '3437981', 'overall': None, 'rating': None, 'surface': 'Turf', '__typename': 'TrackCondition'}",Turf,,180759.0,12.0,False,2.0,2.0,53.5,,,96.0,Sweet Sissone,3.0,Filly,dk b/br,Twirling Candy,Amazing Shoes,127759.0,Tyler Gaffalione,Gregory D. Foley,False,0.6,6.0,S,tcdn,9.0,9,8.223333333333334,1.51,12.0,2.6017344642031057,16,12.0,8.5,8.5,10.0,0.0,4.0,4.25,1.0,7.0,0.25,0.25,0.25,2.8,8.875,50.25,92.0,96.0,1.0,4.0,0.0,0.0,2.0,-0.5,25.0,25.0,150.0,96.0,127759.0,31940.0,22.0,51.0,5.0,9.0,,,,,,4,0.25,0.25,4,0.25,0.25,1,0.0,0.0,4,0.25,0.25,1,1.0,1.0,1,1.0,1.0,4,0.25,0.25,0,0.0,,2,0.5,0.5,1,0.0,0.0,1,0.0,0.0,0,,,0,,,0,,,0,,,0,0.0,,0,0.0,,0.0,,0.8090909090909091,4,0.25,0.25,0,,,0,,,0.1111111111111111,2.1972245773362196,-0.2916666666666667,1.275638427239562,0.12160518848804214,0.16666666666666666,0.16666666666666666,15063.25,-1.1514154645886912,0.06666666666666667,0.8333333333333334,5.5,0.7,0.125,0.16666666666666666,0.1148978611170262,0.11068075523720522,3.0
Churchill Downs,2026-09-28,8,Race 8 - Allowance,1106.0,"3YO+, Fillies & Mares, Allowance","{'eventId': '3437981', 'overall': None, 'rating': None, 'surface': 'Turf', '__typename': 'TrackCondition'}",Turf,,180759.0,12.0,False,3.0,3.0,53.5,,,103.0,Cactus Cairo,3.0,Filly,gr/ro,Cairo Prince,Cactus Kris,98394.0,Danny Sheehy,Ryan D. Walsh,False,0.41,6.0,S,bn,16.0,9,15.11111111111111,2.0,26.0,5.704665623552638,20,15.0,15.0,10.0,6.0,0.0,2.0,1.5,1.0,2.0,0.5,1.0,1.0,0.75,11.335,82.0,103.5,118.0,0.0,0.0,0.0,1.0,2.0,0.1666666666666667,50.0,100.0,950.0,103.0,98394.0,49197.0,0.0,26.0,2.0,1.67,,,,,,2,0.5,1.0,2,0.5,1.0,1,0.0,1.0,0,0.0,,0,0.0,,0,0.0,,0,0.0,,0,0.0,,2,0.5,1.0,0,,,0,,,0,,,0,,,0,,,0,,,0,0.0,,0,0.0,,1.0,0.0,1.0,2,0.5,1.0,0,,,0,,,0.0625,2.772588722239781,0.0,1.5882352941176472,0.0661764705882353,0.25,0.25,15063.25,-1.1514154645886912,0.025625,0.6666666666666666,10.0,0.4,0.9583333333333334,0.9666666666666667,0.1148978611170262,0.045778006365799206,9.0
Churchill Downs,2026-09-28,8,Race 8 - Allowance,1106.0,"3YO+, Fillies & Mares, Allowance","{'eventId': '3437981', 'overall': None, 'rating': None, 'surface': 'Turf', '__typename': 'TrackCondition'}",Turf,,180759.0,12.0,False,4.0,4.0,54.5,,,93.0,Balright,3.0,Filly,ch,Omaha Beach,Clara Allen,88339.0,Rafael Bejarano,"Jerry Dixon, Jr.",False,0.35,2.0,S,dn,21.0,9,21.834444444444443,1.51,60.0,14.623396102829428,20,9.0,17.0,8.5,5.0,0.0,1.0,1.0,1.0,1.0,1.0,1.0,1.0,0.0,26.0,0.0,86.0,86.0,0.0,1.0,0.0,0.0,1.0,0.1666666666666667,100.0,100.0,2500.0,93.0,88339.0,88339.0,25.0,36.0,1.0,26.0,,,,,,1,1.0,1.0,1,1.0,1.0,1,1.0,1.0,1,1.0,1.0,0,0.0,,0,0.0,,1,1.0,1.0,0,0.0,,1,1.0,1.0,0,,,0,,,0,,,0,,,0,,,0,,,0,0.0,,0,0.0,,0.0,,0.8090909090909091,1,1.0,1.0,0,,,0,,,0.047619047619047616,3.044522437723423,0.8888888888888888,2.6787949722660427,0.045799195969670754,0.3333333333333333,0.3333333333333333,15063.25,0.23028309291773433,0.016666666666666663,0.5833333333333334,11.5,0.3,0.9583333333333334,0.9666666666666667,0.1148978611170262,0.08373470008728147,4.0
Churchill Downs,2026-09-28,8,Race 8 - Allowance,1106.0,"3YO+, Fillies & Mares, Allowance","{'eventId': '3437981', 'overall': None, 'rating': None, 'surface': 'Turf', '__typename': 'TrackCondition'}",Turf,,180759.0,12.0,False,5.0,5.0,55.0,,,100.0,Shirley Ann,4.0,Filly,b,Outwork,Hey Paige,145935.0,Joseph C. Bealmear,Clarke Vesty,False,0.14,3.0,S,bn,11.0,9,11.0,9.0,17.0,2.48327740429189,23,6.0,9.0,5.5,2.0,0.0,5.0,3.4,1.0,6.0,0.2,0.6,0.4,2.14,12.3925,147.2,85.4,95.0,1.0,1.0,0.0,1.0,1.0,-1.0,14.0,71.0,-57.0,100.0,109781.0,15683.0,0.0,27.0,2.0,1.57,,,,,,7,0.1428571428571428,0.7142857142857143,3,0.0,0.6666666666666666,2,0.0,0.5,2,0.0,0.5,1,0.0,0.0,0,0.0,,4,0.25,0.75,0,0.0,,2,0.0,1.0,2,0.0,0.5,2,0.0,0.5,4,0.0,0.75,1,1.0,1.0,0,,,0,,,0,0.0,,5,0.2,0.8,1.0,0.0,1.0,7,0.1428571428571428,0.7142857142857143,0,,,0,,,0.09090909090909091,2.3978952727983707,0.5,0.7272727272727273,0.09090909090909091,0.4166666666666667,0.4166666666666667,15063.25,0.9211323716709471,0.01272727272727273,0.4166666666666667,7.0,0.6,0.5416666666666666,0.8,0.1148978611170262,0.05060134905465113,6.0
Churchill Downs,2026-09-28,8,Race 8 - Allowance,1106.0,"3YO+, Fillies & Mares, Allowance","{'eventId': '3437981', 'overall': None, 'rating': None, 'surface': 'Turf', '__typename': 'TrackCondition'}",Turf,,180759.0,12.0,False,6.0,6.0,53.5,,,103.0,Beach Heist,3.0,Filly,ch,Omaha Beach,Pearl Heist,335126.0,Axel Concepcion,William Walden,False,1.0,21.0,S,dn,3.9,9,114.4777777777778,3.7,1000.0,313.0793954247168,25,5.5,3.7,3.0,1.0,1.0,5.0,3.0,1.0,7.0,0.2,0.8,0.6,1.75,4.366,59.0,100.8,102.0,1.0,3.0,0.0,1.0,2.0,-2.5,20.0,80.0,30.0,103.0,221240.0,44248.0,20.0,50.0,7.0,5.5,,,,,,5,0.2,0.8,5,0.2,0.8,1,0.0,0.0,3,0.3333333333333333,1.0,1,0.0,1.0,1,0.0,1.0,4,0.25,1.0,0,0.0,,2,0.5,1.0,2,0.0,1.0,1,0.0,0.0,3,0.3333333333333333,0.6666666666666666,0,,,0,,,0,,,0,0.0,,3,0.3333333333333333,0.6666666666666666,1.0,0.0,1.0,5,0.2,0.8,0,,,0,,,0.25641025641025644,1.3609765531356006,-0.3272727272727272,8.702999126468017,0.008735319809764145,0.5,0.5,15063.25,-1.1514154645886912,0.25641025641025644,1.0,3.0,0.8666666666666667,0.7916666666666666,0.8666666666666667,0.1148978611170262,0.19306415083066514,2.0
Churchill Downs,2026-09-28,8,Race 8 - Allowance,1106.0,"3YO+, Fillies & Mares, Allowance","{'eventId': '3437981', 'overall': None, 'rating': None, 'surface': 'Turf', '__typename': 'TrackCondition'}",Turf,,180759.0,12.0,False,7.0,7.0,53.5,,,90.0,Mackinac,3.0,Filly,b,Twirling Candy,Violencia,333181.0,Luis Saez,George R. Arnold Ii,False,0.7,14.0,S,n,3.0,9,2.957777777777778,2.02,3.8,0.4248340271415226,36,4.0,2.8,2.5,9.0,0.0,5.0,4.4,1.0,10.0,0.2,0.6,0.6,5.13,7.781999999999999,79.2,88.5,87.0,1.0,1.0,1.0,1.0,2.0,-0.1666666666666669,20.0,60.0,-62.0,90.0,333181.0,66636.0,25.0,28.0,2.0,5.0,,,,,,5,0.2,0.6,3,0.0,0.3333333333333333,1,0.0,1.0,1,0.0,1.0,1,0.0,0.0,0,0.0,,4,0.25,0.75,0,0.0,,2,0.0,1.0,1,1.0,1.0,1,0.0,0.0,2,0.5,1.0,0,,,0,,,0,,,0,0.0,,2,0.5,1.0,1.0,1.0,1.0,5,0.2,0.6,0,,,1,1.0,1.0,0.3333333333333333,1.0986122886681098,-0.30000000000000004,0.6018031555221637,0.33809166040571,0.5833333333333334,0.5833333333333334,15063.25,-1.1514154645886912,0.2333333333333333,0.9166666666666666,1.0,1.0,0.5416666666666666,0.7333333333333333,0.1148978611170262,0.2325185132159202,1.0
Churchill Downs,2026-09-28,8,Race 8 - Allowance,1106.0,"3YO+, Fillies & Mares, Allowance","{'eventId': '3437981', 'overall': None, 'rating': None, 'surface': 'Turf', '__typename': 'TrackCondition'}",Turf,,180759.0,12.0,False,8.0,8.0,53.5,,,80.0,Mystic Realm,3.0,Filly,b,Mendelssohn,Magic Humor,19065.0,Adam Beschizza,Edward Vaughan,False,0.01,6.0,S,,31.0,9,25.834444444444443,1.51,44.0,10.26598169913202,21,34.0,26.0,20.0,7.0,0.0,4.0,4.25,1.0,6.0,0.25,0.25,0.25,4.1125,13.1,82.5,79.0,76.0,0.0,1.0,0.0,1.0,2.0,1.5,25.0,25.0,-65.0,80.0,19065.0,4766.0,3.0,69.0,6.0,34.0,,,,,,4,0.25,0.25,3,0.3333333333333333,0.3333333333333333,0,0.0,,1,0.0,0.0,0,0.0,,0,0.0,,2,0.0,0.0,0,0.0,,2,0.5,0.5,2,0.0,0.0,0,,,1,0.0,0.0,1,1.0,1.0,0,,,0,,,0,0.0,,2,0.5,0.5,1.0,1.0,1.0,4,0.25,0.25,0,,,0,,,0.03225806451612903,3.4339872044851463,-0.23529411764705882,1.6447034536148983,0.03870801255859963,0.6666666666666666,0.6666666666666666,15063.25,-1.1514154645886912,0.0003225806451612903,0.08333333333333333,13.0,0.2,0.125,0.16666666666666666,0.1148978611170262,0.03567925485968656,11.0
Churchill Downs,2026-09-28,8,Race 8 - Allowance,1106.0,"3YO+, Fillies & Mares, Allowance","{'eventId': '3437981', 'overall': None, 'rating': None, 'surface': 'Turf', '__typename': 'TrackCondition'}",Turf,,180759.0,12.0,False,9.0,9.0,55.0,,,95.0,Moonlight Dash,4.0,Filly,b,Maclean's Music,Moon Dash,222743.0,Yedsit Hazlewood,Philip A. Bauer,False,0.48,1.0,S,tn,13.0,9,13.588888888888889,1.3,32.0,7.429437610605296,9,9.0,12.0,8.5,4.0,0.0,5.0,3.2,2.0,5.0,0.0,0.6,0.4,4.57,3.8819999999999992,61.6,93.6,93.0,2.0,0.0,1.0,2.0,1.0,-0.5,14.0,57.0,-14.0,95.0,210089.0,30013.0,100.0,14.0,4.0,6.0,,,,,,7,0.1428571428571428,0.5714285714285714,6,0.1666666666666666,0.6666666666666666,2,0.0,0.5,0,0.0,,4,0.25,0.5,0,0.0,,1,0.0,0.0,0,0.0,,3,0.3333333333333333,0.6666666666666666,2,0.0,0.5,1,0.0,1.0,0,,,1,0.0,0.0,0,,,0,,,0,0.0,,1,0.0,0.0,2.0,0.0,0.5,7,0.1428571428571428,0.5714285714285714,0,,,1,0.0,1.0,0.07692307692307693,2.5649493574615367,0.3333333333333333,2.259198691741619,0.07358953393295176,0.75,0.75,15063.25,0.9211323716709471,0.036923076923076927,0.75,8.5,0.5,0.5416666666666666,0.6333333333333333,0.1148978611170262,0.07665260053439146,5.0
Churchill Downs,2026-09-28,8,Race 8 - Allowance,1106.0,"3YO+, Fillies & Mares, Allowance","{'eventId': '3437981', 'overall': None, 'rating': None, 'surface': 'Turf', '__typename': 'TrackCondition'}",Turf,,180759.0,12.0,False,10.0,10.0,55.0,,,89.0,Dashin' Diva,4.0,Filly,dk b/br,Caracaro,Giants Diva,187641.0,Gerardo Corrales,Lonnie Briley,False,0.11,3.0,S,on,35.0,9,35.13333333333333,1.2,75.0,17.471500603363562,8,19.0,34.0,18.0,8.0,0.0,5.0,5.0,1.0,11.0,0.2,0.4,0.2,3.75,12.9,75.4,85.6,90.0,0.0,2.0,0.0,0.0,2.0,-3.333333333333333,11.0,22.0,89.0,89.0,187641.0,20849.0,0.0,28.0,11.0,11.0,,,,,,9,0.1111111111111111,0.2222222222222222,4,0.0,0.25,1,0.0,0.0,3,0.0,0.3333333333333333,2,0.0,0.0,0,0.0,,6,0.1666666666666666,0.3333333333333333,0,0.0,,3,0.0,0.0,2,0.0,0.5,1,0.0,0.0,4,0.25,0.25,1,0.0,0.0,0,,,0,,,0,0.0,,5,0.2,0.2,0.0,,0.8090909090909091,9,0.1111111111111111,0.2222222222222222,0,,,0,,,0.02857142857142857,3.5553480614894135,0.7894736842105263,2.1005692599620494,0.028462998102466795,0.8333333333333334,0.8333333333333334,15063.25,0.9211323716709471,0.003142857142857143,0.2916666666666667,14.0,0.13333333333333333,0.2916666666666667,0.06666666666666667,0.1148978611170262,0.03267548259221139,12.0
Churchill Downs,2026-09-28,8,Race 8 - Allowance,1106.0,"3YO+, Fillies & Mares, Allowance","{'eventId': '3437981', 'overall': None, 'rating': None, 'surface': 'Turf', '__typename': 'TrackCondition'}",Turf,,180759.0,12.0,False,11.0,11.0,55.0,,,94.0,Debt Free,4.0,Filly,dk b/br,Not This Time,Break Even,153050.0,"Brian Joseph Hernandez, Jr.",Conor Murphy,False,0.11,3.0,S,dbn,21.0,9,19.612222222222226,1.51,42.0,9.68117735927446,9,8.0,17.0,8.0,12.0,0.0,5.0,3.2,1.0,5.0,0.2,0.6,0.4,2.79,4.666,50.2,91.8,98.0,2.0,4.0,1.0,2.0,2.0,-0.5,14.0,43.0,-61.0,94.0,153050.0,21864.0,4.0,287.0,2.0,3.25,,,,,,7,0.1428571428571428,0.4285714285714285,1,0.0,1.0,0,0.0,,4,0.25,0.75,2,0.0,0.0,1,0.0,0.0,5,0.2,0.6,0,0.0,,3,0.0,0.6666666666666666,2,0.5,0.5,2,0.0,0.0,1,0.0,0.0,3,0.0,0.3333333333333333,0,,,0,,,0,0.0,,4,0.0,0.25,2.0,0.5,1.0,7,0.1428571428571428,0.4285714285714285,0,,,1,0.0,0.0,0.047619047619047616,3.044522437723423,1.125,2.0645289218741145,0.050988612543198676,0.9166666666666666,0.9166666666666666,15063.25,0.9211323716709471,0.005238095238095238,0.2916666666666667,11.5,0.3,0.5416666666666666,0.3333333333333333,0.1148978611170262,0.043191466177608294,10.0
Churchill Downs,2026-09-28,8,Race 8 - Allowance,1106.0,"3YO+, Fillies & Mares, Allowance","{'eventId': '3437981', 'overall': None, 'rating': None, 'surface': 'Turf', '__typename': 'TrackCondition'}",Turf,,180759.0,12.0,False,12.0,12.0,55.0,,,74.0,Lindy Can,4.0,Filly,ch,Kantharos,Northern Michigan,70521.0,Summer Pauly,Dana Hancock,False,0.02,9.0,S,dn,51.0,9,47.66888888888889,2.02,110.0,26.204693576382432,13,41.0,41.0,31.0,11.0,0.0,5.0,3.0,1.0,7.0,0.4,0.8,0.4,4.5200000000000005,8.5,61.2,76.4,75.0,1.0,2.0,0.0,0.0,1.0,3.333333333333333,18.0,45.0,-40.0,74.0,70521.0,6411.0,67.0,43.0,1.0,6.0,,,,,,11,0.1818181818181818,0.4545454545454545,6,0.3333333333333333,0.6666666666666666,2,1.0,1.0,2,1.0,1.0,3,0.0,0.3333333333333333,0,0.0,,5,0.4,0.8,0,0.0,,3,0.0,0.6666666666666666,3,0.0,0.3333333333333333,2,0.0,0.0,7,0.0,0.2857142857142857,0,,,0,,,0,,,0,0.0,,7,0.0,0.2857142857142857,1.0,0.0,0.0,11,0.1818181818181818,0.4545454545454545,0,,,0,,,0.0196078431372549,3.9318256327243257,0.0,2.2652090811617174,0.020978042981679178,1.0,1.0,15063.25,0.9211323716709471,0.000392156862745098,0.16666666666666666,15.0,0.06666666666666667,0.7916666666666666,0.4666666666666667,0.1148978611170262,0.046813928041373375,8.0
Gulfstream,2026-09-28,8,Race 8 - Claiming,1609.0,"3YO+, Claiming","{'eventId': '3438939', 'overall': None, 'rating': None, 'surface': 'Dirt', '__typename': 'TrackCondition'}",Dirt,,54085.0,7.0,False,1.0,1.0,55.75,,,74.0,Commendatore,4.0,Gelding,b,Twirling Candy,Bite The Stars,102751.0,Leonel Reyes,Carlos David,True,1.0,6.0,S,tn,6.5,12,88.425,1.1,1000.0,274.8537402722886,7,1.01,5.5,1.01,2.0,0.0,5.0,3.0,1.0,5.0,0.2,0.8,0.2,6.56,12.9,37.0,73.0,73.0,5.0,1.0,0.0,0.0,0.0,0.0,7.0,40.0,-80.0,74.0,91933.0,6129.0,0.0,28.0,3.0,6.5,,,,,,15,0.0666666666666666,0.4,8,0.125,0.5,1,0.0,1.0,1,0.0,1.0,15,0.0666666666666666,0.4,1,0.0,1.0,3,0.0,0.3333333333333333,0,0.0,,4,0.0,0.25,4,0.0,0.25,2,0.5,1.0,7,0.1428571428571428,0.2857142857142857,3,0.0,0.3333333333333333,1,0.0,1.0,0,,,1,0.0,1.0,10,0.1,0.3,1.0,0.0,0.0,15,0.0666666666666666,0.4,0,,,0,,,0.15384615384615385,1.8718021769015913,4.445544554455446,11.296579021769862,0.01130901894260673,0.14285714285714285,0.14285714285714285,7726.428571428572,0.25677629504501515,0.15384615384615385,1.0,4.0,0.5714285714285714,0.8571428571428571,0.21428571428571427,0.1612169506906349,0.13231410810868036,4.0
Gulfstream,2026-09-28,8,Race 8 - Claiming,1609.0,"3YO+, Claiming","{'eventId': '3438939', 'overall': None, 'rating': None, 'surface': 'Dirt', '__typename': 'TrackCondition'}",Dirt,,54085.0,7.0,False,2.0,2.0,56.75,,,72.0,Nice Try Riley,4.0,Gelding,ch,Speightster,Deputy Valuation,71105.0,Miguel Angel Vasquez,Beau Chapman,False,0.64,18.0,S,tcdn,2.7,12,85.35583333333334,1.1,1000.0,275.7758876472686,2,1.01,2.0,1.01,3.0,0.0,5.0,2.4,1.0,5.0,0.4,0.8,0.6,3.6800000000000006,4.779999999999999,67.6,75.6,70.0,3.0,3.0,0.0,3.0,2.0,2.333333333333333,25.0,50.0,-34.0,72.0,65696.0,8212.0,17.0,71.0,1.0,3.5,,,,,,8,0.25,0.5,4,0.5,0.75,0,0.0,,4,0.5,0.75,5,0.4,0.6,4,0.5,0.75,1,0.0,0.0,0,0.0,,4,0.25,0.5,3,0.3333333333333333,0.6666666666666666,1,0.0,0.0,4,0.5,0.75,1,0.0,0.0,1,0.0,0.0,0,,,1,0.0,0.0,5,0.4,0.6,3.0,0.6666666666666666,1.0,8,0.25,0.5,0,,,1,0.0,0.0,0.37037037037037035,0.9932517730102834,0.9801980198019802,11.702773682720375,0.011715660909721069,0.2857142857142857,0.2857142857142857,7726.428571428572,2.054210360360083,0.23703703703703702,0.5714285714285714,1.0,1.0,0.8571428571428571,0.7142857142857143,0.1612169506906349,0.28387545752432125,1.0
Gulfstream,2026-09-28,8,Race 8 - Claiming,1609.0,"3YO+, Claiming","{'eventId': '3438939', 'overall': None, 'rating': None, 'surface': 'Dirt', '__typename': 'TrackCondition'}",Dirt,,54085.0,7.0,False,3.0,3.0,55.25,,,85.0,Arabia Wild,3.0,Colt,b,Gun Runner,Alpha Spirit,132254.0,Samy Camacho,Gustavo Delgado,False,0.88,9.0,S,n,5.5,12,87.93333333333334,4.4,1000.0,274.998831310648,8,1.01,4.4,1.01,1.0,1.0,5.0,4.2,3.0,5.0,0.0,0.2,0.0,7.3,9.5,49.2,83.4,88.0,3.0,2.0,1.0,0.0,1.0,-0.5,13.0,50.0,-67.0,85.0,98178.0,12272.0,23.0,63.0,4.0,5.0,,,,,,8,0.125,0.5,6,0.1666666666666666,0.3333333333333333,0,0.0,,4,0.0,0.5,3,0.0,0.0,2,0.0,0.0,1,0.0,0.0,0,0.0,,3,0.3333333333333333,0.6666666666666666,2,0.0,0.5,1,0.0,1.0,1,0.0,1.0,0,,,1,0.0,1.0,0,,,1,0.0,1.0,1,0.0,1.0,2.0,0.5,1.0,8,0.125,0.5,0,,,1,0.0,0.0,0.18181818181818182,1.7047480922384253,3.3564356435643568,11.32221379833207,0.011372251705837756,0.42857142857142855,0.42857142857142855,7726.428571428572,-0.6419407376125188,0.16,0.8571428571428571,2.5,0.7857142857142857,0.14285714285714285,0.7142857142857143,0.1612169506906349,0.14529552115915662,3.0
Gulfstream,2026-09-28,8,Race 8 - Claiming,1609.0,"3YO+, Claiming","{'eventId': '3438939', 'overall': None, 'rating': None, 'surface': 'Dirt', '__typename': 'TrackCondition'}",Dirt,,54085.0,7.0,False,4.0,4.0,55.75,,-3.25,92.0,Rule Seventy Six,4.0,Gelding,dk b/br,Nyquist,Benvenutta,65492.0,Pedro Pena,Marcial Cornejo,False,0.83,3.0,S,tsn,13.0,12,94.00833333333333,1.1,1000.0,273.18574407148134,5,1.01,12.0,1.01,4.0,0.0,5.0,3.8,1.0,7.0,0.2,0.4,0.4,3.58,3.104,87.0,88.4,84.0,2.0,0.0,0.0,3.0,2.0,2.166666666666667,14.0,43.0,-79.0,92.0,61706.0,8815.0,0.0,21.0,1.0,1.44,,,,,,7,0.1428571428571428,0.4285714285714285,4,0.25,0.5,2,0.5,0.5,1,0.0,0.0,2,0.5,1.0,0,0.0,,5,0.0,0.2,0,0.0,,3,0.0,0.3333333333333333,2,0.0,0.5,1,0.0,0.0,2,0.0,0.5,2,0.0,0.5,1,1.0,1.0,0,,,1,1.0,1.0,4,0.0,0.5,3.0,0.3333333333333333,0.6666666666666666,7,0.1428571428571428,0.4285714285714285,0,,,0,,,0.07692307692307693,2.5649493574615367,10.881188118811881,10.625653754099815,0.010637354844428687,0.5714285714285714,0.5714285714285714,7726.428571428572,0.25677629504501515,0.06384615384615384,0.7142857142857143,6.0,0.2857142857142857,0.42857142857142855,0.42857142857142855,0.1612169506906349,0.07174966376517584,6.0
Gulfstream,2026-09-28,8,Race 8 - Claiming,1609.0,"3YO+, Claiming","{'eventId': '3438939', 'overall': None, 'rating': None, 'surface': 'Dirt', '__typename': 'TrackCondition'}",Dirt,,54085.0,7.0,False,5.0,5.0,55.25,,,70.0,Hard Talk,3.0,Colt,dk b/br,Awesome Slew,Callie California,138648.0,Marcos Meneses,Rory Miller,False,0.23,18.0,S,tcdsn,9.0,12,90.08333333333331,2.0,1000.0,274.3558238046999,9,1.01,7.0,1.01,6.0,0.0,5.0,3.6,1.0,7.0,0.4,0.4,0.4,10.8,12.176,37.8,77.0,70.0,3.0,2.0,0.0,0.0,0.0,1.0,27.0,53.0,53.0,70.0,138648.0,9243.0,50.0,16.0,1.0,8.5,,,,,,15,0.2666666666666666,0.5333333333333333,13,0.3076923076923077,0.6153846153846154,2,0.5,0.5,7,0.2857142857142857,0.4285714285714285,7,0.1428571428571428,0.1428571428571428,5,0.2,0.2,5,0.4,0.6,0,0.0,,1,0.0,0.0,1,0.0,0.0,1,0.0,0.0,10,0.3,0.6,0,,,2,0.5,0.5,0,,,2,0.5,0.5,10,0.3,0.6,0.0,,0.8090909090909091,15,0.2666666666666666,0.5333333333333333,0,,,0,,,0.1111111111111111,2.1972245773362196,5.930693069306931,11.078630897317302,0.011100832562442186,0.7142857142857143,0.7142857142857143,7726.428571428572,-0.6419407376125188,0.025555555555555554,0.2857142857142857,5.0,0.42857142857142855,0.42857142857142855,1.0,0.1612169506906349,0.08585428710440542,5.0
Gulfstream,2026-09-28,8,Race 8 - Claiming,1609.0,"3YO+, Claiming","{'eventId': '3438939', 'overall': None, 'rating': None, 'surface': 'Dirt', '__typename': 'TrackCondition'}",Dirt,,54085.0,7.0,False,6.0,6.0,55.25,,,74.0,Classic Equation,3.0,Gelding,gr/ro,Classic Empire,The Aurelia Factor,29069.0,"Pedro Monterrey, Jr.",Carlos Narvaez,False,0.01,3.0,S,n,19.0,12,98.41666666666669,2.0,1000.0,271.87388569375736,17,1.01,17.0,1.01,7.0,0.0,5.0,5.0,1.0,8.0,0.2,0.4,0.2,7.55,22.1,21.6,73.0,73.0,2.0,2.0,0.0,0.0,1.0,5.0,20.0,40.0,240.0,74.0,29069.0,5814.0,0.0,235.0,1.0,17.0,,,,,,5,0.2,0.4,5,0.2,0.4,0,0.0,,2,0.0,0.0,2,0.0,0.0,1,0.0,0.0,4,0.25,0.5,0,0.0,,1,0.0,0.0,1,0.0,0.0,1,0.0,0.0,5,0.2,0.4,0,,,0,,,0,,,0,0.0,,5,0.2,0.4,0.0,,0.8090909090909091,5,0.2,0.4,0,,,0,,,0.05263157894736842,2.9444389791664403,15.831683168316832,10.140558848433528,0.010160880609652834,0.8571428571428571,0.8571428571428571,7726.428571428572,-0.6419407376125188,0.0005263157894736842,0.14285714285714285,7.0,0.14285714285714285,0.42857142857142855,0.21428571428571427,0.1612169506906349,0.054328286353393186,7.0
Gulfstream,2026-09-28,8,Race 8 - Claiming,1609.0,"3YO+, Claiming","{'eventId': '3438939', 'overall': None, 'rating': None, 'surface': 'Dirt', '__typename': 'TrackCondition'}",Dirt,,54085.0,7.0,False,7.0,7.0,55.25,,,77.0,El Orejon,3.0,Gelding,b,Adios Charlie,Capitalism At Risk,122000.0,Jose E. Morelos,Steve Klesaris,False,0.36,22.0,S,n,5.5,12,4.4,1.1,5.5,1.051189802081432,5,1.01,4.4,1.01,5.0,0.0,5.0,2.4,1.0,6.0,0.4,0.8,0.8,3.6,7.9,40.0,72.8,75.0,2.0,0.0,1.0,2.0,1.0,0.6666666666666665,25.0,50.0,4.0,77.0,122000.0,10167.0,11.0,35.0,2.0,6.5,,,,,,12,0.25,0.5,9,0.3333333333333333,0.6666666666666666,1,0.0,1.0,4,0.0,0.0,3,0.0,0.6666666666666666,0,0.0,,3,0.0,0.0,0,0.0,,2,0.0,0.5,1,0.0,0.0,1,0.0,0.0,8,0.375,0.625,0,,,0,,,0,,,0,0.0,,8,0.375,0.625,3.0,0.6666666666666666,1.0,12,0.25,0.5,0,,,1,0.0,1.0,0.18181818181818182,1.7047480922384253,3.3564356435643568,1.0,0.22727272727272727,1.0,1.0,7726.428571428572,-0.6419407376125188,0.06545454545454546,0.42857142857142855,2.5,0.7857142857142857,0.8571428571428571,0.7142857142857143,0.1612169506906349,0.2265826759848674,2.0
Istanbul,2026-09-27,8,Race 8,1400.0,,"{'eventId': '3438742', 'overall': 'Good', 'rating': None, 'surface': 'All Weather', '__typename': 'TrackCondition'}",All Weather,,30572.0,13.0,False,1.0,4.0,59.0,,,81.0,Efe Kaptan,3.0,Colt,ch,Gümbürgümbür,Dramatik,19752.0,A. Sozen,T. Koldas,False,0.37,21.0,S,,3.9,15,4.14,3.6,5.8,0.8349051842375077,5,3.4,3.6,3.4,3.0,0.0,5.0,4.4,2.0,8.0,0.0,0.4,0.4,7.9,12.2,14.0,,79.0,4.0,1.0,5.0,0.0,0.0,4.0,0.0,33.0,-100.0,79.0,16258.0,2710.0,0.0,0.0,2.0,10.0,,,,,,6,0.0,0.3333333333333333,6,0.0,0.3333333333333333,4,0.0,0.5,1,0.0,0.0,5,0.0,0.2,1,0.0,0.0,2,0.0,0.0,0,0.0,,1,0.0,0.0,1,0.0,0.0,1,0.0,0.0,0,,,6,0.0,0.3333333333333333,0,,,0,,,0,0.0,,6,0.0,0.3333333333333333,0.0,,0.8090909090909091,6,0.0,0.3333333333333333,0,,,0,,,0.25641025641025644,1.3609765531356006,0.05882352941176476,0.5314009661835749,0.24154589371980678,0.3076923076923077,0.07692307692307693,2351.6923076923076,1.2694116095112338,0.09487179487179488,0.6923076923076923,2.0,0.9230769230769231,0.7307692307692307,0.6538461538461539,0.10345178502071115,0.13182393702462653,3.0
Istanbul,2026-09-27,8,Race 8,1400.0,,"{'eventId': '3438742', 'overall': 'Good', 'rating': None, 'surface': 'All Weather', '__typename': 'TrackCondition'}",All Weather,,30572.0,13.0,False,2.0,11.0,57.0,,,81.0,Balmehmet,3.0,Colt,gr,Bozyiğit,Sorkun Kız,0.0,T. Yıldız,B. Çapkın,False,0.02,6.0,S,,91.0,15,84.88000000000001,71.0,110.4,13.825734459092342,8,61.0,71.0,51.0,13.0,0.0,3.0,7.0,6.0,8.0,0.0,0.0,0.0,7.0,12.2,8.333333333333334,,79.0,3.0,0.0,3.0,0.0,1.0,0.0,0.0,0.0,-100.0,79.0,0.0,0.0,0.0,0.0,6.0,10.0,,,,,,3,0.0,0.0,3,0.0,0.0,0,0.0,,0,0.0,,3,0.0,0.0,0,0.0,,1,0.0,0.0,0,0.0,,1,0.0,0.0,1,0.0,0.0,1,0.0,0.0,0,,,2,0.0,0.0,0,,,0,,,0,0.0,,2,0.0,0.0,0.0,,0.8090909090909091,3,0.0,0.0,0,,,0,,,0.01098901098901099,4.51085950651685,0.16393442622950818,0.4641847313854854,0.011781338360037698,0.8461538461538461,0.15384615384615385,2351.6923076923076,0.5359737906825206,0.0002197802197802198,0.19230769230769232,10.0,0.3076923076923077,0.2692307692307692,0.2692307692307692,0.10345178502071115,0.03160806056283518,9.0
Istanbul,2026-09-27,8,Race 8,1400.0,,"{'eventId': '3438742', 'overall': 'Good', 'rating': None, 'surface': 'All Weather', '__typename': 'TrackCondition'}",All Weather,,30572.0,13.0,False,3.0,9.0,57.0,,,81.0,Batagay,3.0,Colt,ch,Ova,Altınserçe,3434.0,Ö. Yıldırım,Hay. Yıldırım,False,0.4,2.0,S,,2.7,15,2.89,2.15,4.6,0.8614329147801739,12,3.4,2.15,2.15,10.0,0.0,3.0,6.0,3.0,8.0,0.0,0.3333333333333333,0.0,6.5,12.2,12.666666666666666,,79.0,2.0,0.0,3.0,0.0,1.0,3.0,0.0,33.0,-100.0,79.0,3434.0,1145.0,0.0,0.0,3.0,10.0,,,,,,3,0.0,0.3333333333333333,3,0.0,0.3333333333333333,3,0.0,0.3333333333333333,0,0.0,,2,0.0,0.5,0,0.0,,0,0.0,,0,0.0,,1,0.0,0.0,1,0.0,0.0,1,0.0,1.0,0,,,3,0.0,0.3333333333333333,0,,,0,,,0,0.0,,3,0.0,0.3333333333333333,0.0,,0.8090909090909091,3,0.0,0.3333333333333333,0,,,0,,,0.37037037037037035,0.9932517730102834,-0.36764705882352944,0.847750865051903,0.3460207612456747,0.6923076923076923,0.23076923076923078,2351.6923076923076,0.5359737906825206,0.14814814814814814,0.7692307692307693,1.0,1.0,0.6153846153846154,0.6538461538461539,0.10345178502071115,0.21792848345674545,1.0
Istanbul,2026-09-27,8,Race 8,1400.0,,"{'eventId': '3438742', 'overall': 'Good', 'rating': None, 'surface': 'All Weather', '__typename': 'TrackCondition'}",All Weather,,30572.0,13.0,False,4.0,6.0,57.0,,,81.0,Bigasi,3.0,Colt,ch,Gelibolu,Sidelya,1732.0,A. Aslan,Mur. Akkılıç,False,0.01,6.0,S,,51.0,15,41.7,34.0,51.0,3.2700662582481925,5,34.0,34.0,34.0,5.0,0.0,5.0,8.4,5.0,13.0,0.0,0.0,0.0,11.06,12.2,29.4,,79.0,5.0,0.0,5.0,0.0,2.0,4.833333333333334,0.0,0.0,-100.0,79.0,859.0,172.0,0.0,0.0,5.0,10.0,,,,,,5,0.0,0.0,5,0.0,0.0,4,0.0,0.0,0,0.0,,5,0.0,0.0,0,0.0,,2,0.0,0.0,0,0.0,,2,0.0,0.0,1,0.0,0.0,1,0.0,0.0,0,,,5,0.0,0.0,0,,,0,,,0,0.0,,5,0.0,0.0,0.0,,0.8090909090909091,5,0.0,0.0,0,,,0,,,0.0196078431372549,3.9318256327243257,0.0,0.40767386091127095,0.023980815347721823,0.46153846153846156,0.3076923076923077,2351.6923076923076,0.5359737906825206,0.000196078431372549,0.07692307692307693,9.0,0.38461538461538464,0.2692307692307692,0.2692307692307692,0.10345178502071115,0.030150617914405303,10.0
Istanbul,2026-09-27,8,Race 8,1400.0,,"{'eventId': '3438742', 'overall': 'Good', 'rating': None, 'surface': 'All Weather', '__typename': 'TrackCondition'}",All Weather,,30572.0,13.0,False,5.0,3.0,53.0,,-4.0,81.0,Bozağın Kralı,3.0,Colt,ch,Gürsu,Caşdanay,0.0,U. Levent,Gok. Gokce,False,0.14,6.0,S,o,101.0,15,97.93333333333334,71.0,119.0,13.24369871129495,6,101.0,71.0,61.0,11.0,0.0,3.0,11.666666666666666,10.0,15.0,0.0,0.0,0.0,9.833333333333334,12.2,49.0,,79.0,3.0,0.0,3.0,0.0,2.0,-2.5,0.0,0.0,-100.0,79.0,0.0,0.0,14.0,0.0,10.0,10.0,,,,,,3,0.0,0.0,3,0.0,0.0,2,0.0,0.0,0,0.0,,3,0.0,0.0,0,0.0,,1,0.0,0.0,0,0.0,,2,0.0,0.0,1,0.0,0.0,0,,,0,,,3,0.0,0.0,0,,,0,,,0,0.0,,3,0.0,0.0,0.0,,0.8090909090909091,3,0.0,0.0,0,,,0,,,0.009900990099009901,4.61512051684126,-0.297029702970297,0.4901293396868618,0.010211027910142953,0.23076923076923078,0.38461538461538464,2351.6923076923076,-0.9309018469749057,0.0013861386138613863,0.38461538461538464,11.5,0.19230769230769232,0.2692307692307692,0.2692307692307692,0.10345178502071115,0.027562859697867096,13.0
Istanbul,2026-09-27,8,Race 8,1400.0,,"{'eventId': '3438742', 'overall': 'Good', 'rating': None, 'surface': 'All Weather', '__typename': 'TrackCondition'}",All Weather,,30572.0,13.0,False,6.0,5.0,55.0,,-2.0,81.0,Cihandere,3.0,Colt,ch,Kafkas Şahı,Sultan Nur,6151.0,Er. Cankılıç,Ram. Kaya,False,0.29,6.0,S,o,34.0,15,27.84,21.0,34.0,4.254691528183918,8,31.0,21.0,21.0,6.0,0.0,5.0,8.4,3.0,13.0,0.0,0.2,0.0,7.27,12.2,10.4,,79.0,2.0,1.0,5.0,0.0,0.0,-2.666666666666667,0.0,10.0,-100.0,79.0,6151.0,615.0,0.0,0.0,10.0,10.0,,,,,,10,0.0,0.1,10,0.0,0.1,5,0.0,0.2,2,0.0,0.0,5,0.0,0.2,1,0.0,0.0,6,0.0,0.1666666666666666,0,0.0,,1,0.0,0.0,1,0.0,0.0,1,0.0,0.0,0,,,7,0.0,0.1428571428571428,0,,,0,,,0,0.0,,7,0.0,0.1428571428571428,0.0,,0.8090909090909091,10,0.0,0.1,0,,,0,,,0.029411764705882353,3.5263605246161616,-0.3225806451612903,0.46695402298850575,0.035919540229885055,0.38461538461538464,0.46153846153846156,2351.6923076923076,-0.1974640281461926,0.00852941176470588,0.6153846153846154,8.0,0.46153846153846156,0.5384615384615384,0.5384615384615384,0.10345178502071115,0.036728398471956226,8.0
Istanbul,2026-09-27,8,Race 8,1400.0,,"{'eventId': '3438742', 'overall': 'Good', 'rating': None, 'surface': 'All Weather', '__typename': 'TrackCondition'}",All Weather,,30572.0,13.0,False,7.0,12.0,57.0,,,81.0,Öz Gümüş,3.0,Colt,gr,Afrikaander,Özfidan,5766.0,Mus. Celik,Mur. Altın,False,0.42,6.0,S,,8.5,15,8.486666666666668,7.5,10.1,0.8632239312921967,3,8.5,7.5,7.5,4.0,0.0,1.0,3.0,3.0,3.0,0.0,1.0,0.0,5.0,12.2,0.0,,79.0,0.0,0.0,1.0,0.0,1.0,0.1666666666666667,0.0,100.0,-100.0,79.0,4019.0,4019.0,0.0,0.0,3.0,10.0,,,,,,1,0.0,1.0,1,0.0,1.0,1,0.0,1.0,0,0.0,,0,0.0,,0,0.0,,1,0.0,1.0,0,0.0,,1,0.0,1.0,0,,,0,,,0,,,1,0.0,1.0,0,,,0,,,0,0.0,,1,0.0,1.0,0.0,,0.8090909090909091,1,0.0,1.0,0,,,0,,,0.11764705882352941,2.1400661634962708,-0.11764705882352941,0.3063629222309504,0.11783189316575017,0.9230769230769231,0.5384615384615384,2351.6923076923076,0.5359737906825206,0.04941176470588235,0.8461538461538461,5.0,0.6923076923076923,0.9615384615384616,0.9615384615384616,0.10345178502071115,0.09580224631554925,4.0
Istanbul,2026-09-27,8,Race 8,1400.0,,"{'eventId': '3438742', 'overall': 'Good', 'rating': None, 'surface': 'All Weather', '__typename': 'TrackCondition'}",All Weather,,30572.0,13.0,False,8.0,2.0,60.0,,,81.0,Çildutay,3.0,Filly,ch,Uçanbey,Kusursuzaşk,51653.0,G. Kocakaya,A. Karatoprak,False,1.0,28.0,S,,5.25,15,4.776666666666667,4.4,5.5,0.4222426895623994,7,3.9,4.4,3.9,2.0,0.0,5.0,4.4,2.0,7.0,0.0,0.6,0.2,5.4,12.2,11.0,,79.0,4.0,1.0,5.0,0.0,0.0,-1.0,0.0,50.0,-100.0,79.0,44665.0,3190.0,0.0,0.0,3.0,10.0,,,,,,14,0.0,0.5,14,0.0,0.5,5,0.0,0.6,2,0.0,1.0,10,0.0,0.3,1,0.0,1.0,5,0.0,0.4,0,0.0,,1,0.0,0.0,1,0.0,0.0,1,0.0,0.0,0,,,10,0.0,0.6,2,0.0,0.5,0,,,2,0.0,0.5,10,0.0,0.6,0.0,,0.8090909090909091,14,0.0,0.5,0,,,0,,,0.19047619047619047,1.6582280766035324,0.12820512820512833,0.2302861130495463,0.20935101186322397,0.15384615384615385,0.6153846153846154,2351.6923076923076,1.6361305189255904,0.19047619047619047,1.0,3.0,0.8461538461538461,0.8461538461538461,0.8461538461538461,0.10345178502071115,0.15749800821681767,2.0
Istanbul,2026-09-27,8,Race 8,1400.0,,"{'eventId': '3438742', 'overall': 'Good', 'rating': None, 'surface': 'All Weather', '__typename': 'TrackCondition'}",All Weather,,30572.0,13.0,False,9.0,1.0,55.0,,,81.0,Arzuela,3.0,Filly,b,Saadın Gücü,Şant,4819.0,V. Abis,Y. Karakoç,False,0.69,6.0,S,b,6.0,15,5.003333333333333,3.1,6.0,0.9964046478325068,6,5.0,5.0,5.0,8.0,0.0,1.0,3.0,3.0,3.0,0.0,1.0,0.0,7.5,12.2,0.0,,79.0,1.0,0.0,1.0,1.0,1.0,0.1666666666666667,0.0,100.0,-100.0,79.0,4819.0,4819.0,0.0,0.0,3.0,10.0,,,,,,1,0.0,1.0,1,0.0,1.0,1,0.0,1.0,0,0.0,,1,0.0,1.0,0,0.0,,0,0.0,,0,0.0,,1,0.0,1.0,0,,,0,,,0,,,0,,,0,,,0,,,0,0.0,,0,0.0,,1.0,0.0,1.0,1,0.0,1.0,0,,,0,,,0.16666666666666666,1.791759469228055,0.0,0.5796135909393738,0.19986675549633579,0.07692307692307693,0.6923076923076923,2351.6923076923076,-0.1974640281461926,0.11499999999999999,0.9230769230769231,4.0,0.7692307692307693,0.9615384615384616,0.9615384615384616,0.10345178502071115,0.07750782311545233,6.0
Istanbul,2026-09-27,8,Race 8,1400.0,,"{'eventId': '3438742', 'overall': 'Good', 'rating': None, 'surface': 'All Weather', '__typename': 'TrackCondition'}",All Weather,,30572.0,13.0,False,10.0,8.0,51.0,,-4.0,81.0,Demir Vargas,3.0,Filly,ch,Demirturbo,Dişihun,0.0,R. Yıldız,M. Altın,False,0.1,6.0,S,,126.0,15,104.08666666666666,91.0,128.1,14.799363349669994,6,101.0,91.0,81.0,9.0,0.0,4.0,9.5,7.0,13.0,0.0,0.0,0.0,11.0,12.2,14.75,,79.0,2.0,2.0,4.0,0.0,1.0,4.0,0.0,0.0,-100.0,79.0,0.0,0.0,0.0,0.0,8.0,10.0,,,,,,4,0.0,0.0,4,0.0,0.0,3,0.0,0.0,2,0.0,0.0,2,0.0,0.0,0,0.0,,2,0.0,0.0,0,0.0,,1,0.0,0.0,1,0.0,0.0,1,0.0,0.0,0,,,3,0.0,0.0,0,,,0,,,0,0.0,,3,0.0,0.0,0.0,,0.8090909090909091,4,0.0,0.0,0,,,0,,,0.007936507936507936,4.836281906951478,-0.09900990099009901,0.3564337411131749,0.009607378466662398,0.6153846153846154,0.7692307692307693,2351.6923076923076,-1.664339665803619,0.0007936507936507937,0.3076923076923077,13.0,0.07692307692307693,0.2692307692307692,0.2692307692307692,0.10345178502071115,0.027783407433432633,12.0
Istanbul,2026-09-27,8,Race 8,1400.0,,"{'eventId': '3438742', 'overall': 'Good', 'rating': None, 'surface': 'All Weather', '__typename': 'TrackCondition'}",All Weather,,30572.0,13.0,False,11.0,13.0,51.0,,-4.0,81.0,Saroslu,3.0,Filly,ch,Berksoy,Mine Abla,27493.0,B. Bulbul,C. Turan,False,0.17,9.0,S,,10.0,15,8.253333333333332,7.5,10.0,0.6386096007908292,6,11.0,7.5,7.5,1.0,1.0,5.0,4.2,3.0,6.0,0.0,0.4,0.0,6.11,12.2,11.4,,79.0,3.0,0.0,5.0,0.0,1.0,0.333333333333333,0.0,40.0,-100.0,79.0,10023.0,2005.0,17.0,0.0,5.0,10.0,,,,,,5,0.0,0.4,5,0.0,0.4,4,0.0,0.5,0,0.0,,3,0.0,0.3333333333333333,0,0.0,,4,0.0,0.5,0,0.0,,1,0.0,0.0,1,0.0,1.0,1,0.0,0.0,0,,,4,0.0,0.25,0,,,0,,,0,0.0,,4,0.0,0.25,0.0,,0.8090909090909091,5,0.0,0.4,0,,,0,,,0.1,2.302585092994046,-0.3181818181818182,0.302907915993538,0.1211631663974152,1.0,0.8461538461538461,2351.6923076923076,-1.664339665803619,0.017,0.5384615384615384,6.0,0.6153846153846154,0.7307692307692307,0.7692307692307693,0.10345178502071115,0.09121918244494226,5.0
Istanbul,2026-09-27,8,Race 8,1400.0,,"{'eventId': '3438742', 'overall': 'Good', 'rating': None, 'surface': 'All Weather', '__typename': 'TrackCondition'}",All Weather,,30572.0,13.0,False,12.0,7.0,55.0,,,81.0,Silvia,3.0,Filly,gr,Fatih Ağa,Bestenigar,1205.0,A. Kursun,Mur. Akkılıç,False,0.16,6.0,S,,18.0,15,16.493333333333336,14.8,18.0,1.145115229524474,6,19.0,16.0,15.0,12.0,0.0,1.0,5.0,5.0,5.0,0.0,0.0,0.0,14.0,12.2,0.0,,79.0,1.0,0.0,1.0,0.0,1.0,0.1666666666666667,0.0,0.0,-100.0,79.0,1205.0,1205.0,0.0,0.0,5.0,10.0,,,,,,1,0.0,0.0,1,0.0,0.0,1,0.0,0.0,0,0.0,,1,0.0,0.0,0,0.0,,0,0.0,,0,0.0,,1,0.0,0.0,0,,,0,,,0,,,0,,,0,,,0,,,0,0.0,,0,0.0,,0.0,,0.8090909090909091,1,0.0,0.0,0,,,0,,,0.05555555555555555,2.8903717578961645,-0.15789473684210525,0.1940177849636216,0.06063055780113176,0.5384615384615384,0.9230769230769231,2351.6923076923076,-0.1974640281461926,0.008888888888888889,0.46153846153846156,7.0,0.5384615384615384,0.2692307692307692,0.2692307692307692,0.10345178502071115,0.04597958819336598,7.0
Istanbul,2026-09-27,8,Race 8,1400.0,,"{'eventId': '3438742', 'overall': 'Good', 'rating': None, 'surface': 'All Weather', '__typename': 'TrackCondition'}",All Weather,,30572.0,13.0,False,13.0,10.0,55.0,,,81.0,Vardakosta,3.0,Filly,ch,Özgünhan,Nursine,0.0,G. Ozcelik,T. Sit,False,0.02,6.0,S,o,101.0,15,87.44666666666667,71.0,109.9,12.602214972861804,9,71.0,71.0,61.0,7.0,0.0,3.0,8.666666666666666,8.0,10.0,0.0,0.0,0.0,12.516666666666666,12.2,24.33333333333333,,79.0,3.0,1.0,3.0,0.0,2.0,-1.0,0.0,0.0,-100.0,79.0,0.0,0.0,0.0,0.0,10.0,10.0,,,,,,3,0.0,0.0,3,0.0,0.0,1,0.0,0.0,1,0.0,0.0,3,0.0,0.0,1,0.0,0.0,2,0.0,0.0,0,0.0,,2,0.0,0.0,1,0.0,0.0,0,,,0,,,2,0.0,0.0,0,,,0,,,0,0.0,,2,0.0,0.0,0.0,,0.8090909090909091,3,0.0,0.0,0,,,0,,,0.009900990099009901,4.61512051684126,0.0,0.44484257070976596,0.011435541663490126,0.7692307692307693,1.0,2351.6923076923076,-0.1974640281461926,0.00019801980198019803,0.19230769230769232,11.5,0.19230769230769232,0.2692307692307692,0.2692307692307692,0.10345178502071115,0.02840738715200414,11.0
Gulfstream,2026-09-28,9,Race 9 - Allowance,1609.0,"3YO+, Allowance","{'eventId': '3438940', 'overall': None, 'rating': None, 'surface': 'Turf', '__typename': 'TrackCondition'}",Turf,,74012.0,9.0,False,1.0,1.0,54.5,,,87.0,Win N Juice,3.0,Colt,dk b/br,Win Win Win,Famous,218926.0,Rasheed Hughes,Nicholas Tomlinson,False,1.0,22.0,S,tn,7.0,12,5.368333333333333,2.82,9.6,1.617723881122967,2,1.01,4.4,1.01,4.0,0.0,5.0,2.2,1.0,3.0,0.2,1.0,0.6,2.47,5.85,32.4,79.0,87.0,5.0,1.0,1.0,1.0,0.0,-0.5,17.0,67.0,4.0,87.0,213745.0,17812.0,18.0,29.0,3.0,9.0,,,,,,12,0.1666666666666666,0.6666666666666666,8,0.125,0.75,1,0.0,1.0,1,0.0,1.0,10,0.2,0.7,1,0.0,1.0,7,0.1428571428571428,0.5714285714285714,0,0.0,,2,0.0,0.0,2,0.5,1.0,2,0.0,1.0,4,0.0,0.5,3,0.6666666666666666,0.6666666666666666,1,0.0,1.0,0,,,1,0.0,1.0,7,0.2857142857142857,0.5714285714285714,1.0,0.0,1.0,12,0.1666666666666666,0.6666666666666666,0,,,2,0.5,1.0,0.14285714285714285,1.9459101490553132,3.3564356435643568,1.2629618131015212,0.18627755355479667,0.1111111111111111,0.1111111111111111,8223.555555555555,-0.6666666659047641,0.14285714285714285,1.0,4.0,0.6666666666666666,1.0,1.0,0.1253310415075121,0.13524469329169045,3.0
Gulfstream,2026-09-28,9,Race 9 - Allowance,1609.0,"3YO+, Allowance","{'eventId': '3438940', 'overall': None, 'rating': None, 'surface': 'Turf', '__typename': 'TrackCondition'}",Turf,,74012.0,9.0,False,2.0,2.0,56.25,,,90.0,My Voodoo Doll,6.0,Gelding,dk b/br,Dialed In,Spanish Ambassador,144453.0,Micah J. Husbands,Nicholas Tomlinson,True,0.19,6.0,S,tn,17.0,12,95.1,7.2,1000.0,272.8503435951658,2,1.01,10.0,1.01,9.0,0.0,5.0,4.6,3.0,7.0,0.0,0.4,0.0,5.07,7.1,19.6,95.66666666666669,96.0,5.0,0.0,1.0,0.0,0.0,-0.666666666666667,8.0,44.0,-28.0,90.0,144453.0,5778.0,0.0,184.0,7.0,10.0,,,,,,25,0.08,0.44,9,0.0,0.4444444444444444,0,0.0,,0,0.0,,17,0.1176470588235294,0.5882352941176471,0,0.0,,9,0.1111111111111111,0.3333333333333333,0,0.0,,5,0.2,0.6,5,0.2,0.4,4,0.0,0.25,11,0.0,0.6363636363636364,10,0.2,0.4,0,,,0,,,0,0.0,,21,0.0952380952380952,0.5238095238095238,2.0,0.0,1.0,25,0.08,0.44,0,,,3,0.0,0.3333333333333333,0.058823529411764705,2.833213344056216,8.900990099009901,10.439537329127235,0.010515247108307046,0.2222222222222222,0.2222222222222222,8223.555555555555,1.3333333318095202,0.011176470588235295,0.4444444444444444,8.0,0.2222222222222222,0.3333333333333333,0.3888888888888889,0.1253310415075121,0.04356794669983902,9.0
Gulfstream,2026-09-28,9,Race 9 - Allowance,1609.0,"3YO+, Allowance","{'eventId': '3438940', 'overall': None, 'rating': None, 'surface': 'Turf', '__typename': 'TrackCondition'}",Turf,,74012.0,9.0,False,3.0,3.0,56.25,,,93.0,Aegon Targaryen,4.0,Gelding,gr/ro,The Factor,The Goddess Lyssa,177684.0,Samy Camacho,Gerald Bennett,False,0.42,8.0,S,tdn,6.0,12,88.05916666666667,2.46,1000.0,274.9619082848366,3,1.01,5.0,1.01,3.0,0.0,5.0,3.8,2.0,6.0,0.0,0.4,0.4,4.2,6.4,29.2,91.6,92.0,4.0,3.0,0.0,0.0,0.0,-0.3333333333333335,19.0,44.0,-62.0,93.0,170282.0,10643.0,19.0,16.0,2.0,6.5,,,,,,16,0.1875,0.4375,12,0.1666666666666666,0.5,1,0.0,1.0,8,0.25,0.5,9,0.1111111111111111,0.4444444444444444,2,0.0,0.5,10,0.3,0.5,0,0.0,,2,0.5,0.5,2,0.0,0.0,1,0.0,1.0,10,0.3,0.5,1,0.0,0.0,1,0.0,1.0,0,,,1,0.0,1.0,11,0.2727272727272727,0.4545454545454545,2.0,1.0,1.0,16,0.1875,0.4375,0,,,1,0.0,0.0,0.16666666666666666,1.791759469228055,3.9504950495049505,11.328065410566758,0.011356001173453454,0.3333333333333333,0.3333333333333333,8223.555555555555,1.3333333318095202,0.06999999999999999,0.5555555555555556,3.0,0.7777777777777778,0.3333333333333333,0.3888888888888889,0.1253310415075121,0.1081915913175037,5.0
Gulfstream,2026-09-28,9,Race 9 - Allowance,1609.0,"3YO+, Allowance","{'eventId': '3438940', 'overall': None, 'rating': None, 'surface': 'Turf', '__typename': 'TrackCondition'}",Turf,,74012.0,9.0,False,4.0,4.0,54.5,,,92.0,Prost,3.0,Colt,ch,Khozan,Ginablu,72010.0,Yolber Torres,J D Angelo,False,0.5,5.0,S,tbn,11.0,12,90.79166666666669,3.0,1000.0,274.1424856357649,5,1.01,8.0,1.01,6.0,0.0,5.0,3.6,1.0,7.0,0.2,0.6,0.2,6.05,7.3,67.0,90.2,89.0,5.0,1.0,0.0,1.0,2.0,1.0,20.0,60.0,30.0,92.0,72010.0,14402.0,0.0,16.0,3.0,3.5,,,,,,5,0.2,0.6,5,0.2,0.6,2,0.0,1.0,1,0.0,1.0,5,0.2,0.6,1,0.0,1.0,3,0.0,0.6666666666666666,0,0.0,,2,0.5,0.5,2,0.0,0.5,1,0.0,1.0,2,0.0,0.5,1,1.0,1.0,1,0.0,1.0,0,,,1,0.0,1.0,3,0.3333333333333333,0.6666666666666666,1.0,0.0,1.0,5,0.2,0.6,0,,,0,,,0.09090909090909091,2.3978952727983707,6.920792079207921,10.981184029371269,0.011014226709499768,0.4444444444444444,0.4444444444444444,8223.555555555555,-0.6666666659047641,0.045454545454545456,0.7777777777777778,7.0,0.3333333333333333,0.7222222222222222,0.7222222222222222,0.1253310415075121,0.0897091720727067,6.0
Gulfstream,2026-09-28,9,Race 9 - Allowance,1609.0,"3YO+, Allowance","{'eventId': '3438940', 'overall': None, 'rating': None, 'surface': 'Turf', '__typename': 'TrackCondition'}",Turf,,74012.0,9.0,False,5.0,5.0,54.5,,,94.0,Won For Lou,3.0,Colt,dk b/br,Bucchero,Style Show,138242.0,Leonel Reyes,J D Angelo,False,0.01,6.0,S,don,5.0,12,87.46499999999999,2.98,1000.0,275.14010153919764,3,1.01,4.4,1.01,7.0,0.0,5.0,4.2,1.0,6.0,0.2,0.4,0.2,5.67,17.0,54.8,91.4,95.0,1.0,2.0,0.0,0.0,1.0,-2.1666666666666665,18.0,36.0,-9.0,94.0,138242.0,12567.0,24.0,29.0,6.0,5.0,,,,,,11,0.1818181818181818,0.3636363636363636,8,0.125,0.25,1,0.0,0.0,5,0.4,0.4,1,0.0,0.0,1,0.0,0.0,10,0.2,0.4,0,0.0,,2,0.0,0.5,1,1.0,1.0,1,0.0,0.0,9,0.2222222222222222,0.3333333333333333,1,0.0,1.0,1,0.0,0.0,0,,,1,0.0,0.0,10,0.2,0.4,0.0,,0.8090909090909091,11,0.1818181818181818,0.3636363636363636,0,,,0,,,0.2,1.6094379124341003,3.3564356435643568,11.399073915280399,0.011433144686446009,0.5555555555555556,0.5555555555555556,8223.555555555555,-0.6666666659047641,0.002,0.1111111111111111,1.0,1.0,0.3333333333333333,0.1111111111111111,0.1253310415075121,0.1672635730055038,2.0
Gulfstream,2026-09-28,9,Race 9 - Allowance,1609.0,"3YO+, Allowance","{'eventId': '3438940', 'overall': None, 'rating': None, 'surface': 'Turf', '__typename': 'TrackCondition'}",Turf,,74012.0,9.0,False,6.0,6.0,54.5,,-3.25,79.0,Gus Swayze,3.0,Gelding,b,Silver State,Cool Munnings,111062.0,Pedro Pena,Carlos David,False,0.93,13.0,S,tcdn,35.0,12,109.79166666666669,15.5,1000.0,268.47373073956834,3,1.01,21.0,1.01,8.0,0.0,5.0,3.4,1.0,7.0,0.2,0.6,0.4,8.45,5.5200000000000005,28.0,78.6,72.0,5.0,1.0,0.0,2.0,0.0,-1.8333333333333333,18.0,64.0,-51.0,79.0,111062.0,10097.0,0.0,21.0,2.0,8.5,,,,,,11,0.1818181818181818,0.6363636363636364,11,0.1818181818181818,0.6363636363636364,2,0.0,0.5,4,0.25,0.5,11,0.1818181818181818,0.6363636363636364,4,0.25,0.5,4,0.25,0.5,0,0.0,,1,0.0,1.0,1,0.0,0.0,1,0.0,0.0,5,0.0,0.6,1,0.0,0.0,1,0.0,1.0,0,,,1,0.0,1.0,6,0.0,0.5,4.0,0.5,1.0,11,0.1818181818181818,0.6363636363636364,0,,,0,,,0.02857142857142857,3.5553480614894135,19.79207920792079,8.966982922201137,0.009108159392789372,0.6666666666666666,0.6666666666666666,8223.555555555555,-0.6666666659047641,0.026571428571428572,0.8888888888888888,9.0,0.1111111111111111,0.7222222222222222,0.8888888888888888,0.1253310415075121,0.060364387562319814,8.0
Gulfstream,2026-09-28,9,Race 9 - Allowance,1609.0,"3YO+, Allowance","{'eventId': '3438940', 'overall': None, 'rating': None, 'surface': 'Turf', '__typename': 'TrackCondition'}",Turf,,74012.0,9.0,False,7.0,7.0,54.5,,,92.0,Justin Smiles,3.0,Gelding,b,The Big Beast,Oasis At Midnight,154471.0,Diego A. Herrera,Joseph Orseno,False,0.46,8.0,S,tdbn,8.0,12,89.45333333333333,2.94,1000.0,274.542818073166,5,1.01,6.5,1.01,5.0,0.0,5.0,3.0,2.0,6.0,0.0,0.8,0.6,3.6,11.6,31.0,85.0,91.0,5.0,3.0,0.0,1.0,0.0,1.6666666666666663,13.0,60.0,-44.0,92.0,154471.0,10298.0,0.0,23.0,2.0,2.0,,,,,,15,0.1333333333333333,0.6,11,0.1818181818181818,0.7272727272727273,2,0.0,1.0,6,0.1666666666666666,0.6666666666666666,14,0.0714285714285714,0.5714285714285714,5,0.0,0.6,11,0.0909090909090909,0.6363636363636364,0,0.0,,1,0.0,0.0,1,0.0,0.0,1,0.0,1.0,10,0.2,0.5,1,0.0,1.0,1,0.0,0.0,0,,,1,0.0,0.0,11,0.1818181818181818,0.5454545454545454,1.0,0.0,1.0,15,0.1333333333333333,0.6,0,,,0,,,0.125,2.0794415416798357,5.435643564356436,11.146146966761066,0.011179013265762408,0.7777777777777778,0.7777777777777778,8223.555555555555,-0.6666666659047641,0.0575,0.6666666666666666,6.0,0.4444444444444444,0.8888888888888888,0.7222222222222222,0.1253310415075121,0.11034778030802289,4.0
Gulfstream,2026-09-28,9,Race 9 - Allowance,1609.0,"3YO+, Allowance","{'eventId': '3438940', 'overall': None, 'rating': None, 'surface': 'Turf', '__typename': 'TrackCondition'}",Turf,,74012.0,9.0,False,8.0,8.0,56.25,,,93.0,Souper Attentive,5.0,Gelding,dk b/br,Kitten's Joy,Giant Cats Eye,296383.0,Sonny Leon,Mark Casse,False,0.09,11.0,S,tcdn,7.5,12,88.96166666666666,2.54,1000.0,274.69108618693025,3,1.01,6.0,1.01,2.0,0.0,5.0,3.0,1.0,4.0,0.2,0.4,0.4,3.5200000000000005,7.5,38.2,97.0,96.0,1.0,2.0,2.0,0.0,1.0,-1.6666666666666663,13.0,43.0,-57.0,93.0,281580.0,12243.0,0.0,50.0,4.0,11.0,,,,,,23,0.1304347826086956,0.4347826086956521,7,0.2857142857142857,0.4285714285714285,1,0.0,0.0,6,0.3333333333333333,0.5,8,0.25,0.375,2,0.5,0.5,15,0.2,0.4666666666666667,0,0.0,,7,0.1428571428571428,0.2857142857142857,6,0.1666666666666666,0.3333333333333333,4,0.0,0.75,7,0.1428571428571428,0.2857142857142857,7,0.0,0.2857142857142857,0,,,0,,,0,0.0,,14,0.0714285714285714,0.2857142857142857,4.0,0.25,1.0,23,0.1304347826086956,0.4347826086956521,0,,,3,0.0,0.3333333333333333,0.13333333333333333,2.0149030205422647,4.9405940594059405,11.21224497442719,0.011240796597785563,0.8888888888888888,0.8888888888888888,8223.555555555555,1.3333333318095202,0.012,0.2222222222222222,5.0,0.5555555555555556,0.3333333333333333,0.2222222222222222,0.1253310415075121,0.08093439413189878,7.0
Gulfstream,2026-09-28,9,Race 9 - Allowance,1609.0,"3YO+, Allowance","{'eventId': '3438940', 'overall': None, 'rating': None, 'surface': 'Turf', '__typename': 'TrackCondition'}",Turf,,74012.0,9.0,False,9.0,9.0,54.5,,,90.0,Nickel C,3.0,Gelding,b,Liam's Map,Clairvoyant Lady,145288.0,Miguel Angel Vasquez,David Fawkes,False,0.1,6.0,S,tn,5.5,12,87.87916666666666,3.05,1000.0,275.01546582141924,5,1.01,5.0,1.01,1.0,1.0,5.0,4.0,2.0,6.0,0.0,0.4,0.2,4.15,6.7,39.6,84.6,90.0,5.0,3.0,0.0,0.0,0.0,0.0,10.0,50.0,-45.0,90.0,98657.0,9866.0,14.0,43.0,2.0,3.5,,,,,,10,0.1,0.5,10,0.1,0.5,1,0.0,1.0,4,0.0,0.75,10,0.1,0.5,4,0.0,0.75,7,0.1428571428571428,0.7142857142857143,0,0.0,,1,0.0,0.0,1,0.0,0.0,1,0.0,1.0,7,0.1428571428571428,0.5714285714285714,1,0.0,0.0,0,,,0,,,0,0.0,,8,0.125,0.5,0.0,,0.8090909090909091,10,0.1,0.5,0,,,0,,,0.18181818181818182,1.7047480922384253,3.9504950495049505,11.34455454933384,0.011379261296287517,1.0,1.0,8223.555555555555,-0.6666666659047641,0.018181818181818184,0.3333333333333333,2.0,0.8888888888888888,0.3333333333333333,0.5555555555555556,0.1253310415075121,0.20437646161051476,1.0
Istanbul,2026-09-27,9,Race 9,1900.0,,"{'eventId': '3438743', 'overall': 'Good', 'rating': None, 'surface': 'Turf', '__typename': 'TrackCondition'}",Turf,,57578.0,5.0,False,1.0,1.0,58.0,,,81.0,Goldrakhan,3.0,Colt,b,Natıve Khan,Yeso,99066.0,G. Kocakaya,E. Uslu,False,0.01,2.0,S,tbn,1.8,15,1.7899999999999994,1.6,2.3,0.2583279569333008,4,1.55,1.65,1.5,4.0,0.0,5.0,6.4,2.0,17.0,0.0,0.2,0.2,2.71,12.2,29.4,,79.0,5.0,1.0,5.0,1.0,0.0,3.166666666666667,10.0,50.0,-100.0,79.0,95776.0,9578.0,15.0,0.0,4.0,10.0,,,,,,10,0.1,0.5,10,0.1,0.5,2,0.0,0.0,1,0.0,0.0,10,0.1,0.5,1,0.0,0.0,7,0.0,0.4285714285714285,0,0.0,,2,0.0,0.5,2,0.0,1.0,2,0.5,0.5,0,,,7,0.0,0.5714285714285714,1,0.0,0.0,0,,,1,0.0,0.0,7,0.0,0.5714285714285714,1.0,0.0,0.0,10,0.1,0.5,0,,,0,,,0.5555555555555556,0.5877866649021191,0.06451612903225798,0.39106145251396646,0.5586592178770952,0.2,0.2,11515.6,0.44721359499995617,0.005555555555555556,0.2,1.0,1.0,0.3,0.5,0.2515947195742592,0.12755587112228992,4.0
Istanbul,2026-09-27,9,Race 9,1900.0,,"{'eventId': '3438743', 'overall': 'Good', 'rating': None, 'surface': 'Turf', '__typename': 'TrackCondition'}",Turf,,57578.0,5.0,False,2.0,5.0,58.0,,,81.0,Lord Of Dragon,3.0,Colt,b,Vıctory Gallop,Seddıfı,155049.0,H. Karatas,M. Ozgul,False,1.0,21.0,S,n,4.6,15,5.066666666666666,4.4,7.5,1.218560170401482,5,3.7,4.4,3.7,3.0,0.0,5.0,1.6,1.0,3.0,0.6,1.0,0.8,1.0,12.2,17.4,,79.0,0.0,0.0,5.0,0.0,0.0,0.1666666666666667,26.0,70.0,-100.0,79.0,148469.0,6455.0,0.0,0.0,2.0,10.0,,,,,,23,0.2608695652173913,0.6956521739130435,20,0.3,0.7,2,0.5,1.0,0,0.0,,2,0.0,0.5,0,0.0,,10,0.3,0.9,0,0.0,,2,0.0,0.0,2,0.5,1.0,2,0.5,1.0,0,,,13,0.2307692307692307,0.7692307692307693,0,,,0,,,0,0.0,,13,0.2307692307692307,0.7692307692307693,2.0,0.0,1.0,23,0.2608695652173913,0.6956521739130435,0,,,0,,,0.2173913043478261,1.5260563034950492,0.18918918918918923,0.6118421052631579,0.19736842105263158,1.0,0.4,11515.6,0.44721359499995617,0.2173913043478261,1.0,3.0,0.6,1.0,1.0,0.2515947195742592,0.37338803671056675,1.0
Istanbul,2026-09-27,9,Race 9,1900.0,,"{'eventId': '3438743', 'overall': 'Good', 'rating': None, 'surface': 'Turf', '__typename': 'TrackCondition'}",Turf,,57578.0,5.0,False,3.0,4.0,58.0,,,81.0,Lupelıus,3.0,Colt,b,Mer De Glace,Magıstral,116614.0,Ö. Yıldırım,Ar. Kılıç,False,0.15,8.0,S,tcdn,10.0,15,10.06,8.0,11.8,1.013771834947753,5,8.0,8.0,7.5,2.0,0.0,5.0,3.6,1.0,8.0,0.4,0.6,0.4,6.16,12.2,13.6,,79.0,3.0,1.0,5.0,0.0,0.0,1.0,24.0,41.0,-100.0,79.0,103453.0,6085.0,0.0,0.0,1.0,10.0,,,,,,17,0.2352941176470588,0.4117647058823529,17,0.2352941176470588,0.4117647058823529,3,0.6666666666666666,0.6666666666666666,3,0.6666666666666666,1.0,3,0.6666666666666666,0.6666666666666666,1,1.0,1.0,5,0.4,0.6,0,0.0,,2,0.0,0.0,2,0.0,0.0,2,0.0,0.5,0,,,11,0.3636363636363636,0.5454545454545454,0,,,0,,,0,0.0,,11,0.3636363636363636,0.5454545454545454,0.0,,0.8090909090909091,17,0.2352941176470588,0.4117647058823529,0,,,0,,,0.1,2.302585092994046,0.0,0.3777335984095428,0.09940357852882703,0.8,0.6,11515.6,0.44721359499995617,0.015,0.6,4.0,0.4,0.8,0.2,0.2515947195742592,0.22127226381146017,2.0
Istanbul,2026-09-27,9,Race 9,1900.0,,"{'eventId': '3438743', 'overall': 'Good', 'rating': None, 'surface': 'Turf', '__typename': 'TrackCondition'}",Turf,,57578.0,5.0,False,4.0,2.0,58.0,,,81.0,Turamun,3.0,Colt,b,Ulan Bator,Börteçine,129207.0,V. Abis,A. Pamukci,False,0.12,9.0,S,tcdn,3.4,15,3.03,2.75,3.4,0.2393045479439675,10,4.4,2.75,2.75,1.0,1.0,5.0,4.8,1.0,8.0,0.2,0.4,0.4,3.02,12.2,18.8,,79.0,5.0,1.0,5.0,0.0,0.0,2.166666666666667,21.0,50.0,-100.0,79.0,96306.0,6879.0,0.0,0.0,6.0,10.0,,,,,,14,0.2142857142857142,0.5,14,0.2142857142857142,0.5,3,0.3333333333333333,0.3333333333333333,2,0.5,0.5,13,0.2307692307692307,0.5384615384615384,2,0.5,0.5,7,0.1428571428571428,0.4285714285714285,0,0.0,,1,0.0,0.0,1,0.0,1.0,1,0.0,1.0,0,,,8,0.125,0.375,1,0.0,1.0,0,,,1,0.0,1.0,8,0.125,0.375,0.0,,0.8090909090909091,14,0.2142857142857142,0.5,0,,,0,,,0.29411764705882354,1.2237754316221157,-0.37500000000000006,0.2145214521452145,0.33003300330033003,0.4,0.8,11515.6,0.44721359499995617,0.03529411764705882,0.4,2.0,0.8,0.6,0.5,0.2515947195742592,0.2204423992581261,3.0
Istanbul,2026-09-27,9,Race 9,1900.0,,"{'eventId': '3438743', 'overall': 'Good', 'rating': None, 'surface': 'Turf', '__typename': 'TrackCondition'}",Turf,,57578.0,5.0,False,5.0,3.0,56.0,,,81.0,Jaehaera,3.0,Filly,b,Kaneko,Ravensburg,170988.0,A. Kursun,A. Tepebaşı,False,0.52,20.0,S,tsn,11.0,15,8.166666666666666,3.0,11.0,2.68741924943285,4,7.5,8.0,7.5,5.0,0.0,5.0,7.0,3.0,19.0,0.0,0.2,0.0,3.71,12.2,23.0,,79.0,5.0,0.0,5.0,0.0,0.0,4.166666666666666,25.0,63.0,-100.0,79.0,169343.0,10584.0,0.0,0.0,5.0,10.0,,,,,,16,0.25,0.625,13,0.3076923076923077,0.6923076923076923,2,0.0,0.0,0,0.0,,16,0.25,0.625,0,0.0,,5,0.0,0.4,0,0.0,,3,0.0,0.6666666666666666,2,0.0,0.5,2,0.5,0.5,0,,,11,0.1818181818181818,0.4545454545454545,1,1.0,1.0,0,,,1,1.0,1.0,11,0.1818181818181818,0.4545454545454545,0.0,,0.8090909090909091,16,0.25,0.625,0,,,0,,,0.09090909090909091,2.3978952727983707,0.06666666666666667,0.979591836734694,0.12244897959183675,0.6,1.0,11515.6,-1.7888543799998327,0.04727272727272728,0.8,5.0,0.2,0.3,0.8,0.2515947195742592,0.057341429097557094,5.0
Churchill Downs,2026-09-28,9,Race 9 - Starter Allowance,1710.0,"3YO+, Allowance","{'eventId': '3437982', 'overall': None, 'rating': None, 'surface': 'Dirt', '__typename': 'TrackCondition'}",Dirt,,118134.0,9.0,False,2.0,2.0,53.5,,,84.0,Bigtimetimmyjim,3.0,Gelding,b,Girvin,Miss Bosconovitch,43056.0,Gerardo Corrales,Lonnie Briley,False,0.09,3.0,S,don,31.0,9,27.56222222222222,1.06,55.0,12.810753970159237,10,23.0,26.0,23.0,9.0,0.0,4.0,6.5,1.0,11.0,0.25,0.25,0.25,11.475,26.625,22.75,86.0,90.0,1.0,1.0,0.0,0.0,1.0,1.0,25.0,25.0,225.0,84.0,43056.0,10764.0,0.0,28.0,11.0,51.0,,,,,,4,0.25,0.25,4,0.25,0.25,2,0.5,0.5,1,1.0,1.0,1,0.0,0.0,0,0.0,,3,0.3333333333333333,0.3333333333333333,0,0.0,,1,0.0,0.0,1,0.0,0.0,1,1.0,1.0,1,0.0,0.0,0,,,0,,,0,,,0,0.0,,1,0.0,0.0,0.0,,0.8090909090909091,4,0.25,0.25,0,,,0,,,0.03225806451612903,3.4339872044851463,0.13043478260869565,1.9570265258405224,0.0362815447875514,0.2222222222222222,0.2222222222222222,13126.0,-0.6966499118936573,0.0029032258064516127,0.2222222222222222,9.0,0.2,0.2222222222222222,0.2,0.13131343060810363,0.024922255122324575,9.0
Churchill Downs,2026-09-28,9,Race 9 - Starter Allowance,1710.0,"3YO+, Allowance","{'eventId': '3437982', 'overall': None, 'rating': None, 'surface': 'Dirt', '__typename': 'TrackCondition'}",Dirt,,118134.0,9.0,False,3.0,3.0,55.25,,,95.0,South Bend Tom,4.0,Gelding,b,Liam's Map,Glycine,189920.0,Axel Concepcion,"Albert M. Stall, Jr.",False,0.58,1.0,S,tdbn,5.0,9,4.922222222222222,4.4,6.2,0.532870169256969,26,5.0,4.4,3.25,3.0,0.0,5.0,4.0,2.0,7.0,0.0,0.4,0.2,5.75,7.7,58.0,79.8,89.0,2.0,0.0,0.0,2.0,1.0,0.833333333333333,18.0,45.0,-47.0,95.0,178106.0,16191.0,15.0,39.0,3.0,4.0,,,,,,11,0.1818181818181818,0.4545454545454545,6,0.1666666666666666,0.5,1,0.0,1.0,3,0.3333333333333333,0.6666666666666666,5,0.2,0.6,1,0.0,1.0,0,0.0,,0,0.0,,4,0.25,0.25,3,0.0,0.6666666666666666,2,0.5,0.5,7,0.1428571428571428,0.4285714285714285,0,,,0,,,0,,,0,0.0,,7,0.1428571428571428,0.4285714285714285,3.0,0.3333333333333333,0.6666666666666666,11,0.1818181818181818,0.4545454545454545,0,,,0,,,0.2,1.6094379124341003,-0.11999999999999993,0.3656884875846501,0.2031602708803612,0.3333333333333333,0.3333333333333333,13126.0,1.4235889503913761,0.11599999999999999,0.7777777777777778,3.0,0.8,0.4444444444444444,0.45,0.13131343060810363,0.0931822577621466,4.0
Churchill Downs,2026-09-28,9,Race 9 - Starter Allowance,1710.0,"3YO+, Allowance","{'eventId': '3437982', 'overall': None, 'rating': None, 'surface': 'Dirt', '__typename': 'TrackCondition'}",Dirt,,118134.0,9.0,False,4.0,4.0,55.25,,,99.0,Funny Uncle,6.0,Gelding,ch,Distorted Humor,Night Owl,345341.0,Jose L. Ortiz,Joe Sharp,False,0.59,5.0,S,dsn,2.75,9,2.625555555555556,1.51,3.3,0.4406588781740136,29,3.5,2.6,2.25,6.0,0.0,5.0,2.6,2.0,4.0,0.0,0.8,0.6,2.3600000000000003,9.3,36.4,95.8,96.0,3.0,2.0,0.0,0.0,1.0,1.0,10.0,46.0,-3.0,99.0,345341.0,8855.0,20.0,36.0,2.0,10.0,,,,,,39,0.1025641025641025,0.4615384615384615,12,0.1666666666666666,0.5833333333333334,1,0.0,1.0,13,0.0769230769230769,0.4615384615384615,10,0.0,0.5,3,0.0,0.6666666666666666,3,0.0,0.3333333333333333,0,0.0,,8,0.0,0.25,6,0.1666666666666666,0.5,6,0.0,0.6666666666666666,20,0.05,0.45,5,0.4,0.6,2,0.5,0.5,0,,,2,0.5,0.5,25,0.12,0.48,4.0,0.0,0.75,39,0.1025641025641025,0.4615384615384615,0,,,2,0.0,0.0,0.36363636363636365,1.0116009116784799,-0.2571428571428571,0.6817604739737619,0.38087177316969945,0.4444444444444444,0.4444444444444444,13126.0,1.4235889503913761,0.21454545454545454,0.8888888888888888,1.0,1.0,0.9444444444444444,0.6,0.13131343060810363,0.29445148920849284,1.0
Churchill Downs,2026-09-28,9,Race 9 - Starter Allowance,1710.0,"3YO+, Allowance","{'eventId': '3437982', 'overall': None, 'rating': None, 'surface': 'Dirt', '__typename': 'TrackCondition'}",Dirt,,118134.0,9.0,False,5.0,5.0,53.5,,,65.0,Large Risk,3.0,Gelding,ch,Volatile,Anabranch,72495.0,Evin A. Roman,Cipriano Contreras,False,0.01,4.0,S,tcdn,41.0,9,39.94555555555556,1.51,85.0,19.95398434794477,13,34.0,34.0,26.0,8.0,0.0,5.0,5.6,1.0,8.0,0.2,0.2,0.2,18.51,16.582,30.2,70.2,68.0,2.0,3.0,0.0,1.0,1.0,-1.5,20.0,20.0,-62.0,65.0,72495.0,14499.0,24.0,213.0,8.0,26.0,,,,,,5,0.2,0.2,5,0.2,0.2,0,0.0,,3,0.3333333333333333,0.3333333333333333,2,0.5,0.5,1,1.0,1.0,0,0.0,,0,0.0,,1,0.0,0.0,1,1.0,1.0,1,0.0,0.0,0,,,0,,,0,,,0,,,0,0.0,,0,0.0,,1.0,1.0,1.0,5,0.2,0.2,0,,,0,,,0.024390243902439025,3.713572066704308,0.0,2.0900948513254147,0.02503407415649078,0.5555555555555556,0.5555555555555556,13126.0,-0.6966499118936573,0.00024390243902439027,0.1111111111111111,10.0,0.1,0.1111111111111111,0.1,0.13131343060810363,0.0337254262705027,8.0
Churchill Downs,2026-09-28,9,Race 9 - Starter Allowance,1710.0,"3YO+, Allowance","{'eventId': '3437982', 'overall': None, 'rating': None, 'surface': 'Dirt', '__typename': 'TrackCondition'}",Dirt,,118134.0,9.0,False,6.0,6.0,54.0,,,101.0,Lolo Le Plume,4.0,Filly,b,Instilled Regard,Le Plume,287970.0,Luis Saez,"Robert B. Hess, Jr.",False,0.54,9.0,S,tcdn,18.0,9,20.147777777777776,1.33,60.0,14.938289190888536,27,8.5,16.0,7.5,7.0,0.0,5.0,4.4,3.0,7.0,0.0,0.4,0.0,5.04,7.3,41.8,101.8,104.0,0.0,1.0,2.0,2.0,1.0,-1.0,6.0,59.0,-86.0,101.0,287970.0,16939.0,9.0,213.0,7.0,5.5,,,,,,17,0.0588235294117647,0.5882352941176471,4,0.0,0.5,0,0.0,,6,0.1666666666666666,0.8333333333333334,3,0.3333333333333333,0.6666666666666666,2,0.5,1.0,3,0.0,0.0,0,0.0,,2,0.0,0.5,2,0.0,0.0,1,0.0,0.0,12,0.0833333333333333,0.75,3,0.0,0.0,0,,,0,,,0,0.0,,15,0.0666666666666666,0.6,3.0,0.3333333333333333,0.6666666666666666,17,0.0588235294117647,0.5882352941176471,0,,,2,0.0,0.5,0.05555555555555555,2.8903717578961645,0.8823529411764706,2.911983676170518,0.04963326531737716,0.6666666666666666,0.6666666666666666,13126.0,-0.09086737981221917,0.03,0.6111111111111112,7.0,0.4,0.4444444444444444,0.9,0.13131343060810363,0.04038320076369641,6.0
Churchill Downs,2026-09-28,9,Race 9 - Starter Allowance,1710.0,"3YO+, Allowance","{'eventId': '3437982', 'overall': None, 'rating': None, 'surface': 'Dirt', '__typename': 'TrackCondition'}",Dirt,,118134.0,9.0,False,7.0,7.0,55.25,,,91.0,Consolidated,4.0,Gelding,dk b/br,Unified,Causeway Carolyn,141611.0,Luan Machado,Arnaud Delacour,False,0.3,23.0,S,tcdn,11.0,9,11.055555555555555,9.0,16.0,1.978277090529428,18,8.5,9.0,7.5,5.0,0.0,5.0,2.4,1.0,5.0,0.6,0.6,0.6,1.42,10.1,37.4,77.2,89.0,2.0,2.0,0.0,0.0,1.0,-1.0,38.0,50.0,256.0,91.0,141611.0,17701.0,15.0,93.0,5.0,15.0,,,,,,8,0.375,0.5,6,0.5,0.5,0,0.0,,2,0.5,0.5,2,0.5,0.5,2,0.5,0.5,0,0.0,,0,0.0,,3,0.3333333333333333,0.3333333333333333,3,0.6666666666666666,1.0,2,0.0,0.0,3,0.3333333333333333,0.6666666666666666,0,,,0,,,0,,,0,0.0,,3,0.3333333333333333,0.6666666666666666,0.0,,0.8090909090909091,8,0.375,0.5,0,,,0,,,0.09090909090909091,2.3978952727983707,0.058823529411764705,0.6331658291457286,0.09045226130653267,0.7777777777777778,0.7777777777777778,13126.0,1.4235889503913761,0.02727272727272727,0.4444444444444444,6.0,0.5,0.6666666666666666,0.7,0.13131343060810363,0.0741944800050563,5.0
Churchill Downs,2026-09-28,9,Race 9 - Starter Allowance,1710.0,"3YO+, Allowance","{'eventId': '3437982', 'overall': None, 'rating': None, 'surface': 'Dirt', '__typename': 'TrackCondition'}",Dirt,,118134.0,9.0,False,8.0,8.0,53.5,,,97.0,Spirit Of A Walkon,3.0,Colt,dk b/br,Uncle Mo,Delta'S Kingdom,165597.0,"Brian Joseph Hernandez, Jr.",Dale L. Romans,False,0.54,6.0,S,dn,4.4,9,4.425555555555556,4.2,5.0,0.2514452054783003,20,4.5,4.2,3.75,4.0,0.0,5.0,2.8,1.0,6.0,0.2,0.8,0.6,2.3,4.75,31.0,91.4,96.0,3.0,3.0,0.0,1.0,0.0,-2.0,18.0,45.0,-14.0,97.0,157327.0,14302.0,11.0,51.0,2.0,3.75,,,,,,11,0.1818181818181818,0.4545454545454545,9,0.2222222222222222,0.5555555555555556,1,0.0,1.0,3,0.3333333333333333,0.6666666666666666,4,0.0,0.5,2,0.0,0.5,1,0.0,0.0,0,0.0,,2,0.0,0.0,2,0.5,0.5,2,0.0,0.5,2,0.5,0.5,0,,,0,,,0,,,0,0.0,,2,0.5,0.5,1.0,0.0,1.0,11,0.1818181818181818,0.4545454545454545,0,,,0,,,0.22727272727272727,1.4816045409242156,-0.06666666666666662,0.18076826512678879,0.22596033140848604,0.8888888888888888,0.8888888888888888,13126.0,-0.6966499118936573,0.12272727272727273,0.6111111111111112,2.0,0.9,0.9444444444444444,0.45,0.13131343060810363,0.25493031320072895,2.0
Churchill Downs,2026-09-28,9,Race 9 - Starter Allowance,1710.0,"3YO+, Allowance","{'eventId': '3437982', 'overall': None, 'rating': None, 'surface': 'Dirt', '__typename': 'TrackCondition'}",Dirt,,118134.0,9.0,False,9.0,9.0,53.5,,,82.0,Jets Rio,3.0,Gelding,gr/ro,Candy Ride,Jeweled Princess,98455.0,Rafael Bejarano,Ron Moquett,False,0.19,6.0,S,sn,21.0,9,22.77777777777778,17.0,42.0,7.067575063906334,24,10.0,17.0,9.0,2.0,0.0,5.0,4.6,3.0,8.0,0.0,0.4,0.0,11.47,13.7,47.4,73.2,77.0,0.0,2.0,0.0,0.0,1.0,2.666666666666667,11.0,44.0,-39.0,82.0,74827.0,8314.0,19.0,44.0,3.0,11.0,,,,,,9,0.1111111111111111,0.4444444444444444,9,0.1111111111111111,0.4444444444444444,1,0.0,1.0,2,0.0,0.0,0,0.0,,0,0.0,,2,0.0,0.5,0,0.0,,2,0.0,0.5,2,0.0,1.0,1,1.0,1.0,4,0.0,0.5,0,,,1,1.0,1.0,0,,,1,1.0,1.0,4,0.0,0.5,0.0,,0.8090909090909091,9,0.1111111111111111,0.4444444444444444,0,,,0,,,0.047619047619047616,3.044522437723423,0.7,1.097560975609756,0.04390243902439024,1.0,1.0,13126.0,-0.6966499118936573,0.009047619047619047,0.3333333333333333,8.0,0.3,0.4444444444444444,0.3,0.13131343060810363,0.03947770650131834,7.0
Churchill Downs,2026-09-28,9,Race 9 - Starter Allowance,1710.0,"3YO+, Allowance","{'eventId': '3437982', 'overall': None, 'rating': None, 'surface': 'Dirt', '__typename': 'TrackCondition'}",Dirt,,118134.0,9.0,False,10.0,10.0,53.5,,,96.0,Rugged Love,3.0,Gelding,ch,Cupid,Princess Addy,170740.0,Tyler Gaffalione,Brendan P. Walsh,False,1.0,22.0,S,tn,6.5,9,116.52222222222224,6.0,1000.0,312.3566045324826,16,9.0,6.0,5.5,1.0,1.0,3.0,3.6666666666666665,1.0,7.0,0.3333333333333333,0.6666666666666666,0.3333333333333333,5.0,5.083333333333333,25.0,97.66666666666669,100.0,2.0,0.0,0.0,0.0,1.0,-1.0,33.0,67.0,25.0,96.0,96310.0,32103.0,21.0,51.0,7.0,4.5,,,,,,3,0.3333333333333333,0.6666666666666666,3,0.3333333333333333,0.6666666666666666,1,0.0,0.0,0,0.0,,2,0.5,1.0,0,0.0,,0,0.0,,0,0.0,,1,0.0,1.0,1,1.0,1.0,1,0.0,0.0,0,,,0,,,0,,,0,,,0,0.0,,0,0.0,,0.0,,0.8090909090909091,3,0.3333333333333333,0.6666666666666666,0,,,0,,,0.15384615384615385,1.8718021769015913,-0.3333333333333333,8.53056164775436,0.008582053971583865,1.1111111111111112,1.1111111111111112,13126.0,-0.6966499118936573,0.15384615384615385,1.0,4.0,0.7,0.7777777777777778,1.0,0.13131343060810363,0.14473287116573325,3.0
Kilmore,2026-09-28,2,Taylors Hill Retirement Village Fillies & Mares Maiden Plate,1450.0,"3-Y-O & Up, Fillies & Mares, Maiden, Set Weights","{'eventId': '3436486', 'overall': 'Good', 'rating': '4', 'surface': 'Turf', '__typename': 'TrackCondition'}",Turf,,32000.0,10.0,True,5.0,6.0,58.0,54.0,,81.0,Girt By Sea,4.0,Mare,BAY OR BROWN,Ocean Park,Baggy Green,0.0,Lachlan Neindorf,Mark Walker,False,0.58,2.0,,,10.0,19,9.389473684210524,6.6,14.0,1.3466897962048336,19,8.5,8.5,6.5,2.0,0.0,5.0,5.2,3.0,7.0,0.0,0.2,0.0,,12.2,0.0,,79.0,0.0,0.0,0.0,0.0,0.0,1.166666666666667,0.0,0.0,0.0,79.0,0.0,0.0,17.0,21.0,5.0,10.0,,,,,,0,0.08,0.375,0,0.0,,0,0.0,,0,0.0,,0,0.0,,0,0.0,,0,0.0,,0,0.0,,0,0.0,,0,,,0,,,0,,,0,,,0,,,0,,,0,0.0,,0,0.0,,0.0,,0.8090909090909091,0,,,0,,,0,,,0.1,2.302585092994046,0.0,0.7881165919282513,0.1065022421524664,0.6,0.5,3200.0,0.4651302542479929,0.057999999999999996,0.7,4.0,0.8,0.5,0.25,0.09774174882478955,0.11359177529154289,3.0
Kilmore,2026-09-28,2,Taylors Hill Retirement Village Fillies & Mares Maiden Plate,1450.0,"3-Y-O & Up, Fillies & Mares, Maiden, Set Weights","{'eventId': '3436486', 'overall': 'Good', 'rating': '4', 'surface': 'Turf', '__typename': 'TrackCondition'}",Turf,,32000.0,10.0,True,8.0,1.0,58.0,56.0,,81.0,Skydream,4.0,Mare,BAY,All Too Hard,Dream Genie,22925.0,John Allen,Mitchell Freedman,False,0.72,29.0,S,,3.1,19,2.952631578947368,2.8,3.4,0.1634123652237897,26,2.8,2.8,2.5,1.0,1.0,5.0,2.2,1.0,6.0,0.6,0.8,0.8,1.16,3.45,33.2,,79.0,0.0,1.0,2.0,0.0,1.0,-2.166666666666667,0.0,38.0,-100.0,0.0,22925.0,2866.0,14.0,29.0,6.0,3.9,0.52,0.15,-0.65,-1.42,-1.53,8,0.0,0.375,8,0.0,0.375,2,0.0,0.5,4,0.0,0.25,0,0.0,,0,0.0,,8,0.0,0.375,0,0.0,,3,0.0,0.3333333333333333,2,0.0,0.0,1,0.0,1.0,0,,,5,0.0,0.2,2,0.0,0.5,1,0.0,1.0,3,0.0,0.6666666666666666,5,0.0,0.2,1.0,0.0,1.0,0,,,8,0.0,0.375,8,0.0,0.375,0.3225806451612903,1.1314021114911006,0.0,0.20320855614973268,0.3386809269162211,0.1,0.8,3200.0,0.4651302542479929,0.23225806451612901,0.8,2.0,0.9333333333333333,0.95,0.75,0.09774174882478955,0.33971104003797586,2.0
Kilmore,2026-09-28,2,Taylors Hill Retirement Village Fillies & Mares Maiden Plate,1450.0,"3-Y-O & Up, Fillies & Mares, Maiden, Set Weights","{'eventId': '3436486', 'overall': 'Good', 'rating': '4', 'surface': 'Turf', '__typename': 'TrackCondition'}",Turf,,32000.0,10.0,True,9.0,7.0,55.5,54.0,,81.0,Anglais,3.0,Filly,BROWN,Zousain,Promada,6325.0,Daniel Stackhouse,Nick Ryan,False,1.0,15.0,S,,1.75,19,51.88263157894736,1.62,950.0,211.69086263855075,37,2.25,1.62,1.5,3.0,0.0,5.0,3.2,2.0,4.0,0.0,0.6,0.2,1.143333333333333,3.75,14.2,,79.0,0.0,0.0,1.0,0.0,2.0,1.1666666666666663,0.0,50.0,-100.0,79.0,6325.0,3163.0,10.0,18.0,3.0,3.1,0.94,-0.48,-1.68,-1.94,-1.93,2,0.0,0.5,2,0.0,0.5,1,0.0,1.0,0,0.0,,0,0.0,,0,0.0,,2,0.0,0.5,0,0.0,,2,0.0,0.5,0,,,0,,,0,,,0,,,1,0.0,1.0,1,0.0,0.0,2,0.0,0.5,0,0.0,,0.0,,0.8090909090909091,0,,,2,0.0,0.5,1,0.0,1.0,0.5714285714285714,0.5596157879354227,-0.27999999999999997,18.279334936141293,0.019274272903415608,0.7,0.9,3200.0,-2.0155644350746362,0.5714285714285714,1.0,1.0,1.0,0.8,0.875,0.09774174882478955,0.4522627610470915,1.0
Kilmore,2026-09-28,2,Taylors Hill Retirement Village Fillies & Mares Maiden Plate,1450.0,"3-Y-O & Up, Fillies & Mares, Maiden, Set Weights","{'eventId': '3436486', 'overall': 'Good', 'rating': '4', 'surface': 'Turf', '__typename': 'TrackCondition'}",Turf,,32000.0,10.0,True,12.0,9.0,58.0,53.0,,81.0,Mystic Rapture,6.0,Mare,BROWN OR BLACK,Impending,Red Rapture,23272.5,Luke Currie,Mark & Levi Kavanagh,True,0.44,10.0,S,,26.0,19,21.38947368421053,2.3,34.0,5.66372526995422,18,11.0,21.0,9.5,4.0,0.0,5.0,3.6,1.0,5.0,0.2,0.4,0.2,2.815,20.666666666666668,47.0,,79.0,0.0,0.0,3.0,0.0,1.0,-1.5,0.0,23.0,-100.0,0.0,23272.5,1790.0,3.0,22.0,5.0,20.0,1.08,0.25,-0.17,-0.5,-0.4,13,0.0,0.2307692307692307,8,0.0,0.125,1,0.0,0.0,4,0.0,0.25,1,0.0,1.0,1,0.0,1.0,13,0.0,0.2307692307692307,0,0.0,,3,0.0,0.3333333333333333,3,0.0,0.3333333333333333,2,0.0,0.0,0,,,6,0.0,0.3333333333333333,4,0.0,0.25,3,0.0,0.0,7,0.0,0.1428571428571428,6,0.0,0.3333333333333333,0.0,,0.8090909090909091,0,,,13,0.0,0.2307692307692307,13,0.0,0.2307692307692307,0.038461538461538464,3.258096538021482,0.9090909090909091,1.482037401574803,0.046751968503937,0.9,1.2,3200.0,0.4651302542479929,0.016923076923076923,0.6,9.5,0.43333333333333335,0.7,0.6875,0.09774174882478955,0.09443442362338966,4.0
