track,meeting_name,meeting_date,country_guess,race_number,race_name,distance,starters,prize_money,competitor_number,barrier,horse_name,finish_position,won,placed,barrier_rel,number_rel,barrier_minus_no,prize_per_starter,log_distance
Caulfield,The Valley @ Caulfield,2026-09-27,OTHER,1,Ladbrokes Brian Kruger Handicap,1100,,,8,,Threads,1,1,1,,,,,7.00397413672268
Caulfield,The Valley @ Caulfield,2026-09-27,OTHER,1,Ladbrokes Brian Kruger Handicap,1100,,,11,,Jarbardar,2,0,1,,,,,7.00397413672268
Caulfield,The Valley @ Caulfield,2026-09-27,OTHER,1,Ladbrokes Brian Kruger Handicap,1100,,,9,,Aemond,3,0,1,,,,,7.00397413672268
Caulfield,The Valley @ Caulfield,2026-09-27,OTHER,1,Ladbrokes Brian Kruger Handicap,1100,,,10,,Jacaranda,4,0,0,,,,,7.00397413672268
Caulfield,The Valley @ Caulfield,2026-09-27,OTHER,2,Sportsbet Jim Moloney Stakes,1440,,,10,,Regal Ambition,1,1,1,,,,,7.273092595999522
Caulfield,The Valley @ Caulfield,2026-09-27,OTHER,2,Sportsbet Jim Moloney Stakes,1440,,,4,,Pretty Baby,2,0,1,,,,,7.273092595999522
Caulfield,The Valley @ Caulfield,2026-09-27,OTHER,2,Sportsbet Jim Moloney Stakes,1440,,,12,,Platinum Pearl,3,0,1,,,,,7.273092595999522
Caulfield,The Valley @ Caulfield,2026-09-27,OTHER,2,Sportsbet Jim Moloney Stakes,1440,,,3,,Rubi's Choice,4,0,0,,,,,7.273092595999522
Caulfield,The Valley @ Caulfield,2026-09-27,OTHER,3,Drummond Golf Jra Cup,2000,,,1,,Royal Supremacy,1,1,1,,,,,7.601402334583733
Caulfield,The Valley @ Caulfield,2026-09-27,OTHER,3,Drummond Golf Jra Cup,2000,,,2,,Future History,2,0,1,,,,,7.601402334583733
Caulfield,The Valley @ Caulfield,2026-09-27,OTHER,3,Drummond Golf Jra Cup,2000,,,10,,See That Storm,3,0,1,,,,,7.601402334583733
Caulfield,The Valley @ Caulfield,2026-09-27,OTHER,3,Drummond Golf Jra Cup,2000,,,3,,Detonator Jack,4,0,0,,,,,7.601402334583733
Caulfield,The Valley @ Caulfield,2026-09-27,OTHER,4,Dominant Scarborough Stakes,1200,,,12,,Over The Bridge,1,1,1,,,,,7.0909098220799835
Caulfield,The Valley @ Caulfield,2026-09-27,OTHER,4,Dominant Scarborough Stakes,1200,,,6,,I Am Aria,2,0,1,,,,,7.0909098220799835
Caulfield,The Valley @ Caulfield,2026-09-27,OTHER,4,Dominant Scarborough Stakes,1200,,,5,,Scintillation,3,0,1,,,,,7.0909098220799835
Caulfield,The Valley @ Caulfield,2026-09-27,OTHER,4,Dominant Scarborough Stakes,1200,,,3,,Calamari Ring,4,0,0,,,,,7.0909098220799835
Caulfield,The Valley @ Caulfield,2026-09-27,OTHER,5,Ladbrokes Feehan Stakes,1600,,,5,,Pride Of Jenni,1,1,1,,,,,7.3783837129967145
Caulfield,The Valley @ Caulfield,2026-09-27,OTHER,5,Ladbrokes Feehan Stakes,1600,,,6,,Treasurethe Moment,2,0,1,,,,,7.3783837129967145
Caulfield,The Valley @ Caulfield,2026-09-27,OTHER,5,Ladbrokes Feehan Stakes,1600,,,2,,Pounding,3,0,1,,,,,7.3783837129967145
Caulfield,The Valley @ Caulfield,2026-09-27,OTHER,5,Ladbrokes Feehan Stakes,1600,,,4,,Zambardo,4,0,0,,,,,7.3783837129967145
Caulfield,The Valley @ Caulfield,2026-09-27,OTHER,6,Msc Signs Stutt Stakes,1600,,,1,,Diameter,1,1,1,,,,,7.3783837129967145
Caulfield,The Valley @ Caulfield,2026-09-27,OTHER,6,Msc Signs Stutt Stakes,1600,,,5,,Somethings Burnin',2,0,1,,,,,7.3783837129967145
Caulfield,The Valley @ Caulfield,2026-09-27,OTHER,6,Msc Signs Stutt Stakes,1600,,,7,,Scarole,3,0,1,,,,,7.3783837129967145
Caulfield,The Valley @ Caulfield,2026-09-27,OTHER,6,Msc Signs Stutt Stakes,1600,,,10,,Lara Antipova,4,0,0,,,,,7.3783837129967145
Caulfield,The Valley @ Caulfield,2026-09-27,OTHER,7,Ladbrokes Stocks Stakes,1600,,,5,,Changing Colours,1,1,1,,,,,7.3783837129967145
Caulfield,The Valley @ Caulfield,2026-09-27,OTHER,7,Ladbrokes Stocks Stakes,1600,,,1,,Sass Appeal,2,0,1,,,,,7.3783837129967145
Caulfield,The Valley @ Caulfield,2026-09-27,OTHER,7,Ladbrokes Stocks Stakes,1600,,,2,,Too Darn Discreet,3,0,1,,,,,7.3783837129967145
Caulfield,The Valley @ Caulfield,2026-09-27,OTHER,7,Ladbrokes Stocks Stakes,1600,,,3,,Private Legacy,4,0,0,,,,,7.3783837129967145
Caulfield,The Valley @ Caulfield,2026-09-27,OTHER,8,Ladbrokes Manikato Stakes,1200,,,3,,Jimmysstar,1,1,1,,,,,7.0909098220799835
Caulfield,The Valley @ Caulfield,2026-09-27,OTHER,8,Ladbrokes Manikato Stakes,1200,,,13,,Extragalactic,2,0,1,,,,,7.0909098220799835
Caulfield,The Valley @ Caulfield,2026-09-27,OTHER,8,Ladbrokes Manikato Stakes,1200,,,10,,Charm Stone,3,0,1,,,,,7.0909098220799835
Caulfield,The Valley @ Caulfield,2026-09-27,OTHER,8,Ladbrokes Manikato Stakes,1200,,,9,,Oliveanotherday,4,0,0,,,,,7.0909098220799835
Caulfield,The Valley @ Caulfield,2026-09-27,OTHER,9,Sportsbet Testa Rossa Stakes,1440,,,5,,Regal Zeus,1,1,1,,,,,7.273092595999522
Caulfield,The Valley @ Caulfield,2026-09-27,OTHER,9,Sportsbet Testa Rossa Stakes,1440,,,10,,Run Harry Run,2,0,1,,,,,7.273092595999522
Caulfield,The Valley @ Caulfield,2026-09-27,OTHER,9,Sportsbet Testa Rossa Stakes,1440,,,6,,Lim's Saltoro,3,0,1,,,,,7.273092595999522
Caulfield,The Valley @ Caulfield,2026-09-27,OTHER,9,Sportsbet Testa Rossa Stakes,1440,,,4,,Here To Shock,4,0,0,,,,,7.273092595999522
Caulfield,The Valley @ Caulfield,2026-09-27,OTHER,9,Sportsbet Testa Rossa Stakes,1440,,,9,,Harry's Yacht,4,0,0,,,,,7.273092595999522
Strathalbyn,Strathalbyn,2026-09-27,OTHER,1,The Sauna King Maiden Plate,1350,,,10,,Magic Voyager,1,1,1,,,,,7.208600337960199
Strathalbyn,Strathalbyn,2026-09-27,OTHER,1,The Sauna King Maiden Plate,1350,,,11,,Polar Eyes,2,0,1,,,,,7.208600337960199
Strathalbyn,Strathalbyn,2026-09-27,OTHER,1,The Sauna King Maiden Plate,1350,,,9,,Just Comet,3,0,1,,,,,7.208600337960199
Strathalbyn,Strathalbyn,2026-09-27,OTHER,1,The Sauna King Maiden Plate,1350,,,5,,The Punk Rocker,4,0,0,,,,,7.208600337960199
Strathalbyn,Strathalbyn,2026-09-27,OTHER,2,Victor Harbor Motor Co Maiden Plate,1200,,,12,,Make Me A Match,1,1,1,,,,,7.0909098220799835
Strathalbyn,Strathalbyn,2026-09-27,OTHER,2,Victor Harbor Motor Co Maiden Plate,1200,,,2,,Buffo,2,0,1,,,,,7.0909098220799835
Strathalbyn,Strathalbyn,2026-09-27,OTHER,2,Victor Harbor Motor Co Maiden Plate,1200,,,15,,Intimus,3,0,1,,,,,7.0909098220799835
Strathalbyn,Strathalbyn,2026-09-27,OTHER,2,Victor Harbor Motor Co Maiden Plate,1200,,,10,,Bella Zephyr,4,0,0,,,,,7.0909098220799835
Strathalbyn,Strathalbyn,2026-09-27,OTHER,3,Sportsbet Fast Form Benchmark 56 Handicap (App. Riders Only) (Heat Montgomerie/forrest Series),1350,,,5,,Frontpoint,1,1,1,,,,,7.208600337960199
Strathalbyn,Strathalbyn,2026-09-27,OTHER,3,Sportsbet Fast Form Benchmark 56 Handicap (App. Riders Only) (Heat Montgomerie/forrest Series),1350,,,4,,Enciphering,2,0,1,,,,,7.208600337960199
Strathalbyn,Strathalbyn,2026-09-27,OTHER,3,Sportsbet Fast Form Benchmark 56 Handicap (App. Riders Only) (Heat Montgomerie/forrest Series),1350,,,10,,Archdeacon,3,0,1,,,,,7.208600337960199
Strathalbyn,Strathalbyn,2026-09-27,OTHER,3,Sportsbet Fast Form Benchmark 56 Handicap (App. Riders Only) (Heat Montgomerie/forrest Series),1350,,,7,,Sangue Rosso,4,0,0,,,,,7.208600337960199
Strathalbyn,Strathalbyn,2026-09-27,OTHER,4,"Rotary Club Of Strathalbyn Colts, Geldings & Entires Rating 0 - 56 Handicap",1200,,,2,,Sacred Chord,1,1,1,,,,,7.0909098220799835
Strathalbyn,Strathalbyn,2026-09-27,OTHER,4,"Rotary Club Of Strathalbyn Colts, Geldings & Entires Rating 0 - 56 Handicap",1200,,,3,,Big Mav,2,0,1,,,,,7.0909098220799835
Strathalbyn,Strathalbyn,2026-09-27,OTHER,4,"Rotary Club Of Strathalbyn Colts, Geldings & Entires Rating 0 - 56 Handicap",1200,,,8,,Dodd,3,0,1,,,,,7.0909098220799835
Strathalbyn,Strathalbyn,2026-09-27,OTHER,4,"Rotary Club Of Strathalbyn Colts, Geldings & Entires Rating 0 - 56 Handicap",1200,,,5,,Rob The Bank,4,0,0,,,,,7.0909098220799835
Strathalbyn,Strathalbyn,2026-09-27,OTHER,5,Rfds Fleurieu Support Group Fillies & Mares Rating 0 - 56 Handicap,1200,,,2,,Bonfire Girl,1,1,1,,,,,7.0909098220799835
Strathalbyn,Strathalbyn,2026-09-27,OTHER,5,Rfds Fleurieu Support Group Fillies & Mares Rating 0 - 56 Handicap,1200,,,5,,Dazelles,2,0,1,,,,,7.0909098220799835
Strathalbyn,Strathalbyn,2026-09-27,OTHER,5,Rfds Fleurieu Support Group Fillies & Mares Rating 0 - 56 Handicap,1200,,,1,,Zenacity,3,0,1,,,,,7.0909098220799835
Strathalbyn,Strathalbyn,2026-09-27,OTHER,5,Rfds Fleurieu Support Group Fillies & Mares Rating 0 - 56 Handicap,1200,,,4,,Exalted Kate,4,0,0,,,,,7.0909098220799835
Strathalbyn,Strathalbyn,2026-09-27,OTHER,6,Sportsbet Jockey Watch Rating 0 - 62 Handicap,2050,,,2,,Tottori,1,1,1,,,,,7.62608275807238
Strathalbyn,Strathalbyn,2026-09-27,OTHER,6,Sportsbet Jockey Watch Rating 0 - 62 Handicap,2050,,,1,,Theodor,2,0,1,,,,,7.62608275807238
Strathalbyn,Strathalbyn,2026-09-27,OTHER,6,Sportsbet Jockey Watch Rating 0 - 62 Handicap,2050,,,7,,Magnetic Edge,3,0,1,,,,,7.62608275807238
Strathalbyn,Strathalbyn,2026-09-27,OTHER,6,Sportsbet Jockey Watch Rating 0 - 62 Handicap,2050,,,4,,Chartin,4,0,0,,,,,7.62608275807238
Strathalbyn,Strathalbyn,2026-09-27,OTHER,7,The Lions Club Of Strathalbyn District Class One Handicap,1600,,,1,,Darci Lane,1,1,1,,,,,7.3783837129967145
Strathalbyn,Strathalbyn,2026-09-27,OTHER,7,The Lions Club Of Strathalbyn District Class One Handicap,1600,,,6,,Miss Trombari,2,0,1,,,,,7.3783837129967145
Strathalbyn,Strathalbyn,2026-09-27,OTHER,7,The Lions Club Of Strathalbyn District Class One Handicap,1600,,,4,,Our Beau,3,0,1,,,,,7.3783837129967145
Strathalbyn,Strathalbyn,2026-09-27,OTHER,7,The Lions Club Of Strathalbyn District Class One Handicap,1600,,,10,,I Run On Air,4,0,0,,,,,7.3783837129967145
Sunshine Coast,Sunshine Coast,2026-09-27,OTHER,1,Coolum Surf Club Maiden Plate,2200,,,5,,Disgruntled,1,1,1,,,,,7.696667081526462
Sunshine Coast,Sunshine Coast,2026-09-27,OTHER,1,Coolum Surf Club Maiden Plate,2200,,,6,,Highland Kitty,2,0,1,,,,,7.696667081526462
Sunshine Coast,Sunshine Coast,2026-09-27,OTHER,1,Coolum Surf Club Maiden Plate,2200,,,3,,Missile Away,3,0,1,,,,,7.696667081526462
Sunshine Coast,Sunshine Coast,2026-09-27,OTHER,1,Coolum Surf Club Maiden Plate,2200,,,2,,Bartle Frere,4,0,0,,,,,7.696667081526462
Sunshine Coast,Sunshine Coast,2026-09-27,OTHER,2,Coolum Beach Hotel Qtis Three-& Four Year-old Benchmark 68 Handicap,1400,,,1,,Artistic Endeavour,1,1,1,,,,,7.244941546337007
Sunshine Coast,Sunshine Coast,2026-09-27,OTHER,2,Coolum Beach Hotel Qtis Three-& Four Year-old Benchmark 68 Handicap,1400,,,3,,Weekend Spirit,2,0,1,,,,,7.244941546337007
Sunshine Coast,Sunshine Coast,2026-09-27,OTHER,2,Coolum Beach Hotel Qtis Three-& Four Year-old Benchmark 68 Handicap,1400,,,6,,Financially Famous,3,0,1,,,,,7.244941546337007
Sunshine Coast,Sunshine Coast,2026-09-27,OTHER,2,Coolum Beach Hotel Qtis Three-& Four Year-old Benchmark 68 Handicap,1400,,,5,,Welcome Advice,4,0,0,,,,,7.244941546337007
Sunshine Coast,Sunshine Coast,2026-09-27,OTHER,3,Sunshine Coast Shade Sails Qtis Three-year-old Maiden Plate,1400,,,4,,Preethical,1,1,1,,,,,7.244941546337007
Sunshine Coast,Sunshine Coast,2026-09-27,OTHER,3,Sunshine Coast Shade Sails Qtis Three-year-old Maiden Plate,1400,,,9,,Spirit Of Torque,2,0,1,,,,,7.244941546337007
Sunshine Coast,Sunshine Coast,2026-09-27,OTHER,3,Sunshine Coast Shade Sails Qtis Three-year-old Maiden Plate,1400,,,12,,Victoria,3,0,1,,,,,7.244941546337007
Sunshine Coast,Sunshine Coast,2026-09-27,OTHER,3,Sunshine Coast Shade Sails Qtis Three-year-old Maiden Plate,1400,,,3,,Enuff Torque,4,0,0,,,,,7.244941546337007
Sunshine Coast,Sunshine Coast,2026-09-27,OTHER,4,Coolum At The Beach Open Handicap,1000,,,7,,Bring Me Kash,1,1,1,,,,,6.90875477931522
Sunshine Coast,Sunshine Coast,2026-09-27,OTHER,4,Coolum At The Beach Open Handicap,1000,,,5,,State In Texas,2,0,1,,,,,6.90875477931522
Sunshine Coast,Sunshine Coast,2026-09-27,OTHER,4,Coolum At The Beach Open Handicap,1000,,,6,,Wondereach,3,0,1,,,,,6.90875477931522
Sunshine Coast,Sunshine Coast,2026-09-27,OTHER,4,Coolum At The Beach Open Handicap,1000,,,3,,Maximum Output,4,0,0,,,,,6.90875477931522
Sunshine Coast,Sunshine Coast,2026-09-27,OTHER,5,Mend Building Class 3 Handicap,1600,,,3,,Prochester,1,1,1,,,,,7.3783837129967145
Sunshine Coast,Sunshine Coast,2026-09-27,OTHER,5,Mend Building Class 3 Handicap,1600,,,4,,Thinking Gold,2,0,1,,,,,7.3783837129967145
Sunshine Coast,Sunshine Coast,2026-09-27,OTHER,5,Mend Building Class 3 Handicap,1600,,,7,,Fifth Force,3,0,1,,,,,7.3783837129967145
Sunshine Coast,Sunshine Coast,2026-09-27,OTHER,5,Mend Building Class 3 Handicap,1600,,,1,,Meltdown,4,0,0,,,,,7.3783837129967145
Sunshine Coast,Sunshine Coast,2026-09-27,OTHER,6,Peter Andrew R/e Benchmark 65 Handicap,1200,,,5,,Vin Santo,1,1,1,,,,,7.0909098220799835
Sunshine Coast,Sunshine Coast,2026-09-27,OTHER,6,Peter Andrew R/e Benchmark 65 Handicap,1200,,,11,,Gagnante Enchere,2,0,1,,,,,7.0909098220799835
Sunshine Coast,Sunshine Coast,2026-09-27,OTHER,6,Peter Andrew R/e Benchmark 65 Handicap,1200,,,6,,Royal Gladiator,3,0,1,,,,,7.0909098220799835
Sunshine Coast,Sunshine Coast,2026-09-27,OTHER,6,Peter Andrew R/e Benchmark 65 Handicap,1200,,,2,,Bit Of Grunt,4,0,0,,,,,7.0909098220799835
Sunshine Coast,Sunshine Coast,2026-09-27,OTHER,7,Coolum Men's Shed Ratings Band 0 - 60 Handicap,1800,,,2,,Draw Attention,1,1,1,,,,,7.496097345175956
Sunshine Coast,Sunshine Coast,2026-09-27,OTHER,7,Coolum Men's Shed Ratings Band 0 - 60 Handicap,1800,,,4,,Clubman,2,0,1,,,,,7.496097345175956
Sunshine Coast,Sunshine Coast,2026-09-27,OTHER,7,Coolum Men's Shed Ratings Band 0 - 60 Handicap,1800,,,11,,Stormstout,3,0,1,,,,,7.496097345175956
Sunshine Coast,Sunshine Coast,2026-09-27,OTHER,7,Coolum Men's Shed Ratings Band 0 - 60 Handicap,1800,,,1,,Big Boy George,4,0,0,,,,,7.496097345175956
Dubbo,Dubbo,2026-09-27,OTHER,1,Showcase Picnic Sprint Championship,1000,,,7,,Line Of Law,1,1,1,,,,,6.90875477931522
Dubbo,Dubbo,2026-09-27,OTHER,1,Showcase Picnic Sprint Championship,1000,,,1,,Bobby's Secret,2,0,1,,,,,6.90875477931522
Dubbo,Dubbo,2026-09-27,OTHER,1,Showcase Picnic Sprint Championship,1000,,,4,,Ready For Lift Off,3,0,1,,,,,6.90875477931522
Dubbo,Dubbo,2026-09-27,OTHER,1,Showcase Picnic Sprint Championship,1000,,,12,,Te Pani,4,0,0,,,,,6.90875477931522
Dubbo,Dubbo,2026-09-27,OTHER,2,Showcase Picnic Championship,1400,,,8,,The Bentley,1,1,1,,,,,7.244941546337007
Dubbo,Dubbo,2026-09-27,OTHER,2,Showcase Picnic Championship,1400,,,12,,I'm Scarlett,2,0,1,,,,,7.244941546337007
Dubbo,Dubbo,2026-09-27,OTHER,2,Showcase Picnic Championship,1400,,,2,,Hemsted,3,0,1,,,,,7.244941546337007
Dubbo,Dubbo,2026-09-27,OTHER,2,Showcase Picnic Championship,1400,,,14,,Trifecta Ruby,4,0,0,,,,,7.244941546337007
Dubbo,Dubbo,2026-09-27,OTHER,3,Tommy Toyota Memorial Showcase Super Maiden Handicap,1400,,,11,,Velocette,1,1,1,,,,,7.244941546337007
Dubbo,Dubbo,2026-09-27,OTHER,3,Tommy Toyota Memorial Showcase Super Maiden Handicap,1400,,,4,,Duskaura,2,0,1,,,,,7.244941546337007
Dubbo,Dubbo,2026-09-27,OTHER,3,Tommy Toyota Memorial Showcase Super Maiden Handicap,1400,,,2,,Finance Work,3,0,1,,,,,7.244941546337007
Dubbo,Dubbo,2026-09-27,OTHER,3,Tommy Toyota Memorial Showcase Super Maiden Handicap,1400,,,6,,Forwarding,4,0,0,,,,,7.244941546337007
Dubbo,Dubbo,2026-09-27,OTHER,4,Castlereagh Hotel Country Boosted Showcase Maiden Plate,1000,,,3,,Patrika Express,1,1,1,,,,,6.90875477931522
Dubbo,Dubbo,2026-09-27,OTHER,4,Castlereagh Hotel Country Boosted Showcase Maiden Plate,1000,,,11,,Half Gage,2,0,1,,,,,6.90875477931522
Dubbo,Dubbo,2026-09-27,OTHER,4,Castlereagh Hotel Country Boosted Showcase Maiden Plate,1000,,,2,,Mi Piace,3,0,1,,,,,6.90875477931522
Dubbo,Dubbo,2026-09-27,OTHER,4,Castlereagh Hotel Country Boosted Showcase Maiden Plate,1000,,,6,,Street Empress,4,0,0,,,,,6.90875477931522
Dubbo,Dubbo,2026-09-27,OTHER,5,Martin Collins Australia Benchmark 58 Showcase Handicap,2200,,,4,,Backhander,1,1,1,,,,,7.696667081526462
Dubbo,Dubbo,2026-09-27,OTHER,5,Martin Collins Australia Benchmark 58 Showcase Handicap,2200,,,3,,Farraige,2,0,1,,,,,7.696667081526462
Dubbo,Dubbo,2026-09-27,OTHER,5,Martin Collins Australia Benchmark 58 Showcase Handicap,2200,,,5,,Questionable,3,0,1,,,,,7.696667081526462
Dubbo,Dubbo,2026-09-27,OTHER,5,Martin Collins Australia Benchmark 58 Showcase Handicap,2200,,,2,,Godwits,4,0,0,,,,,7.696667081526462
Dubbo,Dubbo,2026-09-27,OTHER,6,Lexus Of Central West Luxury Class 1 Showcase Handicap,1300,,,7,,Easy Trapezee,1,1,1,,,,,7.170888478512505
Dubbo,Dubbo,2026-09-27,OTHER,6,Lexus Of Central West Luxury Class 1 Showcase Handicap,1300,,,9,,Midnight In Minori,2,0,1,,,,,7.170888478512505
Dubbo,Dubbo,2026-09-27,OTHER,6,Lexus Of Central West Luxury Class 1 Showcase Handicap,1300,,,1,,Wootten It Be Nice,3,0,1,,,,,7.170888478512505
Dubbo,Dubbo,2026-09-27,OTHER,6,Lexus Of Central West Luxury Class 1 Showcase Handicap,1300,,,5,,Chamber Of Secrets,4,0,0,,,,,7.170888478512505
Dubbo,Dubbo,2026-09-27,OTHER,7,Arrowfield Country Magic Class 2 Showcase Plate,1100,,,13,,Puffin,1,1,1,,,,,7.00397413672268
Dubbo,Dubbo,2026-09-27,OTHER,7,Arrowfield Country Magic Class 2 Showcase Plate,1100,,,8,,Super Infinity,2,0,1,,,,,7.00397413672268
Dubbo,Dubbo,2026-09-27,OTHER,7,Arrowfield Country Magic Class 2 Showcase Plate,1100,,,12,,Manoora,3,0,1,,,,,7.00397413672268
Dubbo,Dubbo,2026-09-27,OTHER,7,Arrowfield Country Magic Class 2 Showcase Plate,1100,,,5,,Marvel Man,4,0,0,,,,,7.00397413672268
Dubbo,Dubbo,2026-09-27,OTHER,8,Xxxx Gold Vincent Gordon Flying Handicap,1100,,,7,,Where'stheprofit,1,1,1,,,,,7.00397413672268
Dubbo,Dubbo,2026-09-27,OTHER,8,Xxxx Gold Vincent Gordon Flying Handicap,1100,,,4,,Castlebar Road,2,0,1,,,,,7.00397413672268
Dubbo,Dubbo,2026-09-27,OTHER,8,Xxxx Gold Vincent Gordon Flying Handicap,1100,,,8,,Micro Mikki,3,0,1,,,,,7.00397413672268
Dubbo,Dubbo,2026-09-27,OTHER,8,Xxxx Gold Vincent Gordon Flying Handicap,1100,,,5,,Crusader Kings,4,0,0,,,,,7.00397413672268
Dubbo,Dubbo,2026-09-27,OTHER,9,Dubbo City & Gilgandra Toyota  Big Dance Eligibility  Dubbo Gold Cup,1600,,,6,,Puntin,1,1,1,,,,,7.3783837129967145
Dubbo,Dubbo,2026-09-27,OTHER,9,Dubbo City & Gilgandra Toyota  Big Dance Eligibility  Dubbo Gold Cup,1600,,,14,,Tom Vegas,2,0,1,,,,,7.3783837129967145
Dubbo,Dubbo,2026-09-27,OTHER,9,Dubbo City & Gilgandra Toyota  Big Dance Eligibility  Dubbo Gold Cup,1600,,,3,,It's A Knockout,3,0,1,,,,,7.3783837129967145
Dubbo,Dubbo,2026-09-27,OTHER,9,Dubbo City & Gilgandra Toyota  Big Dance Eligibility  Dubbo Gold Cup,1600,,,5,,Montpellier,4,0,0,,,,,7.3783837129967145
Dubbo,Dubbo,2026-09-27,OTHER,10,Inland Petroleum Benchmark 58 Showcase Handicap,1300,,,11,,Moon Zone,1,1,1,,,,,7.170888478512505
Dubbo,Dubbo,2026-09-27,OTHER,10,Inland Petroleum Benchmark 58 Showcase Handicap,1300,,,12,,Mrs Bull,2,0,1,,,,,7.170888478512505
Dubbo,Dubbo,2026-09-27,OTHER,10,Inland Petroleum Benchmark 58 Showcase Handicap,1300,,,8,,Jagerschnitzel,3,0,1,,,,,7.170888478512505
Dubbo,Dubbo,2026-09-27,OTHER,10,Inland Petroleum Benchmark 58 Showcase Handicap,1300,,,1,,Lang Park,4,0,0,,,,,7.170888478512505
Port Macquarie,Port Macquarie,2026-09-27,OTHER,1,The Traitors Country Boosted Maiden Plate,1004,,,3,,Markwell Topsort,1,1,1,,,,,6.912742820493176
Port Macquarie,Port Macquarie,2026-09-27,OTHER,1,The Traitors Country Boosted Maiden Plate,1004,,,11,,Cosmic Jinks,2,0,1,,,,,6.912742820493176
Port Macquarie,Port Macquarie,2026-09-27,OTHER,1,The Traitors Country Boosted Maiden Plate,1004,,,2,,Fratianno,3,0,1,,,,,6.912742820493176
Port Macquarie,Port Macquarie,2026-09-27,OTHER,1,The Traitors Country Boosted Maiden Plate,1004,,,7,,Star Of Vega,4,0,0,,,,,6.912742820493176
Port Macquarie,Port Macquarie,2026-09-27,OTHER,2,Stan Sport Country Boosted Class 1 Handicap,1004,,,2,,Triple Yes,1,1,1,,,,,6.912742820493176
Port Macquarie,Port Macquarie,2026-09-27,OTHER,2,Stan Sport Country Boosted Class 1 Handicap,1004,,,5,,Dirty Does It,2,0,1,,,,,6.912742820493176
Port Macquarie,Port Macquarie,2026-09-27,OTHER,2,Stan Sport Country Boosted Class 1 Handicap,1004,,,6,,He'sthechief,3,0,1,,,,,6.912742820493176
Port Macquarie,Port Macquarie,2026-09-27,OTHER,2,Stan Sport Country Boosted Class 1 Handicap,1004,,,10,,Clan D'oro,4,0,0,,,,,6.912742820493176
Port Macquarie,Port Macquarie,2026-09-27,OTHER,3,Goggle Box Super Maiden Handicap,1506,,,3,,Warm Front,1,1,1,,,,,7.317876198626496
Port Macquarie,Port Macquarie,2026-09-27,OTHER,3,Goggle Box Super Maiden Handicap,1506,,,1,,Purple Haze,2,0,1,,,,,7.317876198626496
Port Macquarie,Port Macquarie,2026-09-27,OTHER,3,Goggle Box Super Maiden Handicap,1506,,,11,,So Fortunate,3,0,1,,,,,7.317876198626496
Port Macquarie,Port Macquarie,2026-09-27,OTHER,3,Goggle Box Super Maiden Handicap,1506,,,9,,Repeat Offender,4,0,0,,,,,7.317876198626496
Port Macquarie,Port Macquarie,2026-09-27,OTHER,4,My Favourite Martian Benchmark 58 Handicap,1204,,,8,,Under Twenty Two,1,1,1,,,,,7.094234845924755
Port Macquarie,Port Macquarie,2026-09-27,OTHER,4,My Favourite Martian Benchmark 58 Handicap,1204,,,5,,Hard Jakka,2,0,1,,,,,7.094234845924755
Port Macquarie,Port Macquarie,2026-09-27,OTHER,4,My Favourite Martian Benchmark 58 Handicap,1204,,,6,,Aye Aye Skipper,3,0,1,,,,,7.094234845924755
Port Macquarie,Port Macquarie,2026-09-27,OTHER,4,My Favourite Martian Benchmark 58 Handicap,1204,,,4,,A Touch From Fayt,4,0,0,,,,,7.094234845924755
Port Macquarie,Port Macquarie,2026-09-27,OTHER,4,My Favourite Martian Benchmark 58 Handicap,1204,,,2,,Coco Dreaming,4,0,0,,,,,7.094234845924755
Port Macquarie,Port Macquarie,2026-09-27,OTHER,5,News 24 Benchmark 58 Handicap,1204,,,4,,Newy,1,1,1,,,,,7.094234845924755
Port Macquarie,Port Macquarie,2026-09-27,OTHER,5,News 24 Benchmark 58 Handicap,1204,,,7,,Fancy Shoulder,2,0,1,,,,,7.094234845924755
Port Macquarie,Port Macquarie,2026-09-27,OTHER,5,News 24 Benchmark 58 Handicap,1204,,,3,,Bjorn Ironside,3,0,1,,,,,7.094234845924755
Port Macquarie,Port Macquarie,2026-09-27,OTHER,5,News 24 Benchmark 58 Handicap,1204,,,2,,Take The Jackpot,4,0,0,,,,,7.094234845924755
Port Macquarie,Port Macquarie,2026-09-27,OTHER,6,The Block Benchmark 66 Handicap,1506,,,7,,Golden Copper,1,1,1,,,,,7.317876198626496
Port Macquarie,Port Macquarie,2026-09-27,OTHER,6,The Block Benchmark 66 Handicap,1506,,,6,,Listins Lass,2,0,1,,,,,7.317876198626496
Port Macquarie,Port Macquarie,2026-09-27,OTHER,6,The Block Benchmark 66 Handicap,1506,,,3,,Lensman,3,0,1,,,,,7.317876198626496
Port Macquarie,Port Macquarie,2026-09-27,OTHER,6,The Block Benchmark 66 Handicap,1506,,,4,,Broadway Follies,4,0,0,,,,,7.317876198626496
Port Macquarie,Port Macquarie,2026-09-27,OTHER,7,Win Network Port Macquarie Cup Prelude Benchmark 82 Handicap,1808,,,5,,Creative Righteous,1,1,1,,,,,7.500529485395295
Port Macquarie,Port Macquarie,2026-09-27,OTHER,7,Win Network Port Macquarie Cup Prelude Benchmark 82 Handicap,1808,,,3,,Rothrock,2,0,1,,,,,7.500529485395295
Port Macquarie,Port Macquarie,2026-09-27,OTHER,7,Win Network Port Macquarie Cup Prelude Benchmark 82 Handicap,1808,,,9,,Dance Dance Dance,3,0,1,,,,,7.500529485395295
Port Macquarie,Port Macquarie,2026-09-27,OTHER,7,Win Network Port Macquarie Cup Prelude Benchmark 82 Handicap,1808,,,2,,Hibiki Harmony,4,0,0,,,,,7.500529485395295
Port Macquarie,Port Macquarie,2026-09-27,OTHER,8,9now Benchmark 74 Handicap,1004,,,5,,Via Vegas,1,1,1,,,,,6.912742820493176
Port Macquarie,Port Macquarie,2026-09-27,OTHER,8,9now Benchmark 74 Handicap,1004,,,1,,Grey Effects,2,0,1,,,,,6.912742820493176
Port Macquarie,Port Macquarie,2026-09-27,OTHER,8,9now Benchmark 74 Handicap,1004,,,3,,Damas,3,0,1,,,,,6.912742820493176
Port Macquarie,Port Macquarie,2026-09-27,OTHER,8,9now Benchmark 74 Handicap,1004,,,9,,Savoca,4,0,0,,,,,6.912742820493176
Adana,Adana,2026-09-28,OTHER,1,Race 1,1300,,,6,,Tahsin Alp,1,1,1,,,,,7.170888478512505
Adana,Adana,2026-09-28,OTHER,1,Race 1,1300,,,8,,Victory Addict,2,0,1,,,,,7.170888478512505
Adana,Adana,2026-09-28,OTHER,1,Race 1,1300,,,4,,İvar,3,0,1,,,,,7.170888478512505
Adana,Adana,2026-09-28,OTHER,1,Race 1,1300,,,11,,Sha Carri,4,0,0,,,,,7.170888478512505
Adana,Adana,2026-09-28,OTHER,2,Race 2,1800,,,6,,El Alacran,1,1,1,,,,,7.496097345175956
Adana,Adana,2026-09-28,OTHER,2,Race 2,1800,,,8,,Taladrro,2,0,1,,,,,7.496097345175956
Adana,Adana,2026-09-28,OTHER,2,Race 2,1800,,,7,,Realıstıc Gırl,3,0,1,,,,,7.496097345175956
Adana,Adana,2026-09-28,OTHER,2,Race 2,1800,,,12,,Takeachanceonme,4,0,0,,,,,7.496097345175956
Adana,Adana,2026-09-28,OTHER,3,Race 3,2000,,,6,,Azerbaycanlı,1,1,1,,,,,7.601402334583733
Adana,Adana,2026-09-28,OTHER,3,Race 3,2000,,,5,,Şafak Bey,2,0,1,,,,,7.601402334583733
Adana,Adana,2026-09-28,OTHER,3,Race 3,2000,,,1,,Başaran Tay,3,0,1,,,,,7.601402334583733
Adana,Adana,2026-09-28,OTHER,3,Race 3,2000,,,3,,İskit Alp,4,0,0,,,,,7.601402334583733
Adana,Adana,2026-09-28,OTHER,4,Race 4,1300,,,3,,Herani,1,1,1,,,,,7.170888478512505
Adana,Adana,2026-09-28,OTHER,4,Race 4,1300,,,5,,Miranhan,2,0,1,,,,,7.170888478512505
Adana,Adana,2026-09-28,OTHER,4,Race 4,1300,,,6,,Pıpo Dayı,3,0,1,,,,,7.170888478512505
Adana,Adana,2026-09-28,OTHER,4,Race 4,1300,,,11,,Signomi,4,0,0,,,,,7.170888478512505
Adana,Adana,2026-09-28,OTHER,5,Race 5,1400,,,6,,Gilmour,1,1,1,,,,,7.244941546337007
Adana,Adana,2026-09-28,OTHER,5,Race 5,1400,,,4,,Rosas Del Rosedal,2,0,1,,,,,7.244941546337007
Adana,Adana,2026-09-28,OTHER,5,Race 5,1400,,,16,,Borga,3,0,1,,,,,7.244941546337007
Adana,Adana,2026-09-28,OTHER,5,Race 5,1400,,,2,,Small Burgaz,4,0,0,,,,,7.244941546337007
Adana,Adana,2026-09-28,OTHER,6,Race 6,2400,,,6,,Treasure Island,1,1,1,,,,,7.783640596221253
Adana,Adana,2026-09-28,OTHER,6,Race 6,2400,,,1,,Altınsima,2,0,1,,,,,7.783640596221253
Adana,Adana,2026-09-28,OTHER,6,Race 6,2400,,,4,,Jan Aqua,3,0,1,,,,,7.783640596221253
Adana,Adana,2026-09-28,OTHER,6,Race 6,2400,,,7,,Unreal Engine,4,0,0,,,,,7.783640596221253
Adana,Adana,2026-09-28,OTHER,7,Race 7,1400,,,1,,Arslan Oğlu,1,1,1,,,,,7.244941546337007
Adana,Adana,2026-09-28,OTHER,7,Race 7,1400,,,2,,Salahiyet,2,0,1,,,,,7.244941546337007
Adana,Adana,2026-09-28,OTHER,7,Race 7,1400,,,5,,Fennan,3,0,1,,,,,7.244941546337007
Adana,Adana,2026-09-28,OTHER,7,Race 7,1400,,,8,,Çelikoviç,4,0,0,,,,,7.244941546337007
Adana,Adana,2026-09-28,OTHER,8,Race 8,2000,,,13,,Varto Esintisi,1,1,1,,,,,7.601402334583733
Adana,Adana,2026-09-28,OTHER,8,Race 8,2000,,,2,,Yenal,2,0,1,,,,,7.601402334583733
Adana,Adana,2026-09-28,OTHER,8,Race 8,2000,,,10,,Nergislik Tay,3,0,1,,,,,7.601402334583733
Adana,Adana,2026-09-28,OTHER,8,Race 8,2000,,,6,,Merhamet,4,0,0,,,,,7.601402334583733
Adana,Adana,2026-09-28,OTHER,9,Race 9,1500,,,10,,Royal Romance,1,1,1,,,,,7.313886831633462
Adana,Adana,2026-09-28,OTHER,9,Race 9,1500,,,13,,Lord Seyfo,2,0,1,,,,,7.313886831633462
Adana,Adana,2026-09-28,OTHER,9,Race 9,1500,,,5,,Sosan,3,0,1,,,,,7.313886831633462
Adana,Adana,2026-09-28,OTHER,9,Race 9,1500,,,9,,O Papatya,4,0,0,,,,,7.313886831633462
Amiens,Amiens,2026-09-28,OTHER,1,Prix Dominique Geroux Handicap,2199,,,6,,Money Money,1,1,1,,,,,7.696212639346407
Amiens,Amiens,2026-09-28,OTHER,1,Prix Dominique Geroux Handicap,2199,,,1,,Golden Beach,2,0,1,,,,,7.696212639346407
Amiens,Amiens,2026-09-28,OTHER,1,Prix Dominique Geroux Handicap,2199,,,5,,Rue De L'odeon,3,0,1,,,,,7.696212639346407
Amiens,Amiens,2026-09-28,OTHER,1,Prix Dominique Geroux Handicap,2199,,,4,,Camelarua,4,0,0,,,,,7.696212639346407
Amiens,Amiens,2026-09-28,OTHER,2,Px Du Pdv Pmu Le Chalet Les Attaques Maiden Stakes,2199,,,8,,Asylla,1,1,1,,,,,7.696212639346407
Amiens,Amiens,2026-09-28,OTHER,2,Px Du Pdv Pmu Le Chalet Les Attaques Maiden Stakes,2199,,,7,,Sonny Angel,2,0,1,,,,,7.696212639346407
Amiens,Amiens,2026-09-28,OTHER,2,Px Du Pdv Pmu Le Chalet Les Attaques Maiden Stakes,2199,,,3,,Wilela,3,0,1,,,,,7.696212639346407
Amiens,Amiens,2026-09-28,OTHER,2,Px Du Pdv Pmu Le Chalet Les Attaques Maiden Stakes,2199,,,4,,Nicosie Essef,4,0,0,,,,,7.696212639346407
Amiens,Amiens,2026-09-28,OTHER,3,Prix Yves Saint Martin Maiden Stakes,2199,,,6,,Makan,1,1,1,,,,,7.696212639346407
Amiens,Amiens,2026-09-28,OTHER,3,Prix Yves Saint Martin Maiden Stakes,2199,,,3,,Costa Navarino,2,0,1,,,,,7.696212639346407
Amiens,Amiens,2026-09-28,OTHER,3,Prix Yves Saint Martin Maiden Stakes,2199,,,5,,Citoyen,3,0,1,,,,,7.696212639346407
Amiens,Amiens,2026-09-28,OTHER,3,Prix Yves Saint Martin Maiden Stakes,2199,,,2,,Sohar,4,0,0,,,,,7.696212639346407
Amiens,Amiens,2026-09-28,OTHER,4,Prix Du Pdv Pmu L'union Moreuil (Prix Des Jardins Flottants) Claiming Stakes,1650,,,13,,Lady Tedsmore,1,1,1,,,,,7.409136443920128
Amiens,Amiens,2026-09-28,OTHER,4,Prix Du Pdv Pmu L'union Moreuil (Prix Des Jardins Flottants) Claiming Stakes,1650,,,2,,Hello Master,2,0,1,,,,,7.409136443920128
Amiens,Amiens,2026-09-28,OTHER,4,Prix Du Pdv Pmu L'union Moreuil (Prix Des Jardins Flottants) Claiming Stakes,1650,,,11,,El Vegas,3,0,1,,,,,7.409136443920128
Amiens,Amiens,2026-09-28,OTHER,4,Prix Du Pdv Pmu L'union Moreuil (Prix Des Jardins Flottants) Claiming Stakes,1650,,,1,,Monarco,4,0,0,,,,,7.409136443920128
Amiens,Amiens,2026-09-28,OTHER,5,Prix De Longpre Maiden Stakes,1650,,,5,,Mia Rare,1,1,1,,,,,7.409136443920128
Amiens,Amiens,2026-09-28,OTHER,5,Prix De Longpre Maiden Stakes,1650,,,6,,Perka Fal,2,0,1,,,,,7.409136443920128
Amiens,Amiens,2026-09-28,OTHER,5,Prix De Longpre Maiden Stakes,1650,,,4,,Victorstrung,3,0,1,,,,,7.409136443920128
Amiens,Amiens,2026-09-28,OTHER,5,Prix De Longpre Maiden Stakes,1650,,,2,,Adhara,4,0,0,,,,,7.409136443920128
Amiens,Amiens,2026-09-28,OTHER,6,Prix Florent Geroux Claiming Stakes,1650,,,1,,Itaewon,1,1,1,,,,,7.409136443920128
Amiens,Amiens,2026-09-28,OTHER,6,Prix Florent Geroux Claiming Stakes,1650,,,7,,Iffrocta Fal,2,0,1,,,,,7.409136443920128
Amiens,Amiens,2026-09-28,OTHER,6,Prix Florent Geroux Claiming Stakes,1650,,,5,,Art Piece,3,0,1,,,,,7.409136443920128
Amiens,Amiens,2026-09-28,OTHER,6,Prix Florent Geroux Claiming Stakes,1650,,,4,,Westminster Night,4,0,0,,,,,7.409136443920128
Amiens,Amiens,2026-09-28,OTHER,7,Prix Du Pdv Pmu L'ocean Equihen-plage (Prix Edouard Acker) Handicap,1650,,,6,,Likethewind,1,1,1,,,,,7.409136443920128
Amiens,Amiens,2026-09-28,OTHER,7,Prix Du Pdv Pmu L'ocean Equihen-plage (Prix Edouard Acker) Handicap,1650,,,8,,Elenka,2,0,1,,,,,7.409136443920128
Amiens,Amiens,2026-09-28,OTHER,7,Prix Du Pdv Pmu L'ocean Equihen-plage (Prix Edouard Acker) Handicap,1650,,,11,,Galilee Dream,3,0,1,,,,,7.409136443920128
Amiens,Amiens,2026-09-28,OTHER,7,Prix Du Pdv Pmu L'ocean Equihen-plage (Prix Edouard Acker) Handicap,1650,,,9,,Pokrov,4,0,0,,,,,7.409136443920128
Charles Town,Charles Town,2026-09-27,USA,1,Race 1 - Claiming,905,,,2,,Arditamente,1,1,1,,,,,6.80903930604298
Charles Town,Charles Town,2026-09-27,USA,1,Race 1 - Claiming,905,,,6,,Whatarewedoing,2,0,1,,,,,6.80903930604298
Charles Town,Charles Town,2026-09-27,USA,1,Race 1 - Claiming,905,,,4,,Tidbit,3,0,1,,,,,6.80903930604298
Charles Town,Charles Town,2026-09-27,USA,1,Race 1 - Claiming,905,,,5,,Trotter,4,0,0,,,,,6.80903930604298
Charles Town,Charles Town,2026-09-27,USA,2,Race 2 - Maiden Claiming,1408,,,8,,Role's Mischief,1,1,1,,,,,7.25063551189868
Charles Town,Charles Town,2026-09-27,USA,2,Race 2 - Maiden Claiming,1408,,,3,,Kelsey Hill Girl,2,0,1,,,,,7.25063551189868
Charles Town,Charles Town,2026-09-27,USA,2,Race 2 - Maiden Claiming,1408,,,7,,Lilys Back,3,0,1,,,,,7.25063551189868
Charles Town,Charles Town,2026-09-27,USA,2,Race 2 - Maiden Claiming,1408,,,5,,False Witness,4,0,0,,,,,7.25063551189868
Charles Town,Charles Town,2026-09-27,USA,3,Race 3 - Allowance,1408,,,7,,Wynsome Cat,1,1,1,,,,,7.25063551189868
Charles Town,Charles Town,2026-09-27,USA,3,Race 3 - Allowance,1408,,,8,,Lil Miss Honkytonk,2,0,1,,,,,7.25063551189868
Charles Town,Charles Town,2026-09-27,USA,3,Race 3 - Allowance,1408,,,2,,Langleyswaterfall,3,0,1,,,,,7.25063551189868
Charles Town,Charles Town,2026-09-27,USA,3,Race 3 - Allowance,1408,,,6,,Belle Ofthe Wood,4,0,0,,,,,7.25063551189868
Charles Town,Charles Town,2026-09-27,USA,4,Race 4 - Allowance,905,,,4,,Chasing Sunsets,1,1,1,,,,,6.80903930604298
Charles Town,Charles Town,2026-09-27,USA,4,Race 4 - Allowance,905,,,6,,Boss Lady K P,2,0,1,,,,,6.80903930604298
Charles Town,Charles Town,2026-09-27,USA,4,Race 4 - Allowance,905,,,9,,Dixie Yodeler,3,0,1,,,,,6.80903930604298
Charles Town,Charles Town,2026-09-27,USA,4,Race 4 - Allowance,905,,,2,,My Girl Back Home,4,0,0,,,,,6.80903930604298
Charles Town,Charles Town,2026-09-27,USA,5,Race 5 - Claiming,1308,,,9,,Dance For Green,1,1,1,,,,,7.1770187659099
Charles Town,Charles Town,2026-09-27,USA,5,Race 5 - Claiming,1308,,,2,,Jester's Song,2,0,1,,,,,7.1770187659099
Charles Town,Charles Town,2026-09-27,USA,5,Race 5 - Claiming,1308,,,6,,Socially Awkward,3,0,1,,,,,7.1770187659099
Charles Town,Charles Town,2026-09-27,USA,5,Race 5 - Claiming,1308,,,3,,Summer Vibes,4,0,0,,,,,7.1770187659099
Charles Town,Charles Town,2026-09-27,USA,6,Race 6 - Claiming,1308,,,4,,Powered By Love,1,1,1,,,,,7.1770187659099
Charles Town,Charles Town,2026-09-27,USA,6,Race 6 - Claiming,1308,,,5,,Bonsai Warrior,2,0,1,,,,,7.1770187659099
Charles Town,Charles Town,2026-09-27,USA,6,Race 6 - Claiming,1308,,,2,,Soul Catcher,3,0,1,,,,,7.1770187659099
Charles Town,Charles Town,2026-09-27,USA,6,Race 6 - Claiming,1308,,,9,,Sailor Sam,4,0,0,,,,,7.1770187659099
Charles Town,Charles Town,2026-09-27,USA,7,Race 7 - Allowance Optional Claiming,1308,,,7,,Malibu Years,1,1,1,,,,,7.1770187659099
Charles Town,Charles Town,2026-09-27,USA,7,Race 7 - Allowance Optional Claiming,1308,,,4,,Professor Grace,2,0,1,,,,,7.1770187659099
Charles Town,Charles Town,2026-09-27,USA,7,Race 7 - Allowance Optional Claiming,1308,,,2,,Breezey Bella,3,0,1,,,,,7.1770187659099
Charles Town,Charles Town,2026-09-27,USA,7,Race 7 - Allowance Optional Claiming,1308,,,1,,City Taah,4,0,0,,,,,7.1770187659099
Charles Town,Charles Town,2026-09-27,USA,8,Race 8 - Allowance,905,,,10,,Culminate,1,1,1,,,,,6.80903930604298
Charles Town,Charles Town,2026-09-27,USA,8,Race 8 - Allowance,905,,,7,,Bold Boomer,2,0,1,,,,,6.80903930604298
Charles Town,Charles Town,2026-09-27,USA,8,Race 8 - Allowance,905,,,5,,Holiday Cash,3,0,1,,,,,6.80903930604298
Charles Town,Charles Town,2026-09-27,USA,8,Race 8 - Allowance,905,,,3,,Fortunate Son,4,0,0,,,,,6.80903930604298
Churchill Downs,Churchill Downs,2026-09-27,USA,1,Race 1 - Claiming,1308,,,3,,Ashes And Diamonds,1,1,1,,,,,7.1770187659099
Churchill Downs,Churchill Downs,2026-09-27,USA,1,Race 1 - Claiming,1308,,,1,,Getting After It,2,0,1,,,,,7.1770187659099
Churchill Downs,Churchill Downs,2026-09-27,USA,1,Race 1 - Claiming,1308,,,2,,Mustang Lady,3,0,1,,,,,7.1770187659099
Churchill Downs,Churchill Downs,2026-09-27,USA,1,Race 1 - Claiming,1308,,,7,,Lexi's Melody,4,0,0,,,,,7.1770187659099
Churchill Downs,Churchill Downs,2026-09-27,USA,2,Race 2 - Starter Allowance,1207,,,2,,Defending Albert,1,1,1,,,,,7.0967213784947605
Churchill Downs,Churchill Downs,2026-09-27,USA,2,Race 2 - Starter Allowance,1207,,,6,,Margin Of Air,2,0,1,,,,,7.0967213784947605
Churchill Downs,Churchill Downs,2026-09-27,USA,2,Race 2 - Starter Allowance,1207,,,4,,Cool Cowboy,3,0,1,,,,,7.0967213784947605
Churchill Downs,Churchill Downs,2026-09-27,USA,2,Race 2 - Starter Allowance,1207,,,1,,Gardiner,4,0,0,,,,,7.0967213784947605
Churchill Downs,Churchill Downs,2026-09-27,USA,3,Race 3 - Maiden Claiming,1207,,,2,,White Cargo,1,1,1,,,,,7.0967213784947605
Churchill Downs,Churchill Downs,2026-09-27,USA,3,Race 3 - Maiden Claiming,1207,,,4,,Roman Rogue,2,0,1,,,,,7.0967213784947605
Churchill Downs,Churchill Downs,2026-09-27,USA,3,Race 3 - Maiden Claiming,1207,,,1,,Chartered,3,0,1,,,,,7.0967213784947605
Churchill Downs,Churchill Downs,2026-09-27,USA,3,Race 3 - Maiden Claiming,1207,,,6,,Telecaster,4,0,0,,,,,7.0967213784947605
Churchill Downs,Churchill Downs,2026-09-27,USA,4,Race 4 - Allowance,1106,,,6,,Utopian,1,1,1,,,,,7.009408932708637
Churchill Downs,Churchill Downs,2026-09-27,USA,4,Race 4 - Allowance,1106,,,2,,Cinister Cix,2,0,1,,,,,7.009408932708637
Churchill Downs,Churchill Downs,2026-09-27,USA,4,Race 4 - Allowance,1106,,,3,,On Par,3,0,1,,,,,7.009408932708637
Churchill Downs,Churchill Downs,2026-09-27,USA,4,Race 4 - Allowance,1106,,,7,,Zap D'etat,4,0,0,,,,,7.009408932708637
Churchill Downs,Churchill Downs,2026-09-27,USA,5,Race 5 - Maiden Special Weight,1509,,,2,,Staunch,1,1,1,,,,,7.31986492980897
Churchill Downs,Churchill Downs,2026-09-27,USA,5,Race 5 - Maiden Special Weight,1509,,,8,,Gun For Glory,2,0,1,,,,,7.31986492980897
Churchill Downs,Churchill Downs,2026-09-27,USA,5,Race 5 - Maiden Special Weight,1509,,,10,,Riccelli,3,0,1,,,,,7.31986492980897
Churchill Downs,Churchill Downs,2026-09-27,USA,5,Race 5 - Maiden Special Weight,1509,,,4,,Oren's Flyer,4,0,0,,,,,7.31986492980897
Churchill Downs,Churchill Downs,2026-09-27,USA,6,Race 6 - Allowance,1710,,,5,,Ile De La Cite,1,1,1,,,,,7.444833273892193
Churchill Downs,Churchill Downs,2026-09-27,USA,6,Race 6 - Allowance,1710,,,6,,Passionfruit,2,0,1,,,,,7.444833273892193
Churchill Downs,Churchill Downs,2026-09-27,USA,6,Race 6 - Allowance,1710,,,7,,Lobby Rendezvous,3,0,1,,,,,7.444833273892193
Churchill Downs,Churchill Downs,2026-09-27,USA,6,Race 6 - Allowance,1710,,,1,,Lady Law,4,0,0,,,,,7.444833273892193
Churchill Downs,Churchill Downs,2026-09-27,USA,7,Race 7 - Allowance,1609,,,3,,Nymira,1,1,1,,,,,7.383989457978509
Churchill Downs,Churchill Downs,2026-09-27,USA,7,Race 7 - Allowance,1609,,,1,,Estardotoo,2,0,1,,,,,7.383989457978509
Churchill Downs,Churchill Downs,2026-09-27,USA,7,Race 7 - Allowance,1609,,,8,,Lecompte's Run,3,0,1,,,,,7.383989457978509
Churchill Downs,Churchill Downs,2026-09-27,USA,7,Race 7 - Allowance,1609,,,6,,New Purpose,4,0,0,,,,,7.383989457978509
Churchill Downs,Churchill Downs,2026-09-27,USA,8,Race 8 - Bourbon Flight Stakes,1710,,,1,,Plutarch,1,1,1,,,,,7.444833273892193
Churchill Downs,Churchill Downs,2026-09-27,USA,8,Race 8 - Bourbon Flight Stakes,1710,,,6,,Local Knowledge,2,0,1,,,,,7.444833273892193
Churchill Downs,Churchill Downs,2026-09-27,USA,8,Race 8 - Bourbon Flight Stakes,1710,,,5,,Stimulate,3,0,1,,,,,7.444833273892193
Churchill Downs,Churchill Downs,2026-09-27,USA,8,Race 8 - Bourbon Flight Stakes,1710,,,2,,Blackout Time,4,0,0,,,,,7.444833273892193
Churchill Downs,Churchill Downs,2026-09-27,USA,9,Race 9 - Ack Ack Stakes - Grade 3,1609,,,4,,Bishops Bay,1,1,1,,,,,7.383989457978509
Churchill Downs,Churchill Downs,2026-09-27,USA,9,Race 9 - Ack Ack Stakes - Grade 3,1609,,,6,,Coal Battle,2,0,1,,,,,7.383989457978509
Churchill Downs,Churchill Downs,2026-09-27,USA,9,Race 9 - Ack Ack Stakes - Grade 3,1609,,,3,,Owen Almighty,3,0,1,,,,,7.383989457978509
Churchill Downs,Churchill Downs,2026-09-27,USA,9,Race 9 - Ack Ack Stakes - Grade 3,1609,,,7,,East Avenue,4,0,0,,,,,7.383989457978509
Churchill Downs,Churchill Downs,2026-09-27,USA,10,Race 10 - Lukas Classic Stakes - Grade 2,1811,,,2,,Dragoon Guard,1,1,1,,,,,7.502186486602924
Churchill Downs,Churchill Downs,2026-09-27,USA,10,Race 10 - Lukas Classic Stakes - Grade 2,1811,,,7,,Chunk Of Gold,2,0,1,,,,,7.502186486602924
Churchill Downs,Churchill Downs,2026-09-27,USA,10,Race 10 - Lukas Classic Stakes - Grade 2,1811,,,1,,This Is Uscar,3,0,1,,,,,7.502186486602924
Churchill Downs,Churchill Downs,2026-09-27,USA,10,Race 10 - Lukas Classic Stakes - Grade 2,1811,,,3,,Tiztastic,4,0,0,,,,,7.502186486602924
Churchill Downs,Churchill Downs,2026-09-27,USA,11,Race 11 - Allowance Optional Claiming,2213,,,10,,Snipsnippitysnip,1,1,1,,,,,7.7025561132685825
Churchill Downs,Churchill Downs,2026-09-27,USA,11,Race 11 - Allowance Optional Claiming,2213,,,9,,Hereforagoodtime,2,0,1,,,,,7.7025561132685825
Churchill Downs,Churchill Downs,2026-09-27,USA,11,Race 11 - Allowance Optional Claiming,2213,,,6,,Mambo Queen,3,0,1,,,,,7.7025561132685825
Churchill Downs,Churchill Downs,2026-09-27,USA,11,Race 11 - Allowance Optional Claiming,2213,,,1,,Royal Justice,4,0,0,,,,,7.7025561132685825
Churchill Downs,Churchill Downs,2026-09-28,USA,1,Race 1 - Maiden Special Weight,1207,,,7,,She's Toasty,1,1,1,,,,,7.0967213784947605
Churchill Downs,Churchill Downs,2026-09-28,USA,1,Race 1 - Maiden Special Weight,1207,,,4,,Flaming Verdict,2,0,1,,,,,7.0967213784947605
Churchill Downs,Churchill Downs,2026-09-28,USA,1,Race 1 - Maiden Special Weight,1207,,,2,,Your Choice,3,0,1,,,,,7.0967213784947605
Churchill Downs,Churchill Downs,2026-09-28,USA,1,Race 1 - Maiden Special Weight,1207,,,1,,Pardi Vida,4,0,0,,,,,7.0967213784947605
Churchill Downs,Churchill Downs,2026-09-28,USA,2,Race 2 - Maiden Special Weight,1710,,,6,,She's Our Girl,1,1,1,,,,,7.444833273892193
Churchill Downs,Churchill Downs,2026-09-28,USA,2,Race 2 - Maiden Special Weight,1710,,,2,,Al Ghadeer,2,0,1,,,,,7.444833273892193
Churchill Downs,Churchill Downs,2026-09-28,USA,2,Race 2 - Maiden Special Weight,1710,,,1,,Skyforge,3,0,1,,,,,7.444833273892193
Churchill Downs,Churchill Downs,2026-09-28,USA,2,Race 2 - Maiden Special Weight,1710,,,4,,Twinklee,4,0,0,,,,,7.444833273892193
Churchill Downs,Churchill Downs,2026-09-28,USA,3,Race 3 - Allowance,1609,,,3,,Majik Mooney,1,1,1,,,,,7.383989457978509
Churchill Downs,Churchill Downs,2026-09-28,USA,3,Race 3 - Allowance,1609,,,7,,Bearamour,2,0,1,,,,,7.383989457978509
Churchill Downs,Churchill Downs,2026-09-28,USA,3,Race 3 - Allowance,1609,,,4,,That's Fire,3,0,1,,,,,7.383989457978509
Churchill Downs,Churchill Downs,2026-09-28,USA,3,Race 3 - Allowance,1609,,,6,,Hit The High Note,4,0,0,,,,,7.383989457978509
Churchill Downs,Churchill Downs,2026-09-28,USA,4,Race 4 - Maiden Special Weight,1106,,,6,,Yacht Master,1,1,1,,,,,7.009408932708637
Churchill Downs,Churchill Downs,2026-09-28,USA,4,Race 4 - Maiden Special Weight,1106,,,7,,Hazy Horizon,2,0,1,,,,,7.009408932708637
Churchill Downs,Churchill Downs,2026-09-28,USA,4,Race 4 - Maiden Special Weight,1106,,,4,,Subjugation,3,0,1,,,,,7.009408932708637
Churchill Downs,Churchill Downs,2026-09-28,USA,4,Race 4 - Maiden Special Weight,1106,,,8,,Kamassa,4,0,0,,,,,7.009408932708637
Churchill Downs,Churchill Downs,2026-09-28,USA,5,Race 5 - Claiming,1408,,,4,,White Whale,1,1,1,,,,,7.25063551189868
Churchill Downs,Churchill Downs,2026-09-28,USA,5,Race 5 - Claiming,1408,,,5,,Valiant Humor,2,0,1,,,,,7.25063551189868
Churchill Downs,Churchill Downs,2026-09-28,USA,5,Race 5 - Claiming,1408,,,6,,Kid Twist,3,0,1,,,,,7.25063551189868
Churchill Downs,Churchill Downs,2026-09-28,USA,5,Race 5 - Claiming,1408,,,3,,Mcfasty,4,0,0,,,,,7.25063551189868
Churchill Downs,Churchill Downs,2026-09-28,USA,6,Race 6 - Maiden Special Weight,1811,,,8,,Don's Winner,1,1,1,,,,,7.502186486602924
Churchill Downs,Churchill Downs,2026-09-28,USA,6,Race 6 - Maiden Special Weight,1811,,,4,,Cromwell,2,0,1,,,,,7.502186486602924
Churchill Downs,Churchill Downs,2026-09-28,USA,6,Race 6 - Maiden Special Weight,1811,,,5,,Mr. Tapps,3,0,1,,,,,7.502186486602924
Churchill Downs,Churchill Downs,2026-09-28,USA,6,Race 6 - Maiden Special Weight,1811,,,6,,Top Drawer,4,0,0,,,,,7.502186486602924
Churchill Downs,Churchill Downs,2026-09-28,USA,7,Race 7 - Maiden Special Weight,1509,,,3,,Foxiest,1,1,1,,,,,7.31986492980897
Churchill Downs,Churchill Downs,2026-09-28,USA,7,Race 7 - Maiden Special Weight,1509,,,5,,Dantini,2,0,1,,,,,7.31986492980897
Churchill Downs,Churchill Downs,2026-09-28,USA,7,Race 7 - Maiden Special Weight,1509,,,4,,Missy,3,0,1,,,,,7.31986492980897
Churchill Downs,Churchill Downs,2026-09-28,USA,7,Race 7 - Maiden Special Weight,1509,,,6,,My Pal Al,4,0,0,,,,,7.31986492980897
Churchill Downs,Churchill Downs,2026-09-28,USA,8,Race 8 - Allowance,1106,,,6,,Beach Heist,1,1,1,,,,,7.009408932708637
Churchill Downs,Churchill Downs,2026-09-28,USA,8,Race 8 - Allowance,1106,,,5,,Shirley Ann,2,0,1,,,,,7.009408932708637
Churchill Downs,Churchill Downs,2026-09-28,USA,8,Race 8 - Allowance,1106,,,1,,Mechaya,3,0,1,,,,,7.009408932708637
Churchill Downs,Churchill Downs,2026-09-28,USA,8,Race 8 - Allowance,1106,,,9,,Moonlight Dash,4,0,0,,,,,7.009408932708637
Churchill Downs,Churchill Downs,2026-09-28,USA,9,Race 9 - Starter Allowance,1710,,,10,,Rugged Love,1,1,1,,,,,7.444833273892193
Churchill Downs,Churchill Downs,2026-09-28,USA,9,Race 9 - Starter Allowance,1710,,,9,,Jets Rio,2,0,1,,,,,7.444833273892193
Churchill Downs,Churchill Downs,2026-09-28,USA,9,Race 9 - Starter Allowance,1710,,,3,,South Bend Tom,3,0,1,,,,,7.444833273892193
Churchill Downs,Churchill Downs,2026-09-28,USA,9,Race 9 - Starter Allowance,1710,,,8,,Spirit Of A Walkon,4,0,0,,,,,7.444833273892193
Churchill Downs,Churchill Downs,2026-09-28,USA,10,Race 10 - Allowance Optional Claiming,2213,,,10,,Telescopic,1,1,1,,,,,7.7025561132685825
Churchill Downs,Churchill Downs,2026-09-28,USA,10,Race 10 - Allowance Optional Claiming,2213,,,11,,Clyde's Got A Gun,2,0,1,,,,,7.7025561132685825
Churchill Downs,Churchill Downs,2026-09-28,USA,10,Race 10 - Allowance Optional Claiming,2213,,,2,,The Hidden Chamber,3,0,1,,,,,7.7025561132685825
Churchill Downs,Churchill Downs,2026-09-28,USA,10,Race 10 - Allowance Optional Claiming,2213,,,5,,Guns And Glory,4,0,0,,,,,7.7025561132685825
Craon,Craon,2026-09-27,OTHER,1,Prix Go Interim (Prix De L'oudon) Handicap Hurdle,3400,,,8,,April Flower,1,1,1,,,,,8.131824785007195
Craon,Craon,2026-09-27,OTHER,1,Prix Go Interim (Prix De L'oudon) Handicap Hurdle,3400,,,1,,Maimix,2,0,1,,,,,8.131824785007195
Craon,Craon,2026-09-27,OTHER,1,Prix Go Interim (Prix De L'oudon) Handicap Hurdle,3400,,,5,,Maestranzo,3,0,1,,,,,8.131824785007195
Craon,Craon,2026-09-27,OTHER,1,Prix Go Interim (Prix De L'oudon) Handicap Hurdle,3400,,,10,,Master Dore,4,0,0,,,,,8.131824785007195
Craon,Craon,2026-09-27,OTHER,2,Prix V And B (Handicap De Craon - Challenge Apgo) Handicap,2999,,,9,,Moon Night,1,1,1,,,,,8.006367567650246
Craon,Craon,2026-09-27,OTHER,2,Prix V And B (Handicap De Craon - Challenge Apgo) Handicap,2999,,,5,,Sauviac,2,0,1,,,,,8.006367567650246
Craon,Craon,2026-09-27,OTHER,2,Prix V And B (Handicap De Craon - Challenge Apgo) Handicap,2999,,,7,,Jourdegloiredarmor,3,0,1,,,,,8.006367567650246
Craon,Craon,2026-09-27,OTHER,2,Prix V And B (Handicap De Craon - Challenge Apgo) Handicap,2999,,,4,,Yes Boy,4,0,0,,,,,8.006367567650246
Craon,Craon,2026-09-27,OTHER,3,Prix Ici Mayenne (Prix Claude Rouget) Chase,4200,,,3,,Sacred Union,1,1,1,,,,,8.343077871169383
Craon,Craon,2026-09-27,OTHER,3,Prix Ici Mayenne (Prix Claude Rouget) Chase,4200,,,6,,Kuartz,2,0,1,,,,,8.343077871169383
Craon,Craon,2026-09-27,OTHER,3,Prix Ici Mayenne (Prix Claude Rouget) Chase,4200,,,5,,Flanker,3,0,1,,,,,8.343077871169383
Craon,Craon,2026-09-27,OTHER,3,Prix Ici Mayenne (Prix Claude Rouget) Chase,4200,,,4,,As Magnetic,4,0,0,,,,,8.343077871169383
Craon,Craon,2026-09-27,OTHER,4,Prix Juge Tp (Prix Volney) Maiden Stakes,1650,,,5,,Dribble,1,1,1,,,,,7.409136443920128
Craon,Craon,2026-09-27,OTHER,4,Prix Juge Tp (Prix Volney) Maiden Stakes,1650,,,8,,Citta Nova,2,0,1,,,,,7.409136443920128
Craon,Craon,2026-09-27,OTHER,4,Prix Juge Tp (Prix Volney) Maiden Stakes,1650,,,4,,Valiantus,3,0,1,,,,,7.409136443920128
Craon,Craon,2026-09-27,OTHER,4,Prix Juge Tp (Prix Volney) Maiden Stakes,1650,,,12,,Dolorosa,4,0,0,,,,,7.409136443920128
Craon,Craon,2026-09-27,OTHER,5,Prix Asselco (Prix Docteur Guy Jallot) Handicap Chase,4099,,,1,,The Prince,1,1,1,,,,,8.318742252692399
Craon,Craon,2026-09-27,OTHER,5,Prix Asselco (Prix Docteur Guy Jallot) Handicap Chase,4099,,,6,,Gelina,2,0,1,,,,,8.318742252692399
Craon,Craon,2026-09-27,OTHER,5,Prix Asselco (Prix Docteur Guy Jallot) Handicap Chase,4099,,,10,,Monsieur Bach,3,0,1,,,,,8.318742252692399
Craon,Craon,2026-09-27,OTHER,5,Prix Asselco (Prix Docteur Guy Jallot) Handicap Chase,4099,,,2,,Major Du Large,4,0,0,,,,,8.318742252692399
Craon,Craon,2026-09-27,OTHER,6,Prix Haras De Bouquetot (Prix Du Point Du Jour) Listed Stakes,1650,,,6,,Focus,1,1,1,,,,,7.409136443920128
Craon,Craon,2026-09-27,OTHER,6,Prix Haras De Bouquetot (Prix Du Point Du Jour) Listed Stakes,1650,,,4,,Colin The Brave,2,0,1,,,,,7.409136443920128
Craon,Craon,2026-09-27,OTHER,6,Prix Haras De Bouquetot (Prix Du Point Du Jour) Listed Stakes,1650,,,5,,Pitch Perfect,3,0,1,,,,,7.409136443920128
Craon,Craon,2026-09-27,OTHER,6,Prix Haras De Bouquetot (Prix Du Point Du Jour) Listed Stakes,1650,,,3,,C'est Vrai,4,0,0,,,,,7.409136443920128
Craon,Craon,2026-09-27,OTHER,7,Prix Du Journal Du Haut Anjou (Prix Olivier D'andigne) Handicap Chase,3700,,,2,,Latchika Du Lin,1,1,1,,,,,8.216358332386156
Craon,Craon,2026-09-27,OTHER,7,Prix Du Journal Du Haut Anjou (Prix Olivier D'andigne) Handicap Chase,3700,,,1,,Beau Dino,2,0,1,,,,,8.216358332386156
Craon,Craon,2026-09-27,OTHER,7,Prix Du Journal Du Haut Anjou (Prix Olivier D'andigne) Handicap Chase,3700,,,3,,Kola D'oudairies,3,0,1,,,,,8.216358332386156
Craon,Craon,2026-09-27,OTHER,7,Prix Du Journal Du Haut Anjou (Prix Olivier D'andigne) Handicap Chase,3700,,,7,,Jazz Festival,4,0,0,,,,,8.216358332386156
Craon,Craon,2026-09-27,OTHER,8,Prix Credit Mutuel (Prix Du Val D'athee) Handicap,1299,,,5,,El Professor Chop,1,1,1,,,,,7.170119543449628
Craon,Craon,2026-09-27,OTHER,8,Prix Credit Mutuel (Prix Du Val D'athee) Handicap,1299,,,1,,Pomme Surette,2,0,1,,,,,7.170119543449628
Craon,Craon,2026-09-27,OTHER,8,Prix Credit Mutuel (Prix Du Val D'athee) Handicap,1299,,,6,,Lovely Dream,3,0,1,,,,,7.170119543449628
Craon,Craon,2026-09-27,OTHER,8,Prix Credit Mutuel (Prix Du Val D'athee) Handicap,1299,,,7,,Teranga,4,0,0,,,,,7.170119543449628
Craon,Craon,2026-09-27,OTHER,9,Prix Equidia (Prix De Parislongchamp) Handicap,1299,,,6,,Maya Chop,1,1,1,,,,,7.170119543449628
Craon,Craon,2026-09-27,OTHER,9,Prix Equidia (Prix De Parislongchamp) Handicap,1299,,,5,,Ma Mome,2,0,1,,,,,7.170119543449628
Craon,Craon,2026-09-27,OTHER,9,Prix Equidia (Prix De Parislongchamp) Handicap,1299,,,13,,The Cat's,3,0,1,,,,,7.170119543449628
Craon,Craon,2026-09-27,OTHER,9,Prix Equidia (Prix De Parislongchamp) Handicap,1299,,,7,,Nippe De Star,4,0,0,,,,,7.170119543449628
Curragh,Curragh,2026-09-27,OTHER,1,Army Equitation Centenary Irish European Breeders Fund Maiden,1408,,,11,,Raging Bull,1,1,1,,,,,7.25063551189868
Curragh,Curragh,2026-09-27,OTHER,1,Army Equitation Centenary Irish European Breeders Fund Maiden,1408,,,10,,Overhead Drive,2,0,1,,,,,7.25063551189868
Curragh,Curragh,2026-09-27,OTHER,1,Army Equitation Centenary Irish European Breeders Fund Maiden,1408,,,3,,Golden Idol,3,0,1,,,,,7.25063551189868
Curragh,Curragh,2026-09-27,OTHER,1,Army Equitation Centenary Irish European Breeders Fund Maiden,1408,,,8,,Normanton,4,0,0,,,,,7.25063551189868
Curragh,Curragh,2026-09-27,OTHER,2,Izuzu Ireland Irish European Breeders Fund Maiden,1811,,,3,,Capability Brown,1,1,1,,,,,7.502186486602924
Curragh,Curragh,2026-09-27,OTHER,2,Izuzu Ireland Irish European Breeders Fund Maiden,1811,,,4,,Cluster,2,0,1,,,,,7.502186486602924
Curragh,Curragh,2026-09-27,OTHER,2,Izuzu Ireland Irish European Breeders Fund Maiden,1811,,,12,,Warrawood,3,0,1,,,,,7.502186486602924
Curragh,Curragh,2026-09-27,OTHER,2,Izuzu Ireland Irish European Breeders Fund Maiden,1811,,,8,,Kingdom Of Camelot,4,0,0,,,,,7.502186486602924
Curragh,Curragh,2026-09-27,OTHER,3,Qatar Racing And Equestrian Club Renaissance Stakes (Group 3),1207,,,9,,Soul Love,1,1,1,,,,,7.0967213784947605
Curragh,Curragh,2026-09-27,OTHER,3,Qatar Racing And Equestrian Club Renaissance Stakes (Group 3),1207,,,2,,Big Gossey,2,0,1,,,,,7.0967213784947605
Curragh,Curragh,2026-09-27,OTHER,3,Qatar Racing And Equestrian Club Renaissance Stakes (Group 3),1207,,,1,,Power Blue,3,0,1,,,,,7.0967213784947605
Curragh,Curragh,2026-09-27,OTHER,3,Qatar Racing And Equestrian Club Renaissance Stakes (Group 3),1207,,,8,,Royal Bay Cen,4,0,0,,,,,7.0967213784947605
Curragh,Curragh,2026-09-27,OTHER,4,Celebrating County Kildare And Lexington Twinning Maiden,1207,,,5,,Valentino Eclipse,1,1,1,,,,,7.0967213784947605
Curragh,Curragh,2026-09-27,OTHER,4,Celebrating County Kildare And Lexington Twinning Maiden,1207,,,3,,Port Arthur,2,0,1,,,,,7.0967213784947605
Curragh,Curragh,2026-09-27,OTHER,4,Celebrating County Kildare And Lexington Twinning Maiden,1207,,,2,,A Good Yarn,3,0,1,,,,,7.0967213784947605
Curragh,Curragh,2026-09-27,OTHER,4,Celebrating County Kildare And Lexington Twinning Maiden,1207,,,7,,Caislean Ni Cuan,4,0,0,,,,,7.0967213784947605
Curragh,Curragh,2026-09-27,OTHER,5,Darley Fillies Stakes (Group 3),1408,,,2,,Curracloe,1,1,1,,,,,7.25063551189868
Curragh,Curragh,2026-09-27,OTHER,5,Darley Fillies Stakes (Group 3),1408,,,1,,Alpine Wedding,2,0,1,,,,,7.25063551189868
Curragh,Curragh,2026-09-27,OTHER,5,Darley Fillies Stakes (Group 3),1408,,,3,,Damsel In Distress,3,0,1,,,,,7.25063551189868
Curragh,Curragh,2026-09-27,OTHER,5,Darley Fillies Stakes (Group 3),1408,,,6,,Lady Patrona,4,0,0,,,,,7.25063551189868
Curragh,Curragh,2026-09-27,OTHER,6,Friends Of The Curragh Irish Cesarewitch (0-110) (Premier Handicap),3374,,,1,,Chally Chute,1,1,1,,,,,8.12415060330663
Curragh,Curragh,2026-09-27,OTHER,6,Friends Of The Curragh Irish Cesarewitch (0-110) (Premier Handicap),3374,,,23,,Sirius,2,0,1,,,,,8.12415060330663
Curragh,Curragh,2026-09-27,OTHER,6,Friends Of The Curragh Irish Cesarewitch (0-110) (Premier Handicap),3374,,,17,,Galileo Dame,3,0,1,,,,,8.12415060330663
Curragh,Curragh,2026-09-27,OTHER,6,Friends Of The Curragh Irish Cesarewitch (0-110) (Premier Handicap),3374,,,30,,Madbadanddangerous,4,0,0,,,,,8.12415060330663
Curragh,Curragh,2026-09-27,OTHER,7,Kwiff More Bang For Your Bet Nursery Handicap,1408,,,2,,Moon Sand,1,1,1,,,,,7.25063551189868
Curragh,Curragh,2026-09-27,OTHER,7,Kwiff More Bang For Your Bet Nursery Handicap,1408,,,3,,Romance,2,0,1,,,,,7.25063551189868
Curragh,Curragh,2026-09-27,OTHER,7,Kwiff More Bang For Your Bet Nursery Handicap,1408,,,5,,Gabby Hayes,3,0,1,,,,,7.25063551189868
Curragh,Curragh,2026-09-27,OTHER,7,Kwiff More Bang For Your Bet Nursery Handicap,1408,,,6,,Closefield Beau,4,0,0,,,,,7.25063551189868
Curragh,Curragh,2026-09-27,OTHER,8,Kwiff Supercharged Betting (Q.r.) Handicap,2012,,,10,,Fianna,1,1,1,,,,,7.607381425639791
Curragh,Curragh,2026-09-27,OTHER,8,Kwiff Supercharged Betting (Q.r.) Handicap,2012,,,2,,Justenzia,2,0,1,,,,,7.607381425639791
Curragh,Curragh,2026-09-27,OTHER,8,Kwiff Supercharged Betting (Q.r.) Handicap,2012,,,12,,Timandi,3,0,1,,,,,7.607381425639791
Curragh,Curragh,2026-09-27,OTHER,8,Kwiff Supercharged Betting (Q.r.) Handicap,2012,,,18,,Lamar Valley,4,0,0,,,,,7.607381425639791
Diyarbakir,Diyarbakir,2026-09-27,OTHER,1,Race 1,2000,,,4,,Eyberk,1,1,1,,,,,7.601402334583733
Diyarbakir,Diyarbakir,2026-09-27,OTHER,1,Race 1,2000,,,9,,Güllü Bahçe,2,0,1,,,,,7.601402334583733
Diyarbakir,Diyarbakir,2026-09-27,OTHER,1,Race 1,2000,,,10,,Taykutbey,3,0,1,,,,,7.601402334583733
Diyarbakir,Diyarbakir,2026-09-27,OTHER,1,Race 1,2000,,,1,,Mohi Tay,4,0,0,,,,,7.601402334583733
Diyarbakir,Diyarbakir,2026-09-27,OTHER,2,Race 2,2000,,,10,,Secret Royal,1,1,1,,,,,7.601402334583733
Diyarbakir,Diyarbakir,2026-09-27,OTHER,2,Race 2,2000,,,12,,The Hocus,2,0,1,,,,,7.601402334583733
Diyarbakir,Diyarbakir,2026-09-27,OTHER,2,Race 2,2000,,,6,,Tribal Chief,3,0,1,,,,,7.601402334583733
Diyarbakir,Diyarbakir,2026-09-27,OTHER,2,Race 2,2000,,,2,,Cafer Bey,4,0,0,,,,,7.601402334583733
Diyarbakir,Diyarbakir,2026-09-27,OTHER,3,Race 3,1200,,,7,,İlkbahar Kızı,1,1,1,,,,,7.0909098220799835
Diyarbakir,Diyarbakir,2026-09-27,OTHER,3,Race 3,1200,,,1,,Çiğdemgelin,2,0,1,,,,,7.0909098220799835
Diyarbakir,Diyarbakir,2026-09-27,OTHER,3,Race 3,1200,,,3,,Son Kraliçe,3,0,1,,,,,7.0909098220799835
Diyarbakir,Diyarbakir,2026-09-27,OTHER,3,Race 3,1200,,,8,,Ruhinaz,4,0,0,,,,,7.0909098220799835
Diyarbakir,Diyarbakir,2026-09-27,OTHER,4,Race 4,1700,,,2,,Vermithrax,1,1,1,,,,,7.438971592395862
Diyarbakir,Diyarbakir,2026-09-27,OTHER,4,Race 4,1700,,,4,,Desert Fever,2,0,1,,,,,7.438971592395862
Diyarbakir,Diyarbakir,2026-09-27,OTHER,4,Race 4,1700,,,5,,Now See Me,3,0,1,,,,,7.438971592395862
Diyarbakir,Diyarbakir,2026-09-27,OTHER,4,Race 4,1700,,,3,,Junıor Cura,4,0,0,,,,,7.438971592395862
Diyarbakir,Diyarbakir,2026-09-27,OTHER,5,Race 5,1900,,,2,,Blue Comet,1,1,1,,,,,7.550135342488429
Diyarbakir,Diyarbakir,2026-09-27,OTHER,5,Race 5,1900,,,8,,Sunfyre,2,0,1,,,,,7.550135342488429
Diyarbakir,Diyarbakir,2026-09-27,OTHER,5,Race 5,1900,,,9,,Sword Of Gold,3,0,1,,,,,7.550135342488429
Diyarbakir,Diyarbakir,2026-09-27,OTHER,5,Race 5,1900,,,3,,Super Show,4,0,0,,,,,7.550135342488429
Diyarbakir,Diyarbakir,2026-09-27,OTHER,6,Race 6,1200,,,5,,Maybe For Us,1,1,1,,,,,7.0909098220799835
Diyarbakir,Diyarbakir,2026-09-27,OTHER,6,Race 6,1200,,,7,,Pearl Grain,2,0,1,,,,,7.0909098220799835
Diyarbakir,Diyarbakir,2026-09-27,OTHER,6,Race 6,1200,,,2,,Gülümse Kızım,3,0,1,,,,,7.0909098220799835
Diyarbakir,Diyarbakir,2026-09-27,OTHER,6,Race 6,1200,,,6,,Otto Moye,4,0,0,,,,,7.0909098220799835
Epsom Downs,Epsom Downs,2026-09-27,USA,1,Betfred 'Turbo Boost' Nursery,1411,,,3,,Rogue Imperial,1,1,1,,,,,7.252762418053187
Epsom Downs,Epsom Downs,2026-09-27,USA,1,Betfred 'Turbo Boost' Nursery,1411,,,1,,The Ginger Kid,2,0,1,,,,,7.252762418053187
Epsom Downs,Epsom Downs,2026-09-27,USA,1,Betfred 'Turbo Boost' Nursery,1411,,,7,,Leucothea,3,0,1,,,,,7.252762418053187
Epsom Downs,Epsom Downs,2026-09-27,USA,1,Betfred 'Turbo Boost' Nursery,1411,,,8,,Angel Of Desire,4,0,0,,,,,7.252762418053187
Epsom Downs,Epsom Downs,2026-09-27,USA,2,Betfred Derby 'Wild Card' Ebf Conditions Stakes (Gbb/gbbplus Race),1713,,,4,,Quite Cheeky,1,1,1,,,,,7.446585099157725
Epsom Downs,Epsom Downs,2026-09-27,USA,2,Betfred Derby 'Wild Card' Ebf Conditions Stakes (Gbb/gbbplus Race),1713,,,1,,Sword Salute,2,0,1,,,,,7.446585099157725
Epsom Downs,Epsom Downs,2026-09-27,USA,2,Betfred Derby 'Wild Card' Ebf Conditions Stakes (Gbb/gbbplus Race),1713,,,2,,Al Wathba,3,0,1,,,,,7.446585099157725
Epsom Downs,Epsom Downs,2026-09-27,USA,2,Betfred Derby 'Wild Card' Ebf Conditions Stakes (Gbb/gbbplus Race),1713,,,5,,Rose Moon,4,0,0,,,,,7.446585099157725
Epsom Downs,Epsom Downs,2026-09-27,USA,3,Hunt Family Fund Novice Stakes (Sponsored By Betfred) (Gbb Race),2027,,,4,,Blue Noon,1,1,1,,,,,7.614805364711073
Epsom Downs,Epsom Downs,2026-09-27,USA,3,Hunt Family Fund Novice Stakes (Sponsored By Betfred) (Gbb Race),2027,,,6,,Seacole,2,0,1,,,,,7.614805364711073
Epsom Downs,Epsom Downs,2026-09-27,USA,3,Hunt Family Fund Novice Stakes (Sponsored By Betfred) (Gbb Race),2027,,,1,,Maestro Del Mar,3,0,1,,,,,7.614805364711073
Epsom Downs,Epsom Downs,2026-09-27,USA,3,Hunt Family Fund Novice Stakes (Sponsored By Betfred) (Gbb Race),2027,,,3,,Rowlf,4,0,0,,,,,7.614805364711073
Epsom Downs,Epsom Downs,2026-09-27,USA,4,Betfred 'Nifty 50' Jump Jockeys Derby Handicap (Professional Jump Jockeys) (Gbbplus Race),2420,,,12,,Zarakerjack,1,1,1,,,,,7.791935956938058
Epsom Downs,Epsom Downs,2026-09-27,USA,4,Betfred 'Nifty 50' Jump Jockeys Derby Handicap (Professional Jump Jockeys) (Gbbplus Race),2420,,,4,,Oneforthegutter,2,0,1,,,,,7.791935956938058
Epsom Downs,Epsom Downs,2026-09-27,USA,4,Betfred 'Nifty 50' Jump Jockeys Derby Handicap (Professional Jump Jockeys) (Gbbplus Race),2420,,,13,,Oasis Sunrise,3,0,1,,,,,7.791935956938058
Epsom Downs,Epsom Downs,2026-09-27,USA,4,Betfred 'Nifty 50' Jump Jockeys Derby Handicap (Professional Jump Jockeys) (Gbbplus Race),2420,,,8,,Flash Man,4,0,0,,,,,7.791935956938058
Epsom Downs,Epsom Downs,2026-09-27,USA,5,Betfred 'Bet Builder' Handicap (Gbbplus Race),2027,,,1,,Matins,1,1,1,,,,,7.614805364711073
Epsom Downs,Epsom Downs,2026-09-27,USA,5,Betfred 'Bet Builder' Handicap (Gbbplus Race),2027,,,5,,Carnival Day,2,0,1,,,,,7.614805364711073
Epsom Downs,Epsom Downs,2026-09-27,USA,5,Betfred 'Bet Builder' Handicap (Gbbplus Race),2027,,,4,,Echalar,3,0,1,,,,,7.614805364711073
Epsom Downs,Epsom Downs,2026-09-27,USA,5,Betfred 'Bet Builder' Handicap (Gbbplus Race),2027,,,3,,Cogitate,4,0,0,,,,,7.614805364711073
Epsom Downs,Epsom Downs,2026-09-27,USA,6,Betfred 'The Classic Bookmaker' Handicap,1713,,,2,,Swiped,1,1,1,,,,,7.446585099157725
Epsom Downs,Epsom Downs,2026-09-27,USA,6,Betfred 'The Classic Bookmaker' Handicap,1713,,,4,,Thanos,2,0,1,,,,,7.446585099157725
Epsom Downs,Epsom Downs,2026-09-27,USA,6,Betfred 'The Classic Bookmaker' Handicap,1713,,,7,,Likeness,3,0,1,,,,,7.446585099157725
Epsom Downs,Epsom Downs,2026-09-27,USA,6,Betfred 'The Classic Bookmaker' Handicap,1713,,,5,,Bubbles Wonky,4,0,0,,,,,7.446585099157725
Epsom Downs,Epsom Downs,2026-09-27,USA,7,Betfred 'Follow Us On X' Handicap,1411,,,7,,Eazy On The Eye,1,1,1,,,,,7.252762418053187
Epsom Downs,Epsom Downs,2026-09-27,USA,7,Betfred 'Follow Us On X' Handicap,1411,,,4,,Silver Trumpet,2,0,1,,,,,7.252762418053187
Epsom Downs,Epsom Downs,2026-09-27,USA,7,Betfred 'Follow Us On X' Handicap,1411,,,6,,Havana Smile,3,0,1,,,,,7.252762418053187
Epsom Downs,Epsom Downs,2026-09-27,USA,7,Betfred 'Follow Us On X' Handicap,1411,,,2,,Bridget's View,4,0,0,,,,,7.252762418053187
Fairmount Park,Fairmount Park,2026-09-27,USA,1,Race 1 - Maiden Special Weight,1106,,,3,,Golden Rhythm,1,1,1,,,,,7.009408932708637
Fairmount Park,Fairmount Park,2026-09-27,USA,1,Race 1 - Maiden Special Weight,1106,,,5,,Schwarz,2,0,1,,,,,7.009408932708637
Fairmount Park,Fairmount Park,2026-09-27,USA,1,Race 1 - Maiden Special Weight,1106,,,6,,Wildwood Road,3,0,1,,,,,7.009408932708637
Fairmount Park,Fairmount Park,2026-09-27,USA,1,Race 1 - Maiden Special Weight,1106,,,1,,Serene Empress,4,0,0,,,,,7.009408932708637
Fairmount Park,Fairmount Park,2026-09-27,USA,2,Race 2 - Claiming,1673,,,7,,Danville,1,1,1,,,,,7.422971251049421
Fairmount Park,Fairmount Park,2026-09-27,USA,2,Race 2 - Claiming,1673,,,2,,Rocket Hotshot,2,0,1,,,,,7.422971251049421
Fairmount Park,Fairmount Park,2026-09-27,USA,2,Race 2 - Claiming,1673,,,1,,As One Does,3,0,1,,,,,7.422971251049421
Fairmount Park,Fairmount Park,2026-09-27,USA,2,Race 2 - Claiming,1673,,,3,,Andthethunderrolls,4,0,0,,,,,7.422971251049421
Fairmount Park,Fairmount Park,2026-09-27,USA,3,Race 3 - Allowance Optional Claiming,1207,,,4,,Nandina,1,1,1,,,,,7.0967213784947605
Fairmount Park,Fairmount Park,2026-09-27,USA,3,Race 3 - Allowance Optional Claiming,1207,,,5,,Bee Bluff,2,0,1,,,,,7.0967213784947605
Fairmount Park,Fairmount Park,2026-09-27,USA,3,Race 3 - Allowance Optional Claiming,1207,,,1,,Chance Taker,3,0,1,,,,,7.0967213784947605
Fairmount Park,Fairmount Park,2026-09-27,USA,3,Race 3 - Allowance Optional Claiming,1207,,,7,,Too Much Tuesday,4,0,0,,,,,7.0967213784947605
Fairmount Park,Fairmount Park,2026-09-27,USA,4,Race 4 - Claiming,1673,,,2,,Governing Party,1,1,1,,,,,7.422971251049421
Fairmount Park,Fairmount Park,2026-09-27,USA,4,Race 4 - Claiming,1673,,,4,,Don't Tell Kim,2,0,1,,,,,7.422971251049421
Fairmount Park,Fairmount Park,2026-09-27,USA,4,Race 4 - Claiming,1673,,,7,,Big N Slow,3,0,1,,,,,7.422971251049421
Fairmount Park,Fairmount Park,2026-09-27,USA,4,Race 4 - Claiming,1673,,,1,,Gun It And Run It,4,0,0,,,,,7.422971251049421
Fairmount Park,Fairmount Park,2026-09-27,USA,5,Race 5 - Claiming,1207,,,7,,Wild Tapit,1,1,1,,,,,7.0967213784947605
Fairmount Park,Fairmount Park,2026-09-27,USA,5,Race 5 - Claiming,1207,,,8,,Heavenly Dancer,2,0,1,,,,,7.0967213784947605
Fairmount Park,Fairmount Park,2026-09-27,USA,5,Race 5 - Claiming,1207,,,6,,Racetothefinish,3,0,1,,,,,7.0967213784947605
Fairmount Park,Fairmount Park,2026-09-27,USA,5,Race 5 - Claiming,1207,,,3,,Little Sass,4,0,0,,,,,7.0967213784947605
Fairmount Park,Fairmount Park,2026-09-27,USA,6,Race 6 - Allowance Optional Claiming,1207,,,6,,Rexford,1,1,1,,,,,7.0967213784947605
Fairmount Park,Fairmount Park,2026-09-27,USA,6,Race 6 - Allowance Optional Claiming,1207,,,2,,Goodasiwonswas,2,0,1,,,,,7.0967213784947605
Fairmount Park,Fairmount Park,2026-09-27,USA,6,Race 6 - Allowance Optional Claiming,1207,,,3,,Chryso Alogo,4,0,0,,,,,7.0967213784947605
Fairmount Park,Fairmount Park,2026-09-27,USA,7,Race 7 - Allowance Optional Claiming,1106,,,2,,Tum Tap,1,1,1,,,,,7.009408932708637
Fairmount Park,Fairmount Park,2026-09-27,USA,7,Race 7 - Allowance Optional Claiming,1106,,,1,,Arose For Lily,2,0,1,,,,,7.009408932708637
Fairmount Park,Fairmount Park,2026-09-27,USA,7,Race 7 - Allowance Optional Claiming,1106,,,7,,Then Now 'N Always,3,0,1,,,,,7.009408932708637
Fairmount Park,Fairmount Park,2026-09-27,USA,7,Race 7 - Allowance Optional Claiming,1106,,,6,,Zee,4,0,0,,,,,7.009408932708637
Fairmount Park,Fairmount Park,2026-09-27,USA,8,Race 8 - Claiming,1207,,,3,,Khozan's Valentine,1,1,1,,,,,7.0967213784947605
Fairmount Park,Fairmount Park,2026-09-27,USA,8,Race 8 - Claiming,1207,,,6,,Twirling Roses,2,0,1,,,,,7.0967213784947605
Fairmount Park,Fairmount Park,2026-09-27,USA,8,Race 8 - Claiming,1207,,,9,,Mr. Sweets,3,0,1,,,,,7.0967213784947605
Fairmount Park,Fairmount Park,2026-09-27,USA,8,Race 8 - Claiming,1207,,,5,,Joyful Ghost,4,0,0,,,,,7.0967213784947605
Ffos Las,Ffos Las,2026-09-27,OTHER,1,Alex And Salvo Welcome You To The Bridge Handicap,1207,,,4,,Macarone,1,1,1,,,,,7.0967213784947605
Ffos Las,Ffos Las,2026-09-27,OTHER,1,Alex And Salvo Welcome You To The Bridge Handicap,1207,,,2,,Up The Anti,2,0,1,,,,,7.0967213784947605
Ffos Las,Ffos Las,2026-09-27,OTHER,1,Alex And Salvo Welcome You To The Bridge Handicap,1207,,,1,,The Bear Of Saints,3,0,1,,,,,7.0967213784947605
Ffos Las,Ffos Las,2026-09-27,OTHER,1,Alex And Salvo Welcome You To The Bridge Handicap,1207,,,3,,Sub Thirteen,4,0,0,,,,,7.0967213784947605
Ffos Las,Ffos Las,2026-09-27,OTHER,2,"Bridge, The Home Of The Carvery Nursery",1006,,,1,,Rhodes Runner,1,1,1,,,,,6.914730892718563
Ffos Las,Ffos Las,2026-09-27,OTHER,2,"Bridge, The Home Of The Carvery Nursery",1006,,,6,,Wolf's Gallop,2,0,1,,,,,6.914730892718563
Ffos Las,Ffos Las,2026-09-27,OTHER,2,"Bridge, The Home Of The Carvery Nursery",1006,,,5,,Perigord Noir,3,0,1,,,,,6.914730892718563
Ffos Las,Ffos Las,2026-09-27,OTHER,2,"Bridge, The Home Of The Carvery Nursery",1006,,,8,,Defiant Dream,4,0,0,,,,,6.914730892718563
Ffos Las,Ffos Las,2026-09-27,OTHER,3,"Bridge, Family Run And Proud Handicap",1006,,,1,,Call Time,1,1,1,,,,,6.914730892718563
Ffos Las,Ffos Las,2026-09-27,OTHER,3,"Bridge, Family Run And Proud Handicap",1006,,,4,,Bama Lama,2,0,1,,,,,6.914730892718563
Ffos Las,Ffos Las,2026-09-27,OTHER,3,"Bridge, Family Run And Proud Handicap",1006,,,5,,Snow Day,3,0,1,,,,,6.914730892718563
Ffos Las,Ffos Las,2026-09-27,OTHER,3,"Bridge, Family Run And Proud Handicap",1006,,,2,,Some Nightmare,4,0,0,,,,,6.914730892718563
Ffos Las,Ffos Las,2026-09-27,OTHER,4,"Happy Birthday Alex, From The Bridge Handicap",3219,,,1,,Carthusian,1,1,1,,,,,8.077136638538454
Ffos Las,Ffos Las,2026-09-27,OTHER,4,"Happy Birthday Alex, From The Bridge Handicap",3219,,,2,,Campeona,2,0,1,,,,,8.077136638538454
Ffos Las,Ffos Las,2026-09-27,OTHER,4,"Happy Birthday Alex, From The Bridge Handicap",3219,,,4,,Queenie St Clair,3,0,1,,,,,8.077136638538454
Ffos Las,Ffos Las,2026-09-27,OTHER,4,"Happy Birthday Alex, From The Bridge Handicap",3219,,,3,,No Ordinary Joe,4,0,0,,,,,8.077136638538454
Ffos Las,Ffos Las,2026-09-27,OTHER,5,Celebrate In Style At The Bridge Novice Stakes (Gbb Race),1481,,,2,,Ghost Raider,1,1,1,,,,,7.301147805856032
Ffos Las,Ffos Las,2026-09-27,OTHER,5,Celebrate In Style At The Bridge Novice Stakes (Gbb Race),1481,,,5,,Silent Force,2,0,1,,,,,7.301147805856032
Ffos Las,Ffos Las,2026-09-27,OTHER,5,Celebrate In Style At The Bridge Novice Stakes (Gbb Race),1481,,,3,,Naval Empire,3,0,1,,,,,7.301147805856032
Ffos Las,Ffos Las,2026-09-27,OTHER,5,Celebrate In Style At The Bridge Novice Stakes (Gbb Race),1481,,,6,,Time Glory,4,0,0,,,,,7.301147805856032
Ffos Las,Ffos Las,2026-09-27,OTHER,6,"Bridge, For All Family Occasions Handicap (Div 1)",1609,,,10,,Pebble Dash,1,1,1,,,,,7.383989457978509
Ffos Las,Ffos Las,2026-09-27,OTHER,6,"Bridge, For All Family Occasions Handicap (Div 1)",1609,,,1,,Rosemary's Rose,2,0,1,,,,,7.383989457978509
Ffos Las,Ffos Las,2026-09-27,OTHER,6,"Bridge, For All Family Occasions Handicap (Div 1)",1609,,,6,,Cosmic Girl,3,0,1,,,,,7.383989457978509
Ffos Las,Ffos Las,2026-09-27,OTHER,6,"Bridge, For All Family Occasions Handicap (Div 1)",1609,,,2,,Prince Ali,4,0,0,,,,,7.383989457978509
Ffos Las,Ffos Las,2026-09-27,OTHER,7,"Bridge, For All Family Occasions Handicap (Div 2)",1609,,,1,,Kaleidoscope Eyes,1,1,1,,,,,7.383989457978509
Ffos Las,Ffos Las,2026-09-27,OTHER,7,"Bridge, For All Family Occasions Handicap (Div 2)",1609,,,10,,Arvana Belle,2,0,1,,,,,7.383989457978509
Ffos Las,Ffos Las,2026-09-27,OTHER,7,"Bridge, For All Family Occasions Handicap (Div 2)",1609,,,6,,King Of The Dance,3,0,1,,,,,7.383989457978509
Ffos Las,Ffos Las,2026-09-27,OTHER,7,"Bridge, For All Family Occasions Handicap (Div 2)",1609,,,9,,Freedom Bay,4,0,0,,,,,7.383989457978509
Ffos Las,Ffos Las,2026-09-27,OTHER,8,Bridge Llangennech Open Daily Amateur Jockeys' Handicap,2012,,,1,,Wellwhatshappenin,1,1,1,,,,,7.607381425639791
Ffos Las,Ffos Las,2026-09-27,OTHER,8,Bridge Llangennech Open Daily Amateur Jockeys' Handicap,2012,,,2,,Georg Zhukov,2,0,1,,,,,7.607381425639791
Ffos Las,Ffos Las,2026-09-27,OTHER,8,Bridge Llangennech Open Daily Amateur Jockeys' Handicap,2012,,,5,,The Ormer Gatherer,3,0,1,,,,,7.607381425639791
Ffos Las,Ffos Las,2026-09-27,OTHER,8,Bridge Llangennech Open Daily Amateur Jockeys' Handicap,2012,,,3,,Someone's Wish,4,0,0,,,,,7.607381425639791
Gulfstream,Gulfstream,2026-09-27,USA,1,Race 1 - Maiden Claiming,1609,,,8,,Hammy,1,1,1,,,,,7.383989457978509
Gulfstream,Gulfstream,2026-09-27,USA,1,Race 1 - Maiden Claiming,1609,,,10,,Baby Masha,2,0,1,,,,,7.383989457978509
Gulfstream,Gulfstream,2026-09-27,USA,1,Race 1 - Maiden Claiming,1609,,,9,,Authentic Star,3,0,1,,,,,7.383989457978509
Gulfstream,Gulfstream,2026-09-27,USA,1,Race 1 - Maiden Claiming,1609,,,2,,Jenlovestoshop,4,0,0,,,,,7.383989457978509
Gulfstream,Gulfstream,2026-09-27,USA,2,Race 2 - Claiming,1006,,,7,,Khozy Me Up,1,1,1,,,,,6.914730892718563
Gulfstream,Gulfstream,2026-09-27,USA,2,Race 2 - Claiming,1006,,,6,,Tie It With A Bow,2,0,1,,,,,6.914730892718563
Gulfstream,Gulfstream,2026-09-27,USA,2,Race 2 - Claiming,1006,,,4,,Breezey Z,3,0,1,,,,,6.914730892718563
Gulfstream,Gulfstream,2026-09-27,USA,2,Race 2 - Claiming,1006,,,5,,Relentless Lady,4,0,0,,,,,6.914730892718563
Gulfstream,Gulfstream,2026-09-27,USA,3,Race 3 - Maiden Claiming,1673,,,4,,Spirit Of Jamaica,1,1,1,,,,,7.422971251049421
Gulfstream,Gulfstream,2026-09-27,USA,3,Race 3 - Maiden Claiming,1673,,,7,,Our Perfect Amanda,2,0,1,,,,,7.422971251049421
Gulfstream,Gulfstream,2026-09-27,USA,3,Race 3 - Maiden Claiming,1673,,,3,,La Reine Guerriere,3,0,1,,,,,7.422971251049421
Gulfstream,Gulfstream,2026-09-27,USA,3,Race 3 - Maiden Claiming,1673,,,5,,Loyalist,4,0,0,,,,,7.422971251049421
Gulfstream,Gulfstream,2026-09-27,USA,4,Race 4 - Claiming,1710,,,7,,World Traveler,1,1,1,,,,,7.444833273892193
Gulfstream,Gulfstream,2026-09-27,USA,4,Race 4 - Claiming,1710,,,6,,Terrie T,2,0,1,,,,,7.444833273892193
Gulfstream,Gulfstream,2026-09-27,USA,4,Race 4 - Claiming,1710,,,4,,Das Ist Alles Ally,3,0,1,,,,,7.444833273892193
Gulfstream,Gulfstream,2026-09-27,USA,4,Race 4 - Claiming,1710,,,2,,Pocket Pair,4,0,0,,,,,7.444833273892193
Gulfstream,Gulfstream,2026-09-27,USA,5,Race 5 - Maiden Special Weight,1609,,,3,,Karolina Pharoah,1,1,1,,,,,7.383989457978509
Gulfstream,Gulfstream,2026-09-27,USA,5,Race 5 - Maiden Special Weight,1609,,,4,,Extra Sugar,2,0,1,,,,,7.383989457978509
Gulfstream,Gulfstream,2026-09-27,USA,5,Race 5 - Maiden Special Weight,1609,,,8,,Khalyma,3,0,1,,,,,7.383989457978509
Gulfstream,Gulfstream,2026-09-27,USA,5,Race 5 - Maiden Special Weight,1609,,,5,,Caramel Blue,4,0,0,,,,,7.383989457978509
Gulfstream,Gulfstream,2026-09-27,USA,6,Race 6 - Handicap,1609,,,3,,Chrome Ghost,1,1,1,,,,,7.383989457978509
Gulfstream,Gulfstream,2026-09-27,USA,6,Race 6 - Handicap,1609,,,7,,Pure Class,2,0,1,,,,,7.383989457978509
Gulfstream,Gulfstream,2026-09-27,USA,6,Race 6 - Handicap,1609,,,4,,El Principito,3,0,1,,,,,7.383989457978509
Gulfstream,Gulfstream,2026-09-27,USA,6,Race 6 - Handicap,1609,,,5,,Awesome Train,4,0,0,,,,,7.383989457978509
Gulfstream,Gulfstream,2026-09-27,USA,7,Race 7 - Maiden Optional Claiming,1106,,,7,,Mane Affair,1,1,1,,,,,7.009408932708637
Gulfstream,Gulfstream,2026-09-27,USA,7,Race 7 - Maiden Optional Claiming,1106,,,6,,Classic Roadster,2,0,1,,,,,7.009408932708637
Gulfstream,Gulfstream,2026-09-27,USA,7,Race 7 - Maiden Optional Claiming,1106,,,8,,Charlotte's Sun,3,0,1,,,,,7.009408932708637
Gulfstream,Gulfstream,2026-09-27,USA,7,Race 7 - Maiden Optional Claiming,1106,,,2,,Kusa,4,0,0,,,,,7.009408932708637
Gulfstream,Gulfstream,2026-09-27,USA,8,Race 8 - Hollywood Beach Stakes,1006,,,6,,Riyadh Way,1,1,1,,,,,6.914730892718563
Gulfstream,Gulfstream,2026-09-27,USA,8,Race 8 - Hollywood Beach Stakes,1006,,,2,,Ford Roadster,2,0,1,,,,,6.914730892718563
Gulfstream,Gulfstream,2026-09-27,USA,8,Race 8 - Hollywood Beach Stakes,1006,,,5,,Road To Midnight,3,0,1,,,,,6.914730892718563
Gulfstream,Gulfstream,2026-09-27,USA,8,Race 8 - Hollywood Beach Stakes,1006,,,4,,King Cousin B,4,0,0,,,,,6.914730892718563
Gulfstream,Gulfstream,2026-09-27,USA,9,Race 9 - Allowance Optional Claiming,1609,,,1,,Roar Ready,1,1,1,,,,,7.383989457978509
Gulfstream,Gulfstream,2026-09-27,USA,9,Race 9 - Allowance Optional Claiming,1609,,,7,,All To Win,2,0,1,,,,,7.383989457978509
Gulfstream,Gulfstream,2026-09-27,USA,9,Race 9 - Allowance Optional Claiming,1609,,,5,,Jalapeno,3,0,1,,,,,7.383989457978509
Gulfstream,Gulfstream,2026-09-27,USA,9,Race 9 - Allowance Optional Claiming,1609,,,8,,Roar Of The Beast,4,0,0,,,,,7.383989457978509
Gulfstream,Gulfstream,2026-09-27,USA,10,Race 10 - Claiming,1710,,,3,,Megacles,1,1,1,,,,,7.444833273892193
Gulfstream,Gulfstream,2026-09-27,USA,10,Race 10 - Claiming,1710,,,8,,Kissintheladies,2,0,1,,,,,7.444833273892193
Gulfstream,Gulfstream,2026-09-27,USA,10,Race 10 - Claiming,1710,,,4,,Give Me Options,3,0,1,,,,,7.444833273892193
Gulfstream,Gulfstream,2026-09-27,USA,10,Race 10 - Claiming,1710,,,6,,Giuro,4,0,0,,,,,7.444833273892193
Gulfstream,Gulfstream,2026-09-28,USA,1,Race 1 - Maiden Claiming,1106,,,1,,Braveness,1,1,1,,,,,7.009408932708637
Gulfstream,Gulfstream,2026-09-28,USA,1,Race 1 - Maiden Claiming,1106,,,2,,Wheelhouse,2,0,1,,,,,7.009408932708637
Gulfstream,Gulfstream,2026-09-28,USA,1,Race 1 - Maiden Claiming,1106,,,8,,Activity,3,0,1,,,,,7.009408932708637
Gulfstream,Gulfstream,2026-09-28,USA,1,Race 1 - Maiden Claiming,1106,,,5,,Eminent Power,4,0,0,,,,,7.009408932708637
Gulfstream,Gulfstream,2026-09-28,USA,2,Race 2 - Maiden Claiming,1609,,,8,,Megaplumb,1,1,1,,,,,7.383989457978509
Gulfstream,Gulfstream,2026-09-28,USA,2,Race 2 - Maiden Claiming,1609,,,1,,Bandari,2,0,1,,,,,7.383989457978509
Gulfstream,Gulfstream,2026-09-28,USA,2,Race 2 - Maiden Claiming,1609,,,6,,Tulio,3,0,1,,,,,7.383989457978509
Gulfstream,Gulfstream,2026-09-28,USA,2,Race 2 - Maiden Claiming,1609,,,5,,Save Our Soul,4,0,0,,,,,7.383989457978509
Gulfstream,Gulfstream,2026-09-28,USA,3,Race 3 - Claiming,1710,,,3,,Imperia Blue,1,1,1,,,,,7.444833273892193
Gulfstream,Gulfstream,2026-09-28,USA,3,Race 3 - Claiming,1710,,,4,,Thunder Princess,2,0,1,,,,,7.444833273892193
Gulfstream,Gulfstream,2026-09-28,USA,3,Race 3 - Claiming,1710,,,6,,Anna Jean,3,0,1,,,,,7.444833273892193
Gulfstream,Gulfstream,2026-09-28,USA,3,Race 3 - Claiming,1710,,,1,,Bomb Squad,4,0,0,,,,,7.444833273892193
Gulfstream,Gulfstream,2026-09-28,USA,4,Race 4 - Starter Optional Claiming,1207,,,6,,Kip The Distance,1,1,1,,,,,7.0967213784947605
Gulfstream,Gulfstream,2026-09-28,USA,4,Race 4 - Starter Optional Claiming,1207,,,2,,Sweet Agenda,2,0,1,,,,,7.0967213784947605
Gulfstream,Gulfstream,2026-09-28,USA,4,Race 4 - Starter Optional Claiming,1207,,,7,,Fully Entitled,3,0,1,,,,,7.0967213784947605
Gulfstream,Gulfstream,2026-09-28,USA,4,Race 4 - Starter Optional Claiming,1207,,,4,,Evanora,4,0,0,,,,,7.0967213784947605
Gulfstream,Gulfstream,2026-09-28,USA,5,Race 5 - Allowance Optional Claiming,1006,,,6,,Come On Teesha,1,1,1,,,,,6.914730892718563
Gulfstream,Gulfstream,2026-09-28,USA,5,Race 5 - Allowance Optional Claiming,1006,,,9,,Flowko,2,0,1,,,,,6.914730892718563
Gulfstream,Gulfstream,2026-09-28,USA,5,Race 5 - Allowance Optional Claiming,1006,,,1,,Neodera,3,0,1,,,,,6.914730892718563
Gulfstream,Gulfstream,2026-09-28,USA,5,Race 5 - Allowance Optional Claiming,1006,,,3,,Laila Bella Girl,4,0,0,,,,,6.914730892718563
Gulfstream,Gulfstream,2026-09-28,USA,6,Race 6 - Claiming,1710,,,2,,David Pepperman,1,1,1,,,,,7.444833273892193
Gulfstream,Gulfstream,2026-09-28,USA,6,Race 6 - Claiming,1710,,,9,,Sky Masterson,2,0,1,,,,,7.444833273892193
Gulfstream,Gulfstream,2026-09-28,USA,6,Race 6 - Claiming,1710,,,6,,Sponge Time,3,0,1,,,,,7.444833273892193
Gulfstream,Gulfstream,2026-09-28,USA,6,Race 6 - Claiming,1710,,,4,,Pardo,4,0,0,,,,,7.444833273892193
Gulfstream,Gulfstream,2026-09-28,USA,7,Race 7 - Starter Optional Claiming,1609,,,5,,War Warrior,1,1,1,,,,,7.383989457978509
Gulfstream,Gulfstream,2026-09-28,USA,7,Race 7 - Starter Optional Claiming,1609,,,4,,Brigade Commander,2,0,1,,,,,7.383989457978509
Gulfstream,Gulfstream,2026-09-28,USA,7,Race 7 - Starter Optional Claiming,1609,,,2,,Quizler,3,0,1,,,,,7.383989457978509
Gulfstream,Gulfstream,2026-09-28,USA,7,Race 7 - Starter Optional Claiming,1609,,,8,,Shinigami,4,0,0,,,,,7.383989457978509
Gulfstream,Gulfstream,2026-09-28,USA,8,Race 8 - Claiming,1609,,,3,,Arabia Wild,1,1,1,,,,,7.383989457978509
Gulfstream,Gulfstream,2026-09-28,USA,8,Race 8 - Claiming,1609,,,1,,Commendatore,2,0,1,,,,,7.383989457978509
Gulfstream,Gulfstream,2026-09-28,USA,8,Race 8 - Claiming,1609,,,2,,Nice Try Riley,3,0,1,,,,,7.383989457978509
Gulfstream,Gulfstream,2026-09-28,USA,8,Race 8 - Claiming,1609,,,4,,Rule Seventy Six,4,0,0,,,,,7.383989457978509
Gulfstream,Gulfstream,2026-09-28,USA,9,Race 9 - Allowance,1609,,,9,,Nickel C,1,1,1,,,,,7.383989457978509
Gulfstream,Gulfstream,2026-09-28,USA,9,Race 9 - Allowance,1609,,,8,,Souper Attentive,2,0,1,,,,,7.383989457978509
Gulfstream,Gulfstream,2026-09-28,USA,9,Race 9 - Allowance,1609,,,3,,Aegon Targaryen,3,0,1,,,,,7.383989457978509
Gulfstream,Gulfstream,2026-09-28,USA,9,Race 9 - Allowance,1609,,,1,,Win N Juice,4,0,0,,,,,7.383989457978509
Hanshin,Hanshin,2026-09-27,OTHER,1,Maiden Race (Mdn) (Stple),2971,,,7,,Cosmo Goleador,1,1,1,,,,,7.99699040583765
Hanshin,Hanshin,2026-09-27,OTHER,1,Maiden Race (Mdn) (Stple),2971,,,6,,Festive Beam,2,0,1,,,,,7.99699040583765
Hanshin,Hanshin,2026-09-27,OTHER,1,Maiden Race (Mdn) (Stple),2971,,,8,,Gaston,3,0,1,,,,,7.99699040583765
Hanshin,Hanshin,2026-09-27,OTHER,1,Maiden Race (Mdn) (Stple),2971,,,9,,Salt Chudo,4,0,0,,,,,7.99699040583765
Hanshin,Hanshin,2026-09-27,OTHER,2,Maiden Race (Mdn),1600,,,5,,Segno Regale,1,1,1,,,,,7.3783837129967145
Hanshin,Hanshin,2026-09-27,OTHER,2,Maiden Race (Mdn),1600,,,8,,Dual Sign,2,0,1,,,,,7.3783837129967145
Hanshin,Hanshin,2026-09-27,OTHER,2,Maiden Race (Mdn),1600,,,3,,Night In Tunis,3,0,1,,,,,7.3783837129967145
Hanshin,Hanshin,2026-09-27,OTHER,2,Maiden Race (Mdn),1600,,,1,,Precious Time,4,0,0,,,,,7.3783837129967145
Hanshin,Hanshin,2026-09-27,OTHER,3,Maiden Race (Mdn),1800,,,2,,Book Of Kells,1,1,1,,,,,7.496097345175956
Hanshin,Hanshin,2026-09-27,OTHER,3,Maiden Race (Mdn),1800,,,7,,Naomiga Saikyo,2,0,1,,,,,7.496097345175956
Hanshin,Hanshin,2026-09-27,OTHER,3,Maiden Race (Mdn),1800,,,5,,Beau Aube,3,0,1,,,,,7.496097345175956
Hanshin,Hanshin,2026-09-27,OTHER,3,Maiden Race (Mdn),1800,,,6,,Minkowski,4,0,0,,,,,7.496097345175956
Hanshin,Hanshin,2026-09-27,OTHER,4,Maiden Race (Mdn),2001,,,4,,Gaillarde,1,1,1,,,,,7.601901959875166
Hanshin,Hanshin,2026-09-27,OTHER,4,Maiden Race (Mdn),2001,,,3,,Etoile Hammer,2,0,1,,,,,7.601901959875166
Hanshin,Hanshin,2026-09-27,OTHER,4,Maiden Race (Mdn),2001,,,7,,Clarith Barows,3,0,1,,,,,7.601901959875166
Hanshin,Hanshin,2026-09-27,OTHER,4,Maiden Race (Mdn),2001,,,2,,Dynamic,4,0,0,,,,,7.601901959875166
Hanshin,Hanshin,2026-09-27,OTHER,5,Newcomer Race (Newc),1400,,,4,,Memory Book,1,1,1,,,,,7.244941546337007
Hanshin,Hanshin,2026-09-27,OTHER,5,Newcomer Race (Newc),1400,,,5,,Spice Of Life,2,0,1,,,,,7.244941546337007
Hanshin,Hanshin,2026-09-27,OTHER,5,Newcomer Race (Newc),1400,,,9,,No Monday,3,0,1,,,,,7.244941546337007
Hanshin,Hanshin,2026-09-27,OTHER,5,Newcomer Race (Newc),1400,,,6,,Belles Jambes,4,0,0,,,,,7.244941546337007
Hanshin,Hanshin,2026-09-27,OTHER,6,Newcomer Race (Newc),1800,,,16,,Yamanin Galbe,1,1,1,,,,,7.496097345175956
Hanshin,Hanshin,2026-09-27,OTHER,6,Newcomer Race (Newc),1800,,,7,,American Stella,2,0,1,,,,,7.496097345175956
Hanshin,Hanshin,2026-09-27,OTHER,6,Newcomer Race (Newc),1800,,,4,,Omega Masaya,3,0,1,,,,,7.496097345175956
Hanshin,Hanshin,2026-09-27,OTHER,6,Newcomer Race (Newc),1800,,,6,,Hare Musubi,4,0,0,,,,,7.496097345175956
Hanshin,Hanshin,2026-09-27,OTHER,7,Allowance Race (Allow),1400,,,8,,El Fenix,1,1,1,,,,,7.244941546337007
Hanshin,Hanshin,2026-09-27,OTHER,7,Allowance Race (Allow),1400,,,9,,Oken Blood,2,0,1,,,,,7.244941546337007
Hanshin,Hanshin,2026-09-27,OTHER,7,Allowance Race (Allow),1400,,,2,,Grande Sfida,3,0,1,,,,,7.244941546337007
Hanshin,Hanshin,2026-09-27,OTHER,7,Allowance Race (Allow),1400,,,6,,Hagure Joe,4,0,0,,,,,7.244941546337007
Hanshin,Hanshin,2026-09-27,OTHER,8,Allowance Race (Allow),1800,,,10,,Coney Island,1,1,1,,,,,7.496097345175956
Hanshin,Hanshin,2026-09-27,OTHER,8,Allowance Race (Allow),1800,,,2,,Kogyoku,2,0,1,,,,,7.496097345175956
Hanshin,Hanshin,2026-09-27,OTHER,8,Allowance Race (Allow),1800,,,3,,Darling Darling,3,0,1,,,,,7.496097345175956
Hanshin,Hanshin,2026-09-27,OTHER,8,Allowance Race (Allow),1800,,,12,,Birthday Flight,4,0,0,,,,,7.496097345175956
Hanshin,Hanshin,2026-09-27,OTHER,9,Hyogo Tokubetsu (Allow),2400,,,2,,Black Olympia,1,1,1,,,,,7.783640596221253
Hanshin,Hanshin,2026-09-27,OTHER,9,Hyogo Tokubetsu (Allow),2400,,,9,,Meisho Narukami,2,0,1,,,,,7.783640596221253
Hanshin,Hanshin,2026-09-27,OTHER,9,Hyogo Tokubetsu (Allow),2400,,,7,,Mediterranean,3,0,1,,,,,7.783640596221253
Hanshin,Hanshin,2026-09-27,OTHER,9,Hyogo Tokubetsu (Allow),2400,,,4,,New Credo,4,0,0,,,,,7.783640596221253
Hanshin,Hanshin,2026-09-27,OTHER,10,Sakai Stakes (Allow),1800,,,10,,Shonan Banrai,1,1,1,,,,,7.496097345175956
Hanshin,Hanshin,2026-09-27,OTHER,10,Sakai Stakes (Allow),1800,,,6,,Matenro Brave,2,0,1,,,,,7.496097345175956
Hanshin,Hanshin,2026-09-27,OTHER,10,Sakai Stakes (Allow),1800,,,5,,Gian Barows,3,0,1,,,,,7.496097345175956
Hanshin,Hanshin,2026-09-27,OTHER,10,Sakai Stakes (Allow),1800,,,2,,God Espada,4,0,0,,,,,7.496097345175956
Hanshin,Hanshin,2026-09-27,OTHER,11,Port Island Stakes Listed Stakes,1600,,,1,,Danon Century,1,1,1,,,,,7.3783837129967145
Hanshin,Hanshin,2026-09-27,OTHER,11,Port Island Stakes Listed Stakes,1600,,,4,,Yamanin Sympa,2,0,1,,,,,7.3783837129967145
Hanshin,Hanshin,2026-09-27,OTHER,11,Port Island Stakes Listed Stakes,1600,,,8,,Red Schwert,3,0,1,,,,,7.3783837129967145
Hanshin,Hanshin,2026-09-27,OTHER,11,Port Island Stakes Listed Stakes,1600,,,13,,In Vogue,4,0,0,,,,,7.3783837129967145
Hanshin,Hanshin,2026-09-27,OTHER,12,Allowance Race (Allow),2001,,,8,,Sunrise Oscar,1,1,1,,,,,7.601901959875166
Hanshin,Hanshin,2026-09-27,OTHER,12,Allowance Race (Allow),2001,,,10,,Saint Horse,2,0,1,,,,,7.601901959875166
Hanshin,Hanshin,2026-09-27,OTHER,12,Allowance Race (Allow),2001,,,2,,Tagano Heracles,3,0,1,,,,,7.601901959875166
Hanshin,Hanshin,2026-09-27,OTHER,12,Allowance Race (Allow),2001,,,5,,Red Bob,4,0,0,,,,,7.601901959875166
Hipodromo de las Americas,Hipodromo de las Americas,2026-09-27,USA,1,6f Stakes,1207,,,1,,Amigo Rafa,1,1,1,,,,,7.0967213784947605
Hipodromo de las Americas,Hipodromo de las Americas,2026-09-27,USA,1,6f Stakes,1207,,,6,,Polo Passion,2,0,1,,,,,7.0967213784947605
Hipodromo de las Americas,Hipodromo de las Americas,2026-09-27,USA,1,6f Stakes,1207,,,2,,Tepe Star,3,0,1,,,,,7.0967213784947605
Hipodromo de las Americas,Hipodromo de las Americas,2026-09-27,USA,1,6f Stakes,1207,,,4,,Gran Oporto,4,0,0,,,,,7.0967213784947605
Hipodromo de las Americas,Hipodromo de las Americas,2026-09-27,USA,2,6 1/2f Stakes,1308,,,3,,Hard To Follow,1,1,1,,,,,7.1770187659099
Hipodromo de las Americas,Hipodromo de las Americas,2026-09-27,USA,2,6 1/2f Stakes,1308,,,5,,Ramblas,2,0,1,,,,,7.1770187659099
Hipodromo de las Americas,Hipodromo de las Americas,2026-09-27,USA,2,6 1/2f Stakes,1308,,,6,,Crown Money,3,0,1,,,,,7.1770187659099
Hipodromo de las Americas,Hipodromo de las Americas,2026-09-27,USA,2,6 1/2f Stakes,1308,,,1,,Zapatero,4,0,0,,,,,7.1770187659099
Hipodromo de las Americas,Hipodromo de las Americas,2026-09-27,USA,3,1m Stakes,1609,,,6,,Ended,1,1,1,,,,,7.383989457978509
Hipodromo de las Americas,Hipodromo de las Americas,2026-09-27,USA,3,1m Stakes,1609,,,3,,Hermano Lalo,2,0,1,,,,,7.383989457978509
Hipodromo de las Americas,Hipodromo de las Americas,2026-09-27,USA,3,1m Stakes,1609,,,1,,Tormund Giantsbane,3,0,1,,,,,7.383989457978509
Hipodromo de las Americas,Hipodromo de las Americas,2026-09-27,USA,3,1m Stakes,1609,,,2,,Rimini,4,0,0,,,,,7.383989457978509
Hipodromo de las Americas,Hipodromo de las Americas,2026-09-27,USA,4,2 1/2f Stakes,503,,,4,,Capo Di Turf,1,1,1,,,,,6.222576268071369
Hipodromo de las Americas,Hipodromo de las Americas,2026-09-27,USA,4,2 1/2f Stakes,503,,,7,,Bad Boy,2,0,1,,,,,6.222576268071369
Hipodromo de las Americas,Hipodromo de las Americas,2026-09-27,USA,4,2 1/2f Stakes,503,,,6,,Mystic Fred,3,0,1,,,,,6.222576268071369
Hipodromo de las Americas,Hipodromo de las Americas,2026-09-27,USA,4,2 1/2f Stakes,503,,,3,,Donkapi,4,0,0,,,,,6.222576268071369
Hipodromo de las Americas,Hipodromo de las Americas,2026-09-27,USA,5,6f Stakes,1207,,,3,,Salento,1,1,1,,,,,7.0967213784947605
Hipodromo de las Americas,Hipodromo de las Americas,2026-09-27,USA,5,6f Stakes,1207,,,1,,Mazo,2,0,1,,,,,7.0967213784947605
Hipodromo de las Americas,Hipodromo de las Americas,2026-09-27,USA,5,6f Stakes,1207,,,4,,Silver Eye,3,0,1,,,,,7.0967213784947605
Hipodromo de las Americas,Hipodromo de las Americas,2026-09-27,USA,5,6f Stakes,1207,,,7,,Piper Crown,4,0,0,,,,,7.0967213784947605
Hipodromo de las Americas,Hipodromo de las Americas,2026-09-27,USA,6,1f Stakes,201,,,8,,Se Mountain Of Bliss,1,1,1,,,,,5.308267697401205
Hipodromo de las Americas,Hipodromo de las Americas,2026-09-27,USA,6,1f Stakes,201,,,2,,La American Mighty,2,0,1,,,,,5.308267697401205
Hipodromo de las Americas,Hipodromo de las Americas,2026-09-27,USA,6,1f Stakes,201,,,5,,Lady Michoacana Cf,3,0,1,,,,,5.308267697401205
Hipodromo de las Americas,Hipodromo de las Americas,2026-09-27,USA,6,1f Stakes,201,,,4,,Mc Cartel Power,4,0,0,,,,,5.308267697401205
Hipodromo de las Americas,Hipodromo de las Americas,2026-09-27,USA,7,1f Stakes,201,,,1,,Bacasegua,1,1,1,,,,,5.308267697401205
Hipodromo de las Americas,Hipodromo de las Americas,2026-09-27,USA,7,1f Stakes,201,,,6,,Espejo Jessy,2,0,1,,,,,5.308267697401205
Hipodromo de las Americas,Hipodromo de las Americas,2026-09-27,USA,7,1f Stakes,201,,,2,,Bresca Alas,3,0,1,,,,,5.308267697401205
Hipodromo de las Americas,Hipodromo de las Americas,2026-09-27,USA,7,1f Stakes,201,,,3,,Aguerrida Storm,4,0,0,,,,,5.308267697401205
Hipodromo de las Americas,Hipodromo de las Americas,2026-09-27,USA,8,4f Stakes,796,,,1,,Acertijo,1,1,1,,,,,6.680854678790215
Hipodromo de las Americas,Hipodromo de las Americas,2026-09-27,USA,8,4f Stakes,796,,,7,,Screaming Jeremy,2,0,1,,,,,6.680854678790215
Hipodromo de las Americas,Hipodromo de las Americas,2026-09-27,USA,8,4f Stakes,796,,,2,,King Olaf Asquifar,3,0,1,,,,,6.680854678790215
Hipodromo de las Americas,Hipodromo de las Americas,2026-09-27,USA,8,4f Stakes,796,,,6,,Inolvidable Merlys,4,0,0,,,,,6.680854678790215
Hipodromo de las Americas,Hipodromo de las Americas,2026-09-27,USA,9,6f Stakes,1207,,,3,,R M Fragata,1,1,1,,,,,7.0967213784947605
Hipodromo de las Americas,Hipodromo de las Americas,2026-09-27,USA,9,6f Stakes,1207,,,8,,Kinsenda,2,0,1,,,,,7.0967213784947605
Hipodromo de las Americas,Hipodromo de las Americas,2026-09-27,USA,9,6f Stakes,1207,,,2,,Tiz Victory,3,0,1,,,,,7.0967213784947605
Hipodromo de las Americas,Hipodromo de las Americas,2026-09-27,USA,9,6f Stakes,1207,,,5,,Arabian Beauty,4,0,0,,,,,7.0967213784947605
Hipodromo de las Americas,Hipodromo de las Americas,2026-09-27,USA,1,Race 1 - Maiden Claiming,1200,,,1,,Amigo Rafa,1,1,1,,,,,7.0909098220799835
Hipodromo de las Americas,Hipodromo de las Americas,2026-09-27,USA,1,Race 1 - Maiden Claiming,1200,,,6,,Polo Passion,2,0,1,,,,,7.0909098220799835
Hipodromo de las Americas,Hipodromo de las Americas,2026-09-27,USA,1,Race 1 - Maiden Claiming,1200,,,2,,Tepe Star,3,0,1,,,,,7.0909098220799835
Hipodromo de las Americas,Hipodromo de las Americas,2026-09-27,USA,1,Race 1 - Maiden Claiming,1200,,,4,,Gran Oporto,4,0,0,,,,,7.0909098220799835
Hipodromo de las Americas,Hipodromo de las Americas,2026-09-27,USA,2,Race 2 - Claiming,1300,,,3,,Hard To Follow,1,1,1,,,,,7.170888478512505
Hipodromo de las Americas,Hipodromo de las Americas,2026-09-27,USA,2,Race 2 - Claiming,1300,,,5,,Ramblas,2,0,1,,,,,7.170888478512505
Hipodromo de las Americas,Hipodromo de las Americas,2026-09-27,USA,2,Race 2 - Claiming,1300,,,6,,Crown Money,3,0,1,,,,,7.170888478512505
Hipodromo de las Americas,Hipodromo de las Americas,2026-09-27,USA,2,Race 2 - Claiming,1300,,,1,,Zapatero,4,0,0,,,,,7.170888478512505
Hipodromo de las Americas,Hipodromo de las Americas,2026-09-27,USA,3,Race 3 - Allowance Optional Claiming,1600,,,6,,Ended,1,1,1,,,,,7.3783837129967145
Hipodromo de las Americas,Hipodromo de las Americas,2026-09-27,USA,3,Race 3 - Allowance Optional Claiming,1600,,,3,,Hermano Lalo,2,0,1,,,,,7.3783837129967145
Hipodromo de las Americas,Hipodromo de las Americas,2026-09-27,USA,3,Race 3 - Allowance Optional Claiming,1600,,,1,,Tormund Giantsbane,3,0,1,,,,,7.3783837129967145
Hipodromo de las Americas,Hipodromo de las Americas,2026-09-27,USA,3,Race 3 - Allowance Optional Claiming,1600,,,2,,Rimini,4,0,0,,,,,7.3783837129967145
Hipodromo de las Americas,Hipodromo de las Americas,2026-09-27,USA,4,Race 4 - Maiden Claiming,500,,,4,,Capo Di Turf,1,1,1,,,,,6.2166061010848646
Hipodromo de las Americas,Hipodromo de las Americas,2026-09-27,USA,4,Race 4 - Maiden Claiming,500,,,7,,Bad Boy,2,0,1,,,,,6.2166061010848646
Hipodromo de las Americas,Hipodromo de las Americas,2026-09-27,USA,4,Race 4 - Maiden Claiming,500,,,6,,Mystic Fred,3,0,1,,,,,6.2166061010848646
Hipodromo de las Americas,Hipodromo de las Americas,2026-09-27,USA,4,Race 4 - Maiden Claiming,500,,,3,,Donkapi,4,0,0,,,,,6.2166061010848646
Hipodromo de las Americas,Hipodromo de las Americas,2026-09-27,USA,5,Race 5 - Claiming,1200,,,3,,Salento,1,1,1,,,,,7.0909098220799835
Hipodromo de las Americas,Hipodromo de las Americas,2026-09-27,USA,5,Race 5 - Claiming,1200,,,1,,Mazo,2,0,1,,,,,7.0909098220799835
Hipodromo de las Americas,Hipodromo de las Americas,2026-09-27,USA,5,Race 5 - Claiming,1200,,,4,,Silver Eye,3,0,1,,,,,7.0909098220799835
Hipodromo de las Americas,Hipodromo de las Americas,2026-09-27,USA,5,Race 5 - Claiming,1200,,,7,,Piper Crown,4,0,0,,,,,7.0909098220799835
Hipodromo de las Americas,Hipodromo de las Americas,2026-09-27,USA,6,Race 9 - Maiden,1200,,,3,,R M Fragata,1,1,1,,,,,7.0909098220799835
Hipodromo de las Americas,Hipodromo de las Americas,2026-09-27,USA,6,Race 9 - Maiden,1200,,,8,,Kinsenda,2,0,1,,,,,7.0909098220799835
Hipodromo de las Americas,Hipodromo de las Americas,2026-09-27,USA,6,Race 9 - Maiden,1200,,,2,,Tiz Victory,3,0,1,,,,,7.0909098220799835
Hipodromo de las Americas,Hipodromo de las Americas,2026-09-27,USA,6,Race 9 - Maiden,1200,,,5,,Arabian Beauty,4,0,0,,,,,7.0909098220799835
Hipodromo de las Americas,Hipodromo de las Americas,2026-09-28,USA,1,1 1/2f Stakes,274,,,1,,Bv Bina,1,1,1,,,,,5.616771097666572
Hipodromo de las Americas,Hipodromo de las Americas,2026-09-28,USA,1,1 1/2f Stakes,274,,,6,,Mexican Fire Mc,2,0,1,,,,,5.616771097666572
Hipodromo de las Americas,Hipodromo de las Americas,2026-09-28,USA,1,1 1/2f Stakes,274,,,4,,Vgc Romeo,3,0,1,,,,,5.616771097666572
Hipodromo de las Americas,Hipodromo de las Americas,2026-09-28,USA,1,1 1/2f Stakes,274,,,2,,Peggy Mystery,4,0,0,,,,,5.616771097666572
Hipodromo de las Americas,Hipodromo de las Americas,2026-09-28,USA,2,1 1/2f Stakes,320,,,4,,Dk Reason Baby,1,1,1,,,,,5.771441123130016
Hipodromo de las Americas,Hipodromo de las Americas,2026-09-28,USA,2,1 1/2f Stakes,320,,,2,,Dk Pistolero,2,0,1,,,,,5.771441123130016
Hipodromo de las Americas,Hipodromo de las Americas,2026-09-28,USA,2,1 1/2f Stakes,320,,,3,,Mr Classic Perry,3,0,1,,,,,5.771441123130016
Hipodromo de las Americas,Hipodromo de las Americas,2026-09-28,USA,2,1 1/2f Stakes,320,,,5,,Hf Old Gemstone,4,0,0,,,,,5.771441123130016
Hipodromo de las Americas,Hipodromo de las Americas,2026-09-28,USA,3,1 1/2f Stakes,320,,,2,,Dk Sheraton,1,1,1,,,,,5.771441123130016
Hipodromo de las Americas,Hipodromo de las Americas,2026-09-28,USA,3,1 1/2f Stakes,320,,,1,,Baccarat Sr,2,0,1,,,,,5.771441123130016
Hipodromo de las Americas,Hipodromo de las Americas,2026-09-28,USA,3,1 1/2f Stakes,320,,,6,,Miss Storm Cat,3,0,1,,,,,5.771441123130016
Hipodromo de las Americas,Hipodromo de las Americas,2026-09-28,USA,3,1 1/2f Stakes,320,,,7,,Kc Jess Krash,4,0,0,,,,,5.771441123130016
Hipodromo de las Americas,Hipodromo de las Americas,2026-09-28,USA,4,1 1/2f Stakes,320,,,2,,Dk Kiss My Danny,1,1,1,,,,,5.771441123130016
Hipodromo de las Americas,Hipodromo de las Americas,2026-09-28,USA,4,1 1/2f Stakes,320,,,6,,Kc Flyin Jess,2,0,1,,,,,5.771441123130016
Hipodromo de las Americas,Hipodromo de las Americas,2026-09-28,USA,4,1 1/2f Stakes,320,,,1,,Red Stolen Show,3,0,1,,,,,5.771441123130016
Hipodromo de las Americas,Hipodromo de las Americas,2026-09-28,USA,4,1 1/2f Stakes,320,,,3,,Californian Jess,4,0,0,,,,,5.771441123130016
Hipodromo de las Americas,Hipodromo de las Americas,2026-09-28,USA,5,1 1/2f Stakes,320,,,2,,Peligrosita Eagle,1,1,1,,,,,5.771441123130016
Hipodromo de las Americas,Hipodromo de las Americas,2026-09-28,USA,5,1 1/2f Stakes,320,,,7,,Dkprize Ribbon,2,0,1,,,,,5.771441123130016
Hipodromo de las Americas,Hipodromo de las Americas,2026-09-28,USA,5,1 1/2f Stakes,320,,,4,,Kc Miss Universe,3,0,1,,,,,5.771441123130016
Hipodromo de las Americas,Hipodromo de las Americas,2026-09-28,USA,5,1 1/2f Stakes,320,,,6,,Se Elder Cartel,4,0,0,,,,,5.771441123130016
Hipodromo de las Americas,Hipodromo de las Americas,2026-09-28,USA,6,1 1/2f Stakes,320,,,6,,Dk Francia,1,1,1,,,,,5.771441123130016
Hipodromo de las Americas,Hipodromo de las Americas,2026-09-28,USA,6,1 1/2f Stakes,320,,,1,,Krash Jumpns,2,0,1,,,,,5.771441123130016
Hipodromo de las Americas,Hipodromo de las Americas,2026-09-28,USA,6,1 1/2f Stakes,320,,,4,,Dk Reyna De Oro,3,0,1,,,,,5.771441123130016
Hipodromo de las Americas,Hipodromo de las Americas,2026-09-28,USA,6,1 1/2f Stakes,320,,,7,,Br Esmeralda,4,0,0,,,,,5.771441123130016
Hipodromo de las Americas,Hipodromo de las Americas,2026-09-28,USA,7,1 1/2f Stakes,320,,,7,,Kc Shado,1,1,1,,,,,5.771441123130016
Hipodromo de las Americas,Hipodromo de las Americas,2026-09-28,USA,7,1 1/2f Stakes,320,,,2,,Demon Kat Rg,2,0,1,,,,,5.771441123130016
Hipodromo de las Americas,Hipodromo de las Americas,2026-09-28,USA,7,1 1/2f Stakes,320,,,1,,Dk Miss Chiapas,3,0,1,,,,,5.771441123130016
Hipodromo de las Americas,Hipodromo de las Americas,2026-09-28,USA,7,1 1/2f Stakes,320,,,4,,Se Shiny Crown,4,0,0,,,,,5.771441123130016
Hipodromo de las Americas,Hipodromo de las Americas,2026-09-28,USA,8,1 1/2f Stakes,320,,,4,,Dk Seis Nueve,1,1,1,,,,,5.771441123130016
Hipodromo de las Americas,Hipodromo de las Americas,2026-09-28,USA,8,1 1/2f Stakes,320,,,8,,Good Old Titan Krash,2,0,1,,,,,5.771441123130016
Hipodromo de las Americas,Hipodromo de las Americas,2026-09-28,USA,8,1 1/2f Stakes,320,,,7,,Dk Zarzamora,3,0,1,,,,,5.771441123130016
Hipodromo de las Americas,Hipodromo de las Americas,2026-09-28,USA,8,1 1/2f Stakes,320,,,1,,Br Delfia,4,0,0,,,,,5.771441123130016
Hipodromo de las Americas,Hipodromo de las Americas,2026-09-28,USA,9,1f Stakes,201,,,5,,Romantic Blue Sky,1,1,1,,,,,5.308267697401205
Hipodromo de las Americas,Hipodromo de las Americas,2026-09-28,USA,9,1f Stakes,201,,,7,,Principe Storm,1,1,1,,,,,5.308267697401205
Hipodromo de las Americas,Hipodromo de las Americas,2026-09-28,USA,9,1f Stakes,201,,,1,,Se Jeweled Crown,3,0,1,,,,,5.308267697401205
Hipodromo de las Americas,Hipodromo de las Americas,2026-09-28,USA,9,1f Stakes,201,,,6,,Kc Reaper,3,0,1,,,,,5.308267697401205
Hipodromo Presidente Remon,Hipodromo Presidente Remon,2026-09-27,USA,1,6f Stakes - Race 1,1207,,,3,,Sultan Murad,1,1,1,,,,,7.0967213784947605
Hipodromo Presidente Remon,Hipodromo Presidente Remon,2026-09-27,USA,1,6f Stakes - Race 1,1207,,,5,,A Priori,2,0,1,,,,,7.0967213784947605
Hipodromo Presidente Remon,Hipodromo Presidente Remon,2026-09-27,USA,1,6f Stakes - Race 1,1207,,,6,,Ironico,3,0,1,,,,,7.0967213784947605
Hipodromo Presidente Remon,Hipodromo Presidente Remon,2026-09-27,USA,1,6f Stakes - Race 1,1207,,,2,,D'allorso,4,0,0,,,,,7.0967213784947605
Hipodromo Presidente Remon,Hipodromo Presidente Remon,2026-09-27,USA,2,6f Stakes - Race 2,1207,,,1,,Gratia Plena,1,1,1,,,,,7.0967213784947605
Hipodromo Presidente Remon,Hipodromo Presidente Remon,2026-09-27,USA,2,6f Stakes - Race 2,1207,,,6,,Kira,2,0,1,,,,,7.0967213784947605
Hipodromo Presidente Remon,Hipodromo Presidente Remon,2026-09-27,USA,2,6f Stakes - Race 2,1207,,,3,,Princesa Orosi,3,0,1,,,,,7.0967213784947605
Hipodromo Presidente Remon,Hipodromo Presidente Remon,2026-09-27,USA,2,6f Stakes - Race 2,1207,,,7,,Black War,4,0,0,,,,,7.0967213784947605
Hipodromo Presidente Remon,Hipodromo Presidente Remon,2026-09-27,USA,3,7f Stakes - Race 3,1408,,,4,,Sol Triny Carol,1,1,1,,,,,7.25063551189868
Hipodromo Presidente Remon,Hipodromo Presidente Remon,2026-09-27,USA,3,7f Stakes - Race 3,1408,,,1,,Campbell's Work,2,0,1,,,,,7.25063551189868
Hipodromo Presidente Remon,Hipodromo Presidente Remon,2026-09-27,USA,3,7f Stakes - Race 3,1408,,,5,,Indian Maria,3,0,1,,,,,7.25063551189868
Hipodromo Presidente Remon,Hipodromo Presidente Remon,2026-09-27,USA,3,7f Stakes - Race 3,1408,,,2,,Nina Neydi,4,0,0,,,,,7.25063551189868
Hipodromo Presidente Remon,Hipodromo Presidente Remon,2026-09-27,USA,4,5f Stakes - Race 4,1006,,,4,,Candela En Huera,1,1,1,,,,,6.914730892718563
Hipodromo Presidente Remon,Hipodromo Presidente Remon,2026-09-27,USA,4,5f Stakes - Race 4,1006,,,2,,Argelia Isabel,2,0,1,,,,,6.914730892718563
Hipodromo Presidente Remon,Hipodromo Presidente Remon,2026-09-27,USA,4,5f Stakes - Race 4,1006,,,7,,La Pirri,3,0,1,,,,,6.914730892718563
Hipodromo Presidente Remon,Hipodromo Presidente Remon,2026-09-27,USA,4,5f Stakes - Race 4,1006,,,6,,Victoria Viviana,4,0,0,,,,,6.914730892718563
Hipodromo Presidente Remon,Hipodromo Presidente Remon,2026-09-27,USA,5,6f Stakes - Race 5,1207,,,3,,Sol Sibarita,1,1,1,,,,,7.0967213784947605
Hipodromo Presidente Remon,Hipodromo Presidente Remon,2026-09-27,USA,5,6f Stakes - Race 5,1207,,,4,,Mi Compromiso,2,0,1,,,,,7.0967213784947605
Hipodromo Presidente Remon,Hipodromo Presidente Remon,2026-09-27,USA,5,6f Stakes - Race 5,1207,,,5,,Raquet War,3,0,1,,,,,7.0967213784947605
Hipodromo Presidente Remon,Hipodromo Presidente Remon,2026-09-27,USA,5,6f Stakes - Race 5,1207,,,6,,Boruca,4,0,0,,,,,7.0967213784947605
Hipodromo Presidente Remon,Hipodromo Presidente Remon,2026-09-27,USA,6,6 1/2f Stakes - Race 6,1308,,,9,,Dart,1,1,1,,,,,7.1770187659099
Hipodromo Presidente Remon,Hipodromo Presidente Remon,2026-09-27,USA,6,6 1/2f Stakes - Race 6,1308,,,8,,Jaguarey,2,0,1,,,,,7.1770187659099
Hipodromo Presidente Remon,Hipodromo Presidente Remon,2026-09-27,USA,6,6 1/2f Stakes - Race 6,1308,,,1,,Dr. G,3,0,1,,,,,7.1770187659099
Hipodromo Presidente Remon,Hipodromo Presidente Remon,2026-09-27,USA,6,6 1/2f Stakes - Race 6,1308,,,4,,Barcelo,4,0,0,,,,,7.1770187659099
Hipodromo Presidente Remon,Hipodromo Presidente Remon,2026-09-27,USA,7,5 1/2f Stakes - Race 7,1106,,,4,,La Yugular,1,1,1,,,,,7.009408932708637
Hipodromo Presidente Remon,Hipodromo Presidente Remon,2026-09-27,USA,7,5 1/2f Stakes - Race 7,1106,,,5,,Afamada,2,0,1,,,,,7.009408932708637
Hipodromo Presidente Remon,Hipodromo Presidente Remon,2026-09-27,USA,7,5 1/2f Stakes - Race 7,1106,,,8,,Buena Vibra,3,0,1,,,,,7.009408932708637
Hipodromo Presidente Remon,Hipodromo Presidente Remon,2026-09-27,USA,7,5 1/2f Stakes - Race 7,1106,,,7,,Zanva,4,0,0,,,,,7.009408932708637
Hipodromo Presidente Remon,Hipodromo Presidente Remon,2026-09-27,USA,8,1m 1/2f Stakes - Race 8,1710,,,2,,Into Justice,1,1,1,,,,,7.444833273892193
Hipodromo Presidente Remon,Hipodromo Presidente Remon,2026-09-27,USA,8,1m 1/2f Stakes - Race 8,1710,,,5,,Solvolare,2,0,1,,,,,7.444833273892193
Hipodromo Presidente Remon,Hipodromo Presidente Remon,2026-09-27,USA,8,1m 1/2f Stakes - Race 8,1710,,,1,,Full Inox,3,0,1,,,,,7.444833273892193
Hipodromo Presidente Remon,Hipodromo Presidente Remon,2026-09-27,USA,8,1m 1/2f Stakes - Race 8,1710,,,3,,Showthani,4,0,0,,,,,7.444833273892193
Hipodromo Presidente Remon,Hipodromo Presidente Remon,2026-09-28,USA,1,5f Stakes - Race 1,1006,,,5,,Leader Of The Band,1,1,1,,,,,6.914730892718563
Hipodromo Presidente Remon,Hipodromo Presidente Remon,2026-09-28,USA,1,5f Stakes - Race 1,1006,,,3,,Wisemans Breeze,2,0,1,,,,,6.914730892718563
Hipodromo Presidente Remon,Hipodromo Presidente Remon,2026-09-28,USA,1,5f Stakes - Race 1,1006,,,6,,Kandahar W,3,0,1,,,,,6.914730892718563
Hipodromo Presidente Remon,Hipodromo Presidente Remon,2026-09-28,USA,1,5f Stakes - Race 1,1006,,,2,,Fire Light,4,0,0,,,,,6.914730892718563
Hipodromo Presidente Remon,Hipodromo Presidente Remon,2026-09-28,USA,2,6f Stakes - Race 2,1207,,,3,,Miss Tik Tok,1,1,1,,,,,7.0967213784947605
Hipodromo Presidente Remon,Hipodromo Presidente Remon,2026-09-28,USA,2,6f Stakes - Race 2,1207,,,5,,Fortantino,2,0,1,,,,,7.0967213784947605
Hipodromo Presidente Remon,Hipodromo Presidente Remon,2026-09-28,USA,2,6f Stakes - Race 2,1207,,,2,,Star Fish,3,0,1,,,,,7.0967213784947605
Hipodromo Presidente Remon,Hipodromo Presidente Remon,2026-09-28,USA,2,6f Stakes - Race 2,1207,,,1,,Gran River Jet,4,0,0,,,,,7.0967213784947605
Hipodromo Presidente Remon,Hipodromo Presidente Remon,2026-09-28,USA,3,6f Stakes - Race 3,1207,,,3,,Sol Sweet Again,1,1,1,,,,,7.0967213784947605
Hipodromo Presidente Remon,Hipodromo Presidente Remon,2026-09-28,USA,3,6f Stakes - Race 3,1207,,,1,,Leyenda V.,2,0,1,,,,,7.0967213784947605
Hipodromo Presidente Remon,Hipodromo Presidente Remon,2026-09-28,USA,3,6f Stakes - Race 3,1207,,,4,,Sol Para Rato,3,0,1,,,,,7.0967213784947605
Hipodromo Presidente Remon,Hipodromo Presidente Remon,2026-09-28,USA,3,6f Stakes - Race 3,1207,,,2,,Have A Mallow,4,0,0,,,,,7.0967213784947605
Hipodromo Presidente Remon,Hipodromo Presidente Remon,2026-09-28,USA,4,7f Stakes - Race 4,1408,,,7,,Nico P.,1,1,1,,,,,7.25063551189868
Hipodromo Presidente Remon,Hipodromo Presidente Remon,2026-09-28,USA,4,7f Stakes - Race 4,1408,,,10,,Incisivo,2,0,1,,,,,7.25063551189868
Hipodromo Presidente Remon,Hipodromo Presidente Remon,2026-09-28,USA,4,7f Stakes - Race 4,1408,,,5,,Ambrosio P,3,0,1,,,,,7.25063551189868
Hipodromo Presidente Remon,Hipodromo Presidente Remon,2026-09-28,USA,4,7f Stakes - Race 4,1408,,,6,,Power City,4,0,0,,,,,7.25063551189868
Hipodromo Presidente Remon,Hipodromo Presidente Remon,2026-09-28,USA,5,1m 1/2f Stakes - Race 5,1710,,,5,,Wonder Lady,1,1,1,,,,,7.444833273892193
Hipodromo Presidente Remon,Hipodromo Presidente Remon,2026-09-28,USA,5,1m 1/2f Stakes - Race 5,1710,,,1,,Jaque Doble,2,0,1,,,,,7.444833273892193
Hipodromo Presidente Remon,Hipodromo Presidente Remon,2026-09-28,USA,5,1m 1/2f Stakes - Race 5,1710,,,6,,Noche De Cumbia,3,0,1,,,,,7.444833273892193
Hipodromo Presidente Remon,Hipodromo Presidente Remon,2026-09-28,USA,5,1m 1/2f Stakes - Race 5,1710,,,10,,Dejanira,4,0,0,,,,,7.444833273892193
Hipodromo Presidente Remon,Hipodromo Presidente Remon,2026-09-28,USA,6,6 1/2f Stakes - Race 6,1308,,,3,,Sol Catire Bello,1,1,1,,,,,7.1770187659099
Hipodromo Presidente Remon,Hipodromo Presidente Remon,2026-09-28,USA,6,6 1/2f Stakes - Race 6,1308,,,5,,Arrepinchoso,2,0,1,,,,,7.1770187659099
Hipodromo Presidente Remon,Hipodromo Presidente Remon,2026-09-28,USA,6,6 1/2f Stakes - Race 6,1308,,,1,,Just War,3,0,1,,,,,7.1770187659099
Hipodromo Presidente Remon,Hipodromo Presidente Remon,2026-09-28,USA,6,6 1/2f Stakes - Race 6,1308,,,6,,Bravo Ignacio,4,0,0,,,,,7.1770187659099
Hipodromo Presidente Remon,Hipodromo Presidente Remon,2026-09-28,USA,7,1m 1f Stakes - Race 7,1811,,,8,,Indian Music,1,1,1,,,,,7.502186486602924
Hipodromo Presidente Remon,Hipodromo Presidente Remon,2026-09-28,USA,7,1m 1f Stakes - Race 7,1811,,,1,,Silencio Criminal,2,0,1,,,,,7.502186486602924
Hipodromo Presidente Remon,Hipodromo Presidente Remon,2026-09-28,USA,7,1m 1f Stakes - Race 7,1811,,,5,,Spotlight,3,0,1,,,,,7.502186486602924
Hipodromo Presidente Remon,Hipodromo Presidente Remon,2026-09-28,USA,7,1m 1f Stakes - Race 7,1811,,,3,,Capo Falcone,4,0,0,,,,,7.502186486602924
Hipodromo Presidente Remon,Hipodromo Presidente Remon,2026-09-28,USA,8,7f Stakes - Race 8,1408,,,1,,Calvero,1,1,1,,,,,7.25063551189868
Hipodromo Presidente Remon,Hipodromo Presidente Remon,2026-09-28,USA,8,7f Stakes - Race 8,1408,,,4,,Fogonazo,2,0,1,,,,,7.25063551189868
Hipodromo Presidente Remon,Hipodromo Presidente Remon,2026-09-28,USA,8,7f Stakes - Race 8,1408,,,6,,Eagle In Charge,3,0,1,,,,,7.25063551189868
Hipodromo Presidente Remon,Hipodromo Presidente Remon,2026-09-28,USA,8,7f Stakes - Race 8,1408,,,2,,Nux,4,0,0,,,,,7.25063551189868
Istanbul,Istanbul,2026-09-27,OTHER,1,Race 1,2000,,,3,,Ufkun Ötesi,1,1,1,,,,,7.601402334583733
Istanbul,Istanbul,2026-09-27,OTHER,1,Race 1,2000,,,2,,Saadın Kasırgası,2,0,1,,,,,7.601402334583733
Istanbul,Istanbul,2026-09-27,OTHER,1,Race 1,2000,,,1,,O Bir Çelik,3,0,1,,,,,7.601402334583733
Istanbul,Istanbul,2026-09-27,OTHER,1,Race 1,2000,,,4,,Liderkatı,4,0,0,,,,,7.601402334583733
Istanbul,Istanbul,2026-09-27,OTHER,2,Race 2,1400,,,2,,Altın Adam,1,1,1,,,,,7.244941546337007
Istanbul,Istanbul,2026-09-27,OTHER,2,Race 2,1400,,,8,,Çınaraltı Kızı,2,0,1,,,,,7.244941546337007
Istanbul,Istanbul,2026-09-27,OTHER,2,Race 2,1400,,,3,,Büyük Destan,3,0,1,,,,,7.244941546337007
Istanbul,Istanbul,2026-09-27,OTHER,2,Race 2,1400,,,1,,Alander,4,0,0,,,,,7.244941546337007
Istanbul,Istanbul,2026-09-27,OTHER,3,Race 3,1900,,,5,,Ormello,1,1,1,,,,,7.550135342488429
Istanbul,Istanbul,2026-09-27,OTHER,3,Race 3,1900,,,7,,Pevrul,2,0,1,,,,,7.550135342488429
Istanbul,Istanbul,2026-09-27,OTHER,3,Race 3,1900,,,4,,Süper Han,3,0,1,,,,,7.550135342488429
Istanbul,Istanbul,2026-09-27,OTHER,3,Race 3,1900,,,6,,Asra İnat,4,0,0,,,,,7.550135342488429
Istanbul,Istanbul,2026-09-27,OTHER,4,Race 4,1400,,,1,,Karaköprü Ateşi,1,1,1,,,,,7.244941546337007
Istanbul,Istanbul,2026-09-27,OTHER,4,Race 4,1400,,,8,,Alcanzar,2,0,1,,,,,7.244941546337007
Istanbul,Istanbul,2026-09-27,OTHER,4,Race 4,1400,,,3,,Besni,3,0,1,,,,,7.244941546337007
Istanbul,Istanbul,2026-09-27,OTHER,4,Race 4,1400,,,2,,Akçaali,4,0,0,,,,,7.244941546337007
Istanbul,Istanbul,2026-09-27,OTHER,5,Race 5,1300,,,8,,Harem Güzeli,1,1,1,,,,,7.170888478512505
Istanbul,Istanbul,2026-09-27,OTHER,5,Race 5,1300,,,7,,Feyzanur,2,0,1,,,,,7.170888478512505
Istanbul,Istanbul,2026-09-27,OTHER,5,Race 5,1300,,,1,,Ballıbike,3,0,1,,,,,7.170888478512505
Istanbul,Istanbul,2026-09-27,OTHER,5,Race 5,1300,,,10,,Şengül Sultan,4,0,0,,,,,7.170888478512505
Istanbul,Istanbul,2026-09-27,OTHER,6,Race 6,1600,,,4,,Anshba Sky,1,1,1,,,,,7.3783837129967145
Istanbul,Istanbul,2026-09-27,OTHER,6,Race 6,1600,,,7,,Wolf Women,2,0,1,,,,,7.3783837129967145
Istanbul,Istanbul,2026-09-27,OTHER,6,Race 6,1600,,,3,,La Muneca,3,0,1,,,,,7.3783837129967145
Istanbul,Istanbul,2026-09-27,OTHER,6,Race 6,1600,,,8,,Giant Wave,4,0,0,,,,,7.3783837129967145
Istanbul,Istanbul,2026-09-27,OTHER,7,Marmara,1600,,,9,,Whizbang,1,1,1,,,,,7.3783837129967145
Istanbul,Istanbul,2026-09-27,OTHER,7,Marmara,1600,,,1,,Charabanc,2,0,1,,,,,7.3783837129967145
Istanbul,Istanbul,2026-09-27,OTHER,7,Marmara,1600,,,4,,Subutaı,3,0,1,,,,,7.3783837129967145
Istanbul,Istanbul,2026-09-27,OTHER,7,Marmara,1600,,,3,,Special Man,4,0,0,,,,,7.3783837129967145
Istanbul,Istanbul,2026-09-27,OTHER,8,Race 8,1400,,,11,,Saroslu,1,1,1,,,,,7.244941546337007
Istanbul,Istanbul,2026-09-27,OTHER,8,Race 8,1400,,,8,,Çildutay,2,0,1,,,,,7.244941546337007
Istanbul,Istanbul,2026-09-27,OTHER,8,Race 8,1400,,,1,,Efe Kaptan,3,0,1,,,,,7.244941546337007
Istanbul,Istanbul,2026-09-27,OTHER,8,Race 8,1400,,,7,,Öz Gümüş,4,0,0,,,,,7.244941546337007
Istanbul,Istanbul,2026-09-27,OTHER,9,Race 9,1900,,,4,,Turamun,1,1,1,,,,,7.550135342488429
Istanbul,Istanbul,2026-09-27,OTHER,9,Race 9,1900,,,3,,Lupelıus,2,0,1,,,,,7.550135342488429
Istanbul,Istanbul,2026-09-27,OTHER,9,Race 9,1900,,,2,,Lord Of Dragon,3,0,1,,,,,7.550135342488429
Istanbul,Istanbul,2026-09-27,OTHER,9,Race 9,1900,,,1,,Goldrakhan,4,0,0,,,,,7.550135342488429
Istanbul,Istanbul,2026-09-27,OTHER,10,Race 10,2400,,,7,,Etsuko,1,1,1,,,,,7.783640596221253
Istanbul,Istanbul,2026-09-27,OTHER,10,Race 10,2400,,,1,,Al Tan,2,0,1,,,,,7.783640596221253
Istanbul,Istanbul,2026-09-27,OTHER,10,Race 10,2400,,,8,,Truely,3,0,1,,,,,7.783640596221253
Istanbul,Istanbul,2026-09-27,OTHER,10,Race 10,2400,,,3,,Galioğlu,4,0,0,,,,,7.783640596221253
Kochi,Kochi,2026-09-27,OTHER,1,Race 1 (Cond),1300,,,5,,Three Kizuna Hime,1,1,1,,,,,7.170888478512505
Kochi,Kochi,2026-09-27,OTHER,1,Race 1 (Cond),1300,,,7,,Real Paradise,2,0,1,,,,,7.170888478512505
Kochi,Kochi,2026-09-27,OTHER,1,Race 1 (Cond),1300,,,9,,Woge,3,0,1,,,,,7.170888478512505
Kochi,Kochi,2026-09-27,OTHER,1,Race 1 (Cond),1300,,,1,,Graduel,4,0,0,,,,,7.170888478512505
Kochi,Kochi,2026-09-27,OTHER,2,Race 2 (Cond),1300,,,5,,Reve Road,1,1,1,,,,,7.170888478512505
Kochi,Kochi,2026-09-27,OTHER,2,Race 2 (Cond),1300,,,9,,Edel Kraft,2,0,1,,,,,7.170888478512505
Kochi,Kochi,2026-09-27,OTHER,2,Race 2 (Cond),1300,,,4,,Cheerful Run,3,0,1,,,,,7.170888478512505
Kochi,Kochi,2026-09-27,OTHER,2,Race 2 (Cond),1300,,,1,,Luneville,4,0,0,,,,,7.170888478512505
Kochi,Kochi,2026-09-27,OTHER,3,Race 3 (Cond),1300,,,4,,Peisha My Days,1,1,1,,,,,7.170888478512505
Kochi,Kochi,2026-09-27,OTHER,3,Race 3 (Cond),1300,,,7,,Crack Me Up,2,0,1,,,,,7.170888478512505
Kochi,Kochi,2026-09-27,OTHER,3,Race 3 (Cond),1300,,,1,,Tamamo Amalfi,3,0,1,,,,,7.170888478512505
Kochi,Kochi,2026-09-27,OTHER,3,Race 3 (Cond),1300,,,9,,Riffle Force,4,0,0,,,,,7.170888478512505
Kochi,Kochi,2026-09-27,OTHER,4,Race 4 (Cond),1300,,,6,,Vip Malik,1,1,1,,,,,7.170888478512505
Kochi,Kochi,2026-09-27,OTHER,4,Race 4 (Cond),1300,,,8,,Suzuka Rose King,2,0,1,,,,,7.170888478512505
Kochi,Kochi,2026-09-27,OTHER,4,Race 4 (Cond),1300,,,10,,Bear Express,3,0,1,,,,,7.170888478512505
Kochi,Kochi,2026-09-27,OTHER,4,Race 4 (Cond),1300,,,1,,Ravinia Park,4,0,0,,,,,7.170888478512505
Kochi,Kochi,2026-09-27,OTHER,5,Race 5 (Cond),1300,,,6,,Energy Ayu,1,1,1,,,,,7.170888478512505
Kochi,Kochi,2026-09-27,OTHER,5,Race 5 (Cond),1300,,,2,,Renjishi,2,0,1,,,,,7.170888478512505
Kochi,Kochi,2026-09-27,OTHER,5,Race 5 (Cond),1300,,,10,,Sunrise Judge,3,0,1,,,,,7.170888478512505
Kochi,Kochi,2026-09-27,OTHER,5,Race 5 (Cond),1300,,,7,,Sunshine Beach,4,0,0,,,,,7.170888478512505
Kochi,Kochi,2026-09-27,OTHER,6,Race 6 (C3),1400,,,9,,Emphasize,1,1,1,,,,,7.244941546337007
Kochi,Kochi,2026-09-27,OTHER,6,Race 6 (C3),1400,,,3,,Val D'orcia,2,0,1,,,,,7.244941546337007
Kochi,Kochi,2026-09-27,OTHER,6,Race 6 (C3),1400,,,4,,Danon Touchdown,3,0,1,,,,,7.244941546337007
Kochi,Kochi,2026-09-27,OTHER,6,Race 6 (C3),1400,,,5,,Spray Fall,4,0,0,,,,,7.244941546337007
Kochi,Kochi,2026-09-27,OTHER,7,Race 7 (Cond),1900,,,12,,Sanono Espo,1,1,1,,,,,7.550135342488429
Kochi,Kochi,2026-09-27,OTHER,7,Race 7 (Cond),1900,,,10,,Sunrise Hope,2,0,1,,,,,7.550135342488429
Kochi,Kochi,2026-09-27,OTHER,7,Race 7 (Cond),1900,,,2,,Esken Dream,3,0,1,,,,,7.550135342488429
Kochi,Kochi,2026-09-27,OTHER,7,Race 7 (Cond),1900,,,9,,Lyra Bond,4,0,0,,,,,7.550135342488429
Kochi,Kochi,2026-09-27,OTHER,8,Race 8 (C3),1400,,,9,,Meisho Clift,1,1,1,,,,,7.244941546337007
Kochi,Kochi,2026-09-27,OTHER,8,Race 8 (C3),1400,,,6,,Plumeria Kuhio,2,0,1,,,,,7.244941546337007
Kochi,Kochi,2026-09-27,OTHER,8,Race 8 (C3),1400,,,3,,Bold State,3,0,1,,,,,7.244941546337007
Kochi,Kochi,2026-09-27,OTHER,8,Race 8 (C3),1400,,,2,,Rize Rainbow,4,0,0,,,,,7.244941546337007
Kochi,Kochi,2026-09-27,OTHER,9,Race 9 (C3),1400,,,8,,Tani Noble,1,1,1,,,,,7.244941546337007
Kochi,Kochi,2026-09-27,OTHER,9,Race 9 (C3),1400,,,10,,Scuba,2,0,1,,,,,7.244941546337007
Kochi,Kochi,2026-09-27,OTHER,9,Race 9 (C3),1400,,,5,,Moto San,3,0,1,,,,,7.244941546337007
Kochi,Kochi,2026-09-27,OTHER,9,Race 9 (C3),1400,,,4,,Aimee Vibert,4,0,0,,,,,7.244941546337007
Kochi,Kochi,2026-09-27,OTHER,10,Race 10 (Cond),1600,,,5,,Amazing,1,1,1,,,,,7.3783837129967145
Kochi,Kochi,2026-09-27,OTHER,10,Race 10 (Cond),1600,,,7,,Colombages,2,0,1,,,,,7.3783837129967145
Kochi,Kochi,2026-09-27,OTHER,10,Race 10 (Cond),1600,,,1,,Diamond Fuji,3,0,1,,,,,7.3783837129967145
Kochi,Kochi,2026-09-27,OTHER,10,Race 10 (Cond),1600,,,2,,Fuyusobi,4,0,0,,,,,7.3783837129967145
Kochi,Kochi,2026-09-27,OTHER,11,Race 11 (Cond),1600,,,3,,Lord In Fight,1,1,1,,,,,7.3783837129967145
Kochi,Kochi,2026-09-27,OTHER,11,Race 11 (Cond),1600,,,6,,Goodhumour,2,0,1,,,,,7.3783837129967145
Kochi,Kochi,2026-09-27,OTHER,11,Race 11 (Cond),1600,,,4,,Goodwood Guy,3,0,1,,,,,7.3783837129967145
Kochi,Kochi,2026-09-27,OTHER,11,Race 11 (Cond),1600,,,2,,Win Wurde,4,0,0,,,,,7.3783837129967145
Kochi,Kochi,2026-09-27,OTHER,12,Race 12 (C3),1400,,,5,,Flan Fizz,1,1,1,,,,,7.244941546337007
Kochi,Kochi,2026-09-27,OTHER,12,Race 12 (C3),1400,,,8,,Vivid Pink,2,0,1,,,,,7.244941546337007
Kochi,Kochi,2026-09-27,OTHER,12,Race 12 (C3),1400,,,2,,Acropolis,3,0,1,,,,,7.244941546337007
Kochi,Kochi,2026-09-27,OTHER,12,Race 12 (C3),1400,,,11,,Sagebrush,4,0,0,,,,,7.244941546337007
La Zarzuela,La Zarzuela,2026-09-27,OTHER,1,1m Stakes - Premio Luis Maroto (Categoria C) Patrocinado Por Arqana,1600,,,11,,Carambola,1,1,1,,,,,7.3783837129967145
La Zarzuela,La Zarzuela,2026-09-27,OTHER,1,1m Stakes - Premio Luis Maroto (Categoria C) Patrocinado Por Arqana,1600,,,5,,Djiango,2,0,1,,,,,7.3783837129967145
La Zarzuela,La Zarzuela,2026-09-27,OTHER,1,1m Stakes - Premio Luis Maroto (Categoria C) Patrocinado Por Arqana,1600,,,4,,Bint Palace Pier,3,0,1,,,,,7.3783837129967145
La Zarzuela,La Zarzuela,2026-09-27,OTHER,1,1m Stakes - Premio Luis Maroto (Categoria C) Patrocinado Por Arqana,1600,,,10,,La Fafoune,4,0,0,,,,,7.3783837129967145
La Zarzuela,La Zarzuela,2026-09-27,OTHER,2,7 1/2f Hcap - Premio Dink (Handicap Dividido 2a Parte),1500,,,1,,Nordeste,1,1,1,,,,,7.313886831633462
La Zarzuela,La Zarzuela,2026-09-27,OTHER,2,7 1/2f Hcap - Premio Dink (Handicap Dividido 2a Parte),1500,,,4,,Summercake,2,0,1,,,,,7.313886831633462
La Zarzuela,La Zarzuela,2026-09-27,OTHER,2,7 1/2f Hcap - Premio Dink (Handicap Dividido 2a Parte),1500,,,5,,Stepinmydirection,3,0,1,,,,,7.313886831633462
La Zarzuela,La Zarzuela,2026-09-27,OTHER,2,7 1/2f Hcap - Premio Dink (Handicap Dividido 2a Parte),1500,,,6,,Dias Felices,4,0,0,,,,,7.313886831633462
La Zarzuela,La Zarzuela,2026-09-27,OTHER,3,6f Stakes - Premio Lorenzo Sanz (Categoria C),1200,,,1,,Madrid,1,1,1,,,,,7.0909098220799835
La Zarzuela,La Zarzuela,2026-09-27,OTHER,3,6f Stakes - Premio Lorenzo Sanz (Categoria C),1200,,,9,,Fernis,2,0,1,,,,,7.0909098220799835
La Zarzuela,La Zarzuela,2026-09-27,OTHER,3,6f Stakes - Premio Lorenzo Sanz (Categoria C),1200,,,3,,Cross The Tracks,3,0,1,,,,,7.0909098220799835
La Zarzuela,La Zarzuela,2026-09-27,OTHER,3,6f Stakes - Premio Lorenzo Sanz (Categoria C),1200,,,11,,Dubaiearth,4,0,0,,,,,7.0909098220799835
La Zarzuela,La Zarzuela,2026-09-27,OTHER,4,7 1/2f Hcap - Premio Asociacion De Mujeres Profesionales Del Turf (Handicap Dividido 1o Parte),1500,,,7,,Amazonico,1,1,1,,,,,7.313886831633462
La Zarzuela,La Zarzuela,2026-09-27,OTHER,4,7 1/2f Hcap - Premio Asociacion De Mujeres Profesionales Del Turf (Handicap Dividido 1o Parte),1500,,,1,,Kooza,2,0,1,,,,,7.313886831633462
La Zarzuela,La Zarzuela,2026-09-27,OTHER,4,7 1/2f Hcap - Premio Asociacion De Mujeres Profesionales Del Turf (Handicap Dividido 1o Parte),1500,,,5,,Cometa,3,0,1,,,,,7.313886831633462
La Zarzuela,La Zarzuela,2026-09-27,OTHER,4,7 1/2f Hcap - Premio Asociacion De Mujeres Profesionales Del Turf (Handicap Dividido 1o Parte),1500,,,8,,Imonfire,4,0,0,,,,,7.313886831633462
La Zarzuela,La Zarzuela,2026-09-27,OTHER,5,1m 6f Stakes - Gran Premio Villamejor (Categoria A),2800,,,8,,Time Tight,1,1,1,,,,,7.937731775260109
La Zarzuela,La Zarzuela,2026-09-27,OTHER,5,1m 6f Stakes - Gran Premio Villamejor (Categoria A),2800,,,3,,Drago,2,0,1,,,,,7.937731775260109
La Zarzuela,La Zarzuela,2026-09-27,OTHER,5,1m 6f Stakes - Gran Premio Villamejor (Categoria A),2800,,,7,,Majestad,3,0,1,,,,,7.937731775260109
La Zarzuela,La Zarzuela,2026-09-27,OTHER,5,1m 6f Stakes - Gran Premio Villamejor (Categoria A),2800,,,4,,Empaque,4,0,0,,,,,7.937731775260109
La Zarzuela,La Zarzuela,2026-09-27,OTHER,6,1m 3f Stakes - Premio Royal Gait (Categoria B),2200,,,4,,Campelo,1,1,1,,,,,7.696667081526462
La Zarzuela,La Zarzuela,2026-09-27,OTHER,6,1m 3f Stakes - Premio Royal Gait (Categoria B),2200,,,5,,Global Venture,2,0,1,,,,,7.696667081526462
La Zarzuela,La Zarzuela,2026-09-27,OTHER,6,1m 3f Stakes - Premio Royal Gait (Categoria B),2200,,,1,,Rojiblanco,3,0,1,,,,,7.696667081526462
La Zarzuela,La Zarzuela,2026-09-27,OTHER,6,1m 3f Stakes - Premio Royal Gait (Categoria B),2200,,,2,,Tetuan,4,0,0,,,,,7.696667081526462
La Zarzuela,La Zarzuela,2026-09-27,OTHER,7,"1m 2f Stakes - Premio Hipodromo De La Castellana (Handicpa Referencia: Tres Anos: 32,5; Cuatro Anos Y Mas: 30)",2000,,,6,,Blue Division,1,1,1,,,,,7.601402334583733
La Zarzuela,La Zarzuela,2026-09-27,OTHER,7,"1m 2f Stakes - Premio Hipodromo De La Castellana (Handicpa Referencia: Tres Anos: 32,5; Cuatro Anos Y Mas: 30)",2000,,,7,,Krabi,2,0,1,,,,,7.601402334583733
La Zarzuela,La Zarzuela,2026-09-27,OTHER,7,"1m 2f Stakes - Premio Hipodromo De La Castellana (Handicpa Referencia: Tres Anos: 32,5; Cuatro Anos Y Mas: 30)",2000,,,8,,Cantillana,3,0,1,,,,,7.601402334583733
La Zarzuela,La Zarzuela,2026-09-27,OTHER,7,"1m 2f Stakes - Premio Hipodromo De La Castellana (Handicpa Referencia: Tres Anos: 32,5; Cuatro Anos Y Mas: 30)",2000,,,2,,Vintage Heat,4,0,0,,,,,7.601402334583733
Laurel Park,Laurel Park,2026-09-27,USA,1,Race 1 - Maiden Claiming,1106,,,7,,Meadowlark Drive,1,1,1,,,,,7.009408932708637
Laurel Park,Laurel Park,2026-09-27,USA,1,Race 1 - Maiden Claiming,1106,,,8,,Divine Mousse,2,0,1,,,,,7.009408932708637
Laurel Park,Laurel Park,2026-09-27,USA,1,Race 1 - Maiden Claiming,1106,,,5,,Penelope's Gift,3,0,1,,,,,7.009408932708637
Laurel Park,Laurel Park,2026-09-27,USA,1,Race 1 - Maiden Claiming,1106,,,6,,Mad Misty,4,0,0,,,,,7.009408932708637
Laurel Park,Laurel Park,2026-09-27,USA,2,Race 2 - Claiming,1609,,,7,,Mugatu,1,1,1,,,,,7.383989457978509
Laurel Park,Laurel Park,2026-09-27,USA,2,Race 2 - Claiming,1609,,,4,,Fan Club,2,0,1,,,,,7.383989457978509
Laurel Park,Laurel Park,2026-09-27,USA,2,Race 2 - Claiming,1609,,,1,,Cap Com,3,0,1,,,,,7.383989457978509
Laurel Park,Laurel Park,2026-09-27,USA,2,Race 2 - Claiming,1609,,,5,,Tell 'Em I'm Comin,4,0,0,,,,,7.383989457978509
Laurel Park,Laurel Park,2026-09-27,USA,3,Race 3 - Allowance,1710,,,6,,Dynacito,1,1,1,,,,,7.444833273892193
Laurel Park,Laurel Park,2026-09-27,USA,3,Race 3 - Allowance,1710,,,7,,Orator,2,0,1,,,,,7.444833273892193
Laurel Park,Laurel Park,2026-09-27,USA,3,Race 3 - Allowance,1710,,,10,,Hanksdiviningrod,3,0,1,,,,,7.444833273892193
Laurel Park,Laurel Park,2026-09-27,USA,3,Race 3 - Allowance,1710,,,1,,Se Thar Barr,4,0,0,,,,,7.444833273892193
Laurel Park,Laurel Park,2026-09-27,USA,4,Race 4 - Claiming,1207,,,9,,Sometime,1,1,1,,,,,7.0967213784947605
Laurel Park,Laurel Park,2026-09-27,USA,4,Race 4 - Claiming,1207,,,1,,One True Dude,2,0,1,,,,,7.0967213784947605
Laurel Park,Laurel Park,2026-09-27,USA,4,Race 4 - Claiming,1207,,,5,,Hell Ofa Hillbilly,3,0,1,,,,,7.0967213784947605
Laurel Park,Laurel Park,2026-09-27,USA,4,Race 4 - Claiming,1207,,,8,,Fayes Heart,4,0,0,,,,,7.0967213784947605
Laurel Park,Laurel Park,2026-09-27,USA,5,Race 5 - Maiden Special Weight,1609,,,3,,Alborz,1,1,1,,,,,7.383989457978509
Laurel Park,Laurel Park,2026-09-27,USA,5,Race 5 - Maiden Special Weight,1609,,,2,,Stars On The Water,2,0,1,,,,,7.383989457978509
Laurel Park,Laurel Park,2026-09-27,USA,5,Race 5 - Maiden Special Weight,1609,,,1,,The Wrath Of David,3,0,1,,,,,7.383989457978509
Laurel Park,Laurel Park,2026-09-27,USA,5,Race 5 - Maiden Special Weight,1609,,,5,,Meshach,4,0,0,,,,,7.383989457978509
Laurel Park,Laurel Park,2026-09-27,USA,6,Race 6 - All Along Stakes,1811,,,6,,Mischief In Motion,1,1,1,,,,,7.502186486602924
Laurel Park,Laurel Park,2026-09-27,USA,6,Race 6 - All Along Stakes,1811,,,5,,Awesome Czech,2,0,1,,,,,7.502186486602924
Laurel Park,Laurel Park,2026-09-27,USA,6,Race 6 - All Along Stakes,1811,,,8,,Grayosh,3,0,1,,,,,7.502186486602924
Laurel Park,Laurel Park,2026-09-27,USA,6,Race 6 - All Along Stakes,1811,,,2,,Nick's Notion,4,0,0,,,,,7.502186486602924
Laurel Park,Laurel Park,2026-09-27,USA,7,Race 7 - Allowance,1609,,,7,,Honor Mags,1,1,1,,,,,7.383989457978509
Laurel Park,Laurel Park,2026-09-27,USA,7,Race 7 - Allowance,1609,,,5,,Forrest City,2,0,1,,,,,7.383989457978509
Laurel Park,Laurel Park,2026-09-27,USA,7,Race 7 - Allowance,1609,,,1,,Compatriot,3,0,1,,,,,7.383989457978509
Laurel Park,Laurel Park,2026-09-27,USA,7,Race 7 - Allowance,1609,,,4,,No More Calls,4,0,0,,,,,7.383989457978509
Laurel Park,Laurel Park,2026-09-27,USA,8,Race 8 - Selima Stakes,1710,,,6,,Hidden Overture,1,1,1,,,,,7.444833273892193
Laurel Park,Laurel Park,2026-09-27,USA,8,Race 8 - Selima Stakes,1710,,,9,,Homeawayfromhome,2,0,1,,,,,7.444833273892193
Laurel Park,Laurel Park,2026-09-27,USA,8,Race 8 - Selima Stakes,1710,,,2,,Sea Isle City,3,0,1,,,,,7.444833273892193
Laurel Park,Laurel Park,2026-09-27,USA,8,Race 8 - Selima Stakes,1710,,,1,,Sun Valley,4,0,0,,,,,7.444833273892193
Laurel Park,Laurel Park,2026-09-27,USA,9,Race 9 - Laurel Futurity,1710,,,7,,Coast Highway,1,1,1,,,,,7.444833273892193
Laurel Park,Laurel Park,2026-09-27,USA,9,Race 9 - Laurel Futurity,1710,,,5,,Broadcast,2,0,1,,,,,7.444833273892193
Laurel Park,Laurel Park,2026-09-27,USA,9,Race 9 - Laurel Futurity,1710,,,3,,Bishop Moon,3,0,1,,,,,7.444833273892193
Laurel Park,Laurel Park,2026-09-27,USA,9,Race 9 - Laurel Futurity,1710,,,6,,Perfect Dream,4,0,0,,,,,7.444833273892193
Laurel Park,Laurel Park,2026-09-27,USA,10,Race 10 - Maiden Special Weight,1710,,,2,,Baru,1,1,1,,,,,7.444833273892193
Laurel Park,Laurel Park,2026-09-27,USA,10,Race 10 - Maiden Special Weight,1710,,,7,,Toneacity,2,0,1,,,,,7.444833273892193
Laurel Park,Laurel Park,2026-09-27,USA,10,Race 10 - Maiden Special Weight,1710,,,3,,Molitor,3,0,1,,,,,7.444833273892193
Laurel Park,Laurel Park,2026-09-27,USA,10,Race 10 - Maiden Special Weight,1710,,,4,,King Xisco,4,0,0,,,,,7.444833273892193
Laurel Park,Laurel Park,2026-09-28,USA,1,Race 1 - Claiming,1106,,,10,,Benny Havens,1,1,1,,,,,7.009408932708637
Laurel Park,Laurel Park,2026-09-28,USA,1,Race 1 - Claiming,1106,,,7,,Borletti,2,0,1,,,,,7.009408932708637
Laurel Park,Laurel Park,2026-09-28,USA,1,Race 1 - Claiming,1106,,,1,,Stone Cold Jones,3,0,1,,,,,7.009408932708637
Laurel Park,Laurel Park,2026-09-28,USA,2,Race 2 - Claiming,1609,,,2,,Veneto,1,1,1,,,,,7.383989457978509
Laurel Park,Laurel Park,2026-09-28,USA,2,Race 2 - Claiming,1609,,,5,,Furious George,2,0,1,,,,,7.383989457978509
Laurel Park,Laurel Park,2026-09-28,USA,2,Race 2 - Claiming,1609,,,7,,Coco No Loco,3,0,1,,,,,7.383989457978509
Laurel Park,Laurel Park,2026-09-28,USA,2,Race 2 - Claiming,1609,,,4,,Paynted Lion,4,0,0,,,,,7.383989457978509
Laurel Park,Laurel Park,2026-09-28,USA,3,Race 3 - Claiming,1710,,,11,,Keen Talent,1,1,1,,,,,7.444833273892193
Laurel Park,Laurel Park,2026-09-28,USA,3,Race 3 - Claiming,1710,,,9,,Sneaking Suspicion,2,0,1,,,,,7.444833273892193
Laurel Park,Laurel Park,2026-09-28,USA,3,Race 3 - Claiming,1710,,,6,,West Mountain,3,0,1,,,,,7.444833273892193
Laurel Park,Laurel Park,2026-09-28,USA,3,Race 3 - Claiming,1710,,,3,,Tyson's Delivery,4,0,0,,,,,7.444833273892193
Laurel Park,Laurel Park,2026-09-28,USA,4,Race 4 - Maiden Claiming,1710,,,14,,All Fruits Ripe,1,1,1,,,,,7.444833273892193
Laurel Park,Laurel Park,2026-09-28,USA,4,Race 4 - Maiden Claiming,1710,,,4,,Beautiful Quality,2,0,1,,,,,7.444833273892193
Laurel Park,Laurel Park,2026-09-28,USA,4,Race 4 - Maiden Claiming,1710,,,13,,Long Straw,3,0,1,,,,,7.444833273892193
Laurel Park,Laurel Park,2026-09-28,USA,4,Race 4 - Maiden Claiming,1710,,,9,,Big Boy Luka,4,0,0,,,,,7.444833273892193
Laurel Park,Laurel Park,2026-09-28,USA,5,Race 5 - Maiden Claiming,1408,,,5,,Silver Strings,1,1,1,,,,,7.25063551189868
Laurel Park,Laurel Park,2026-09-28,USA,5,Race 5 - Maiden Claiming,1408,,,1,,Think Pink,2,0,1,,,,,7.25063551189868
Laurel Park,Laurel Park,2026-09-28,USA,5,Race 5 - Maiden Claiming,1408,,,2,,Stoic Reserve,3,0,1,,,,,7.25063551189868
Laurel Park,Laurel Park,2026-09-28,USA,5,Race 5 - Maiden Claiming,1408,,,9,,Ashley H,4,0,0,,,,,7.25063551189868
Laurel Park,Laurel Park,2026-09-28,USA,6,Race 6 - Allowance Optional Claiming,1106,,,10,,Mizner,1,1,1,,,,,7.009408932708637
Laurel Park,Laurel Park,2026-09-28,USA,6,Race 6 - Allowance Optional Claiming,1106,,,6,,Jessica's Eyes,2,0,1,,,,,7.009408932708637
Laurel Park,Laurel Park,2026-09-28,USA,6,Race 6 - Allowance Optional Claiming,1106,,,7,,Twisted Filigree,3,0,1,,,,,7.009408932708637
Laurel Park,Laurel Park,2026-09-28,USA,7,Race 7 - Allowance,1106,,,12,,Barbados Buzz,1,1,1,,,,,7.009408932708637
Laurel Park,Laurel Park,2026-09-28,USA,7,Race 7 - Allowance,1106,,,4,,Laysen,2,0,1,,,,,7.009408932708637
Laurel Park,Laurel Park,2026-09-28,USA,7,Race 7 - Allowance,1106,,,2,,Spring Decision,3,0,1,,,,,7.009408932708637
Laurel Park,Laurel Park,2026-09-28,USA,7,Race 7 - Allowance,1106,,,13,,Bold Fact,4,0,0,,,,,7.009408932708637
Laurel Park,Laurel Park,2026-09-28,USA,8,Race 8 - Maiden Special Weight,1408,,,6,,Kiss Me Mo,1,1,1,,,,,7.25063551189868
Laurel Park,Laurel Park,2026-09-28,USA,8,Race 8 - Maiden Special Weight,1408,,,2,,Rocker Roller,2,0,1,,,,,7.25063551189868
Laurel Park,Laurel Park,2026-09-28,USA,8,Race 8 - Maiden Special Weight,1408,,,7,,Kinda Krazy,3,0,1,,,,,7.25063551189868
Laurel Park,Laurel Park,2026-09-28,USA,8,Race 8 - Maiden Special Weight,1408,,,4,,Stone Cold Kelly,4,0,0,,,,,7.25063551189868
Laurel Park,Laurel Park,2026-09-28,USA,9,Race 9 - Allowance Optional Claiming,1106,,,9,,Beyond Belief,1,1,1,,,,,7.009408932708637
Laurel Park,Laurel Park,2026-09-28,USA,9,Race 9 - Allowance Optional Claiming,1106,,,4,,Wisconsin Gal,2,0,1,,,,,7.009408932708637
Laurel Park,Laurel Park,2026-09-28,USA,9,Race 9 - Allowance Optional Claiming,1106,,,10,,Alani,3,0,1,,,,,7.009408932708637
Laurel Park,Laurel Park,2026-09-28,USA,9,Race 9 - Allowance Optional Claiming,1106,,,3,,In My Memories,4,0,0,,,,,7.009408932708637
Laurel Park,Laurel Park,2026-09-28,USA,10,Race 10 - Maiden Claiming,1609,,,4,,Mr Skinny,1,1,1,,,,,7.383989457978509
Laurel Park,Laurel Park,2026-09-28,USA,10,Race 10 - Maiden Claiming,1609,,,6,,Divine Swagger,2,0,1,,,,,7.383989457978509
Laurel Park,Laurel Park,2026-09-28,USA,10,Race 10 - Maiden Claiming,1609,,,7,,Senor Money,3,0,1,,,,,7.383989457978509
Laurel Park,Laurel Park,2026-09-28,USA,10,Race 10 - Maiden Claiming,1609,,,3,,My Friend Lou,4,0,0,,,,,7.383989457978509
Lone Star Park,Lone Star Park,2026-09-27,USA,1,Race 1,796,,,7,,Asc Jettazoom,1,1,1,,,,,6.680854678790215
Lone Star Park,Lone Star Park,2026-09-27,USA,1,Race 1,796,,,4,,Perry Miracle,2,0,1,,,,,6.680854678790215
Lone Star Park,Lone Star Park,2026-09-27,USA,1,Race 1,796,,,5,,Bok Black Diamond,3,0,1,,,,,6.680854678790215
Lone Star Park,Lone Star Park,2026-09-27,USA,1,Race 1,796,,,3,,Jd Doc Ramchandy,4,0,0,,,,,6.680854678790215
Lone Star Park,Lone Star Park,2026-09-27,USA,2,Race 2,274,,,2,,Snazzee,1,1,1,,,,,5.616771097666572
Lone Star Park,Lone Star Park,2026-09-27,USA,2,Race 2,274,,,7,,Giocosa,2,0,1,,,,,5.616771097666572
Lone Star Park,Lone Star Park,2026-09-27,USA,2,Race 2,274,,,8,,What The Fog,3,0,1,,,,,5.616771097666572
Lone Star Park,Lone Star Park,2026-09-27,USA,2,Race 2,274,,,3,,Mtz Southern Hawk,4,0,0,,,,,5.616771097666572
Lone Star Park,Lone Star Park,2026-09-27,USA,3,Q-racing Video Distance Challenge Stakes (Stakes),796,,,1,,Wynnchester,1,1,1,,,,,6.680854678790215
Lone Star Park,Lone Star Park,2026-09-27,USA,3,Q-racing Video Distance Challenge Stakes (Stakes),796,,,2,,Pj Dynasty,2,0,1,,,,,6.680854678790215
Lone Star Park,Lone Star Park,2026-09-27,USA,3,Q-racing Video Distance Challenge Stakes (Stakes),796,,,3,,Red Jet,3,0,1,,,,,6.680854678790215
Lone Star Park,Lone Star Park,2026-09-27,USA,3,Q-racing Video Distance Challenge Stakes (Stakes),796,,,6,,Yippee Ki Yey,4,0,0,,,,,6.680854678790215
Lone Star Park,Lone Star Park,2026-09-27,USA,4,Race 4,366,,,4,,Political Assasin,1,1,1,,,,,5.905361848054571
Lone Star Park,Lone Star Park,2026-09-27,USA,4,Race 4,366,,,1,,Bull Dawgg,2,0,1,,,,,5.905361848054571
Lone Star Park,Lone Star Park,2026-09-27,USA,4,Race 4,366,,,2,,Midnight D,3,0,1,,,,,5.905361848054571
Lone Star Park,Lone Star Park,2026-09-27,USA,4,Race 4,366,,,5,,Threat Levl Midnight,4,0,0,,,,,5.905361848054571
Lone Star Park,Lone Star Park,2026-09-27,USA,5,Race 5,366,,,10,,Pick N Roll,1,1,1,,,,,5.905361848054571
Lone Star Park,Lone Star Park,2026-09-27,USA,5,Race 5,366,,,1,,Duke,2,0,1,,,,,5.905361848054571
Lone Star Park,Lone Star Park,2026-09-27,USA,5,Race 5,366,,,8,,Bk Yard Swagger,2,0,1,,,,,5.905361848054571
Lone Star Park,Lone Star Park,2026-09-27,USA,5,Race 5,366,,,4,,First Seis Fancy,4,0,0,,,,,5.905361848054571
Lone Star Park,Lone Star Park,2026-09-27,USA,6,Race 6,320,,,6,,Geared Down,1,1,1,,,,,5.771441123130016
Lone Star Park,Lone Star Park,2026-09-27,USA,6,Race 6,320,,,1,,Caliente Cowboy 123,2,0,1,,,,,5.771441123130016
Lone Star Park,Lone Star Park,2026-09-27,USA,6,Race 6,320,,,3,,Jr Fast Train,3,0,1,,,,,5.771441123130016
Lone Star Park,Lone Star Park,2026-09-27,USA,6,Race 6,320,,,5,,One Pyc Fancy,4,0,0,,,,,5.771441123130016
Lone Star Park,Lone Star Park,2026-09-27,USA,7,Race 7,503,,,1,,Heza Kvn,1,1,1,,,,,6.222576268071369
Lone Star Park,Lone Star Park,2026-09-27,USA,7,Race 7,503,,,7,,Hawks Glory,2,0,1,,,,,6.222576268071369
Lone Star Park,Lone Star Park,2026-09-27,USA,7,Race 7,503,,,5,,Hardly Shining,3,0,1,,,,,6.222576268071369
Lone Star Park,Lone Star Park,2026-09-27,USA,7,Race 7,503,,,8,,Dont Let Me Downn,4,0,0,,,,,6.222576268071369
Lone Star Park,Lone Star Park,2026-09-27,USA,8,Race 8,302,,,1,,Flying G Litos,1,1,1,,,,,5.713732805509369
Lone Star Park,Lone Star Park,2026-09-27,USA,8,Race 8,302,,,3,,Vp Dragon King,2,0,1,,,,,5.713732805509369
Lone Star Park,Lone Star Park,2026-09-27,USA,8,Race 8,302,,,7,,Ml Sr Hayden James,3,0,1,,,,,5.713732805509369
Lone Star Park,Lone Star Park,2026-09-27,USA,8,Race 8,302,,,8,,Kas Cartel Gl,4,0,0,,,,,5.713732805509369
Lone Star Park,Lone Star Park,2026-09-27,USA,9,Race 9,201,,,8,,Iceman Watters,1,1,1,,,,,5.308267697401205
Lone Star Park,Lone Star Park,2026-09-27,USA,9,Race 9,201,,,1,,Mighty Bug Lluvia,2,0,1,,,,,5.308267697401205
Lone Star Park,Lone Star Park,2026-09-27,USA,9,Race 9,201,,,5,,Smkingamericaprise,3,0,1,,,,,5.308267697401205
Lone Star Park,Lone Star Park,2026-09-27,USA,9,Race 9,201,,,6,,Be The Answer,4,0,0,,,,,5.308267697401205
Lone Star Park,Lone Star Park,2026-09-27,USA,10,Race 10,274,,,4,,Seven Summers Ago,1,1,1,,,,,5.616771097666572
Lone Star Park,Lone Star Park,2026-09-27,USA,10,Race 10,274,,,10,,Rr Royal Lew,2,0,1,,,,,5.616771097666572
Lone Star Park,Lone Star Park,2026-09-27,USA,10,Race 10,274,,,2,,B A Flirt,3,0,1,,,,,5.616771097666572
Lone Star Park,Lone Star Park,2026-09-27,USA,10,Race 10,274,,,7,,Run On Monday,4,0,0,,,,,5.616771097666572
Lone Star Park,Lone Star Park,2026-09-27,USA,11,Cox Ranch Distaff Challenge Stakes (Stakes),366,,,3,,Im A Pretty Mess,1,1,1,,,,,5.905361848054571
Lone Star Park,Lone Star Park,2026-09-27,USA,11,Cox Ranch Distaff Challenge Stakes (Stakes),366,,,4,,Dynastys Girl,2,0,1,,,,,5.905361848054571
Lone Star Park,Lone Star Park,2026-09-27,USA,11,Cox Ranch Distaff Challenge Stakes (Stakes),366,,,1,,Mitoles Princess,3,0,1,,,,,5.905361848054571
Lone Star Park,Lone Star Park,2026-09-27,USA,11,Cox Ranch Distaff Challenge Stakes (Stakes),366,,,2,,One Magic Eagle,4,0,0,,,,,5.905361848054571
Lone Star Park,Lone Star Park,2026-09-27,USA,12,Race 12,366,,,1,,Hock Power,1,1,1,,,,,5.905361848054571
Lone Star Park,Lone Star Park,2026-09-27,USA,12,Race 12,366,,,7,,Barbarossa,2,0,1,,,,,5.905361848054571
Lone Star Park,Lone Star Park,2026-09-27,USA,12,Race 12,366,,,11,,Won Salty Corona,3,0,1,,,,,5.905361848054571
Lone Star Park,Lone Star Park,2026-09-27,USA,12,Race 12,366,,,6,,Valiant Geronimo,4,0,0,,,,,5.905361848054571
Los Alamitos QH Racecourse,Los Alamitos QH Racecourse,2026-09-27,USA,1,Race 1,905,,,5,,Elegant Sway,1,1,1,,,,,6.80903930604298
Los Alamitos QH Racecourse,Los Alamitos QH Racecourse,2026-09-27,USA,1,Race 1,905,,,4,,Cioppina Pasadina,2,0,1,,,,,6.80903930604298
Los Alamitos QH Racecourse,Los Alamitos QH Racecourse,2026-09-27,USA,1,Race 1,905,,,6,,Bronze Girl,3,0,1,,,,,6.80903930604298
Los Alamitos QH Racecourse,Los Alamitos QH Racecourse,2026-09-27,USA,2,Race 2,905,,,4,,Candy Run,1,1,1,,,,,6.80903930604298
Los Alamitos QH Racecourse,Los Alamitos QH Racecourse,2026-09-27,USA,2,Race 2,905,,,6,,Andramada,2,0,1,,,,,6.80903930604298
Los Alamitos QH Racecourse,Los Alamitos QH Racecourse,2026-09-27,USA,2,Race 2,905,,,5,,Fairlawns Way,3,0,1,,,,,6.80903930604298
Los Alamitos QH Racecourse,Los Alamitos QH Racecourse,2026-09-27,USA,2,Race 2,905,,,3,,How It Is,4,0,0,,,,,6.80903930604298
Los Alamitos QH Racecourse,Los Alamitos QH Racecourse,2026-09-27,USA,3,Race 3,274,,,2,,Dice Game,1,1,1,,,,,5.616771097666572
Los Alamitos QH Racecourse,Los Alamitos QH Racecourse,2026-09-27,USA,3,Race 3,274,,,1,,Ximenarey,2,0,1,,,,,5.616771097666572
Los Alamitos QH Racecourse,Los Alamitos QH Racecourse,2026-09-27,USA,3,Race 3,274,,,6,,Behind The Bar,3,0,1,,,,,5.616771097666572
Los Alamitos QH Racecourse,Los Alamitos QH Racecourse,2026-09-27,USA,3,Race 3,274,,,7,,Boss Leyend,4,0,0,,,,,5.616771097666572
Los Alamitos QH Racecourse,Los Alamitos QH Racecourse,2026-09-27,USA,4,Race 4,320,,,5,,Hoosier,1,1,1,,,,,5.771441123130016
Los Alamitos QH Racecourse,Los Alamitos QH Racecourse,2026-09-27,USA,4,Race 4,320,,,4,,Iza Candy Man,2,0,1,,,,,5.771441123130016
Los Alamitos QH Racecourse,Los Alamitos QH Racecourse,2026-09-27,USA,4,Race 4,320,,,1,,Exceller8,3,0,1,,,,,5.771441123130016
Los Alamitos QH Racecourse,Los Alamitos QH Racecourse,2026-09-27,USA,4,Race 4,320,,,3,,Henosheis Fire,4,0,0,,,,,5.771441123130016
Los Alamitos QH Racecourse,Los Alamitos QH Racecourse,2026-09-27,USA,5,Race 5,320,,,3,,Aj Beauty Rose,1,1,1,,,,,5.771441123130016
Los Alamitos QH Racecourse,Los Alamitos QH Racecourse,2026-09-27,USA,5,Race 5,320,,,1,,Getting Higher,2,0,1,,,,,5.771441123130016
Los Alamitos QH Racecourse,Los Alamitos QH Racecourse,2026-09-27,USA,5,Race 5,320,,,4,,Twin Falls,3,0,1,,,,,5.771441123130016
Los Alamitos QH Racecourse,Los Alamitos QH Racecourse,2026-09-27,USA,5,Race 5,320,,,6,,Love To Flirt,4,0,0,,,,,5.771441123130016
Los Alamitos QH Racecourse,Los Alamitos QH Racecourse,2026-09-27,USA,6,Race 6,274,,,1,,Whatta Cowboy,1,1,1,,,,,5.616771097666572
Los Alamitos QH Racecourse,Los Alamitos QH Racecourse,2026-09-27,USA,6,Race 6,274,,,6,,Bye Polar,2,0,1,,,,,5.616771097666572
Los Alamitos QH Racecourse,Los Alamitos QH Racecourse,2026-09-27,USA,6,Race 6,274,,,4,,Ab Elite Blood,3,0,1,,,,,5.616771097666572
Los Alamitos QH Racecourse,Los Alamitos QH Racecourse,2026-09-27,USA,6,Race 6,274,,,2,,Mr Apollitical Mrl,4,0,0,,,,,5.616771097666572
Los Alamitos QH Racecourse,Los Alamitos QH Racecourse,2026-09-27,USA,7,Race 7,320,,,5,,Powerful Wise Lady,1,1,1,,,,,5.771441123130016
Los Alamitos QH Racecourse,Los Alamitos QH Racecourse,2026-09-27,USA,7,Race 7,320,,,6,,Walk When I Walk,2,0,1,,,,,5.771441123130016
Los Alamitos QH Racecourse,Los Alamitos QH Racecourse,2026-09-27,USA,7,Race 7,320,,,3,,Terra Fina,3,0,1,,,,,5.771441123130016
Los Alamitos QH Racecourse,Los Alamitos QH Racecourse,2026-09-27,USA,7,Race 7,320,,,1,,Shine Ellyn,4,0,0,,,,,5.771441123130016
Los Alamitos QH Racecourse,Los Alamitos QH Racecourse,2026-09-27,USA,8,Race 8,320,,,5,,Callaita,1,1,1,,,,,5.771441123130016
Los Alamitos QH Racecourse,Los Alamitos QH Racecourse,2026-09-27,USA,8,Race 8,320,,,4,,Mission Possible,2,0,1,,,,,5.771441123130016
Los Alamitos QH Racecourse,Los Alamitos QH Racecourse,2026-09-27,USA,8,Race 8,320,,,3,,Ultra Shiny,3,0,1,,,,,5.771441123130016
Los Alamitos QH Racecourse,Los Alamitos QH Racecourse,2026-09-27,USA,8,Race 8,320,,,6,,Val Baby,4,0,0,,,,,5.771441123130016
Los Alamitos QH Racecourse,Los Alamitos QH Racecourse,2026-09-28,USA,1,Race 1,914,,,4,,Girl Fire,1,1,1,,,,,6.818924065275521
Los Alamitos QH Racecourse,Los Alamitos QH Racecourse,2026-09-28,USA,1,Race 1,914,,,2,,Da Bel Fiore,2,0,1,,,,,6.818924065275521
Los Alamitos QH Racecourse,Los Alamitos QH Racecourse,2026-09-28,USA,1,Race 1,914,,,1,,Spy In Disguise,3,0,1,,,,,6.818924065275521
Los Alamitos QH Racecourse,Los Alamitos QH Racecourse,2026-09-28,USA,1,Race 1,914,,,3,,Sifting For Gold,4,0,0,,,,,6.818924065275521
Los Alamitos QH Racecourse,Los Alamitos QH Racecourse,2026-09-28,USA,2,Race 2,914,,,2,,Comedy Town,1,1,1,,,,,6.818924065275521
Los Alamitos QH Racecourse,Los Alamitos QH Racecourse,2026-09-28,USA,2,Race 2,914,,,4,,Daniel's Magic,2,0,1,,,,,6.818924065275521
Los Alamitos QH Racecourse,Los Alamitos QH Racecourse,2026-09-28,USA,2,Race 2,914,,,5,,Arkadelphia,3,0,1,,,,,6.818924065275521
Los Alamitos QH Racecourse,Los Alamitos QH Racecourse,2026-09-28,USA,2,Race 2,914,,,3,,Its Kraken Time,4,0,0,,,,,6.818924065275521
Los Alamitos QH Racecourse,Los Alamitos QH Racecourse,2026-09-28,USA,3,Race 3,914,,,3,,Proof He's Fast,1,1,1,,,,,6.818924065275521
Los Alamitos QH Racecourse,Los Alamitos QH Racecourse,2026-09-28,USA,3,Race 3,914,,,4,,Synopsis,2,0,1,,,,,6.818924065275521
Los Alamitos QH Racecourse,Los Alamitos QH Racecourse,2026-09-28,USA,3,Race 3,914,,,6,,Fincairn,3,0,1,,,,,6.818924065275521
Los Alamitos QH Racecourse,Los Alamitos QH Racecourse,2026-09-28,USA,3,Race 3,914,,,1,,Highland Echo,4,0,0,,,,,6.818924065275521
Los Alamitos QH Racecourse,Los Alamitos QH Racecourse,2026-09-28,USA,4,Race 4,914,,,6,,Om Sassy,1,1,1,,,,,6.818924065275521
Los Alamitos QH Racecourse,Los Alamitos QH Racecourse,2026-09-28,USA,4,Race 4,914,,,5,,Winning Lover,2,0,1,,,,,6.818924065275521
Los Alamitos QH Racecourse,Los Alamitos QH Racecourse,2026-09-28,USA,4,Race 4,914,,,3,,Sark,3,0,1,,,,,6.818924065275521
Los Alamitos QH Racecourse,Los Alamitos QH Racecourse,2026-09-28,USA,4,Race 4,914,,,4,,Lucky And Gone,4,0,0,,,,,6.818924065275521
Los Alamitos QH Racecourse,Los Alamitos QH Racecourse,2026-09-28,USA,5,Race 5,274,,,3,,Mp Express,1,1,1,,,,,5.616771097666572
Los Alamitos QH Racecourse,Los Alamitos QH Racecourse,2026-09-28,USA,5,Race 5,274,,,5,,Gambling Cowboy,2,0,1,,,,,5.616771097666572
Los Alamitos QH Racecourse,Los Alamitos QH Racecourse,2026-09-28,USA,5,Race 5,274,,,2,,Favorite Surfer,3,0,1,,,,,5.616771097666572
Los Alamitos QH Racecourse,Los Alamitos QH Racecourse,2026-09-28,USA,5,Race 5,274,,,1,,D Revenant,4,0,0,,,,,5.616771097666572
Los Alamitos QH Racecourse,Los Alamitos QH Racecourse,2026-09-28,USA,6,Race 6,274,,,3,,Running For The Card,1,1,1,,,,,5.616771097666572
Los Alamitos QH Racecourse,Los Alamitos QH Racecourse,2026-09-28,USA,6,Race 6,274,,,4,,Alexa Girl 47,2,0,1,,,,,5.616771097666572
Los Alamitos QH Racecourse,Los Alamitos QH Racecourse,2026-09-28,USA,6,Race 6,274,,,5,,Chica Chula,3,0,1,,,,,5.616771097666572
Los Alamitos QH Racecourse,Los Alamitos QH Racecourse,2026-09-28,USA,6,Race 6,274,,,2,,Lightning Capo,4,0,0,,,,,5.616771097666572
Mizusawa,Mizusawa,2026-09-27,OTHER,1,Race 1 (C2),849,,,10,,M T Waltz,1,1,1,,,,,6.745236349484363
Mizusawa,Mizusawa,2026-09-27,OTHER,1,Race 1 (C2),849,,,7,,Golden Syrup,2,0,1,,,,,6.745236349484363
Mizusawa,Mizusawa,2026-09-27,OTHER,1,Race 1 (C2),849,,,1,,May Storm,3,0,1,,,,,6.745236349484363
Mizusawa,Mizusawa,2026-09-27,OTHER,1,Race 1 (C2),849,,,2,,Risk Taker,4,0,0,,,,,6.745236349484363
Mizusawa,Mizusawa,2026-09-27,OTHER,2,Race 2 (C2),1300,,,3,,Hollyanne,1,1,1,,,,,7.170888478512505
Mizusawa,Mizusawa,2026-09-27,OTHER,2,Race 2 (C2),1300,,,4,,Satono Medusa,2,0,1,,,,,7.170888478512505
Mizusawa,Mizusawa,2026-09-27,OTHER,2,Race 2 (C2),1300,,,2,,Sanei Cannon,3,0,1,,,,,7.170888478512505
Mizusawa,Mizusawa,2026-09-27,OTHER,2,Race 2 (C2),1300,,,7,,Trifoglio,4,0,0,,,,,7.170888478512505
Mizusawa,Mizusawa,2026-09-27,OTHER,3,Race 3 (C2),1300,,,2,,Meiner Evince,1,1,1,,,,,7.170888478512505
Mizusawa,Mizusawa,2026-09-27,OTHER,3,Race 3 (C2),1300,,,8,,Ras Dashen,2,0,1,,,,,7.170888478512505
Mizusawa,Mizusawa,2026-09-27,OTHER,3,Race 3 (C2),1300,,,5,,Nande Festive,3,0,1,,,,,7.170888478512505
Mizusawa,Mizusawa,2026-09-27,OTHER,3,Race 3 (C2),1300,,,9,,Mikki Hustle,4,0,0,,,,,7.170888478512505
Mizusawa,Mizusawa,2026-09-27,OTHER,4,Race 4 (C2),1300,,,9,,Evidentia,1,1,1,,,,,7.170888478512505
Mizusawa,Mizusawa,2026-09-27,OTHER,4,Race 4 (C2),1300,,,2,,Fantasma,2,0,1,,,,,7.170888478512505
Mizusawa,Mizusawa,2026-09-27,OTHER,4,Race 4 (C2),1300,,,4,,Kaga Babel,3,0,1,,,,,7.170888478512505
Mizusawa,Mizusawa,2026-09-27,OTHER,4,Race 4 (C2),1300,,,8,,Yamanin Baltoro,4,0,0,,,,,7.170888478512505
Mizusawa,Mizusawa,2026-09-27,OTHER,5,Race 5 (C2),1400,,,8,,Hyakugimaru,1,1,1,,,,,7.244941546337007
Mizusawa,Mizusawa,2026-09-27,OTHER,5,Race 5 (C2),1400,,,9,,Ange Rio,2,0,1,,,,,7.244941546337007
Mizusawa,Mizusawa,2026-09-27,OTHER,5,Race 5 (C2),1400,,,11,,Tosen Amuse,3,0,1,,,,,7.244941546337007
Mizusawa,Mizusawa,2026-09-27,OTHER,5,Race 5 (C2),1400,,,3,,Sun Ideal,4,0,0,,,,,7.244941546337007
Mizusawa,Mizusawa,2026-09-27,OTHER,6,Race 6 (C2),1400,,,2,,Hapina Star,1,1,1,,,,,7.244941546337007
Mizusawa,Mizusawa,2026-09-27,OTHER,6,Race 6 (C2),1400,,,10,,Super Highway,2,0,1,,,,,7.244941546337007
Mizusawa,Mizusawa,2026-09-27,OTHER,6,Race 6 (C2),1400,,,1,,Grace Ruler,3,0,1,,,,,7.244941546337007
Mizusawa,Mizusawa,2026-09-27,OTHER,6,Race 6 (C2),1400,,,5,,Patricia,4,0,0,,,,,7.244941546337007
Mizusawa,Mizusawa,2026-09-27,OTHER,7,Race 7 (C2),1400,,,1,,Yakujo,1,1,1,,,,,7.244941546337007
Mizusawa,Mizusawa,2026-09-27,OTHER,7,Race 7 (C2),1400,,,9,,Star Plane,2,0,1,,,,,7.244941546337007
Mizusawa,Mizusawa,2026-09-27,OTHER,7,Race 7 (C2),1400,,,3,,Emerald Tesoro,3,0,1,,,,,7.244941546337007
Mizusawa,Mizusawa,2026-09-27,OTHER,7,Race 7 (C2),1400,,,12,,Fire Salamander,4,0,0,,,,,7.244941546337007
Mizusawa,Mizusawa,2026-09-27,OTHER,8,Race 8 (C2),1400,,,6,,Taisei Gigas,1,1,1,,,,,7.244941546337007
Mizusawa,Mizusawa,2026-09-27,OTHER,8,Race 8 (C2),1400,,,10,,Gold Freedom,2,0,1,,,,,7.244941546337007
Mizusawa,Mizusawa,2026-09-27,OTHER,8,Race 8 (C2),1400,,,7,,Nasiriyah,3,0,1,,,,,7.244941546337007
Mizusawa,Mizusawa,2026-09-27,OTHER,8,Race 8 (C2),1400,,,3,,Iris Aster,4,0,0,,,,,7.244941546337007
Mizusawa,Mizusawa,2026-09-27,OTHER,9,Race 9 (C1),849,,,8,,Chihayaburu Run,1,1,1,,,,,6.745236349484363
Mizusawa,Mizusawa,2026-09-27,OTHER,9,Race 9 (C1),849,,,9,,Saisir Le Reve,2,0,1,,,,,6.745236349484363
Mizusawa,Mizusawa,2026-09-27,OTHER,9,Race 9 (C1),849,,,7,,Presto Angel,3,0,1,,,,,6.745236349484363
Mizusawa,Mizusawa,2026-09-27,OTHER,9,Race 9 (C1),849,,,4,,Kobai,4,0,0,,,,,6.745236349484363
Mizusawa,Mizusawa,2026-09-27,OTHER,10,Race 10 (C1),1400,,,4,,Excellent Man,1,1,1,,,,,7.244941546337007
Mizusawa,Mizusawa,2026-09-27,OTHER,10,Race 10 (C1),1400,,,10,,Akai Tsume,2,0,1,,,,,7.244941546337007
Mizusawa,Mizusawa,2026-09-27,OTHER,10,Race 10 (C1),1400,,,11,,Kiratto,3,0,1,,,,,7.244941546337007
Mizusawa,Mizusawa,2026-09-27,OTHER,10,Race 10 (C1),1400,,,7,,Maccabaeus,4,0,0,,,,,7.244941546337007
Mizusawa,Mizusawa,2026-09-27,OTHER,11,Race 11 (Cond),1400,,,7,,Kurinatchi,1,1,1,,,,,7.244941546337007
Mizusawa,Mizusawa,2026-09-27,OTHER,11,Race 11 (Cond),1400,,,10,,Vip Akua,2,0,1,,,,,7.244941546337007
Mizusawa,Mizusawa,2026-09-27,OTHER,11,Race 11 (Cond),1400,,,6,,Kitano Bride,3,0,1,,,,,7.244941546337007
Mizusawa,Mizusawa,2026-09-27,OTHER,11,Race 11 (Cond),1400,,,12,,Meisho Mahiro,4,0,0,,,,,7.244941546337007
Mizusawa,Mizusawa,2026-09-27,OTHER,12,Race 12 (C1),1400,,,8,,Pensee,1,1,1,,,,,7.244941546337007
Mizusawa,Mizusawa,2026-09-27,OTHER,12,Race 12 (C1),1400,,,4,,Nevis,2,0,1,,,,,7.244941546337007
Mizusawa,Mizusawa,2026-09-27,OTHER,12,Race 12 (C1),1400,,,2,,Meiner Recuerdo,3,0,1,,,,,7.244941546337007
Mizusawa,Mizusawa,2026-09-27,OTHER,12,Race 12 (C1),1400,,,5,,Livre Wonder,4,0,0,,,,,7.244941546337007
Mizusawa,Mizusawa,2026-09-28,OTHER,1,Race 1 (C2),1300,,,10,,Kitano Sovereign,1,1,1,,,,,7.170888478512505
Mizusawa,Mizusawa,2026-09-28,OTHER,1,Race 1 (C2),1300,,,6,,Light Blue Sky,2,0,1,,,,,7.170888478512505
Mizusawa,Mizusawa,2026-09-28,OTHER,1,Race 1 (C2),1300,,,11,,Ajaib,3,0,1,,,,,7.170888478512505
Mizusawa,Mizusawa,2026-09-28,OTHER,1,Race 1 (C2),1300,,,8,,Meisho Tadatsugu,4,0,0,,,,,7.170888478512505
Mountaineer,Mountaineer,2026-09-28,USA,1,Race 1 - Claiming,1408,,,2,,Legal Titan,1,1,1,,,,,7.25063551189868
Mountaineer,Mountaineer,2026-09-28,USA,1,Race 1 - Claiming,1408,,,4,,Valentine Bug,2,0,1,,,,,7.25063551189868
Mountaineer,Mountaineer,2026-09-28,USA,1,Race 1 - Claiming,1408,,,3,,Del Mo,3,0,1,,,,,7.25063551189868
Mountaineer,Mountaineer,2026-09-28,USA,1,Race 1 - Claiming,1408,,,1,,Marsala Monarch,4,0,0,,,,,7.25063551189868
Mountaineer,Mountaineer,2026-09-28,USA,2,Race 2 - Claiming,1609,,,3,,Poema,1,1,1,,,,,7.383989457978509
Mountaineer,Mountaineer,2026-09-28,USA,2,Race 2 - Claiming,1609,,,2,,Machen Reigns,2,0,1,,,,,7.383989457978509
Mountaineer,Mountaineer,2026-09-28,USA,2,Race 2 - Claiming,1609,,,6,,Xhilaratingpurpose,3,0,1,,,,,7.383989457978509
Mountaineer,Mountaineer,2026-09-28,USA,2,Race 2 - Claiming,1609,,,10,,Khnum,4,0,0,,,,,7.383989457978509
Mountaineer,Mountaineer,2026-09-28,USA,3,Race 3 - Claiming,1006,,,8,,Alien Princess,1,1,1,,,,,6.914730892718563
Mountaineer,Mountaineer,2026-09-28,USA,3,Race 3 - Claiming,1006,,,1,,My Lucky Deia,2,0,1,,,,,6.914730892718563
Mountaineer,Mountaineer,2026-09-28,USA,3,Race 3 - Claiming,1006,,,2,,Bashful Daisy,3,0,1,,,,,6.914730892718563
Mountaineer,Mountaineer,2026-09-28,USA,3,Race 3 - Claiming,1006,,,7,,Country Cherry,4,0,0,,,,,6.914730892718563
Mountaineer,Mountaineer,2026-09-28,USA,4,Race 4 - Claiming,1207,,,2,,X Gene,1,1,1,,,,,7.0967213784947605
Mountaineer,Mountaineer,2026-09-28,USA,4,Race 4 - Claiming,1207,,,1,,Principia,2,0,1,,,,,7.0967213784947605
Mountaineer,Mountaineer,2026-09-28,USA,4,Race 4 - Claiming,1207,,,3,,Denali Rae,3,0,1,,,,,7.0967213784947605
Mountaineer,Mountaineer,2026-09-28,USA,4,Race 4 - Claiming,1207,,,5,,Everheart,4,0,0,,,,,7.0967213784947605
Mountaineer,Mountaineer,2026-09-28,USA,5,Race 5 - Maiden Special Weight,1006,,,5,,A Road To Conquest,1,1,1,,,,,6.914730892718563
Mountaineer,Mountaineer,2026-09-28,USA,5,Race 5 - Maiden Special Weight,1006,,,8,,Golden Sips,2,0,1,,,,,6.914730892718563
Mountaineer,Mountaineer,2026-09-28,USA,5,Race 5 - Maiden Special Weight,1006,,,7,,House Music,3,0,1,,,,,6.914730892718563
Mountaineer,Mountaineer,2026-09-28,USA,5,Race 5 - Maiden Special Weight,1006,,,2,,Tiptoetappin,4,0,0,,,,,6.914730892718563
Mountaineer,Mountaineer,2026-09-28,USA,6,Race 6 - Claiming,1609,,,7,,Krug,1,1,1,,,,,7.383989457978509
Mountaineer,Mountaineer,2026-09-28,USA,6,Race 6 - Claiming,1609,,,1,,Roundball Rock,2,0,1,,,,,7.383989457978509
Mountaineer,Mountaineer,2026-09-28,USA,6,Race 6 - Claiming,1609,,,3,,Breezy Money,3,0,1,,,,,7.383989457978509
Mountaineer,Mountaineer,2026-09-28,USA,6,Race 6 - Claiming,1609,,,8,,Big Spin,4,0,0,,,,,7.383989457978509
Mountaineer,Mountaineer,2026-09-28,USA,7,Race 7 - Maiden Claiming,1207,,,8,,Happy I Got It,1,1,1,,,,,7.0967213784947605
Mountaineer,Mountaineer,2026-09-28,USA,7,Race 7 - Maiden Claiming,1207,,,1,,Clare's Cause,2,0,1,,,,,7.0967213784947605
Mountaineer,Mountaineer,2026-09-28,USA,7,Race 7 - Maiden Claiming,1207,,,2,,Finn D'oro,3,0,1,,,,,7.0967213784947605
Mountaineer,Mountaineer,2026-09-28,USA,7,Race 7 - Maiden Claiming,1207,,,5,,Thirty Thirty,4,0,0,,,,,7.0967213784947605
Mountaineer,Mountaineer,2026-09-28,USA,8,Race 8 - Claiming,1609,,,7,,Tempus,1,1,1,,,,,7.383989457978509
Mountaineer,Mountaineer,2026-09-28,USA,8,Race 8 - Claiming,1609,,,3,,Ambulante,2,0,1,,,,,7.383989457978509
Mountaineer,Mountaineer,2026-09-28,USA,8,Race 8 - Claiming,1609,,,1,,Braggadocious,3,0,1,,,,,7.383989457978509
Mountaineer,Mountaineer,2026-09-28,USA,8,Race 8 - Claiming,1609,,,2,,Zippy Gizmo,4,0,0,,,,,7.383989457978509
Nakayama,Nakayama,2026-09-27,OTHER,1,Maiden Race (Mdn),1200,,,7,,Marino Espresso,1,1,1,,,,,7.0909098220799835
Nakayama,Nakayama,2026-09-27,OTHER,1,Maiden Race (Mdn),1200,,,13,,Waremoko,2,0,1,,,,,7.0909098220799835
Nakayama,Nakayama,2026-09-27,OTHER,1,Maiden Race (Mdn),1200,,,2,,Ecoro Blanc,3,0,1,,,,,7.0909098220799835
Nakayama,Nakayama,2026-09-27,OTHER,1,Maiden Race (Mdn),1200,,,10,,Aoisumire,4,0,0,,,,,7.0909098220799835
Nakayama,Nakayama,2026-09-27,OTHER,2,Maiden Race (Mdn),2001,,,2,,Principatus,1,1,1,,,,,7.601901959875166
Nakayama,Nakayama,2026-09-27,OTHER,2,Maiden Race (Mdn),2001,,,6,,Tosen Masurao,2,0,1,,,,,7.601901959875166
Nakayama,Nakayama,2026-09-27,OTHER,2,Maiden Race (Mdn),2001,,,4,,Neuro Fighter,3,0,1,,,,,7.601901959875166
Nakayama,Nakayama,2026-09-27,OTHER,2,Maiden Race (Mdn),2001,,,12,,Regime Change,4,0,0,,,,,7.601901959875166
Nakayama,Nakayama,2026-09-27,OTHER,3,Maiden Race (Mdn),1800,,,4,,Fabric,1,1,1,,,,,7.496097345175956
Nakayama,Nakayama,2026-09-27,OTHER,3,Maiden Race (Mdn),1800,,,1,,Red Mau Loa,2,0,1,,,,,7.496097345175956
Nakayama,Nakayama,2026-09-27,OTHER,3,Maiden Race (Mdn),1800,,,3,,Friend Milano,3,0,1,,,,,7.496097345175956
Nakayama,Nakayama,2026-09-27,OTHER,3,Maiden Race (Mdn),1800,,,8,,Faunard,4,0,0,,,,,7.496097345175956
Nakayama,Nakayama,2026-09-27,OTHER,4,Newcomer Race (Newc),1200,,,5,,Mieno Vivid,1,1,1,,,,,7.0909098220799835
Nakayama,Nakayama,2026-09-27,OTHER,4,Newcomer Race (Newc),1200,,,14,,You Saiko,2,0,1,,,,,7.0909098220799835
Nakayama,Nakayama,2026-09-27,OTHER,4,Newcomer Race (Newc),1200,,,9,,Double Spring,3,0,1,,,,,7.0909098220799835
Nakayama,Nakayama,2026-09-27,OTHER,4,Newcomer Race (Newc),1200,,,4,,Joie Livrer,4,0,0,,,,,7.0909098220799835
Nakayama,Nakayama,2026-09-27,OTHER,5,Newcomer Race (Newc),2001,,,3,,Diana Maria,1,1,1,,,,,7.601901959875166
Nakayama,Nakayama,2026-09-27,OTHER,5,Newcomer Race (Newc),2001,,,6,,Suave Basileus,2,0,1,,,,,7.601901959875166
Nakayama,Nakayama,2026-09-27,OTHER,5,Newcomer Race (Newc),2001,,,4,,Temu Green,3,0,1,,,,,7.601901959875166
Nakayama,Nakayama,2026-09-27,OTHER,5,Newcomer Race (Newc),2001,,,2,,Koln Mitchi,4,0,0,,,,,7.601901959875166
Nakayama,Nakayama,2026-09-27,OTHER,6,Allowance Race (Allow),1800,,,11,,Mr Canberra,1,1,1,,,,,7.496097345175956
Nakayama,Nakayama,2026-09-27,OTHER,6,Allowance Race (Allow),1800,,,5,,Grand Swell,2,0,1,,,,,7.496097345175956
Nakayama,Nakayama,2026-09-27,OTHER,6,Allowance Race (Allow),1800,,,3,,Tartaros,3,0,1,,,,,7.496097345175956
Nakayama,Nakayama,2026-09-27,OTHER,6,Allowance Race (Allow),1800,,,7,,Dantsu Tiara,4,0,0,,,,,7.496097345175956
Nakayama,Nakayama,2026-09-27,OTHER,7,Allowance Race (Allow),1600,,,3,,Cosmo Cavalier,1,1,1,,,,,7.3783837129967145
Nakayama,Nakayama,2026-09-27,OTHER,7,Allowance Race (Allow),1600,,,10,,Deathscythe,2,0,1,,,,,7.3783837129967145
Nakayama,Nakayama,2026-09-27,OTHER,7,Allowance Race (Allow),1600,,,1,,Win Roselite,3,0,1,,,,,7.3783837129967145
Nakayama,Nakayama,2026-09-27,OTHER,7,Allowance Race (Allow),1600,,,11,,Six Pack,4,0,0,,,,,7.3783837129967145
Nakayama,Nakayama,2026-09-27,OTHER,8,Allowance Race (Allow),1800,,,11,,Medici Power,1,1,1,,,,,7.496097345175956
Nakayama,Nakayama,2026-09-27,OTHER,8,Allowance Race (Allow),1800,,,15,,Du Maverick,2,0,1,,,,,7.496097345175956
Nakayama,Nakayama,2026-09-27,OTHER,8,Allowance Race (Allow),1800,,,2,,Lord Solstice,3,0,1,,,,,7.496097345175956
Nakayama,Nakayama,2026-09-27,OTHER,8,Allowance Race (Allow),1800,,,10,,Fukuchan Tomei,4,0,0,,,,,7.496097345175956
Nakayama,Nakayama,2026-09-27,OTHER,9,Saffron Sho (Allow),1600,,,3,,Silver Will,1,1,1,,,,,7.3783837129967145
Nakayama,Nakayama,2026-09-27,OTHER,9,Saffron Sho (Allow),1600,,,7,,Risanautr,2,0,1,,,,,7.3783837129967145
Nakayama,Nakayama,2026-09-27,OTHER,9,Saffron Sho (Allow),1600,,,2,,Cirque Du Mars,3,0,1,,,,,7.3783837129967145
Nakayama,Nakayama,2026-09-27,OTHER,9,Saffron Sho (Allow),1600,,,1,,Lyrical Flair,4,0,0,,,,,7.3783837129967145
Nakayama,Nakayama,2026-09-27,OTHER,10,Ibaraki Shimbun Hai (Allow),2001,,,5,,Honey Dress,1,1,1,,,,,7.601901959875166
Nakayama,Nakayama,2026-09-27,OTHER,10,Ibaraki Shimbun Hai (Allow),2001,,,6,,Mitsukane Venera,2,0,1,,,,,7.601901959875166
Nakayama,Nakayama,2026-09-27,OTHER,10,Ibaraki Shimbun Hai (Allow),2001,,,8,,Bene Spira,3,0,1,,,,,7.601901959875166
Nakayama,Nakayama,2026-09-27,OTHER,10,Ibaraki Shimbun Hai (Allow),2001,,,4,,Cosmo Ishtar,4,0,0,,,,,7.601901959875166
Nakayama,Nakayama,2026-09-27,OTHER,11,Sprinters Stakes Group 1 Stakes,1200,,,16,,Puro Magic,1,1,1,,,,,7.0909098220799835
Nakayama,Nakayama,2026-09-27,OTHER,11,Sprinters Stakes Group 1 Stakes,1200,,,6,,World's End,2,0,1,,,,,7.0909098220799835
Nakayama,Nakayama,2026-09-27,OTHER,11,Sprinters Stakes Group 1 Stakes,1200,,,5,,Sound Moryana,3,0,1,,,,,7.0909098220799835
Nakayama,Nakayama,2026-09-27,OTHER,11,Sprinters Stakes Group 1 Stakes,1200,,,9,,Star Anise,4,0,0,,,,,7.0909098220799835
Nakayama,Nakayama,2026-09-27,OTHER,12,Sotobo Stakes (Allow),1200,,,7,,Margot Gain,1,1,1,,,,,7.0909098220799835
Nakayama,Nakayama,2026-09-27,OTHER,12,Sotobo Stakes (Allow),1200,,,4,,Innocent Cat,2,0,1,,,,,7.0909098220799835
Nakayama,Nakayama,2026-09-27,OTHER,12,Sotobo Stakes (Allow),1200,,,2,,Rose Charis,3,0,1,,,,,7.0909098220799835
Nakayama,Nakayama,2026-09-27,OTHER,12,Sotobo Stakes (Allow),1200,,,10,,Kanesho Legend,4,0,0,,,,,7.0909098220799835
Remington Park,Remington Park,2026-09-27,USA,1,Race 1 - Claiming,1609,,,6,,Qualitysoulofmine,1,1,1,,,,,7.383989457978509
Remington Park,Remington Park,2026-09-27,USA,1,Race 1 - Claiming,1609,,,1,,Atreidesreflection,2,0,1,,,,,7.383989457978509
Remington Park,Remington Park,2026-09-27,USA,1,Race 1 - Claiming,1609,,,5,,C. P. A. Jim,3,0,1,,,,,7.383989457978509
Remington Park,Remington Park,2026-09-27,USA,1,Race 1 - Claiming,1609,,,4,,Remittance,4,0,0,,,,,7.383989457978509
Remington Park,Remington Park,2026-09-27,USA,2,Race 2 - Claiming,1408,,,8,,Storms Last,1,1,1,,,,,7.25063551189868
Remington Park,Remington Park,2026-09-27,USA,2,Race 2 - Claiming,1408,,,7,,Norway Beach,2,0,1,,,,,7.25063551189868
Remington Park,Remington Park,2026-09-27,USA,2,Race 2 - Claiming,1408,,,5,,He's A Rock,3,0,1,,,,,7.25063551189868
Remington Park,Remington Park,2026-09-27,USA,2,Race 2 - Claiming,1408,,,4,,Blame Da Stoops,4,0,0,,,,,7.25063551189868
Remington Park,Remington Park,2026-09-27,USA,3,Race 3 - Claiming,1207,,,2,,Props,1,1,1,,,,,7.0967213784947605
Remington Park,Remington Park,2026-09-27,USA,3,Race 3 - Claiming,1207,,,4,,Brass Nucks,2,0,1,,,,,7.0967213784947605
Remington Park,Remington Park,2026-09-27,USA,3,Race 3 - Claiming,1207,,,7,,Echo Marine,3,0,1,,,,,7.0967213784947605
Remington Park,Remington Park,2026-09-27,USA,3,Race 3 - Claiming,1207,,,1,,Tartarian,4,0,0,,,,,7.0967213784947605
Remington Park,Remington Park,2026-09-27,USA,4,Race 4 - Claiming,1710,,,5,,Maddienlizzyshonor,1,1,1,,,,,7.444833273892193
Remington Park,Remington Park,2026-09-27,USA,4,Race 4 - Claiming,1710,,,2,,Boltoro,2,0,1,,,,,7.444833273892193
Remington Park,Remington Park,2026-09-27,USA,4,Race 4 - Claiming,1710,,,6,,Lookin Lucky Again,3,0,1,,,,,7.444833273892193
Remington Park,Remington Park,2026-09-27,USA,4,Race 4 - Claiming,1710,,,4,,Grace Given,4,0,0,,,,,7.444833273892193
Remington Park,Remington Park,2026-09-27,USA,5,Race 5 - Allowance,1609,,,8,,Country Caper,1,1,1,,,,,7.383989457978509
Remington Park,Remington Park,2026-09-27,USA,5,Race 5 - Allowance,1609,,,4,,C W Prize,2,0,1,,,,,7.383989457978509
Remington Park,Remington Park,2026-09-27,USA,5,Race 5 - Allowance,1609,,,7,,Red Mountain,3,0,1,,,,,7.383989457978509
Remington Park,Remington Park,2026-09-27,USA,5,Race 5 - Allowance,1609,,,3,,Excaping The Blues,4,0,0,,,,,7.383989457978509
Remington Park,Remington Park,2026-09-27,USA,6,Race 6 - Claiming,1006,,,7,,Princess Kaiulani,1,1,1,,,,,6.914730892718563
Remington Park,Remington Park,2026-09-27,USA,6,Race 6 - Claiming,1006,,,6,,Billie Baby,2,0,1,,,,,6.914730892718563
Remington Park,Remington Park,2026-09-27,USA,6,Race 6 - Claiming,1006,,,2,,Miss Sundaze,3,0,1,,,,,6.914730892718563
Remington Park,Remington Park,2026-09-27,USA,6,Race 6 - Claiming,1006,,,3,,Posetively Perfect,4,0,0,,,,,6.914730892718563
Remington Park,Remington Park,2026-09-27,USA,7,Race 7 - Allowance,1106,,,6,,So Jordan,1,1,1,,,,,7.009408932708637
Remington Park,Remington Park,2026-09-27,USA,7,Race 7 - Allowance,1106,,,4,,Letta's Legacy,2,0,1,,,,,7.009408932708637
Remington Park,Remington Park,2026-09-27,USA,7,Race 7 - Allowance,1106,,,5,,Ship Of Dreams,3,0,1,,,,,7.009408932708637
Remington Park,Remington Park,2026-09-27,USA,7,Race 7 - Allowance,1106,,,3,,Nice Neighbor,4,0,0,,,,,7.009408932708637
Remington Park,Remington Park,2026-09-27,USA,8,Race 8 - Allowance,1609,,,3,,Victory For Vets,1,1,1,,,,,7.383989457978509
Remington Park,Remington Park,2026-09-27,USA,8,Race 8 - Allowance,1609,,,4,,Mcdude,2,0,1,,,,,7.383989457978509
Remington Park,Remington Park,2026-09-27,USA,8,Race 8 - Allowance,1609,,,5,,Dimatic,3,0,1,,,,,7.383989457978509
Remington Park,Remington Park,2026-09-27,USA,8,Race 8 - Allowance,1609,,,2,,Aaron,4,0,0,,,,,7.383989457978509
Remington Park,Remington Park,2026-09-27,USA,9,Race 9 - Claiming,1006,,,3,,Afternoon Diva,1,1,1,,,,,6.914730892718563
Remington Park,Remington Park,2026-09-27,USA,9,Race 9 - Claiming,1006,,,2,,Saltwater Taffy,2,0,1,,,,,6.914730892718563
Remington Park,Remington Park,2026-09-27,USA,9,Race 9 - Claiming,1006,,,5,,Xyngin Spitfire,3,0,1,,,,,6.914730892718563
Remington Park,Remington Park,2026-09-27,USA,9,Race 9 - Claiming,1006,,,8,,Raspberry Martini,4,0,0,,,,,6.914730892718563
Remington Park,Remington Park,2026-09-27,USA,10,Race 10 - Maiden Special Weight,1106,,,5,,Optimize,1,1,1,,,,,7.009408932708637
Remington Park,Remington Park,2026-09-27,USA,10,Race 10 - Maiden Special Weight,1106,,,2,,Nedra Nell,2,0,1,,,,,7.009408932708637
Remington Park,Remington Park,2026-09-27,USA,10,Race 10 - Maiden Special Weight,1106,,,7,,Will's Tour,3,0,1,,,,,7.009408932708637
Remington Park,Remington Park,2026-09-27,USA,10,Race 10 - Maiden Special Weight,1106,,,1,,Gospel Nancy,4,0,0,,,,,7.009408932708637
Remington Park,Remington Park,2026-09-28,USA,1,Race 1 - Maiden Special Weight,1106,,,6,,Twice Last Year,1,1,1,,,,,7.009408932708637
Remington Park,Remington Park,2026-09-28,USA,1,Race 1 - Maiden Special Weight,1106,,,8,,Okie Dokie M,2,0,1,,,,,7.009408932708637
Remington Park,Remington Park,2026-09-28,USA,1,Race 1 - Maiden Special Weight,1106,,,4,,He's So Handsome,3,0,1,,,,,7.009408932708637
Remington Park,Remington Park,2026-09-28,USA,1,Race 1 - Maiden Special Weight,1106,,,5,,Brother Benny,4,0,0,,,,,7.009408932708637
Remington Park,Remington Park,2026-09-28,USA,2,Race 2 - Maiden Claiming,1509,,,3,,No Bull Pete,1,1,1,,,,,7.31986492980897
Remington Park,Remington Park,2026-09-28,USA,2,Race 2 - Maiden Claiming,1509,,,8,,Captain Flatter,2,0,1,,,,,7.31986492980897
Remington Park,Remington Park,2026-09-28,USA,2,Race 2 - Maiden Claiming,1509,,,9,,Mr. J,3,0,1,,,,,7.31986492980897
Remington Park,Remington Park,2026-09-28,USA,2,Race 2 - Maiden Claiming,1509,,,1,,Essential Storm,4,0,0,,,,,7.31986492980897
Remington Park,Remington Park,2026-09-28,USA,3,Race 3 - Claiming,1710,,,6,,Parkway,1,1,1,,,,,7.444833273892193
Remington Park,Remington Park,2026-09-28,USA,3,Race 3 - Claiming,1710,,,1,,Twelve Volt,2,0,1,,,,,7.444833273892193
Remington Park,Remington Park,2026-09-28,USA,3,Race 3 - Claiming,1710,,,3,,Dbook,3,0,1,,,,,7.444833273892193
Remington Park,Remington Park,2026-09-28,USA,3,Race 3 - Claiming,1710,,,4,,Barbacoa,4,0,0,,,,,7.444833273892193
Remington Park,Remington Park,2026-09-28,USA,4,Race 4 - Claiming,1006,,,4,,Algebra,1,1,1,,,,,6.914730892718563
Remington Park,Remington Park,2026-09-28,USA,4,Race 4 - Claiming,1006,,,6,,Woodspoint,2,0,1,,,,,6.914730892718563
Remington Park,Remington Park,2026-09-28,USA,4,Race 4 - Claiming,1006,,,7,,John,3,0,1,,,,,6.914730892718563
Remington Park,Remington Park,2026-09-28,USA,4,Race 4 - Claiming,1006,,,2,,Whip,4,0,0,,,,,6.914730892718563
Remington Park,Remington Park,2026-09-28,USA,5,Race 5 - Remington Green Stakes,1811,,,5,,Truly Quality,1,1,1,,,,,7.502186486602924
Remington Park,Remington Park,2026-09-28,USA,5,Race 5 - Remington Green Stakes,1811,,,3,,Seminole Chief,2,0,1,,,,,7.502186486602924
Remington Park,Remington Park,2026-09-28,USA,5,Race 5 - Remington Green Stakes,1811,,,2,,E Lion,3,0,1,,,,,7.502186486602924
Remington Park,Remington Park,2026-09-28,USA,5,Race 5 - Remington Green Stakes,1811,,,1,,Eff Thirty Five,4,0,0,,,,,7.502186486602924
Remington Park,Remington Park,2026-09-28,USA,6,Race 6 - Scissortail Stakes,1308,,,5,,Sorcha,1,1,1,,,,,7.1770187659099
Remington Park,Remington Park,2026-09-28,USA,6,Race 6 - Scissortail Stakes,1308,,,8,,Dont Worry Bout It,2,0,1,,,,,7.1770187659099
Remington Park,Remington Park,2026-09-28,USA,6,Race 6 - Scissortail Stakes,1308,,,1,,Gun Magic,3,0,1,,,,,7.1770187659099
Remington Park,Remington Park,2026-09-28,USA,6,Race 6 - Scissortail Stakes,1308,,,4,,Kamikaze Cowgirl,4,0,0,,,,,7.1770187659099
Remington Park,Remington Park,2026-09-28,USA,7,Race 7 - Ricks Memorial Stakes,1710,,,2,,Gallant Greta,1,1,1,,,,,7.444833273892193
Remington Park,Remington Park,2026-09-28,USA,7,Race 7 - Ricks Memorial Stakes,1710,,,8,,Awesomesauce,2,0,1,,,,,7.444833273892193
Remington Park,Remington Park,2026-09-28,USA,7,Race 7 - Ricks Memorial Stakes,1710,,,6,,Tizawiz,3,0,1,,,,,7.444833273892193
Remington Park,Remington Park,2026-09-28,USA,7,Race 7 - Ricks Memorial Stakes,1710,,,1,,Long Ago,4,0,0,,,,,7.444833273892193
Remington Park,Remington Park,2026-09-28,USA,8,Race 8 - David M. Vance Stakes,1207,,,7,,Hola Joey,1,1,1,,,,,7.0967213784947605
Remington Park,Remington Park,2026-09-28,USA,8,Race 8 - David M. Vance Stakes,1207,,,4,,Yo Banana Boy,2,0,1,,,,,7.0967213784947605
Remington Park,Remington Park,2026-09-28,USA,8,Race 8 - David M. Vance Stakes,1207,,,3,,Heavenville,3,0,1,,,,,7.0967213784947605
Remington Park,Remington Park,2026-09-28,USA,8,Race 8 - David M. Vance Stakes,1207,,,2,,Perfect Magic,4,0,0,,,,,7.0967213784947605
Remington Park,Remington Park,2026-09-28,USA,9,Race 9 - Clever Trevor Stakes,1308,,,7,,Grand Yaupon,1,1,1,,,,,7.1770187659099
Remington Park,Remington Park,2026-09-28,USA,9,Race 9 - Clever Trevor Stakes,1308,,,5,,Iamkirk,2,0,1,,,,,7.1770187659099
Remington Park,Remington Park,2026-09-28,USA,9,Race 9 - Clever Trevor Stakes,1308,,,2,,Fate Of War,3,0,1,,,,,7.1770187659099
Remington Park,Remington Park,2026-09-28,USA,9,Race 9 - Clever Trevor Stakes,1308,,,1,,Airship,4,0,0,,,,,7.1770187659099
Remington Park,Remington Park,2026-09-28,USA,10,Race 10 - Great West Turf Sprint Stakes,1006,,,5,,Eakly,1,1,1,,,,,6.914730892718563
Remington Park,Remington Park,2026-09-28,USA,10,Race 10 - Great West Turf Sprint Stakes,1006,,,7,,Runnin' Rocket,2,0,1,,,,,6.914730892718563
Remington Park,Remington Park,2026-09-28,USA,10,Race 10 - Great West Turf Sprint Stakes,1006,,,8,,Jackman's Ride,3,0,1,,,,,6.914730892718563
Remington Park,Remington Park,2026-09-28,USA,10,Race 10 - Great West Turf Sprint Stakes,1006,,,3,,Let's Go Mark,4,0,0,,,,,6.914730892718563
Remington Park,Remington Park,2026-09-28,USA,11,Race 11 - Remington Park Oaks,1710,,,4,,Rileytole,1,1,1,,,,,7.444833273892193
Remington Park,Remington Park,2026-09-28,USA,11,Race 11 - Remington Park Oaks,1710,,,2,,Bank Shot,2,0,1,,,,,7.444833273892193
Remington Park,Remington Park,2026-09-28,USA,11,Race 11 - Remington Park Oaks,1710,,,3,,Krissys Star,3,0,1,,,,,7.444833273892193
Remington Park,Remington Park,2026-09-28,USA,11,Race 11 - Remington Park Oaks,1710,,,5,,P R Stitch,4,0,0,,,,,7.444833273892193
Remington Park,Remington Park,2026-09-28,USA,12,Race 12 - Oklahoma Derby - Grade 3,1811,,,2,,Silent Tactic,1,1,1,,,,,7.502186486602924
Remington Park,Remington Park,2026-09-28,USA,12,Race 12 - Oklahoma Derby - Grade 3,1811,,,4,,Zihnal,2,0,1,,,,,7.502186486602924
Remington Park,Remington Park,2026-09-28,USA,12,Race 12 - Oklahoma Derby - Grade 3,1811,,,1,,The Hell We Did,3,0,1,,,,,7.502186486602924
Remington Park,Remington Park,2026-09-28,USA,12,Race 12 - Oklahoma Derby - Grade 3,1811,,,8,,Crupper,4,0,0,,,,,7.502186486602924
Saga,Saga,2026-09-27,OTHER,1,Race 1 (Cond),1300,,,6,,Moon Of The Gorous,1,1,1,,,,,7.170888478512505
Saga,Saga,2026-09-27,OTHER,1,Race 1 (Cond),1300,,,1,,Twinkle Vita,2,0,1,,,,,7.170888478512505
Saga,Saga,2026-09-27,OTHER,1,Race 1 (Cond),1300,,,5,,Tsukiyono Negai,3,0,1,,,,,7.170888478512505
Saga,Saga,2026-09-27,OTHER,1,Race 1 (Cond),1300,,,7,,Prayer Mitama,4,0,0,,,,,7.170888478512505
Saga,Saga,2026-09-27,OTHER,2,Race 2 (C2),1300,,,9,,Fuku Moana,1,1,1,,,,,7.170888478512505
Saga,Saga,2026-09-27,OTHER,2,Race 2 (C2),1300,,,6,,Paulino,2,0,1,,,,,7.170888478512505
Saga,Saga,2026-09-27,OTHER,2,Race 2 (C2),1300,,,8,,Neue Musik,3,0,1,,,,,7.170888478512505
Saga,Saga,2026-09-27,OTHER,2,Race 2 (C2),1300,,,10,,Eulachacha,4,0,0,,,,,7.170888478512505
Saga,Saga,2026-09-27,OTHER,3,Race 3 (Cond),2001,,,11,,A Shin Enbarr,1,1,1,,,,,7.601901959875166
Saga,Saga,2026-09-27,OTHER,3,Race 3 (Cond),2001,,,3,,Keiai Antares,2,0,1,,,,,7.601901959875166
Saga,Saga,2026-09-27,OTHER,3,Race 3 (Cond),2001,,,7,,Bikini Boy,3,0,1,,,,,7.601901959875166
Saga,Saga,2026-09-27,OTHER,3,Race 3 (Cond),2001,,,9,,Amestris,4,0,0,,,,,7.601901959875166
Saga,Saga,2026-09-27,OTHER,4,Race 4 (Cond),1860,,,3,,Sakidoritokken,1,1,1,,,,,7.528869256642251
Saga,Saga,2026-09-27,OTHER,4,Race 4 (Cond),1860,,,9,,Wise Portia,2,0,1,,,,,7.528869256642251
Saga,Saga,2026-09-27,OTHER,4,Race 4 (Cond),1860,,,5,,Davay Sucre,3,0,1,,,,,7.528869256642251
Saga,Saga,2026-09-27,OTHER,4,Race 4 (Cond),1860,,,6,,Party Melody,4,0,0,,,,,7.528869256642251
Saga,Saga,2026-09-27,OTHER,5,Race 5 (C2),1400,,,5,,Bi Silent,1,1,1,,,,,7.244941546337007
Saga,Saga,2026-09-27,OTHER,5,Race 5 (C2),1400,,,1,,Sound Jete,2,0,1,,,,,7.244941546337007
Saga,Saga,2026-09-27,OTHER,5,Race 5 (C2),1400,,,2,,C Major,3,0,1,,,,,7.244941546337007
Saga,Saga,2026-09-27,OTHER,5,Race 5 (C2),1400,,,7,,Esplanade,4,0,0,,,,,7.244941546337007
Saga,Saga,2026-09-27,OTHER,6,Race 6 (C2),1400,,,11,,Wonder Visible,1,1,1,,,,,7.244941546337007
Saga,Saga,2026-09-27,OTHER,6,Race 6 (C2),1400,,,1,,Hagakureno Hata,2,0,1,,,,,7.244941546337007
Saga,Saga,2026-09-27,OTHER,6,Race 6 (C2),1400,,,4,,Cosmo Sunbright,3,0,1,,,,,7.244941546337007
Saga,Saga,2026-09-27,OTHER,6,Race 6 (C2),1400,,,5,,Techno Apple,4,0,0,,,,,7.244941546337007
Saga,Saga,2026-09-27,OTHER,7,Race 7 (C2),1400,,,12,,Rising Hearth,1,1,1,,,,,7.244941546337007
Saga,Saga,2026-09-27,OTHER,7,Race 7 (C2),1400,,,3,,Daimei Ai,2,0,1,,,,,7.244941546337007
Saga,Saga,2026-09-27,OTHER,7,Race 7 (C2),1400,,,9,,Yuyakekoyake,3,0,1,,,,,7.244941546337007
Saga,Saga,2026-09-27,OTHER,7,Race 7 (C2),1400,,,6,,Beryl Sphere,4,0,0,,,,,7.244941546337007
Saga,Saga,2026-09-27,OTHER,8,Race 8 (A1),1400,,,4,,Herrschaft,1,1,1,,,,,7.244941546337007
Saga,Saga,2026-09-27,OTHER,8,Race 8 (A1),1400,,,6,,Pageant,2,0,1,,,,,7.244941546337007
Saga,Saga,2026-09-27,OTHER,8,Race 8 (A1),1400,,,7,,Fukuno Burj,3,0,1,,,,,7.244941546337007
Saga,Saga,2026-09-27,OTHER,8,Race 8 (A1),1400,,,8,,Beiden Marina,4,0,0,,,,,7.244941546337007
Saga,Saga,2026-09-27,OTHER,9,Race 9 (C2),1400,,,7,,Makoto Atakigiri,1,1,1,,,,,7.244941546337007
Saga,Saga,2026-09-27,OTHER,9,Race 9 (C2),1400,,,5,,Kashino Roy,2,0,1,,,,,7.244941546337007
Saga,Saga,2026-09-27,OTHER,9,Race 9 (C2),1400,,,13,,Asaga Kuru,3,0,1,,,,,7.244941546337007
Saga,Saga,2026-09-27,OTHER,9,Race 9 (C2),1400,,,10,,Mila Rouge,4,0,0,,,,,7.244941546337007
Santa Anita,Santa Anita,2026-09-27,USA,1,Race 1 - Maiden Claiming,1609,,,8,,Heroic Dose,1,1,1,,,,,7.383989457978509
Santa Anita,Santa Anita,2026-09-27,USA,1,Race 1 - Maiden Claiming,1609,,,2,,Dr. Filkins,2,0,1,,,,,7.383989457978509
Santa Anita,Santa Anita,2026-09-27,USA,1,Race 1 - Maiden Claiming,1609,,,7,,Doing Time,3,0,1,,,,,7.383989457978509
Santa Anita,Santa Anita,2026-09-27,USA,1,Race 1 - Maiden Claiming,1609,,,5,,Going Nowhere,4,0,0,,,,,7.383989457978509
Santa Anita,Santa Anita,2026-09-27,USA,2,Race 2 - Claiming,1308,,,2,,B Grayson,1,1,1,,,,,7.1770187659099
Santa Anita,Santa Anita,2026-09-27,USA,2,Race 2 - Claiming,1308,,,4,,Piper's Causeway,2,0,1,,,,,7.1770187659099
Santa Anita,Santa Anita,2026-09-27,USA,2,Race 2 - Claiming,1308,,,5,,Gypsy Tears,3,0,1,,,,,7.1770187659099
Santa Anita,Santa Anita,2026-09-27,USA,2,Race 2 - Claiming,1308,,,3,,Mici's Express,4,0,0,,,,,7.1770187659099
Santa Anita,Santa Anita,2026-09-27,USA,3,Race 3 - City Of Hope Mile Stakes - Grade 2,1609,,,3,,Cabo Spirit,1,1,1,,,,,7.383989457978509
Santa Anita,Santa Anita,2026-09-27,USA,3,Race 3 - City Of Hope Mile Stakes - Grade 2,1609,,,2,,El Potente,2,0,1,,,,,7.383989457978509
Santa Anita,Santa Anita,2026-09-27,USA,3,Race 3 - City Of Hope Mile Stakes - Grade 2,1609,,,6,,King Of Gosford,3,0,1,,,,,7.383989457978509
Santa Anita,Santa Anita,2026-09-27,USA,3,Race 3 - City Of Hope Mile Stakes - Grade 2,1609,,,5,,Irish Aces,4,0,0,,,,,7.383989457978509
Santa Anita,Santa Anita,2026-09-27,USA,4,Race 4 - Allowance Optional Claiming,1308,,,1,,Liam Smith,1,1,1,,,,,7.1770187659099
Santa Anita,Santa Anita,2026-09-27,USA,4,Race 4 - Allowance Optional Claiming,1308,,,3,,Duke Silver,2,0,1,,,,,7.1770187659099
Santa Anita,Santa Anita,2026-09-27,USA,4,Race 4 - Allowance Optional Claiming,1308,,,4,,Clouseau,3,0,1,,,,,7.1770187659099
Santa Anita,Santa Anita,2026-09-27,USA,4,Race 4 - Allowance Optional Claiming,1308,,,5,,Captain Shreve,4,0,0,,,,,7.1770187659099
Santa Anita,Santa Anita,2026-09-27,USA,5,Race 5 - Eddie D Stakes - Grade 2,1308,,,6,,Sorrento Sky,1,1,1,,,,,7.1770187659099
Santa Anita,Santa Anita,2026-09-27,USA,5,Race 5 - Eddie D Stakes - Grade 2,1308,,,1,,Sumter,2,0,1,,,,,7.1770187659099
Santa Anita,Santa Anita,2026-09-27,USA,5,Race 5 - Eddie D Stakes - Grade 2,1308,,,4,,Amorita,3,0,1,,,,,7.1770187659099
Santa Anita,Santa Anita,2026-09-27,USA,5,Race 5 - Eddie D Stakes - Grade 2,1308,,,2,,Later Than Planned,4,0,0,,,,,7.1770187659099
Santa Anita,Santa Anita,2026-09-27,USA,6,Race 6 - Maiden Special Weight,1207,,,2,,Ember Royale,1,1,1,,,,,7.0967213784947605
Santa Anita,Santa Anita,2026-09-27,USA,6,Race 6 - Maiden Special Weight,1207,,,3,,Not So Merry Mary,2,0,1,,,,,7.0967213784947605
Santa Anita,Santa Anita,2026-09-27,USA,6,Race 6 - Maiden Special Weight,1207,,,9,,Savvy Tiger,3,0,1,,,,,7.0967213784947605
Santa Anita,Santa Anita,2026-09-27,USA,6,Race 6 - Maiden Special Weight,1207,,,8,,Stay My Girl,4,0,0,,,,,7.0967213784947605
Santa Anita,Santa Anita,2026-09-27,USA,7,Race 7 - John Henry Turf Championship Stakes - Grade 2,2012,,,7,,Atitlan,1,1,1,,,,,7.607381425639791
Santa Anita,Santa Anita,2026-09-27,USA,7,Race 7 - John Henry Turf Championship Stakes - Grade 2,2012,,,6,,Flashiest,2,0,1,,,,,7.607381425639791
Santa Anita,Santa Anita,2026-09-27,USA,7,Race 7 - John Henry Turf Championship Stakes - Grade 2,2012,,,1,,Mondego,3,0,1,,,,,7.607381425639791
Santa Anita,Santa Anita,2026-09-27,USA,7,Race 7 - John Henry Turf Championship Stakes - Grade 2,2012,,,3,,Atomic Age,4,0,0,,,,,7.607381425639791
Santa Anita,Santa Anita,2026-09-27,USA,8,Race 8 - Goodwood Stakes - Grade 1,1811,,,7,,Forged Steel,1,1,1,,,,,7.502186486602924
Santa Anita,Santa Anita,2026-09-27,USA,8,Race 8 - Goodwood Stakes - Grade 1,1811,,,8,,Caldera,2,0,1,,,,,7.502186486602924
Santa Anita,Santa Anita,2026-09-27,USA,8,Race 8 - Goodwood Stakes - Grade 1,1811,,,9,,Nevada Beach,3,0,1,,,,,7.502186486602924
Santa Anita,Santa Anita,2026-09-27,USA,8,Race 8 - Goodwood Stakes - Grade 1,1811,,,6,,Mr. A. P.,4,0,0,,,,,7.502186486602924
Santa Anita,Santa Anita,2026-09-27,USA,9,Race 9 - John C. Harris Stakes - Grade 3,1308,,,10,,Little Opal,1,1,1,,,,,7.1770187659099
Santa Anita,Santa Anita,2026-09-27,USA,9,Race 9 - John C. Harris Stakes - Grade 3,1308,,,8,,Day To Day,2,0,1,,,,,7.1770187659099
Santa Anita,Santa Anita,2026-09-27,USA,9,Race 9 - John C. Harris Stakes - Grade 3,1308,,,1,,Mo' Em Down,3,0,1,,,,,7.1770187659099
Santa Anita,Santa Anita,2026-09-27,USA,9,Race 9 - John C. Harris Stakes - Grade 3,1308,,,6,,Surfin' U. S. A.,4,0,0,,,,,7.1770187659099
Santa Anita,Santa Anita,2026-09-27,USA,10,Race 10 - Maiden Special Weight,1207,,,10,,Acclaim Perfection,1,1,1,,,,,7.0967213784947605
Santa Anita,Santa Anita,2026-09-27,USA,10,Race 10 - Maiden Special Weight,1207,,,1,,Sally's Wish,2,0,1,,,,,7.0967213784947605
Santa Anita,Santa Anita,2026-09-27,USA,10,Race 10 - Maiden Special Weight,1207,,,5,,Helping Hand,3,0,1,,,,,7.0967213784947605
Santa Anita,Santa Anita,2026-09-27,USA,10,Race 10 - Maiden Special Weight,1207,,,4,,Allied Fleet,4,0,0,,,,,7.0967213784947605
Santa Anita,Santa Anita,2026-09-28,USA,1,Race 1 - Maiden Special Weight,1609,,,4,,Alittletoofabulous,1,1,1,,,,,7.383989457978509
Santa Anita,Santa Anita,2026-09-28,USA,1,Race 1 - Maiden Special Weight,1609,,,2,,Cyclone Claire,2,0,1,,,,,7.383989457978509
Santa Anita,Santa Anita,2026-09-28,USA,1,Race 1 - Maiden Special Weight,1609,,,7,,Platinum Groove,3,0,1,,,,,7.383989457978509
Santa Anita,Santa Anita,2026-09-28,USA,1,Race 1 - Maiden Special Weight,1609,,,6,,Kitty Mac,4,0,0,,,,,7.383989457978509
Santa Anita,Santa Anita,2026-09-28,USA,2,Race 2 - Claiming,1609,,,4,,Perfect Life,1,1,1,,,,,7.383989457978509
Santa Anita,Santa Anita,2026-09-28,USA,2,Race 2 - Claiming,1609,,,6,,Theresasilverlinin,2,0,1,,,,,7.383989457978509
Santa Anita,Santa Anita,2026-09-28,USA,2,Race 2 - Claiming,1609,,,1,,Rythem Girl,3,0,1,,,,,7.383989457978509
Santa Anita,Santa Anita,2026-09-28,USA,2,Race 2 - Claiming,1609,,,5,,Sexy Blue,4,0,0,,,,,7.383989457978509
Santa Anita,Santa Anita,2026-09-28,USA,3,Race 3 - Allowance Optional Claiming,1609,,,6,,Cortina D'amprezzo,1,1,1,,,,,7.383989457978509
Santa Anita,Santa Anita,2026-09-28,USA,3,Race 3 - Allowance Optional Claiming,1609,,,2,,Soul Sister,2,0,1,,,,,7.383989457978509
Santa Anita,Santa Anita,2026-09-28,USA,3,Race 3 - Allowance Optional Claiming,1609,,,1,,Dare Greatly,3,0,1,,,,,7.383989457978509
Santa Anita,Santa Anita,2026-09-28,USA,3,Race 3 - Allowance Optional Claiming,1609,,,5,,Waiting For You,4,0,0,,,,,7.383989457978509
Santa Anita,Santa Anita,2026-09-28,USA,4,Race 4 - Santa Anita Sprint Championship S. Presented By Estrella Jalisco - Grade 2,1207,,,1,,Listenupshance,1,1,1,,,,,7.0967213784947605
Santa Anita,Santa Anita,2026-09-28,USA,4,Race 4 - Santa Anita Sprint Championship S. Presented By Estrella Jalisco - Grade 2,1207,,,5,,Maximum Bourbon,2,0,1,,,,,7.0967213784947605
Santa Anita,Santa Anita,2026-09-28,USA,4,Race 4 - Santa Anita Sprint Championship S. Presented By Estrella Jalisco - Grade 2,1207,,,4,,March Of Time,3,0,1,,,,,7.0967213784947605
Santa Anita,Santa Anita,2026-09-28,USA,5,Race 5 - Claiming,1609,,,8,,Fomo Joe,1,1,1,,,,,7.383989457978509
Santa Anita,Santa Anita,2026-09-28,USA,5,Race 5 - Claiming,1609,,,6,,Tiggrrr Whitworth,2,0,1,,,,,7.383989457978509
Santa Anita,Santa Anita,2026-09-28,USA,5,Race 5 - Claiming,1609,,,4,,Tessuto,3,0,1,,,,,7.383989457978509
Santa Anita,Santa Anita,2026-09-28,USA,5,Race 5 - Claiming,1609,,,2,,Spiritual Advisor,4,0,0,,,,,7.383989457978509
Santa Anita,Santa Anita,2026-09-28,USA,6,Race 6 - Maiden Claiming,1609,,,5,,Hoosick Falls,1,1,1,,,,,7.383989457978509
Santa Anita,Santa Anita,2026-09-28,USA,6,Race 6 - Maiden Claiming,1609,,,3,,Whynotanotherone,2,0,1,,,,,7.383989457978509
Santa Anita,Santa Anita,2026-09-28,USA,6,Race 6 - Maiden Claiming,1609,,,4,,Sigma Boy,3,0,1,,,,,7.383989457978509
Santa Anita,Santa Anita,2026-09-28,USA,6,Race 6 - Maiden Claiming,1609,,,1,,Rapid Ascent,4,0,0,,,,,7.383989457978509
Santa Anita,Santa Anita,2026-09-28,USA,7,Race 7 - Maiden Special Weight,1207,,,1,,Golden Club,1,1,1,,,,,7.0967213784947605
Santa Anita,Santa Anita,2026-09-28,USA,7,Race 7 - Maiden Special Weight,1207,,,2,,Little King,2,0,1,,,,,7.0967213784947605
Santa Anita,Santa Anita,2026-09-28,USA,7,Race 7 - Maiden Special Weight,1207,,,11,,Chiseled In Stone,3,0,1,,,,,7.0967213784947605
Santa Anita,Santa Anita,2026-09-28,USA,7,Race 7 - Maiden Special Weight,1207,,,4,,Smoke Rider,4,0,0,,,,,7.0967213784947605
Santa Anita,Santa Anita,2026-09-28,USA,8,Race 8 - Zenyatta S. Presented By Fanduel - Grade 2,1710,,,3,,Super Corredora,1,1,1,,,,,7.444833273892193
Santa Anita,Santa Anita,2026-09-28,USA,8,Race 8 - Zenyatta S. Presented By Fanduel - Grade 2,1710,,,1,,Majestic Oops,2,0,1,,,,,7.444833273892193
Santa Anita,Santa Anita,2026-09-28,USA,8,Race 8 - Zenyatta S. Presented By Fanduel - Grade 2,1710,,,6,,Rabeeba,3,0,1,,,,,7.444833273892193
Santa Anita,Santa Anita,2026-09-28,USA,8,Race 8 - Zenyatta S. Presented By Fanduel - Grade 2,1710,,,7,,Magnificat,4,0,0,,,,,7.444833273892193
Santa Anita,Santa Anita,2026-09-28,USA,9,Race 9 - Allowance Optional Claiming,1609,,,5,,Stylishlyacclaimed,1,1,1,,,,,7.383989457978509
Santa Anita,Santa Anita,2026-09-28,USA,9,Race 9 - Allowance Optional Claiming,1609,,,2,,Miss Jo's Curlin,2,0,1,,,,,7.383989457978509
Santa Anita,Santa Anita,2026-09-28,USA,9,Race 9 - Allowance Optional Claiming,1609,,,6,,Lucky N Smart,3,0,1,,,,,7.383989457978509
Santa Anita,Santa Anita,2026-09-28,USA,9,Race 9 - Allowance Optional Claiming,1609,,,10,,Cardiff Crack,4,0,0,,,,,7.383989457978509
Sha Tin,Sha Tin,2026-09-27,OTHER,1,Tropicbird Hcp (C5),1200,,,8,,Wave Garden,1,1,1,,,,,7.0909098220799835
Sha Tin,Sha Tin,2026-09-27,OTHER,1,Tropicbird Hcp (C5),1200,,,9,,Gimme Five,2,0,1,,,,,7.0909098220799835
Sha Tin,Sha Tin,2026-09-27,OTHER,1,Tropicbird Hcp (C5),1200,,,3,,Daily Trophy,3,0,1,,,,,7.0909098220799835
Sha Tin,Sha Tin,2026-09-27,OTHER,1,Tropicbird Hcp (C5),1200,,,6,,Only U,4,0,0,,,,,7.0909098220799835
Sha Tin,Sha Tin,2026-09-27,OTHER,2,Peacock Hcp (C4),1200,,,8,,Apex Glory,1,1,1,,,,,7.0909098220799835
Sha Tin,Sha Tin,2026-09-27,OTHER,2,Peacock Hcp (C4),1200,,,4,,Little Monster,2,0,1,,,,,7.0909098220799835
Sha Tin,Sha Tin,2026-09-27,OTHER,2,Peacock Hcp (C4),1200,,,7,,Navas G,3,0,1,,,,,7.0909098220799835
Sha Tin,Sha Tin,2026-09-27,OTHER,2,Peacock Hcp (C4),1200,,,1,,Not Usual Double,4,0,0,,,,,7.0909098220799835
Sha Tin,Sha Tin,2026-09-27,OTHER,3,Woodpecker Hcp (C5),1400,,,12,,Vigor Elleegant,1,1,1,,,,,7.244941546337007
Sha Tin,Sha Tin,2026-09-27,OTHER,3,Woodpecker Hcp (C5),1400,,,10,,Aquaman,2,0,1,,,,,7.244941546337007
Sha Tin,Sha Tin,2026-09-27,OTHER,3,Woodpecker Hcp (C5),1400,,,1,,Forever Fancy,3,0,1,,,,,7.244941546337007
Sha Tin,Sha Tin,2026-09-27,OTHER,3,Woodpecker Hcp (C5),1400,,,6,,Prestige Superior,4,0,0,,,,,7.244941546337007
Sha Tin,Sha Tin,2026-09-27,OTHER,4,Parrot Hcp (C4),1000,,,6,,Flowing Riches,1,1,1,,,,,6.90875477931522
Sha Tin,Sha Tin,2026-09-27,OTHER,4,Parrot Hcp (C4),1000,,,11,,Zouper Fellow,2,0,1,,,,,6.90875477931522
Sha Tin,Sha Tin,2026-09-27,OTHER,4,Parrot Hcp (C4),1000,,,12,,Supreme Voyager,3,0,1,,,,,6.90875477931522
Sha Tin,Sha Tin,2026-09-27,OTHER,4,Parrot Hcp (C4),1000,,,1,,Rapid Phantom,4,0,0,,,,,6.90875477931522
Sha Tin,Sha Tin,2026-09-27,OTHER,5,Swallow Hcp (C4),1200,,,1,,Causeway King,1,1,1,,,,,7.0909098220799835
Sha Tin,Sha Tin,2026-09-27,OTHER,5,Swallow Hcp (C4),1200,,,5,,Armour War Eagle,2,0,1,,,,,7.0909098220799835
Sha Tin,Sha Tin,2026-09-27,OTHER,5,Swallow Hcp (C4),1200,,,11,,Raging Warrior,3,0,1,,,,,7.0909098220799835
Sha Tin,Sha Tin,2026-09-27,OTHER,5,Swallow Hcp (C4),1200,,,2,,Central Bank,4,0,0,,,,,7.0909098220799835
Sha Tin,Sha Tin,2026-09-27,OTHER,6,Tailorbird Hcp (C4),1400,,,10,,Chiu Chow Golf,1,1,1,,,,,7.244941546337007
Sha Tin,Sha Tin,2026-09-27,OTHER,6,Tailorbird Hcp (C4),1400,,,13,,Super Love,2,0,1,,,,,7.244941546337007
Sha Tin,Sha Tin,2026-09-27,OTHER,6,Tailorbird Hcp (C4),1400,,,9,,Ghorgan,3,0,1,,,,,7.244941546337007
Sha Tin,Sha Tin,2026-09-27,OTHER,6,Tailorbird Hcp (C4),1400,,,1,,Etalon Or,4,0,0,,,,,7.244941546337007
Sha Tin,Sha Tin,2026-09-27,OTHER,7,Hwamei Hcp (C3),1200,,,8,,Bustling City,1,1,1,,,,,7.0909098220799835
Sha Tin,Sha Tin,2026-09-27,OTHER,7,Hwamei Hcp (C3),1200,,,12,,Speedy Smartie,2,0,1,,,,,7.0909098220799835
Sha Tin,Sha Tin,2026-09-27,OTHER,7,Hwamei Hcp (C3),1200,,,1,,Aurora Patch,3,0,1,,,,,7.0909098220799835
Sha Tin,Sha Tin,2026-09-27,OTHER,7,Hwamei Hcp (C3),1200,,,5,,Four Stars Align,4,0,0,,,,,7.0909098220799835
Sha Tin,Sha Tin,2026-09-27,OTHER,8,The Celebration Cup,1400,,,3,,Invincible Ibis,1,1,1,,,,,7.244941546337007
Sha Tin,Sha Tin,2026-09-27,OTHER,8,The Celebration Cup,1400,,,1,,Galaxy Patch,2,0,1,,,,,7.244941546337007
Sha Tin,Sha Tin,2026-09-27,OTHER,8,The Celebration Cup,1400,,,7,,Stormy Grove,3,0,1,,,,,7.244941546337007
Sha Tin,Sha Tin,2026-09-27,OTHER,8,The Celebration Cup,1400,,,5,,Copartner Prance,4,0,0,,,,,7.244941546337007
Sha Tin,Sha Tin,2026-09-27,OTHER,9,Mesia Hcp (C3),1600,,,8,,Packing Fighter,1,1,1,,,,,7.3783837129967145
Sha Tin,Sha Tin,2026-09-27,OTHER,9,Mesia Hcp (C3),1600,,,1,,Amazing Partners,2,0,1,,,,,7.3783837129967145
Sha Tin,Sha Tin,2026-09-27,OTHER,9,Mesia Hcp (C3),1600,,,11,,Shamus Storm,3,0,1,,,,,7.3783837129967145
Sha Tin,Sha Tin,2026-09-27,OTHER,9,Mesia Hcp (C3),1600,,,2,,Mister Dapper,4,0,0,,,,,7.3783837129967145
Sha Tin,Sha Tin,2026-09-27,OTHER,10,Magpie Hcp (C2),1200,,,7,,Victor The Winner,1,1,1,,,,,7.0909098220799835
Sha Tin,Sha Tin,2026-09-27,OTHER,10,Magpie Hcp (C2),1200,,,9,,Turquoise Velocity,2,0,1,,,,,7.0909098220799835
Sha Tin,Sha Tin,2026-09-27,OTHER,10,Magpie Hcp (C2),1200,,,8,,Salon S,3,0,1,,,,,7.0909098220799835
Sha Tin,Sha Tin,2026-09-27,OTHER,10,Magpie Hcp (C2),1200,,,10,,Geneva,4,0,0,,,,,7.0909098220799835
Sha Tin,Sha Tin,2026-09-27,OTHER,11,Kestrel Hcp (C3),1400,,,3,,Aeroinvincible,1,1,1,,,,,7.244941546337007
Sha Tin,Sha Tin,2026-09-27,OTHER,11,Kestrel Hcp (C3),1400,,,6,,Circuit Champion,2,0,1,,,,,7.244941546337007
Sha Tin,Sha Tin,2026-09-27,OTHER,11,Kestrel Hcp (C3),1400,,,1,,Lucky Sam Gor,3,0,1,,,,,7.244941546337007
Sha Tin,Sha Tin,2026-09-27,OTHER,11,Kestrel Hcp (C3),1400,,,5,,Thunder Blaze,4,0,0,,,,,7.244941546337007
Southwell,Southwell,2026-09-27,OTHER,1,Gent's Night Sat 24th October Handicap,1000,,,9,,Mimime,1,1,1,,,,,6.90875477931522
Southwell,Southwell,2026-09-27,OTHER,1,Gent's Night Sat 24th October Handicap,1000,,,2,,Let's Go Hugo,2,0,1,,,,,6.90875477931522
Southwell,Southwell,2026-09-27,OTHER,1,Gent's Night Sat 24th October Handicap,1000,,,8,,Hellcat,3,0,1,,,,,6.90875477931522
Southwell,Southwell,2026-09-27,OTHER,1,Gent's Night Sat 24th October Handicap,1000,,,4,,Popular Dream,4,0,0,,,,,6.90875477931522
Southwell,Southwell,2026-09-27,OTHER,2,Dance Through The Decades Christmas Parties Ebf Restricted Maiden Fillies' Stakes (Gbb Race),1001,,,2,,Nushga,1,1,1,,,,,6.90975328164481
Southwell,Southwell,2026-09-27,OTHER,2,Dance Through The Decades Christmas Parties Ebf Restricted Maiden Fillies' Stakes (Gbb Race),1001,,,5,,Inglewood,2,0,1,,,,,6.90975328164481
Southwell,Southwell,2026-09-27,OTHER,2,Dance Through The Decades Christmas Parties Ebf Restricted Maiden Fillies' Stakes (Gbb Race),1001,,,4,,Shaniko,3,0,1,,,,,6.90975328164481
Southwell,Southwell,2026-09-27,OTHER,2,Dance Through The Decades Christmas Parties Ebf Restricted Maiden Fillies' Stakes (Gbb Race),1001,,,6,,So Sexy Me,4,0,0,,,,,6.90975328164481
Southwell,Southwell,2026-09-27,OTHER,3,Celebrate With Sponsorship At Southwell Racecourse Handicap (Div 1),1001,,,4,,Elyam,1,1,1,,,,,6.90975328164481
Southwell,Southwell,2026-09-27,OTHER,3,Celebrate With Sponsorship At Southwell Racecourse Handicap (Div 1),1001,,,2,,Ziggy's Triton,2,0,1,,,,,6.90975328164481
Southwell,Southwell,2026-09-27,OTHER,3,Celebrate With Sponsorship At Southwell Racecourse Handicap (Div 1),1001,,,10,,Juan Les Pins,3,0,1,,,,,6.90975328164481
Southwell,Southwell,2026-09-27,OTHER,3,Celebrate With Sponsorship At Southwell Racecourse Handicap (Div 1),1001,,,3,,Bassenthwaite,4,0,0,,,,,6.90975328164481
Southwell,Southwell,2026-09-27,OTHER,4,Celebrate With Sponsorship At Southwell Racecourse Handicap (Div 2),1001,,,5,,Moulin Booj,1,1,1,,,,,6.90975328164481
Southwell,Southwell,2026-09-27,OTHER,4,Celebrate With Sponsorship At Southwell Racecourse Handicap (Div 2),1001,,,3,,Michaela's Boy,2,0,1,,,,,6.90975328164481
Southwell,Southwell,2026-09-27,OTHER,4,Celebrate With Sponsorship At Southwell Racecourse Handicap (Div 2),1001,,,7,,Canon's House,3,0,1,,,,,6.90975328164481
Southwell,Southwell,2026-09-27,OTHER,4,Celebrate With Sponsorship At Southwell Racecourse Handicap (Div 2),1001,,,9,,Paradise Walk,4,0,0,,,,,6.90975328164481
Southwell,Southwell,2026-09-27,OTHER,5,Tipsy Tapas At Winter Ladies Evening Handicap,2428,,,1,,Patrol,1,1,1,,,,,7.795234929002173
Southwell,Southwell,2026-09-27,OTHER,5,Tipsy Tapas At Winter Ladies Evening Handicap,2428,,,7,,Molo Del Palazzo,2,0,1,,,,,7.795234929002173
Southwell,Southwell,2026-09-27,OTHER,5,Tipsy Tapas At Winter Ladies Evening Handicap,2428,,,2,,Flightofthephoenix,3,0,1,,,,,7.795234929002173
Southwell,Southwell,2026-09-27,OTHER,5,Tipsy Tapas At Winter Ladies Evening Handicap,2428,,,6,,Roker Roar,4,0,0,,,,,7.795234929002173
Southwell,Southwell,2026-09-27,OTHER,6,3rd And 10th Oktoberfest Race Nights Maiden Stakes (Gbb/gbbplus Race),2235,,,9,,Pyramid,1,1,1,,,,,7.71244383427499
Southwell,Southwell,2026-09-27,OTHER,6,3rd And 10th Oktoberfest Race Nights Maiden Stakes (Gbb/gbbplus Race),2235,,,1,,Liam Mera Kai,2,0,1,,,,,7.71244383427499
Southwell,Southwell,2026-09-27,OTHER,6,3rd And 10th Oktoberfest Race Nights Maiden Stakes (Gbb/gbbplus Race),2235,,,14,,Kashooda,3,0,1,,,,,7.71244383427499
Southwell,Southwell,2026-09-27,OTHER,6,3rd And 10th Oktoberfest Race Nights Maiden Stakes (Gbb/gbbplus Race),2235,,,2,,Masterly,4,0,0,,,,,7.71244383427499
Southwell,Southwell,2026-09-27,OTHER,7,Book The Bistro In Seasons Restaurant Apprentice Handicap,1621,,,9,,Izzari,1,1,1,,,,,7.3914152346753585
Southwell,Southwell,2026-09-27,OTHER,7,Book The Bistro In Seasons Restaurant Apprentice Handicap,1621,,,4,,R P Mcmurphy,2,0,1,,,,,7.3914152346753585
Southwell,Southwell,2026-09-27,OTHER,7,Book The Bistro In Seasons Restaurant Apprentice Handicap,1621,,,12,,Ballybunion,3,0,1,,,,,7.3914152346753585
Southwell,Southwell,2026-09-27,OTHER,7,Book The Bistro In Seasons Restaurant Apprentice Handicap,1621,,,14,,Big Alex Walmsley,4,0,0,,,,,7.3914152346753585
Southwell,Southwell,2026-09-27,OTHER,8,Festive Fixtures At Southwell Racecourse Handicap,1422,,,5,,Mystical Storm,1,1,1,,,,,7.260522598089852
Southwell,Southwell,2026-09-27,OTHER,8,Festive Fixtures At Southwell Racecourse Handicap,1422,,,9,,Decem Starr,2,0,1,,,,,7.260522598089852
Southwell,Southwell,2026-09-27,OTHER,8,Festive Fixtures At Southwell Racecourse Handicap,1422,,,7,,Caragio,3,0,1,,,,,7.260522598089852
Southwell,Southwell,2026-09-27,OTHER,8,Festive Fixtures At Southwell Racecourse Handicap,1422,,,2,,Forest Caper,4,0,0,,,,,7.260522598089852
Southwell,Southwell,2026-09-27,OTHER,9,Golf & Gallop Southwell Golf Club Handicap,1223,,,1,,New Image,1,1,1,,,,,7.1098794630722715
Southwell,Southwell,2026-09-27,OTHER,9,Golf & Gallop Southwell Golf Club Handicap,1223,,,5,,Come On Over,2,0,1,,,,,7.1098794630722715
Southwell,Southwell,2026-09-27,OTHER,9,Golf & Gallop Southwell Golf Club Handicap,1223,,,11,,Alfa Duplicate,3,0,1,,,,,7.1098794630722715
Southwell,Southwell,2026-09-27,OTHER,9,Golf & Gallop Southwell Golf Club Handicap,1223,,,2,,Kats Bob,4,0,0,,,,,7.1098794630722715
Turffontein,Turffontein,2026-09-27,OTHER,1,4racing Welcomes You Maiden Plate (F & M),1000,,,3,,Stubborn Love,1,1,1,,,,,6.90875477931522
Turffontein,Turffontein,2026-09-27,OTHER,1,4racing Welcomes You Maiden Plate (F & M),1000,,,1,,Elegant Edge,2,0,1,,,,,6.90875477931522
Turffontein,Turffontein,2026-09-27,OTHER,1,4racing Welcomes You Maiden Plate (F & M),1000,,,6,,Seachtu Realta,3,0,1,,,,,6.90875477931522
Turffontein,Turffontein,2026-09-27,OTHER,1,4racing Welcomes You Maiden Plate (F & M),1000,,,7,,Fascinator,4,0,0,,,,,6.90875477931522
Turffontein,Turffontein,2026-09-27,OTHER,2,Betway Maiden Plate,1000,,,2,,Two Tigers,1,1,1,,,,,6.90875477931522
Turffontein,Turffontein,2026-09-27,OTHER,2,Betway Maiden Plate,1000,,,9,,Thanksgiving Day,2,0,1,,,,,6.90875477931522
Turffontein,Turffontein,2026-09-27,OTHER,2,Betway Maiden Plate,1000,,,7,,Chestnut Verse,3,0,1,,,,,6.90875477931522
Turffontein,Turffontein,2026-09-27,OTHER,2,Betway Maiden Plate,1000,,,11,,Astrophile,4,0,0,,,,,6.90875477931522
Turffontein,Turffontein,2026-09-27,OTHER,3,For Hospitality Bookings Call 011 681 1796 Maiden Plate (F & M),1600,,,3,,Up And Up,1,1,1,,,,,7.3783837129967145
Turffontein,Turffontein,2026-09-27,OTHER,3,For Hospitality Bookings Call 011 681 1796 Maiden Plate (F & M),1600,,,1,,Life And Letters,2,0,1,,,,,7.3783837129967145
Turffontein,Turffontein,2026-09-27,OTHER,3,For Hospitality Bookings Call 011 681 1796 Maiden Plate (F & M),1600,,,2,,Purple Rain,3,0,1,,,,,7.3783837129967145
Turffontein,Turffontein,2026-09-27,OTHER,3,For Hospitality Bookings Call 011 681 1796 Maiden Plate (F & M),1600,,,5,,Prophecies,4,0,0,,,,,7.3783837129967145
Turffontein,Turffontein,2026-09-27,OTHER,4,"Play Soccer 6, 10 And 13 Fm 91 Divided Handicap (F & M)",1800,,,1,,Tomyris,1,1,1,,,,,7.496097345175956
Turffontein,Turffontein,2026-09-27,OTHER,4,"Play Soccer 6, 10 And 13 Fm 91 Divided Handicap (F & M)",1800,,,2,,Future Date,2,0,1,,,,,7.496097345175956
Turffontein,Turffontein,2026-09-27,OTHER,4,"Play Soccer 6, 10 And 13 Fm 91 Divided Handicap (F & M)",1800,,,4,,Frangipani,3,0,1,,,,,7.496097345175956
Turffontein,Turffontein,2026-09-27,OTHER,4,"Play Soccer 6, 10 And 13 Fm 91 Divided Handicap (F & M)",1800,,,6,,Surprise Party,4,0,0,,,,,7.496097345175956
Turffontein,Turffontein,2026-09-27,OTHER,5,Tab Telebet 011 074 0300 Fm 72 Divided Handicap (F & M),1800,,,7,,Elisa Mbali,1,1,1,,,,,7.496097345175956
Turffontein,Turffontein,2026-09-27,OTHER,5,Tab Telebet 011 074 0300 Fm 72 Divided Handicap (F & M),1800,,,8,,The Mightiest,2,0,1,,,,,7.496097345175956
Turffontein,Turffontein,2026-09-27,OTHER,5,Tab Telebet 011 074 0300 Fm 72 Divided Handicap (F & M),1800,,,5,,Be My Fate,3,0,1,,,,,7.496097345175956
Turffontein,Turffontein,2026-09-27,OTHER,5,Tab Telebet 011 074 0300 Fm 72 Divided Handicap (F & M),1800,,,1,,Chariklo,4,0,0,,,,,7.496097345175956
Turffontein,Turffontein,2026-09-27,OTHER,6,Www.tab.co.za Fm 98 Divided Handicap (F & M),1200,,,4,,Trip Of Faith,1,1,1,,,,,7.0909098220799835
Turffontein,Turffontein,2026-09-27,OTHER,6,Www.tab.co.za Fm 98 Divided Handicap (F & M),1200,,,6,,Doesyourmotherknow,2,0,1,,,,,7.0909098220799835
Turffontein,Turffontein,2026-09-27,OTHER,6,Www.tab.co.za Fm 98 Divided Handicap (F & M),1200,,,1,,Tara Star,3,0,1,,,,,7.0909098220799835
Turffontein,Turffontein,2026-09-27,OTHER,6,Www.tab.co.za Fm 98 Divided Handicap (F & M),1200,,,3,,Tina Lovelace,4,0,0,,,,,7.0909098220799835
Turffontein,Turffontein,2026-09-27,OTHER,7,Next Turffontein Racemeeting Saturday 3 October Fm 81 Divided Handicap (F & M),1200,,,4,,Got The Look,1,1,1,,,,,7.0909098220799835
Turffontein,Turffontein,2026-09-27,OTHER,7,Next Turffontein Racemeeting Saturday 3 October Fm 81 Divided Handicap (F & M),1200,,,2,,Fair Proposal,2,0,1,,,,,7.0909098220799835
Turffontein,Turffontein,2026-09-27,OTHER,7,Next Turffontein Racemeeting Saturday 3 October Fm 81 Divided Handicap (F & M),1200,,,6,,Navigatrix,3,0,1,,,,,7.0909098220799835
Turffontein,Turffontein,2026-09-27,OTHER,7,Next Turffontein Racemeeting Saturday 3 October Fm 81 Divided Handicap (F & M),1200,,,7,,Social Graces,4,0,0,,,,,7.0909098220799835
Waverley,Waverley,2026-09-27,OTHER,1,Pioneer - P8086 Mdn,1400,,,4,,Sethero,1,1,1,,,,,7.244941546337007
Waverley,Waverley,2026-09-27,OTHER,1,Pioneer - P8086 Mdn,1400,,,9,,Francie Rules,2,0,1,,,,,7.244941546337007
Waverley,Waverley,2026-09-27,OTHER,1,Pioneer - P8086 Mdn,1400,,,12,,Puzzle,3,0,1,,,,,7.244941546337007
Waverley,Waverley,2026-09-27,OTHER,1,Pioneer - P8086 Mdn,1400,,,6,,Coin Toss,4,0,0,,,,,7.244941546337007
Waverley,Waverley,2026-09-27,OTHER,2,Pioneer - P8240 Mdn,1400,,,2,,Porotene Tiger,1,1,1,,,,,7.244941546337007
Waverley,Waverley,2026-09-27,OTHER,2,Pioneer - P8240 Mdn,1400,,,12,,Boudicia's Revenge,2,0,1,,,,,7.244941546337007
Waverley,Waverley,2026-09-27,OTHER,2,Pioneer - P8240 Mdn,1400,,,3,,Our Edwardo,3,0,1,,,,,7.244941546337007
Waverley,Waverley,2026-09-27,OTHER,2,Pioneer - P8240 Mdn,1400,,,7,,Asher,4,0,0,,,,,7.244941546337007
Waverley,Waverley,2026-09-27,OTHER,3,Nzb Mega Maiden Series Mdn,1200,,,15,,Major Houlihan,1,1,1,,,,,7.0909098220799835
Waverley,Waverley,2026-09-27,OTHER,3,Nzb Mega Maiden Series Mdn,1200,,,11,,Aim To Miss,2,0,1,,,,,7.0909098220799835
Waverley,Waverley,2026-09-27,OTHER,3,Nzb Mega Maiden Series Mdn,1200,,,1,,Bold And Brave,3,0,1,,,,,7.0909098220799835
Waverley,Waverley,2026-09-27,OTHER,3,Nzb Mega Maiden Series Mdn,1200,,,10,,Summer Flyer,4,0,0,,,,,7.0909098220799835
Waverley,Waverley,2026-09-27,OTHER,4,Pioneer - P8333 (Bm65),1200,,,1,,Rippanall,1,1,1,,,,,7.0909098220799835
Waverley,Waverley,2026-09-27,OTHER,4,Pioneer - P8333 (Bm65),1200,,,2,,Stewart,2,0,1,,,,,7.0909098220799835
Waverley,Waverley,2026-09-27,OTHER,4,Pioneer - P8333 (Bm65),1200,,,3,,Performer,3,0,1,,,,,7.0909098220799835
Waverley,Waverley,2026-09-27,OTHER,4,Pioneer - P8333 (Bm65),1200,,,11,,Luminance,4,0,0,,,,,7.0909098220799835
Waverley,Waverley,2026-09-27,OTHER,5,Entain/nzb Insurance Pearl Series Mdn,1650,,,1,,Marge,1,1,1,,,,,7.409136443920128
Waverley,Waverley,2026-09-27,OTHER,5,Entain/nzb Insurance Pearl Series Mdn,1650,,,8,,Heavenly Blessed,2,0,1,,,,,7.409136443920128
Waverley,Waverley,2026-09-27,OTHER,5,Entain/nzb Insurance Pearl Series Mdn,1650,,,9,,Herding Cats,3,0,1,,,,,7.409136443920128
Waverley,Waverley,2026-09-27,OTHER,5,Entain/nzb Insurance Pearl Series Mdn,1650,,,3,,Time After Time,4,0,0,,,,,7.409136443920128
Waverley,Waverley,2026-09-27,OTHER,6,Pioneer - P8711 (Bm75),1650,,,7,,Bak De Ace,1,1,1,,,,,7.409136443920128
Waverley,Waverley,2026-09-27,OTHER,6,Pioneer - P8711 (Bm75),1650,,,3,,Malachy,2,0,1,,,,,7.409136443920128
Waverley,Waverley,2026-09-27,OTHER,6,Pioneer - P8711 (Bm75),1650,,,9,,Plain Sailing,3,0,1,,,,,7.409136443920128
Waverley,Waverley,2026-09-27,OTHER,6,Pioneer - P8711 (Bm75),1650,,,11,,Ryders Legacy,4,0,0,,,,,7.409136443920128
Waverley,Waverley,2026-09-27,OTHER,7,Pioneer - P9091 (Bm65),1650,,,6,,Fulla Grace,1,1,1,,,,,7.409136443920128
Waverley,Waverley,2026-09-27,OTHER,7,Pioneer - P9091 (Bm65),1650,,,2,,Makarov,2,0,1,,,,,7.409136443920128
Waverley,Waverley,2026-09-27,OTHER,7,Pioneer - P9091 (Bm65),1650,,,11,,Willoughby White,3,0,1,,,,,7.409136443920128
Waverley,Waverley,2026-09-27,OTHER,7,Pioneer - P9091 (Bm65),1650,,,8,,Dupug,4,0,0,,,,,7.409136443920128
Waverley,Waverley,2026-09-27,OTHER,8,Pioneer - P92575 (Bm65),1650,,,5,,Brave Rebel,1,1,1,,,,,7.409136443920128
Waverley,Waverley,2026-09-27,OTHER,8,Pioneer - P92575 (Bm65),1650,,,8,,Usain,2,0,1,,,,,7.409136443920128
Waverley,Waverley,2026-09-27,OTHER,8,Pioneer - P92575 (Bm65),1650,,,1,,Valley King,3,0,1,,,,,7.409136443920128
Waverley,Waverley,2026-09-27,OTHER,8,Pioneer - P92575 (Bm65),1650,,,3,,Horonuku,4,0,0,,,,,7.409136443920128
Will Rogers Downs,Will Rogers Downs,2026-09-28,USA,1,Race 1,274,,,9,,Nota Pocahontas,1,1,1,,,,,5.616771097666572
Will Rogers Downs,Will Rogers Downs,2026-09-28,USA,1,Race 1,274,,,1,,Wired Bb,2,0,1,,,,,5.616771097666572
Will Rogers Downs,Will Rogers Downs,2026-09-28,USA,1,Race 1,274,,,2,,Docs Panda,3,0,1,,,,,5.616771097666572
Will Rogers Downs,Will Rogers Downs,2026-09-28,USA,1,Race 1,274,,,7,,Over The Shock,4,0,0,,,,,5.616771097666572
Will Rogers Downs,Will Rogers Downs,2026-09-28,USA,2,Race 2,320,,,7,,Bella Bc,1,1,1,,,,,5.771441123130016
Will Rogers Downs,Will Rogers Downs,2026-09-28,USA,2,Race 2,320,,,2,,Bawitdaba,2,0,1,,,,,5.771441123130016
Will Rogers Downs,Will Rogers Downs,2026-09-28,USA,2,Race 2,320,,,4,,Bricktown,3,0,1,,,,,5.771441123130016
Will Rogers Downs,Will Rogers Downs,2026-09-28,USA,2,Race 2,320,,,3,,Readi To Fire,4,0,0,,,,,5.771441123130016
Will Rogers Downs,Will Rogers Downs,2026-09-28,USA,3,Race 3,366,,,4,,Famous N Relentless,1,1,1,,,,,5.905361848054571
Will Rogers Downs,Will Rogers Downs,2026-09-28,USA,3,Race 3,366,,,6,,Dash For Power,2,0,1,,,,,5.905361848054571
Will Rogers Downs,Will Rogers Downs,2026-09-28,USA,3,Race 3,366,,,7,,Parajax,3,0,1,,,,,5.905361848054571
Will Rogers Downs,Will Rogers Downs,2026-09-28,USA,3,Race 3,366,,,1,,Richrollnwagon,4,0,0,,,,,5.905361848054571
Will Rogers Downs,Will Rogers Downs,2026-09-28,USA,4,Race 4,302,,,1,,Mister Willcox,1,1,1,,,,,5.713732805509369
Will Rogers Downs,Will Rogers Downs,2026-09-28,USA,4,Race 4,302,,,6,,No Offence,2,0,1,,,,,5.713732805509369
Will Rogers Downs,Will Rogers Downs,2026-09-28,USA,4,Race 4,302,,,5,,Cut The Burn,3,0,1,,,,,5.713732805509369
Will Rogers Downs,Will Rogers Downs,2026-09-28,USA,4,Race 4,302,,,8,,Bye Bye Monday,4,0,0,,,,,5.713732805509369
Will Rogers Downs,Will Rogers Downs,2026-09-28,USA,5,Race 5,274,,,10,,Fancy Jessie,1,1,1,,,,,5.616771097666572
Will Rogers Downs,Will Rogers Downs,2026-09-28,USA,5,Race 5,274,,,4,,Pevs Rock Star,2,0,1,,,,,5.616771097666572
Will Rogers Downs,Will Rogers Downs,2026-09-28,USA,5,Race 5,274,,,1,,Del Cartel,3,0,1,,,,,5.616771097666572
Will Rogers Downs,Will Rogers Downs,2026-09-28,USA,5,Race 5,274,,,8,,Famous Kool Rocket,4,0,0,,,,,5.616771097666572
Will Rogers Downs,Will Rogers Downs,2026-09-28,USA,6,Race 6,229,,,9,,Country High,1,1,1,,,,,5.438079308923196
Will Rogers Downs,Will Rogers Downs,2026-09-28,USA,6,Race 6,229,,,6,,Wild Favorite,2,0,1,,,,,5.438079308923196
Will Rogers Downs,Will Rogers Downs,2026-09-28,USA,6,Race 6,229,,,2,,Interrogation,3,0,1,,,,,5.438079308923196
Will Rogers Downs,Will Rogers Downs,2026-09-28,USA,6,Race 6,229,,,3,,Pevs Ace In The Hole,4,0,0,,,,,5.438079308923196
Will Rogers Downs,Will Rogers Downs,2026-09-28,USA,7,Race 7,274,,,4,,Pyc Dynasty,1,1,1,,,,,5.616771097666572
Will Rogers Downs,Will Rogers Downs,2026-09-28,USA,7,Race 7,274,,,6,,Pyc Patriotic Fun,2,0,1,,,,,5.616771097666572
Will Rogers Downs,Will Rogers Downs,2026-09-28,USA,7,Race 7,274,,,1,,Pyc Prize Lights,3,0,1,,,,,5.616771097666572
Will Rogers Downs,Will Rogers Downs,2026-09-28,USA,7,Race 7,274,,,2,,Make It Country,4,0,0,,,,,5.616771097666572
Will Rogers Downs,Will Rogers Downs,2026-09-28,USA,8,Race 8,320,,,3,,Uncle Beast,1,1,1,,,,,5.771441123130016
Will Rogers Downs,Will Rogers Downs,2026-09-28,USA,8,Race 8,320,,,8,,Henry Standing Bear,2,0,1,,,,,5.771441123130016
Will Rogers Downs,Will Rogers Downs,2026-09-28,USA,8,Race 8,320,,,9,,Sensational Sinner,3,0,1,,,,,5.771441123130016
Will Rogers Downs,Will Rogers Downs,2026-09-28,USA,8,Race 8,320,,,1,,Suite Talker,4,0,0,,,,,5.771441123130016
Will Rogers Downs,Will Rogers Downs,2026-09-28,USA,9,Race 9,274,,,9,,Dr Cocktail Hour,1,1,1,,,,,5.616771097666572
Will Rogers Downs,Will Rogers Downs,2026-09-28,USA,9,Race 9,274,,,10,,Mr Miller Creek,2,0,1,,,,,5.616771097666572
Will Rogers Downs,Will Rogers Downs,2026-09-28,USA,9,Race 9,274,,,7,,Southard Legend,3,0,1,,,,,5.616771097666572
Will Rogers Downs,Will Rogers Downs,2026-09-28,USA,9,Race 9,274,,,3,,Thirty Four Below,4,0,0,,,,,5.616771097666572
Will Rogers Downs,Will Rogers Downs,2026-09-28,USA,10,Race 10,229,,,7,,Daddys Boi Lo,1,1,1,,,,,5.438079308923196
Will Rogers Downs,Will Rogers Downs,2026-09-28,USA,10,Race 10,229,,,6,,Tres Me Down,2,0,1,,,,,5.438079308923196
Will Rogers Downs,Will Rogers Downs,2026-09-28,USA,10,Race 10,229,,,3,,Hurrikane Harvey,3,0,1,,,,,5.438079308923196
Will Rogers Downs,Will Rogers Downs,2026-09-28,USA,10,Race 10,229,,,9,,Bluegrass Fancy,4,0,0,,,,,5.438079308923196
Woodbine,Woodbine,2026-09-27,USA,1,Race 1 - Maiden Claiming,1106,,,2,,Scottie's Barn,1,1,1,,,,,7.009408932708637
Woodbine,Woodbine,2026-09-27,USA,1,Race 1 - Maiden Claiming,1106,,,4,,Ashuka,2,0,1,,,,,7.009408932708637
Woodbine,Woodbine,2026-09-27,USA,1,Race 1 - Maiden Claiming,1106,,,5,,A Real War Story,3,0,1,,,,,7.009408932708637
Woodbine,Woodbine,2026-09-27,USA,1,Race 1 - Maiden Claiming,1106,,,6,,Royal Fonz,4,0,0,,,,,7.009408932708637
Woodbine,Woodbine,2026-09-27,USA,2,Race 2 - Claiming,1710,,,2,,Captivating Name,1,1,1,,,,,7.444833273892193
Woodbine,Woodbine,2026-09-27,USA,2,Race 2 - Claiming,1710,,,5,,Swan Lake,2,0,1,,,,,7.444833273892193
Woodbine,Woodbine,2026-09-27,USA,2,Race 2 - Claiming,1710,,,7,,Good Sin,3,0,1,,,,,7.444833273892193
Woodbine,Woodbine,2026-09-27,USA,2,Race 2 - Claiming,1710,,,6,,Pet Sounds,4,0,0,,,,,7.444833273892193
Woodbine,Woodbine,2026-09-27,USA,3,Race 3 - Maiden Optional Claiming,1408,,,3,,Pepper Patch,1,1,1,,,,,7.25063551189868
Woodbine,Woodbine,2026-09-27,USA,3,Race 3 - Maiden Optional Claiming,1408,,,1,,Aleatoric,2,0,1,,,,,7.25063551189868
Woodbine,Woodbine,2026-09-27,USA,3,Race 3 - Maiden Optional Claiming,1408,,,5,,Silver Gal,3,0,1,,,,,7.25063551189868
Woodbine,Woodbine,2026-09-27,USA,3,Race 3 - Maiden Optional Claiming,1408,,,2,,My Turn Now,4,0,0,,,,,7.25063551189868
Woodbine,Woodbine,2026-09-27,USA,4,Race 4 - Maiden Optional Claiming,1408,,,2,,Shimmering Frost,1,1,1,,,,,7.25063551189868
Woodbine,Woodbine,2026-09-27,USA,4,Race 4 - Maiden Optional Claiming,1408,,,6,,Karat Gold,2,0,1,,,,,7.25063551189868
Woodbine,Woodbine,2026-09-27,USA,4,Race 4 - Maiden Optional Claiming,1408,,,5,,Hot Gyal Mossop,3,0,1,,,,,7.25063551189868
Woodbine,Woodbine,2026-09-27,USA,4,Race 4 - Maiden Optional Claiming,1408,,,3,,Francine's Honour,4,0,0,,,,,7.25063551189868
Woodbine,Woodbine,2026-09-27,USA,5,Race 5 - Maiden Special Weight,1207,,,5,,Odenkirk,1,1,1,,,,,7.0967213784947605
Woodbine,Woodbine,2026-09-27,USA,5,Race 5 - Maiden Special Weight,1207,,,1,,Wise Walker,2,0,1,,,,,7.0967213784947605
Woodbine,Woodbine,2026-09-27,USA,5,Race 5 - Maiden Special Weight,1207,,,8,,Buddha's Delight,3,0,1,,,,,7.0967213784947605
Woodbine,Woodbine,2026-09-27,USA,5,Race 5 - Maiden Special Weight,1207,,,6,,Torbato,4,0,0,,,,,7.0967213784947605
Woodbine,Woodbine,2026-09-27,USA,6,Race 6 - Claiming,1308,,,1,,Tiger Town,1,1,1,,,,,7.1770187659099
Woodbine,Woodbine,2026-09-27,USA,6,Race 6 - Claiming,1308,,,7,,Pin Boy,2,0,1,,,,,7.1770187659099
Woodbine,Woodbine,2026-09-27,USA,6,Race 6 - Claiming,1308,,,2,,Isaac Leo,3,0,1,,,,,7.1770187659099
Woodbine,Woodbine,2026-09-27,USA,6,Race 6 - Claiming,1308,,,8,,Lean Music Machine,4,0,0,,,,,7.1770187659099
Woodbine,Woodbine,2026-09-27,USA,7,Race 7 - Maiden Special Weight,1710,,,3,,Sunday Finery,1,1,1,,,,,7.444833273892193
Woodbine,Woodbine,2026-09-27,USA,7,Race 7 - Maiden Special Weight,1710,,,5,,March,2,0,1,,,,,7.444833273892193
Woodbine,Woodbine,2026-09-27,USA,7,Race 7 - Maiden Special Weight,1710,,,4,,Worthy Park,3,0,1,,,,,7.444833273892193
Woodbine,Woodbine,2026-09-27,USA,7,Race 7 - Maiden Special Weight,1710,,,7,,Winning Jewel,4,0,0,,,,,7.444833273892193
Woodbine,Woodbine,2026-09-27,USA,8,Race 8 - Maiden Special Weight,1207,,,5,,She's Gold,1,1,1,,,,,7.0967213784947605
Woodbine,Woodbine,2026-09-27,USA,8,Race 8 - Maiden Special Weight,1207,,,1,,Fancy Pearls,2,0,1,,,,,7.0967213784947605
Woodbine,Woodbine,2026-09-27,USA,8,Race 8 - Maiden Special Weight,1207,,,2,,Lakota Lady,3,0,1,,,,,7.0967213784947605
Woodbine,Woodbine,2026-09-27,USA,8,Race 8 - Maiden Special Weight,1207,,,3,,Golden Sunset,4,0,0,,,,,7.0967213784947605
Woodbine,Woodbine,2026-09-27,USA,9,Race 9 - Maiden Special Weight,1106,,,1,,Mister Blue,1,1,1,,,,,7.009408932708637
Woodbine,Woodbine,2026-09-27,USA,9,Race 9 - Maiden Special Weight,1106,,,4,,Happy To Be Here,2,0,1,,,,,7.009408932708637
Woodbine,Woodbine,2026-09-27,USA,9,Race 9 - Maiden Special Weight,1106,,,3,,Silver Coast,3,0,1,,,,,7.009408932708637
Woodbine,Woodbine,2026-09-27,USA,9,Race 9 - Maiden Special Weight,1106,,,2,,Lohan,4,0,0,,,,,7.009408932708637
Woodbine,Woodbine,2026-09-27,USA,10,Race 10 - Allowance Optional Claiming,1308,,,4,,Charmingly Evasive,1,1,1,,,,,7.1770187659099
Woodbine,Woodbine,2026-09-27,USA,10,Race 10 - Allowance Optional Claiming,1308,,,1,,Happy Destination,2,0,1,,,,,7.1770187659099
Woodbine,Woodbine,2026-09-27,USA,10,Race 10 - Allowance Optional Claiming,1308,,,2,,Mew N Me,3,0,1,,,,,7.1770187659099
Woodbine,Woodbine,2026-09-27,USA,10,Race 10 - Allowance Optional Claiming,1308,,,9,,Hawberry,4,0,0,,,,,7.1770187659099
Woodbine,Woodbine,2026-09-27,USA,11,Race 11 - Claiming,1710,,,6,,Sol De Verano,1,1,1,,,,,7.444833273892193
Woodbine,Woodbine,2026-09-27,USA,11,Race 11 - Claiming,1710,,,4,,Devil's Tongue,2,0,1,,,,,7.444833273892193
Woodbine,Woodbine,2026-09-27,USA,11,Race 11 - Claiming,1710,,,9,,Tiz The Power,3,0,1,,,,,7.444833273892193
Woodbine,Woodbine,2026-09-27,USA,11,Race 11 - Claiming,1710,,,5,,Balboni's Crew,4,0,0,,,,,7.444833273892193
Woodbine,Woodbine,2026-09-28,USA,1,Race 1 - Maiden Optional Claiming,1673,,,3,,Slovan,1,1,1,,,,,7.422971251049421
Woodbine,Woodbine,2026-09-28,USA,1,Race 1 - Maiden Optional Claiming,1673,,,5,,Crazy Busy,2,0,1,,,,,7.422971251049421
Woodbine,Woodbine,2026-09-28,USA,1,Race 1 - Maiden Optional Claiming,1673,,,1,,Street Savant,3,0,1,,,,,7.422971251049421
Woodbine,Woodbine,2026-09-28,USA,1,Race 1 - Maiden Optional Claiming,1673,,,6,,Marietta Babe,4,0,0,,,,,7.422971251049421
Woodbine,Woodbine,2026-09-28,USA,2,Race 2 - Maiden Claiming,1106,,,5,,Beau Pink,1,1,1,,,,,7.009408932708637
Woodbine,Woodbine,2026-09-28,USA,2,Race 2 - Maiden Claiming,1106,,,1,,Lady Dayrells,2,0,1,,,,,7.009408932708637
Woodbine,Woodbine,2026-09-28,USA,2,Race 2 - Maiden Claiming,1106,,,7,,I Love Presents,3,0,1,,,,,7.009408932708637
Woodbine,Woodbine,2026-09-28,USA,2,Race 2 - Maiden Claiming,1106,,,6,,Codicia Por Vida,4,0,0,,,,,7.009408932708637
Woodbine,Woodbine,2026-09-28,USA,3,Race 3 - Maiden Optional Claiming,1408,,,3,,Tony From Angus,1,1,1,,,,,7.25063551189868
Woodbine,Woodbine,2026-09-28,USA,3,Race 3 - Maiden Optional Claiming,1408,,,2,,Proud Painter,2,0,1,,,,,7.25063551189868
Woodbine,Woodbine,2026-09-28,USA,3,Race 3 - Maiden Optional Claiming,1408,,,4,,Toronto City,3,0,1,,,,,7.25063551189868
Woodbine,Woodbine,2026-09-28,USA,3,Race 3 - Maiden Optional Claiming,1408,,,1,,Paddy Holiday,4,0,0,,,,,7.25063551189868
Woodbine,Woodbine,2026-09-28,USA,4,Race 4 - Allowance Optional Claiming,1006,,,2,,Justine,1,1,1,,,,,6.914730892718563
Woodbine,Woodbine,2026-09-28,USA,4,Race 4 - Allowance Optional Claiming,1006,,,5,,Scary Speedy,2,0,1,,,,,6.914730892718563
Woodbine,Woodbine,2026-09-28,USA,4,Race 4 - Allowance Optional Claiming,1006,,,1,,Spa Prospector,3,0,1,,,,,6.914730892718563
Woodbine,Woodbine,2026-09-28,USA,4,Race 4 - Allowance Optional Claiming,1006,,,6,,Super Sicily,4,0,0,,,,,6.914730892718563
Woodbine,Woodbine,2026-09-28,USA,5,Race 5 - Grand Valley Stakes,1811,,,2,,Wicked Django,1,1,1,,,,,7.502186486602924
Woodbine,Woodbine,2026-09-28,USA,5,Race 5 - Grand Valley Stakes,1811,,,3,,Paramount Prince,2,0,1,,,,,7.502186486602924
Woodbine,Woodbine,2026-09-28,USA,5,Race 5 - Grand Valley Stakes,1811,,,1,,Rapid Test,3,0,1,,,,,7.502186486602924
Woodbine,Woodbine,2026-09-28,USA,5,Race 5 - Grand Valley Stakes,1811,,,4,,Side Street,4,0,0,,,,,7.502186486602924
Woodbine,Woodbine,2026-09-28,USA,6,Race 6 - Optional Claiming,1207,,,7,,Velocita,1,1,1,,,,,7.0967213784947605
Woodbine,Woodbine,2026-09-28,USA,6,Race 6 - Optional Claiming,1207,,,6,,Daddy's Secret,2,0,1,,,,,7.0967213784947605
Woodbine,Woodbine,2026-09-28,USA,6,Race 6 - Optional Claiming,1207,,,4,,One Shot Scott,3,0,1,,,,,7.0967213784947605
Woodbine,Woodbine,2026-09-28,USA,6,Race 6 - Optional Claiming,1207,,,1,,Edey,4,0,0,,,,,7.0967213784947605
Woodbine,Woodbine,2026-09-28,USA,7,Race 7 - Starter Optional Claiming,2012,,,3,,Exude,1,1,1,,,,,7.607381425639791
Woodbine,Woodbine,2026-09-28,USA,7,Race 7 - Starter Optional Claiming,2012,,,4,,Breaking Alone,2,0,1,,,,,7.607381425639791
Woodbine,Woodbine,2026-09-28,USA,7,Race 7 - Starter Optional Claiming,2012,,,10,,Call Me Sue,3,0,1,,,,,7.607381425639791
Woodbine,Woodbine,2026-09-28,USA,7,Race 7 - Starter Optional Claiming,2012,,,5,,Zabo,4,0,0,,,,,7.607381425639791
Woodbine,Woodbine,2026-09-28,USA,8,Race 8 - Allowance Optional Claiming,1408,,,8,,Countryboysurvive,1,1,1,,,,,7.25063551189868
Woodbine,Woodbine,2026-09-28,USA,8,Race 8 - Allowance Optional Claiming,1408,,,7,,Endrick,2,0,1,,,,,7.25063551189868
Woodbine,Woodbine,2026-09-28,USA,8,Race 8 - Allowance Optional Claiming,1408,,,2,,Yacht Boy,3,0,1,,,,,7.25063551189868
Woodbine,Woodbine,2026-09-28,USA,8,Race 8 - Allowance Optional Claiming,1408,,,3,,Shadow Realm,4,0,0,,,,,7.25063551189868
Woodbine,Woodbine,2026-09-28,USA,9,Race 9 - Breeders' Stakes,2414,,,3,,Fire And Wine,1,1,1,,,,,7.789454566086673
Woodbine,Woodbine,2026-09-28,USA,9,Race 9 - Breeders' Stakes,2414,,,1,,Bond Market,2,0,1,,,,,7.789454566086673
Woodbine,Woodbine,2026-09-28,USA,9,Race 9 - Breeders' Stakes,2414,,,5,,Buium,3,0,1,,,,,7.789454566086673
Woodbine,Woodbine,2026-09-28,USA,9,Race 9 - Breeders' Stakes,2414,,,6,,Imyourmedicineman,4,0,0,,,,,7.789454566086673
Woodbine,Woodbine,2026-09-28,USA,10,Race 10 - Allowance Optional Claiming,1006,,,8,,War Strategy,1,1,1,,,,,6.914730892718563
Woodbine,Woodbine,2026-09-28,USA,10,Race 10 - Allowance Optional Claiming,1006,,,4,,Set,2,0,1,,,,,6.914730892718563
Woodbine,Woodbine,2026-09-28,USA,10,Race 10 - Allowance Optional Claiming,1006,,,3,,Light The Lamp,3,0,1,,,,,6.914730892718563
Woodbine,Woodbine,2026-09-28,USA,10,Race 10 - Allowance Optional Claiming,1006,,,1,,Dark Screen,4,0,0,,,,,6.914730892718563
