race_url,meeting_name,meeting_date,track,track_condition,race_number,race_name,distance,race_class,prize_money,starters,is_resulted,status,competitor_number,barrier,horse_name,horse_age,horse_sex,horse_colour,sire,dam,status_sel,weight,jockey_weight,jockey,trainer,career,win_pct,place_pct,roi,last_run_finish_pos,last_run_sp,trainer_jockey_win,days_since_last_run,avgL200,avgL400,avgL600,avgL800,avgRT,form_letters,best_win_odds,avg_win_odds,n_bookmakers,n_flucs,fluc_open,fluc_last,fluc_move_pct,finish_position,result_position,won
https://www.racenet.com.au/form-guide/horse-racing/adana-tr-20260928/race-1-race-1/overview,Adana,2026-09-28,Adana,"{'eventId': '3438726', 'overall': 'Good', 'rating': None, 'surface': 'Fiber Sand', '__typename': 'TrackCondition'}",1,Race 1,1300,,27770,12,True,RESULTED,1,10,Kıng Sergen,2,Colt,b,Akgün,Özel,RESULTED,59,,Sal. Celik,A. Ciftci,6:0-3-1,0,67,-100,6,,33,8,,,,,,,7.0,,14,10,5.5,6.25,13.6,10,,0
https://www.racenet.com.au/form-guide/horse-racing/adana-tr-20260928/race-1-race-1/overview,Adana,2026-09-28,Adana,"{'eventId': '3438726', 'overall': 'Good', 'rating': None, 'surface': 'Fiber Sand', '__typename': 'TrackCondition'}",1,Race 1,1300,,27770,12,True,RESULTED,2,12,Forever Dallas,2,Colt,b,Agresıvo,Yılışık,RESULTED,57,,M. A. Solmaz,M. Gurcu,3:0-1-0,0,33,-100,2,,0,8,,,,,,,8.5,,14,5,7.5,7.5,0.0,6,,0
https://www.racenet.com.au/form-guide/horse-racing/adana-tr-20260928/race-1-race-1/overview,Adana,2026-09-28,Adana,"{'eventId': '3438726', 'overall': 'Good', 'rating': None, 'surface': 'Fiber Sand', '__typename': 'TrackCondition'}",1,Race 1,1300,,27770,12,True,RESULTED,3,9,Hunter Man,2,Colt,b,Cooger,Saadetcim,RESULTED,57,,I. Katar,Res. Kaya,2:0-0-1,0,50,-100,3,,0,13,,,,,,,11.0,,14,5,8.5,10,17.6,7,,0
https://www.racenet.com.au/form-guide/horse-racing/adana-tr-20260928/race-1-race-1/overview,Adana,2026-09-28,Adana,"{'eventId': '3438726', 'overall': 'Good', 'rating': None, 'surface': 'Fiber Sand', '__typename': 'TrackCondition'}",1,Race 1,1300,,27770,12,True,RESULTED,4,5,İvar,2,Colt,b,Smart Robın,Havarın Kızı,RESULTED,57,,I. Akyavuz,M. A. Subay,3:0-2-1,0,100,-100,2,,20,13,,,,,,,5.0,,14,4,4.4,4.8,9.1,3,,0
https://www.racenet.com.au/form-guide/horse-racing/adana-tr-20260928/race-1-race-1/overview,Adana,2026-09-28,Adana,"{'eventId': '3438726', 'overall': 'Good', 'rating': None, 'surface': 'Fiber Sand', '__typename': 'TrackCondition'}",1,Race 1,1300,,27770,12,True,RESULTED,5,3,Othello,2,Colt,b,Good Curry,Portraıt Of Lady,RESULTED,57,,M. S. Celik,M. Ozyigit,0:0-0-0,0,0,0,,,0,,,,,,,,2.7,,14,17,3.4,2.05,-39.7,5,,0
https://www.racenet.com.au/form-guide/horse-racing/adana-tr-20260928/race-1-race-1/overview,Adana,2026-09-28,Adana,"{'eventId': '3438726', 'overall': 'Good', 'rating': None, 'surface': 'Fiber Sand', '__typename': 'TrackCondition'}",1,Race 1,1300,,27770,12,True,RESULTED,6,8,Tahsin Alp,2,Colt,b,Bodemeıster,Çilen,RESULTED,57,,M. G. Arslan,T. O. Kara,3:0-0-0,0,0,-100,4,,0,8,,,,,,,13.0,,14,8,8.5,11,29.4,1,,1
https://www.racenet.com.au/form-guide/horse-racing/adana-tr-20260928/race-1-race-1/overview,Adana,2026-09-28,Adana,"{'eventId': '3438726', 'overall': 'Good', 'rating': None, 'surface': 'Fiber Sand', '__typename': 'TrackCondition'}",1,Race 1,1300,,27770,12,True,RESULTED,7,4,The Guard,2,Colt,b,Vıctoıre Pısa,Canım İrem,RESULTED,57,,N. Demir,Y. Tuncay,3:0-0-0,0,0,-100,5,,5,32,,,,,,,51.0,,14,4,31,34,9.7,11,,0
https://www.racenet.com.au/form-guide/horse-racing/adana-tr-20260928/race-1-race-1/overview,Adana,2026-09-28,Adana,"{'eventId': '3438726', 'overall': 'Good', 'rating': None, 'surface': 'Fiber Sand', '__typename': 'TrackCondition'}",1,Race 1,1300,,27770,12,True,RESULTED,8,6,Victory Addict,2,Colt,b,Hasafet,Batmacı,RESULTED,57,,F. R. Bebek,M. Ozyigit,1:0-0-0,0,0,-100,6,,0,27,,,,,,,14.0,,14,7,9,13,44.4,2,,0
https://www.racenet.com.au/form-guide/horse-racing/adana-tr-20260928/race-1-race-1/overview,Adana,2026-09-28,Adana,"{'eventId': '3438726', 'overall': 'Good', 'rating': None, 'surface': 'Fiber Sand', '__typename': 'TrackCondition'}",1,Race 1,1300,,27770,12,True,RESULTED,9,2,White Trace Pupets,2,Colt,b,Cemalcan,Grand Bazaar,RESULTED,57,,V. Demir,E. Acer,1:0-0-0,0,0,-100,7,,0,16,,,,,,o,91.0,,14,4,51,61,19.6,12,,0
https://www.racenet.com.au/form-guide/horse-racing/adana-tr-20260928/race-1-race-1/overview,Adana,2026-09-28,Adana,"{'eventId': '3438726', 'overall': 'Good', 'rating': None, 'surface': 'Fiber Sand', '__typename': 'TrackCondition'}",1,Race 1,1300,,27770,12,True,RESULTED,10,1,North Shine,2,Filly,b,Myboycharlıe,Northern Sky,RESULTED,55,,M. A. Akgobek,B. Gormez,1:0-0-0,0,0,-100,6,,0,56,,,,,,,91.0,,14,7,51,61,19.6,9,,0
https://www.racenet.com.au/form-guide/horse-racing/adana-tr-20260928/race-1-race-1/overview,Adana,2026-09-28,Adana,"{'eventId': '3438726', 'overall': 'Good', 'rating': None, 'surface': 'Fiber Sand', '__typename': 'TrackCondition'}",1,Race 1,1300,,27770,12,True,RESULTED,11,11,Sha Carri,2,Filly,b,Bodemeıster,Allora,RESULTED,55,,M. Akyavuz,M. Dolak,6:0-0-2,0,33,-100,10,,11,8,,,,,,o,11.0,,14,10,8,10,25.0,4,,0
https://www.racenet.com.au/form-guide/horse-racing/adana-tr-20260928/race-1-race-1/overview,Adana,2026-09-28,Adana,"{'eventId': '3438726', 'overall': 'Good', 'rating': None, 'surface': 'Fiber Sand', '__typename': 'TrackCondition'}",1,Race 1,1300,,27770,12,True,RESULTED,12,7,White Wrist,2,Filly,b,Trappe Shot,Euclase,RESULTED,52,,Serh. Celik,A. Ciftci,7:0-1-1,0,29,-100,7,,0,47,,,,,,,27.0,,14,10,21,21,0.0,8,,0
https://www.racenet.com.au/form-guide/horse-racing/adana-tr-20260928/race-2-race-2/overview,Adana,2026-09-28,Adana,"{'eventId': '3438727', 'overall': 'Good', 'rating': None, 'surface': 'Fiber Sand', '__typename': 'TrackCondition'}",2,Race 2,1800,,20381,15,True,RESULTED,1,1,El Rey Escorpion,3,Colt,b,Papa Clem,Kıll Bıll,RESULTED,62,,Y. Cengiz,M. Dolak,44:1-9-6,2,36,-100,5,,20,13,,,,,,n,17.0,,14,8,13,15,15.4,13,,0
https://www.racenet.com.au/form-guide/horse-racing/adana-tr-20260928/race-2-race-2/overview,Adana,2026-09-28,Adana,"{'eventId': '3438727', 'overall': 'Good', 'rating': None, 'surface': 'Fiber Sand', '__typename': 'TrackCondition'}",2,Race 2,1800,,20381,15,True,RESULTED,2,14,King Gökalp,3,Colt,b,Domıno Effect,Hürkuş,RESULTED,58,,M. T. Coskun,A. Karakus,9:1-2-1,11,44,-100,8,,0,28,,,,,,t,12.0,,14,9,10,10,0.0,10,,0
https://www.racenet.com.au/form-guide/horse-racing/adana-tr-20260928/race-2-race-2/overview,Adana,2026-09-28,Adana,"{'eventId': '3438727', 'overall': 'Good', 'rating': None, 'surface': 'Fiber Sand', '__typename': 'TrackCondition'}",2,Race 2,1800,,20381,15,True,RESULTED,3,2,Malcooba,3,Filly,b,Cooger,Barikat,RESULTED,58,,Serh. Celik,A. Çıkman,14:1-3-2,7,43,-100,2,,50,21,,,,,,tn,2.7,,14,10,2.6,2.35,-9.6,8,,0
https://www.racenet.com.au/form-guide/horse-racing/adana-tr-20260928/race-2-race-2/overview,Adana,2026-09-28,Adana,"{'eventId': '3438727', 'overall': 'Good', 'rating': None, 'surface': 'Fiber Sand', '__typename': 'TrackCondition'}",2,Race 2,1800,,20381,15,True,RESULTED,4,11,Queen Seçil,3,Filly,ch,Agresıvo,Prenses Seçil,RESULTED,60,,V. Demir,M. Kılıçseren,22:2-2-1,9,23,-100,5,,0,21,,,,,,tn,26.0,,14,6,21,23,9.5,5,,0
https://www.racenet.com.au/form-guide/horse-racing/adana-tr-20260928/race-2-race-2/overview,Adana,2026-09-28,Adana,"{'eventId': '3438727', 'overall': 'Good', 'rating': None, 'surface': 'Fiber Sand', '__typename': 'TrackCondition'}",2,Race 2,1800,,20381,15,True,RESULTED,5,13,Ironhoof,3,Colt,ch,Voodoo Song,Wolf Of Wınd,RESULTED,56,,T. Bali,G. Kose,17:2-2-0,12,24,-100,12,,0,8,,,,,,ton,67.0,,14,4,61,41,-32.8,15,,0
https://www.racenet.com.au/form-guide/horse-racing/adana-tr-20260928/race-2-race-2/overview,Adana,2026-09-28,Adana,"{'eventId': '3438727', 'overall': 'Good', 'rating': None, 'surface': 'Fiber Sand', '__typename': 'TrackCondition'}",2,Race 2,1800,,20381,15,True,RESULTED,6,12,El Alacran,3,Colt,b,Trappe Shot,Wellabornıta,RESULTED,57,,F. Cetinbas,N. Dundar,25:1-3-3,4,28,-100,7,,0,13,,,,,,,9.0,,14,4,8.5,8,-5.9,1,,1
https://www.racenet.com.au/form-guide/horse-racing/adana-tr-20260928/race-2-race-2/overview,Adana,2026-09-28,Adana,"{'eventId': '3438727', 'overall': 'Good', 'rating': None, 'surface': 'Fiber Sand', '__typename': 'TrackCondition'}",2,Race 2,1800,,20381,15,True,RESULTED,7,15,Realıstıc Gırl,3,Filly,b,Papa Clem,Wılaya,RESULTED,57,,M. Akyavuz,Y. Tuncay,23:1-1-4,4,26,-100,5,,14,14,,,,,,tn,10.0,,14,7,10,8.5,-15.0,3,,0
https://www.racenet.com.au/form-guide/horse-racing/adana-tr-20260928/race-2-race-2/overview,Adana,2026-09-28,Adana,"{'eventId': '3438727', 'overall': 'Good', 'rating': None, 'surface': 'Fiber Sand', '__typename': 'TrackCondition'}",2,Race 2,1800,,20381,15,True,RESULTED,8,10,Taladrro,3,Colt,b,Tılsıt,Vazırah,RESULTED,57,,Sal. Celik,M. Akyavuz,23:2-2-1,9,22,-100,5,,0,14,,,,,,tn,7.0,,14,7,6.25,6.25,0.0,2,,0
https://www.racenet.com.au/form-guide/horse-racing/adana-tr-20260928/race-2-race-2/overview,Adana,2026-09-28,Adana,"{'eventId': '3438727', 'overall': 'Good', 'rating': None, 'surface': 'Fiber Sand', '__typename': 'TrackCondition'}",2,Race 2,1800,,20381,15,True,RESULTED,9,3,Vaşak Kız,3,Filly,b,Lıon Heart,Palestınıan Baby,RESULTED,55,,N. Demir,B. Ilvan,18:1-1-3,6,28,-100,14,,0,14,,,,,,ton,18.0,,14,4,15,16,6.7,12,,0
https://www.racenet.com.au/form-guide/horse-racing/adana-tr-20260928/race-2-race-2/overview,Adana,2026-09-28,Adana,"{'eventId': '3438727', 'overall': 'Good', 'rating': None, 'surface': 'Fiber Sand', '__typename': 'TrackCondition'}",2,Race 2,1800,,20381,15,True,RESULTED,10,9,Dünya Boştur,3,Filly,ch,Captaın Rıo,My Vıvıana,RESULTED,54,,F. R. Bebek,Ser. Ceylan,19:1-1-2,5,21,-100,12,,50,21,,,,,,ton,101.0,,14,7,91,81,-11.0,9,,0
https://www.racenet.com.au/form-guide/horse-racing/adana-tr-20260928/race-2-race-2/overview,Adana,2026-09-28,Adana,"{'eventId': '3438727', 'overall': 'Good', 'rating': None, 'surface': 'Fiber Sand', '__typename': 'TrackCondition'}",2,Race 2,1800,,20381,15,True,RESULTED,11,7,National Hero,3,Colt,b,Squad,Adalyn,RESULTED,54,,I. Akyavuz,E. Altın,17:1-0-3,6,24,-100,11,,18,39,,,,,,on,14.0,,14,7,8,12,50.0,11,,0
https://www.racenet.com.au/form-guide/horse-racing/adana-tr-20260928/race-2-race-2/overview,Adana,2026-09-28,Adana,"{'eventId': '3438727', 'overall': 'Good', 'rating': None, 'surface': 'Fiber Sand', '__typename': 'TrackCondition'}",2,Race 2,1800,,20381,15,True,RESULTED,12,4,Takeachanceonme,3,Colt,b,Approve,Mo Name,RESULTED,53,,M. Bayır,Y. Misdik,6:0-0-1,0,17,-100,10,,0,28,,,,,,o,16.0,,14,9,18,14,-22.2,4,,0
https://www.racenet.com.au/form-guide/horse-racing/adana-tr-20260928/race-2-race-2/overview,Adana,2026-09-28,Adana,"{'eventId': '3438727', 'overall': 'Good', 'rating': None, 'surface': 'Fiber Sand', '__typename': 'TrackCondition'}",2,Race 2,1800,,20381,15,True,RESULTED,13,5,Shirin Warrior,3,Filly,b,Torok,Morethanbeautıful,RESULTED,52,,E. Atlamaz,A. Dinc,6:0-0-1,0,17,-100,9,,0,23,,,,,,,51.0,,14,8,31,41,32.3,7,,0
https://www.racenet.com.au/form-guide/horse-racing/adana-tr-20260928/race-2-race-2/overview,Adana,2026-09-28,Adana,"{'eventId': '3438727', 'overall': 'Good', 'rating': None, 'surface': 'Fiber Sand', '__typename': 'TrackCondition'}",2,Race 2,1800,,20381,15,True,RESULTED,14,8,Go Her Led,3,Colt,b,Klımt,Let Her Go,RESULTED,52,,M. A. Solmaz,K. Arda,3:0-0-0,0,0,-100,6,,0,60,,,,,,,13.0,,14,9,13,9,-30.8,14,,0
https://www.racenet.com.au/form-guide/horse-racing/adana-tr-20260928/race-2-race-2/overview,Adana,2026-09-28,Adana,"{'eventId': '3438727', 'overall': 'Good', 'rating': None, 'surface': 'Fiber Sand', '__typename': 'TrackCondition'}",2,Race 2,1800,,20381,15,True,RESULTED,15,6,Gıve Me A Second,3,Colt,b,Tılsıt,Second One,RESULTED,52,,M. Keskin,K. Arda,3:0-0-0,0,0,-100,5,,0,34,,,,,,b,19.0,,14,9,18,12,-33.3,6,,0
https://www.racenet.com.au/form-guide/horse-racing/adana-tr-20260928/race-3-race-3/overview,Adana,2026-09-28,Adana,"{'eventId': '3438728', 'overall': 'Good', 'rating': None, 'surface': 'All Weather', '__typename': 'TrackCondition'}",3,Race 3,2000,,20381,8,True,RESULTED,1,2,Başaran Tay,5,Stallion,gr,Tamerinoğlu,Badekızım,RESULTED,62,,Serh. Celik,M. Das,36:6-0-4,17,28,-100,4,,0,5,,,,,,tdn,5.0,,14,3,5,4.8,-4.0,3,,0
https://www.racenet.com.au/form-guide/horse-racing/adana-tr-20260928/race-3-race-3/overview,Adana,2026-09-28,Adana,"{'eventId': '3438728', 'overall': 'Good', 'rating': None, 'surface': 'All Weather', '__typename': 'TrackCondition'}",3,Race 3,2000,,20381,8,True,RESULTED,2,6,Erselay,5,Stallion,gr,Tamerinoğlu,Ferah Tay,RESULTED,60,,R. Kurt,Y. Yıldız,31:4-4-6,13,45,-100,14,,0,51,,,,,,sbon,11.0,,14,7,9.5,9.5,0.0,6,,0
https://www.racenet.com.au/form-guide/horse-racing/adana-tr-20260928/race-3-race-3/overview,Adana,2026-09-28,Adana,"{'eventId': '3438728', 'overall': 'Good', 'rating': None, 'surface': 'All Weather', '__typename': 'TrackCondition'}",3,Race 3,2000,,20381,8,True,RESULTED,3,3,İskit Alp,5,Stallion,ch,Semend,Küçük Selin,RESULTED,60,,M. T. Coskun,Y. Tuncay,34:5-6-3,15,41,-100,10,,7,21,,,,,,don,7.0,,14,3,6.5,6,-7.7,4,,0
https://www.racenet.com.au/form-guide/horse-racing/adana-tr-20260928/race-3-race-3/overview,Adana,2026-09-28,Adana,"{'eventId': '3438728', 'overall': 'Good', 'rating': None, 'surface': 'All Weather', '__typename': 'TrackCondition'}",3,Race 3,2000,,20381,8,True,RESULTED,4,7,Siyah Pençe,5,Stallion,b,Özhaber,Denizmeryem,RESULTED,60,,E. Atlamaz,R. Tasdelen,33:5-5-3,15,39,-100,7,,0,26,,,,,,dbn,2.8,,14,5,2.7,2.75,1.9,5,,0
https://www.racenet.com.au/form-guide/horse-racing/adana-tr-20260928/race-3-race-3/overview,Adana,2026-09-28,Adana,"{'eventId': '3438728', 'overall': 'Good', 'rating': None, 'surface': 'All Weather', '__typename': 'TrackCondition'}",3,Race 3,2000,,20381,8,True,RESULTED,5,5,Şafak Bey,5,Colt,Grey,Tamerinoğlu,Balcı,RESULTED,60,,M. Celik,S. Polat,47:5-4-8,11,36,-100,9,,0,18,,,,,,tcdn,3.6,,14,5,3.6,3.2,-11.1,2,,0
https://www.racenet.com.au/form-guide/horse-racing/adana-tr-20260928/race-3-race-3/overview,Adana,2026-09-28,Adana,"{'eventId': '3438728', 'overall': 'Good', 'rating': None, 'surface': 'All Weather', '__typename': 'TrackCondition'}",3,Race 3,2000,,20381,8,True,RESULTED,6,8,Azerbaycanlı,5,Stallion,gr,Embir Han,Süheyla,RESULTED,57,,S. Celik,M. Alacam,29:4-5-6,14,52,-100,7,,0,21,,,,,,tn,8.0,,14,6,11,6,-45.5,1,,1
https://www.racenet.com.au/form-guide/horse-racing/adana-tr-20260928/race-3-race-3/overview,Adana,2026-09-28,Adana,"{'eventId': '3438728', 'overall': 'Good', 'rating': None, 'surface': 'All Weather', '__typename': 'TrackCondition'}",3,Race 3,2000,,20381,8,True,RESULTED,7,4,Güçlü Kral,5,Stallion,gr,Yılmabaşar,Leonedas,RESULTED,56,,S. Dülgar,V. Tekin,20:4-3-2,20,45,-100,6,,0,64,,,,,,dn,14.0,,14,7,10,12,20.0,7,,0
https://www.racenet.com.au/form-guide/horse-racing/adana-tr-20260928/race-3-race-3/overview,Adana,2026-09-28,Adana,"{'eventId': '3438728', 'overall': 'Good', 'rating': None, 'surface': 'All Weather', '__typename': 'TrackCondition'}",3,Race 3,2000,,20381,8,True,RESULTED,8,1,Turgut Bey,4,Stallion,ch,Ayabakan,Hekim,RESULTED,54,,O. Ordu,B. Ilvan,9:1-0-0,11,11,-100,15,,0,17,,,,,,on,67.0,,11,3,41,34,-17.1,8,,0
https://www.racenet.com.au/form-guide/horse-racing/adana-tr-20260928/race-4-race-4/overview,Adana,2026-09-28,Adana,"{'eventId': '3438729', 'overall': 'Good', 'rating': None, 'surface': 'Fiber Sand', '__typename': 'TrackCondition'}",4,Race 4,1300,,27770,11,True,RESULTED,1,7,Baba İbo,2,Colt,b,Cemalcan,Lady Cıncılla,RESULTED,54,,M. Kıyak,Y. Tuncay,5:0-0-0,0,0,-100,7,,0,8,,,,,,,41.0,,14,5,26,26,0.0,5,,0
https://www.racenet.com.au/form-guide/horse-racing/adana-tr-20260928/race-4-race-4/overview,Adana,2026-09-28,Adana,"{'eventId': '3438729', 'overall': 'Good', 'rating': None, 'surface': 'Fiber Sand', '__typename': 'TrackCondition'}",4,Race 4,1300,,27770,11,True,RESULTED,2,8,Fuat Han,2,Colt,b,Good Curry,Sekoya,RESULTED,57,,F. R. Bebek,Y. Tuncay,0:0-0-0,0,0,0,,,0,,,,,,,,16.0,,14,4,12,11,-8.3,8,,0
https://www.racenet.com.au/form-guide/horse-racing/adana-tr-20260928/race-4-race-4/overview,Adana,2026-09-28,Adana,"{'eventId': '3438729', 'overall': 'Good', 'rating': None, 'surface': 'Fiber Sand', '__typename': 'TrackCondition'}",4,Race 4,1300,,27770,11,True,RESULTED,3,11,Herani,2,Colt,b,Bodemeıster,Wılaya,RESULTED,53,,R. Kurt,Ke. Yılmaz,2:0-0-0,0,0,-100,6,,0,11,,,,,,,4.4,,14,11,4.2,3.6,-14.3,1,,1
https://www.racenet.com.au/form-guide/horse-racing/adana-tr-20260928/race-4-race-4/overview,Adana,2026-09-28,Adana,"{'eventId': '3438729', 'overall': 'Good', 'rating': None, 'surface': 'Fiber Sand', '__typename': 'TrackCondition'}",4,Race 4,1300,,27770,11,True,RESULTED,4,4,King Çelik,2,Colt,b,Vıctoıre Pısa,Holy Island,RESULTED,57,,N. Demir,T. O. Kara,1:0-0-0,0,0,-100,10,,0,44,,,,,,o,7.0,,14,9,8.5,6,-29.4,7,,0
https://www.racenet.com.au/form-guide/horse-racing/adana-tr-20260928/race-4-race-4/overview,Adana,2026-09-28,Adana,"{'eventId': '3438729', 'overall': 'Good', 'rating': None, 'surface': 'Fiber Sand', '__typename': 'TrackCondition'}",4,Race 4,1300,,27770,11,True,RESULTED,5,9,Miranhan,2,Colt,b,Fearless Kıng,Amazonas,RESULTED,57,,Sal. Celik,T. O. Kara,3:0-0-0,0,0,-100,6,,0,8,,,,,,,11.0,,14,4,9,9,0.0,2,,0
https://www.racenet.com.au/form-guide/horse-racing/adana-tr-20260928/race-4-race-4/overview,Adana,2026-09-28,Adana,"{'eventId': '3438729', 'overall': 'Good', 'rating': None, 'surface': 'Fiber Sand', '__typename': 'TrackCondition'}",4,Race 4,1300,,27770,11,True,RESULTED,6,10,Pıpo Dayı,2,Colt,b,Approve,Wın The Lady,RESULTED,53,,M. T. Coskun,M. Gunes,2:0-0-0,0,0,-100,5,,0,8,,,,,,,8.0,,14,6,6.75,6.5,-3.7,3,,0
https://www.racenet.com.au/form-guide/horse-racing/adana-tr-20260928/race-4-race-4/overview,Adana,2026-09-28,Adana,"{'eventId': '3438729', 'overall': 'Good', 'rating': None, 'surface': 'Fiber Sand', '__typename': 'TrackCondition'}",4,Race 4,1300,,27770,11,True,RESULTED,7,6,Son Of Spartacus,2,Colt,b,Spartacus,Strıke Force,RESULTED,57,,V. Demir,Z. Yılmaz,2:0-0-0,0,0,-100,8,,0,11,,,,,,,31.0,,14,4,18,21,16.7,11,,0
https://www.racenet.com.au/form-guide/horse-racing/adana-tr-20260928/race-4-race-4/overview,Adana,2026-09-28,Adana,"{'eventId': '3438729', 'overall': 'Good', 'rating': None, 'surface': 'Fiber Sand', '__typename': 'TrackCondition'}",4,Race 4,1300,,27770,11,True,RESULTED,8,5,Straw,2,Colt,b,Kınowa,My Blıtz,RESULTED,54,,E. Atlamaz,A. Ciftci,1:0-0-0,0,0,-100,9,,0,28,,,,,,o,41.0,,14,9,19,26,36.8,6,,0
https://www.racenet.com.au/form-guide/horse-racing/adana-tr-20260928/race-4-race-4/overview,Adana,2026-09-28,Adana,"{'eventId': '3438729', 'overall': 'Good', 'rating': None, 'surface': 'Fiber Sand', '__typename': 'TrackCondition'}",4,Race 4,1300,,27770,11,True,RESULTED,9,3,Aden Papatya,2,Filly,b,Satono Ares,Ezgili,RESULTED,55,,İsm. Yıldırım,M. Alacam,1:0-0-0,0,0,-100,6,,0,16,,,,,,,17.0,,14,6,15,12,-20.0,10,,0
https://www.racenet.com.au/form-guide/horse-racing/adana-tr-20260928/race-4-race-4/overview,Adana,2026-09-28,Adana,"{'eventId': '3438729', 'overall': 'Good', 'rating': None, 'surface': 'Fiber Sand', '__typename': 'TrackCondition'}",4,Race 4,1300,,27770,11,True,RESULTED,10,1,Pixel,2,Filly,ch,Catapult,Dangerous Beauty,RESULTED,55,,M. A. Akgobek,M. Ozyigit,1:0-0-0,0,0,-100,13,,0,13,,,,,,o,101.0,,14,2,51,61,19.6,9,,0
https://www.racenet.com.au/form-guide/horse-racing/adana-tr-20260928/race-4-race-4/overview,Adana,2026-09-28,Adana,"{'eventId': '3438729', 'overall': 'Good', 'rating': None, 'surface': 'Fiber Sand', '__typename': 'TrackCondition'}",4,Race 4,1300,,27770,11,True,RESULTED,11,2,Signomi,2,Filly,gr,General Quarters,Seattle Beauty,RESULTED,55,,M. Akyavuz,V. Tekin,1:0-0-1,0,100,-100,3,,0,28,,,,,,,2.5,,14,5,2,2.3,15.0,4,,0
https://www.racenet.com.au/form-guide/horse-racing/adana-tr-20260928/race-5-race-5/overview,Adana,2026-09-28,Adana,"{'eventId': '3438730', 'overall': 'Good', 'rating': None, 'surface': 'All Weather', '__typename': 'TrackCondition'}",5,Race 5,1400,,32101,16,True,RESULTED,1,14,Skydive,5,Mare,b,Myboycharlıe,Beyaz Gölge,RESULTED,60,,E. Atlamaz,M. A. Subay,54:6-10-8,11,44,-100,10,,0,35,,,,,,on,101.0,,14,6,61,61,0.0,7,,0
https://www.racenet.com.au/form-guide/horse-racing/adana-tr-20260928/race-5-race-5/overview,Adana,2026-09-28,Adana,"{'eventId': '3438730', 'overall': 'Good', 'rating': None, 'surface': 'All Weather', '__typename': 'TrackCondition'}",5,Race 5,1400,,32101,16,True,RESULTED,2,6,Small Burgaz,3,Colt,b,Kıng Davıd,Bounty Hunter,RESULTED,59,,N. Demir,E. Altın,17:5-1-2,29,47,-100,4,,0,8,,,,,,dn,6.0,,14,4,5.5,5,-9.1,4,,0
https://www.racenet.com.au/form-guide/horse-racing/adana-tr-20260928/race-5-race-5/overview,Adana,2026-09-28,Adana,"{'eventId': '3438730', 'overall': 'Good', 'rating': None, 'surface': 'All Weather', '__typename': 'TrackCondition'}",5,Race 5,1400,,32101,16,True,RESULTED,3,15,Berid,5,Stallion,ch,Natıve Khan,Aysultan,RESULTED,61,,Sal. Celik,Y. Baysal,76:7-7-15,9,38,-100,10,,18,14,,,,,,dson,51.0,,14,7,31,34,9.7,16,,0
https://www.racenet.com.au/form-guide/horse-racing/adana-tr-20260928/race-5-race-5/overview,Adana,2026-09-28,Adana,"{'eventId': '3438730', 'overall': 'Good', 'rating': None, 'surface': 'All Weather', '__typename': 'TrackCondition'}",5,Race 5,1400,,32101,16,True,RESULTED,4,2,Rosas Del Rosedal,3,Filly,b,Kaneko,Real Gırl,RESULTED,56,,M. Akyavuz,M. Dolak,27:3-5-2,11,37,-100,7,,11,9,,,,,,tdon,18.0,,14,8,15,15,0.0,2,,0
https://www.racenet.com.au/form-guide/horse-racing/adana-tr-20260928/race-5-race-5/overview,Adana,2026-09-28,Adana,"{'eventId': '3438730', 'overall': 'Good', 'rating': None, 'surface': 'All Weather', '__typename': 'TrackCondition'}",5,Race 5,1400,,32101,16,True,RESULTED,5,5,Sian,4,Stallion,ch,Vıctoıre Pısa,Texas Tea,RESULTED,57,,M. Celik,N. Dundar,58:10-4-9,17,40,-100,5,,0,8,,,,,,dn,11.0,,14,7,10,9,-10.0,6,,0
https://www.racenet.com.au/form-guide/horse-racing/adana-tr-20260928/race-5-race-5/overview,Adana,2026-09-28,Adana,"{'eventId': '3438730', 'overall': 'Good', 'rating': None, 'surface': 'All Weather', '__typename': 'TrackCondition'}",5,Race 5,1400,,32101,16,True,RESULTED,6,1,Gilmour,3,Colt,gr,Toronado,Whıppa D'Or,RESULTED,56,,M. S. Celik,N. Esen,10:2-2-4,20,80,-100,4,,0,15,,,,,,dbn,1.8,,14,8,1.7,1.55,-8.8,1,,1
https://www.racenet.com.au/form-guide/horse-racing/adana-tr-20260928/race-5-race-5/overview,Adana,2026-09-28,Adana,"{'eventId': '3438730', 'overall': 'Good', 'rating': None, 'surface': 'All Weather', '__typename': 'TrackCondition'}",5,Race 5,1400,,32101,16,True,RESULTED,7,12,Mister Min Jou,3,Colt,b,Hakeem,Tatvan Gülü,RESULTED,55,,M. G. Arslan,A. Ciger,10:3-1-0,30,40,-100,9,,0,14,,,,,,tdn,67.0,,14,3,41,41,0.0,14,,0
https://www.racenet.com.au/form-guide/horse-racing/adana-tr-20260928/race-5-race-5/overview,Adana,2026-09-28,Adana,"{'eventId': '3438730', 'overall': 'Good', 'rating': None, 'surface': 'All Weather', '__typename': 'TrackCondition'}",5,Race 5,1400,,32101,16,True,RESULTED,8,7,Lion Robero,4,Stallion,b,Vıctory Gallop,Rafia,RESULTED,57,,Y. Cengiz,B. Cengiz,50:3-10-11,6,48,-100,1,,17,13,,,,,,n,23.0,,14,7,18,19,5.6,8,,0
https://www.racenet.com.au/form-guide/horse-racing/adana-tr-20260928/race-5-race-5/overview,Adana,2026-09-28,Adana,"{'eventId': '3438730', 'overall': 'Good', 'rating': None, 'surface': 'All Weather', '__typename': 'TrackCondition'}",5,Race 5,1400,,32101,16,True,RESULTED,9,3,Best Alya,4,Mare,b,Vıctoıre Pısa,Ateşhatun,RESULTED,56,,M. Bayır,Y. Baysal,48:3-6-15,6,50,-100,4,,0,14,,,,,,tdn,41.0,,14,5,26,26,0.0,15,,0
https://www.racenet.com.au/form-guide/horse-racing/adana-tr-20260928/race-5-race-5/overview,Adana,2026-09-28,Adana,"{'eventId': '3438730', 'overall': 'Good', 'rating': None, 'surface': 'All Weather', '__typename': 'TrackCondition'}",5,Race 5,1400,,32101,16,True,RESULTED,10,13,Monomoy Girl,4,Mare,b,Trappe Shot,Havar,RESULTED,53,,İ. Akın,M. A. Subay,27:4-5-1,15,37,-100,7,,0,29,,,,,,dn,101.0,,14,7,61,61,0.0,13,,0
https://www.racenet.com.au/form-guide/horse-racing/adana-tr-20260928/race-5-race-5/overview,Adana,2026-09-28,Adana,"{'eventId': '3438730', 'overall': 'Good', 'rating': None, 'surface': 'All Weather', '__typename': 'TrackCondition'}",5,Race 5,1400,,32101,16,True,RESULTED,11,9,Captıvatıng,3,Colt,b,Trappe Shot,Bıanca Bıanca,RESULTED,52,,M. T. Coskun,V. Tekin,12:2-1-3,17,50,-100,6,,0,14,,,,,,tn,81.0,,14,5,41,34,-17.1,12,,0
https://www.racenet.com.au/form-guide/horse-racing/adana-tr-20260928/race-5-race-5/overview,Adana,2026-09-28,Adana,"{'eventId': '3438730', 'overall': 'Good', 'rating': None, 'surface': 'All Weather', '__typename': 'TrackCondition'}",5,Race 5,1400,,32101,16,True,RESULTED,12,10,El Leon,4,Stallion,b,Bodemeıster,Şanzelizem,RESULTED,54,,F. R. Bebek,S. Karakecili,42:4-4-3,10,26,-100,5,,0,13,,,,,,n,16.0,,14,10,23,12,-47.8,9,,0
https://www.racenet.com.au/form-guide/horse-racing/adana-tr-20260928/race-5-race-5/overview,Adana,2026-09-28,Adana,"{'eventId': '3438730', 'overall': 'Good', 'rating': None, 'surface': 'All Weather', '__typename': 'TrackCondition'}",5,Race 5,1400,,32101,16,True,RESULTED,13,11,Golden Skin,4,Stallion,b,Euprhates,Atılgan Kız,RESULTED,53,,M. A. Akgobek,A. Ciftci,4:0-2-0,0,50,-100,16,,0,13,,,,,,o,126.0,,14,8,81,81,0.0,10,,0
https://www.racenet.com.au/form-guide/horse-racing/adana-tr-20260928/race-5-race-5/overview,Adana,2026-09-28,Adana,"{'eventId': '3438730', 'overall': 'Good', 'rating': None, 'surface': 'All Weather', '__typename': 'TrackCondition'}",5,Race 5,1400,,32101,16,True,RESULTED,14,4,Muallimbey,4,Stallion,b,Bodyguard Hero,Mashka,RESULTED,52,,E. Tunc,Y. Tuncay,18:3-1-0,17,22,-100,14,,0,14,,,,,,ton,151.0,,14,7,101,91,-9.9,11,,0
https://www.racenet.com.au/form-guide/horse-racing/adana-tr-20260928/race-5-race-5/overview,Adana,2026-09-28,Adana,"{'eventId': '3438730', 'overall': 'Good', 'rating': None, 'surface': 'All Weather', '__typename': 'TrackCondition'}",5,Race 5,1400,,32101,16,True,RESULTED,15,8,My Son Bera,3,Colt,b,Marcavelly,Smart Angel,RESULTED,52,,M. A. Solmaz,A. Çıkman,9:1-4-0,11,56,-100,6,,33,60,,,,,,tn,7.5,,14,7,6.75,5.5,-18.5,5,,0
https://www.racenet.com.au/form-guide/horse-racing/adana-tr-20260928/race-5-race-5/overview,Adana,2026-09-28,Adana,"{'eventId': '3438730', 'overall': 'Good', 'rating': None, 'surface': 'All Weather', '__typename': 'TrackCondition'}",5,Race 5,1400,,32101,16,True,RESULTED,16,16,Borga,3,Colt,b,Run Away And Hıde,Elıka,RESULTED,50,,M. Akdag,A. Dinc,22:1-1-2,5,18,-100,3,,0,21,,,,,,tn,51.0,,14,9,31,31,0.0,3,,0
https://www.racenet.com.au/form-guide/horse-racing/adana-tr-20260928/race-5-race-5/overview,Adana,2026-09-28,Adana,"{'eventId': '3438730', 'overall': 'Good', 'rating': None, 'surface': 'All Weather', '__typename': 'TrackCondition'}",5,Race 5,1400,,32101,16,True,SCRATCHED,17,17,Dream Chaser,3,Filly,b,Bodemeıster,Love Spıce,SCRATCHED,50,,L. Taptık,S. Karakecili,19:1-0-2,5,16,-100,4,,0,8,,,,,,dn,51.0,,7,1,41,41,0.0,-1,,0
https://www.racenet.com.au/form-guide/horse-racing/adana-tr-20260928/race-6-race-6/overview,Adana,2026-09-28,Adana,"{'eventId': '3438731', 'overall': 'Good', 'rating': None, 'surface': 'All Weather', '__typename': 'TrackCondition'}",6,Race 6,2400,,49680,9,True,RESULTED,1,5,Altınsima,6,Stallion,b,Kırdemirkır,Queen Of The Storm,RESULTED,61,,N. Demir,M. A. Subay,99:12-22-18,12,53,-100,4,,0,85,,,,,,tsn,6.5,,14,5,7,5.5,-21.4,2,,0
https://www.racenet.com.au/form-guide/horse-racing/adana-tr-20260928/race-6-race-6/overview,Adana,2026-09-28,Adana,"{'eventId': '3438731', 'overall': 'Good', 'rating': None, 'surface': 'All Weather', '__typename': 'TrackCondition'}",6,Race 6,2400,,49680,9,True,RESULTED,2,1,Hood River,4,Stallion,b,Gormley,Trıbal Party,RESULTED,61,,M. A. Solmaz,İ. Akkılıç,29:7-5-6,24,62,-100,7,,0,20,,,,,,ton,7.5,,14,8,6.75,6.5,-3.7,9,,0
https://www.racenet.com.au/form-guide/horse-racing/adana-tr-20260928/race-6-race-6/overview,Adana,2026-09-28,Adana,"{'eventId': '3438731', 'overall': 'Good', 'rating': None, 'surface': 'All Weather', '__typename': 'TrackCondition'}",6,Race 6,2400,,49680,9,True,RESULTED,3,3,Everything Alright,6,Stallion,b,Lıon Heart,Al Maha,RESULTED,60,,V. Demir,M. A. Subay,50:8-10-11,16,58,-100,6,,0,11,,,,,,n,91.0,,14,6,51,51,0.0,8,,0
https://www.racenet.com.au/form-guide/horse-racing/adana-tr-20260928/race-6-race-6/overview,Adana,2026-09-28,Adana,"{'eventId': '3438731', 'overall': 'Good', 'rating': None, 'surface': 'All Weather', '__typename': 'TrackCondition'}",6,Race 6,2400,,49680,9,True,RESULTED,4,2,Jan Aqua,5,Stallion,b,Vıctory Gallop,Asortik,RESULTED,60,,I. Akyavuz,M. Akyavuz,32:7-4-6,22,53,-100,6,,0,6,,,,,,dn,16.0,,14,8,10,13,30.0,3,,0
https://www.racenet.com.au/form-guide/horse-racing/adana-tr-20260928/race-6-race-6/overview,Adana,2026-09-28,Adana,"{'eventId': '3438731', 'overall': 'Good', 'rating': None, 'surface': 'All Weather', '__typename': 'TrackCondition'}",6,Race 6,2400,,49680,9,True,RESULTED,5,4,King Ova,8,Stallion,b,Kaneko,Volcanıc Lady,RESULTED,60,,M. A. Akgobek,Res. Kaya,77:11-11-16,14,49,-100,8,,0,25,,,,,,n,61.0,,14,3,34,34,0.0,6,,0
https://www.racenet.com.au/form-guide/horse-racing/adana-tr-20260928/race-6-race-6/overview,Adana,2026-09-28,Adana,"{'eventId': '3438731', 'overall': 'Good', 'rating': None, 'surface': 'All Weather', '__typename': 'TrackCondition'}",6,Race 6,2400,,49680,9,True,RESULTED,6,9,Treasure Island,4,Stallion,b,Avery Island,Loyal One,RESULTED,60,,M. S. Celik,I. Temel,19:6-2-2,32,53,-100,5,,20,16,,,,,,n,2.1,,14,8,1.85,1.9,2.7,1,,1
https://www.racenet.com.au/form-guide/horse-racing/adana-tr-20260928/race-6-race-6/overview,Adana,2026-09-28,Adana,"{'eventId': '3438731', 'overall': 'Good', 'rating': None, 'surface': 'All Weather', '__typename': 'TrackCondition'}",6,Race 6,2400,,49680,9,True,RESULTED,7,6,Unreal Engine,4,Stallion,b,Tızway,Unchaıned Melody,RESULTED,60,,M. Akyavuz,Y. Ari,23:4-6-3,17,57,-100,2,,40,54,,,,,,bn,9.0,,14,5,7.5,7,-6.7,4,,0
https://www.racenet.com.au/form-guide/horse-racing/adana-tr-20260928/race-6-race-6/overview,Adana,2026-09-28,Adana,"{'eventId': '3438731', 'overall': 'Good', 'rating': None, 'surface': 'All Weather', '__typename': 'TrackCondition'}",6,Race 6,2400,,49680,9,True,RESULTED,8,7,We Are The Star,5,Stallion,b,Bodyguard Hero,Desdemona,RESULTED,60,,Sal. Celik,T. O. Kara,39:4-15-6,10,64,-100,2,,0,21,,,,,,tbn,11.0,,14,5,9,9.5,5.6,7,,0
https://www.racenet.com.au/form-guide/horse-racing/adana-tr-20260928/race-6-race-6/overview,Adana,2026-09-28,Adana,"{'eventId': '3438731', 'overall': 'Good', 'rating': None, 'surface': 'All Weather', '__typename': 'TrackCondition'}",6,Race 6,2400,,49680,9,True,RESULTED,9,8,Sıngle Shot,3,Colt,ch,Trappe Shot,Manoush,RESULTED,55,,Serh. Celik,A. Çıkman,16:5-4-3,31,75,-100,1,,50,33,,,,,,n,5.0,,14,8,5,4.4,-12.0,5,,0
https://www.racenet.com.au/form-guide/horse-racing/adana-tr-20260928/race-7-race-7/overview,Adana,2026-09-28,Adana,"{'eventId': '3438732', 'overall': 'Good', 'rating': None, 'surface': 'All Weather', '__typename': 'TrackCondition'}",7,Race 7,1400,,32101,12,True,RESULTED,1,5,Arslan Oğlu,4,Stallion,ch,Ayabakan,Öz Nuray,RESULTED,60,,M. Celik,S. Polat,31:4-6-4,13,45,-100,2,,0,8,,,,,,tcdn,4.8,,14,6,4.2,3.8,-9.5,1,,1
https://www.racenet.com.au/form-guide/horse-racing/adana-tr-20260928/race-7-race-7/overview,Adana,2026-09-28,Adana,"{'eventId': '3438732', 'overall': 'Good', 'rating': None, 'surface': 'All Weather', '__typename': 'TrackCondition'}",7,Race 7,1400,,32101,12,True,RESULTED,2,2,Salahiyet,4,Stallion,b,Özhaber,Denizmeryem,RESULTED,59,,M. Kıyak,M. Das,19:4-2-4,21,53,-100,5,,0,8,,,,,,tcdn,5.5,,14,6,4,4.8,20.0,2,,0
https://www.racenet.com.au/form-guide/horse-racing/adana-tr-20260928/race-7-race-7/overview,Adana,2026-09-28,Adana,"{'eventId': '3438732', 'overall': 'Good', 'rating': None, 'surface': 'All Weather', '__typename': 'TrackCondition'}",7,Race 7,1400,,32101,12,True,RESULTED,3,3,Ağasaçan,4,Stallion,ch,Fatih Ağa,Güzeldizdar,RESULTED,59,,N. Demir,S. Karakecili,26:4-1-6,15,42,-100,1,,33,13,,,,,,dn,8.0,,14,3,7,7,0.0,7,,0
https://www.racenet.com.au/form-guide/horse-racing/adana-tr-20260928/race-7-race-7/overview,Adana,2026-09-28,Adana,"{'eventId': '3438732', 'overall': 'Good', 'rating': None, 'surface': 'All Weather', '__typename': 'TrackCondition'}",7,Race 7,1400,,32101,12,True,RESULTED,4,11,Mahfuz,4,Stallion,gr,Derbişah,Altun Çelik,RESULTED,59,,Sal. Celik,E. Altın,8:3-2-0,38,63,-100,16,,0,13,,,,,,on,14.0,,14,4,14,11,-21.4,12,,0
https://www.racenet.com.au/form-guide/horse-racing/adana-tr-20260928/race-7-race-7/overview,Adana,2026-09-28,Adana,"{'eventId': '3438732', 'overall': 'Good', 'rating': None, 'surface': 'All Weather', '__typename': 'TrackCondition'}",7,Race 7,1400,,32101,12,True,RESULTED,5,9,Fennan,5,Stallion,ch,Diliran,Kirazkızı,RESULTED,61,,İsm. Yıldırım,R. Tasdelen,33:4-7-5,12,48,-100,1,,0,6,,,,,,tn,8.0,,14,12,10,6,-40.0,3,,0
https://www.racenet.com.au/form-guide/horse-racing/adana-tr-20260928/race-7-race-7/overview,Adana,2026-09-28,Adana,"{'eventId': '3438732', 'overall': 'Good', 'rating': None, 'surface': 'All Weather', '__typename': 'TrackCondition'}",7,Race 7,1400,,32101,12,True,RESULTED,6,12,Belalı Cibek,4,Stallion,gr,Sakarbaşı,Ahkam,RESULTED,56,,M. S. Celik,B. Cengiz,28:4-3-3,14,36,-100,1,,0,8,,,,,,tn,5.5,,14,3,4.4,5,13.6,6,,0
https://www.racenet.com.au/form-guide/horse-racing/adana-tr-20260928/race-7-race-7/overview,Adana,2026-09-28,Adana,"{'eventId': '3438732', 'overall': 'Good', 'rating': None, 'surface': 'All Weather', '__typename': 'TrackCondition'}",7,Race 7,1400,,32101,12,True,RESULTED,7,1,Dodokan,4,Stallion,gr,Denizim,Sudegül,RESULTED,54,,M. A. Solmaz,A. Karakus,21:2-0-1,10,14,-100,8,,0,8,,,,,,tsn,29.0,,14,8,19,21,10.5,9,,0
https://www.racenet.com.au/form-guide/horse-racing/adana-tr-20260928/race-7-race-7/overview,Adana,2026-09-28,Adana,"{'eventId': '3438732', 'overall': 'Good', 'rating': None, 'surface': 'All Weather', '__typename': 'TrackCondition'}",7,Race 7,1400,,32101,12,True,RESULTED,8,4,Çelikoviç,5,Stallion,b,Şamilbey,Sulh,RESULTED,53,,E. Atlamaz,Y. Akdas,37:2-5-3,5,27,-100,13,,0,6,,,,,,on,34.0,,14,10,26,23,-11.5,4,,0
https://www.racenet.com.au/form-guide/horse-racing/adana-tr-20260928/race-7-race-7/overview,Adana,2026-09-28,Adana,"{'eventId': '3438732', 'overall': 'Good', 'rating': None, 'surface': 'All Weather', '__typename': 'TrackCondition'}",7,Race 7,1400,,32101,12,True,RESULTED,9,6,Büyükatak,4,Stallion,ch,Ayabakan,Kına Kına,RESULTED,50,,M. Bayır,Y. Tuncay,21:0-5-4,0,43,-100,2,,0,14,,,,,,b,4.4,,14,6,4,4.2,5.0,5,,0
https://www.racenet.com.au/form-guide/horse-racing/adana-tr-20260928/race-7-race-7/overview,Adana,2026-09-28,Adana,"{'eventId': '3438732', 'overall': 'Good', 'rating': None, 'surface': 'All Weather', '__typename': 'TrackCondition'}",7,Race 7,1400,,32101,12,True,RESULTED,10,8,Kral Ahmet,5,Stallion,gr,Haberkan,Bilgilikız,RESULTED,52,,E. Tunc,Y. Baysal,34:3-1-1,9,15,-100,13,,0,14,,,,,,tcdon,101.0,,14,9,61,71,16.4,10,,0
https://www.racenet.com.au/form-guide/horse-racing/adana-tr-20260928/race-7-race-7/overview,Adana,2026-09-28,Adana,"{'eventId': '3438732', 'overall': 'Good', 'rating': None, 'surface': 'All Weather', '__typename': 'TrackCondition'}",7,Race 7,1400,,32101,12,True,RESULTED,11,10,Tos Fer,4,Stallion,ch,Artos,Turbo Serra,RESULTED,52,,M. T. Coskun,Y. Caglar,6:1-0-1,17,33,-100,6,,0,8,,,,,,tn,26.0,,14,5,26,18,-30.8,8,,0
https://www.racenet.com.au/form-guide/horse-racing/adana-tr-20260928/race-7-race-7/overview,Adana,2026-09-28,Adana,"{'eventId': '3438732', 'overall': 'Good', 'rating': None, 'surface': 'All Weather', '__typename': 'TrackCondition'}",7,Race 7,1400,,32101,12,True,RESULTED,12,7,Çimengöz,5,Stallion,gr,Ayabakan,Besten,RESULTED,50,,M. Akdag,Res. Kaya,34:2-0-1,6,9,-100,7,,0,8,,,,,,dn,101.0,,14,7,61,61,0.0,11,,0
https://www.racenet.com.au/form-guide/horse-racing/adana-tr-20260928/race-8-race-8/overview,Adana,2026-09-28,Adana,"{'eventId': '3438733', 'overall': 'Good', 'rating': None, 'surface': 'All Weather', '__typename': 'TrackCondition'}",8,Race 8,2000,,20381,15,True,RESULTED,1,3,Pelşin,4,Mare,gr,Fatih Ağa,Medya,RESULTED,57,,Serh. Celik,A. Ciftci,25:1-0-7,4,32,-100,6,,0,40,,,,,,tn,19.0,,8,4,19,18,-5.3,13,,0
https://www.racenet.com.au/form-guide/horse-racing/adana-tr-20260928/race-8-race-8/overview,Adana,2026-09-28,Adana,"{'eventId': '3438733', 'overall': 'Good', 'rating': None, 'surface': 'All Weather', '__typename': 'TrackCondition'}",8,Race 8,2000,,20381,15,True,RESULTED,2,8,Yenal,4,Mare,ch,Gümbürgümbür,Alıcıkuş,RESULTED,58,,İsm. Yıldırım,Y. Tuncay,24:4-2-4,17,42,-100,3,,0,13,,,,,,n,6.0,,8,2,4.4,4.6,4.5,2,,0
https://www.racenet.com.au/form-guide/horse-racing/adana-tr-20260928/race-8-race-8/overview,Adana,2026-09-28,Adana,"{'eventId': '3438733', 'overall': 'Good', 'rating': None, 'surface': 'All Weather', '__typename': 'TrackCondition'}",8,Race 8,2000,,20381,15,True,RESULTED,3,14,Çığgibi,4,Mare,ch,Odinhan,Börtekiz,RESULTED,56,,E. Atlamaz,Y. Baysal,27:0-4-1,0,19,-100,6,,0,13,,,,,,,7.5,,8,3,8.5,6.5,-23.5,5,,0
https://www.racenet.com.au/form-guide/horse-racing/adana-tr-20260928/race-8-race-8/overview,Adana,2026-09-28,Adana,"{'eventId': '3438733', 'overall': 'Good', 'rating': None, 'surface': 'All Weather', '__typename': 'TrackCondition'}",8,Race 8,2000,,20381,15,True,RESULTED,4,4,Fahrunisa,4,Mare,gr,Berksoy,Özbenah,RESULTED,60,,F. R. Bebek,E. Altın,13:0-3-1,0,31,-100,5,,0,11,,,,,,,16.0,,8,3,16,14,-12.5,12,,0
https://www.racenet.com.au/form-guide/horse-racing/adana-tr-20260928/race-8-race-8/overview,Adana,2026-09-28,Adana,"{'eventId': '3438733', 'overall': 'Good', 'rating': None, 'surface': 'All Weather', '__typename': 'TrackCondition'}",8,Race 8,2000,,20381,15,True,RESULTED,5,13,Kaynarhanım,4,Mare,gr,Şimşeğinoğlu,Kaynarkız,RESULTED,60,,N. Demir,M. A. Subay,22:3-6-3,14,55,-100,5,,0,15,,,,,,n,6.5,,8,3,7,5.5,-21.4,9,,0
https://www.racenet.com.au/form-guide/horse-racing/adana-tr-20260928/race-8-race-8/overview,Adana,2026-09-28,Adana,"{'eventId': '3438733', 'overall': 'Good', 'rating': None, 'surface': 'All Weather', '__typename': 'TrackCondition'}",8,Race 8,2000,,20381,15,True,RESULTED,6,10,Merhamet,4,Mare,gr,Fatih Ağa,Alarasultan,RESULTED,60,,M. Akyavuz,Müs. Yardımcı,27:2-5-7,7,52,-100,6,,0,13,,,,,,n,7.0,,8,2,7.5,7,-6.7,4,,0
https://www.racenet.com.au/form-guide/horse-racing/adana-tr-20260928/race-8-race-8/overview,Adana,2026-09-28,Adana,"{'eventId': '3438733', 'overall': 'Good', 'rating': None, 'surface': 'All Weather', '__typename': 'TrackCondition'}",8,Race 8,2000,,20381,15,True,RESULTED,7,7,Yağtu,4,Mare,gr,Fatih Ağa,Pekşeker,RESULTED,60,,Y. Cengiz,A. Gullu,15:2-4-2,13,53,-100,1,,0,27,,,,,,dn,4.2,,8,7,3.7,3.3,-10.8,8,,0
https://www.racenet.com.au/form-guide/horse-racing/adana-tr-20260928/race-8-race-8/overview,Adana,2026-09-28,Adana,"{'eventId': '3438733', 'overall': 'Good', 'rating': None, 'surface': 'All Weather', '__typename': 'TrackCondition'}",8,Race 8,2000,,20381,15,True,RESULTED,8,12,Efruzkızı,4,Mare,gr,Tamerinoğlu,Balkuşu,RESULTED,52,,M. T. Coskun,A. Dinc,24:2-0-4,8,25,-100,7,,0,11,,,,,,n,35.0,,8,2,34,31,-8.8,7,,0
https://www.racenet.com.au/form-guide/horse-racing/adana-tr-20260928/race-8-race-8/overview,Adana,2026-09-28,Adana,"{'eventId': '3438733', 'overall': 'Good', 'rating': None, 'surface': 'All Weather', '__typename': 'TrackCondition'}",8,Race 8,2000,,20381,15,True,RESULTED,9,15,Eylemcik,4,Mare,ch,Barbarosbey,İlkayım,RESULTED,55,,M. A. Akgobek,K. Tekinalp,15:2-0-1,13,20,-100,17,,0,129,,,,,,on,27.0,,8,3,31,26,-16.1,14,,0
https://www.racenet.com.au/form-guide/horse-racing/adana-tr-20260928/race-8-race-8/overview,Adana,2026-09-28,Adana,"{'eventId': '3438733', 'overall': 'Good', 'rating': None, 'surface': 'All Weather', '__typename': 'TrackCondition'}",8,Race 8,2000,,20381,15,True,RESULTED,10,9,Nergislik Tay,4,Mare,b,Baba Mevlüt,Tülin,RESULTED,55,,F. Cetinbas,R. Tasdelen,17:1-1-2,6,24,-100,7,,0,114,,,,,,n,10.0,,8,5,11,8,-27.3,3,,0
https://www.racenet.com.au/form-guide/horse-racing/adana-tr-20260928/race-8-race-8/overview,Adana,2026-09-28,Adana,"{'eventId': '3438733', 'overall': 'Good', 'rating': None, 'surface': 'All Weather', '__typename': 'TrackCondition'}",8,Race 8,2000,,20381,15,True,RESULTED,11,6,Yarseli,4,Mare,gr,Sonalp,Bekriye,RESULTED,51,,M. Akdag,Y. Tuncay,10:0-0-2,0,20,-100,9,,0,126,,,,,,,41.0,,8,3,34,34,0.0,10,,0
https://www.racenet.com.au/form-guide/horse-racing/adana-tr-20260928/race-8-race-8/overview,Adana,2026-09-28,Adana,"{'eventId': '3438733', 'overall': 'Good', 'rating': None, 'surface': 'All Weather', '__typename': 'TrackCondition'}",8,Race 8,2000,,20381,15,True,RESULTED,12,1,Shıne,4,Mare,gr,Fatih Ağa,Bilgilikız,RESULTED,52,,R. Kurt,Y. Tuncay,17:2-2-0,12,24,-100,12,,0,8,,,,,,on,35.0,,8,2,34,31,-8.8,15,,0
https://www.racenet.com.au/form-guide/horse-racing/adana-tr-20260928/race-8-race-8/overview,Adana,2026-09-28,Adana,"{'eventId': '3438733', 'overall': 'Good', 'rating': None, 'surface': 'All Weather', '__typename': 'TrackCondition'}",8,Race 8,2000,,20381,15,True,RESULTED,13,11,Varto Esintisi,4,Mare,gr,Fazıl Ağa,Sözlühanım,RESULTED,55,,M. Celik,H. Gunkurusu,16:1-0-1,6,13,-100,8,,0,130,,,,,,tn,23.0,,8,2,21,20,-4.8,1,,1
https://www.racenet.com.au/form-guide/horse-racing/adana-tr-20260928/race-8-race-8/overview,Adana,2026-09-28,Adana,"{'eventId': '3438733', 'overall': 'Good', 'rating': None, 'surface': 'All Weather', '__typename': 'TrackCondition'}",8,Race 8,2000,,20381,15,True,RESULTED,14,5,Prenses Koşkoşum,4,Mare,ch,Gelibolu,Koşkoşum,RESULTED,55,,E. Tunc,Ser. Ceylan,14:1-0-3,7,29,-100,11,,0,176,,,,,,on,27.0,,8,3,31,26,-16.1,11,,0
https://www.racenet.com.au/form-guide/horse-racing/adana-tr-20260928/race-8-race-8/overview,Adana,2026-09-28,Adana,"{'eventId': '3438733', 'overall': 'Good', 'rating': None, 'surface': 'All Weather', '__typename': 'TrackCondition'}",8,Race 8,2000,,20381,15,True,RESULTED,15,2,Uçan Ilgın,4,Mare,ch,Uçanoğlu,Ilgının Kızı,RESULTED,58,,I. Katar,S. Karakecili,21:1-1-1,5,14,-100,6,,12,11,,,,,,n,91.0,,8,6,71,61,-14.1,6,,0
https://www.racenet.com.au/form-guide/horse-racing/adana-tr-20260928/race-9-race-9/overview,Adana,2026-09-28,Adana,"{'eventId': '3438734', 'overall': 'Good', 'rating': None, 'surface': 'All Weather', '__typename': 'TrackCondition'}",9,Race 9,1500,,27770,16,True,RESULTED,1,3,Huayra,3,Colt,b,Authorızed,Altınbaşak,RESULTED,61,,I. Katar,S. Polat,32:0-4-6,0,31,-100,11,,0,49,,,,,,o,34.0,,8,2,31,26,-16.1,15,,0
https://www.racenet.com.au/form-guide/horse-racing/adana-tr-20260928/race-9-race-9/overview,Adana,2026-09-28,Adana,"{'eventId': '3438734', 'overall': 'Good', 'rating': None, 'surface': 'All Weather', '__typename': 'TrackCondition'}",9,Race 9,1500,,27770,16,True,RESULTED,2,16,Earthquake,3,Colt,ch,Sadler'S Joy,Dreamıng Of Stella,RESULTED,60,,M. G. Arslan,G. Kose,24:0-2-5,0,29,-100,10,,0,23,,,,,,o,31.0,,8,4,31,23,-25.8,12,,0
https://www.racenet.com.au/form-guide/horse-racing/adana-tr-20260928/race-9-race-9/overview,Adana,2026-09-28,Adana,"{'eventId': '3438734', 'overall': 'Good', 'rating': None, 'surface': 'All Weather', '__typename': 'TrackCondition'}",9,Race 9,1500,,27770,16,True,RESULTED,4,8,Son Of Fearless,3,Colt,b,Bluegrass Cat,Fantasy Song,RESULTED,60,,F. R. Bebek,Ser. Ceylan,15:0-2-1,0,20,-100,6,,50,9,,,,,,,35.0,,8,5,34,34,0.0,11,,0
https://www.racenet.com.au/form-guide/horse-racing/adana-tr-20260928/race-9-race-9/overview,Adana,2026-09-28,Adana,"{'eventId': '3438734', 'overall': 'Good', 'rating': None, 'surface': 'All Weather', '__typename': 'TrackCondition'}",9,Race 9,1500,,27770,16,True,RESULTED,5,5,Sosan,3,Colt,b,Enyalıos,Lady Julıet,RESULTED,60,,I. Akyavuz,Ser. Ceylan,21:0-1-4,0,24,-100,9,,0,8,,,,,,,18.0,,8,7,17,17,0.0,3,,0
https://www.racenet.com.au/form-guide/horse-racing/adana-tr-20260928/race-9-race-9/overview,Adana,2026-09-28,Adana,"{'eventId': '3438734', 'overall': 'Good', 'rating': None, 'surface': 'All Weather', '__typename': 'TrackCondition'}",9,Race 9,1500,,27770,16,True,RESULTED,6,18,Sultana,3,Filly,b,Fınesse,Nayman Sultan,RESULTED,60,,M. Akyavuz,V. Tekin,20:0-6-1,0,35,-100,13,,0,14,,,,,,o,26.0,,8,10,26,20,-23.1,14,,0
https://www.racenet.com.au/form-guide/horse-racing/adana-tr-20260928/race-9-race-9/overview,Adana,2026-09-28,Adana,"{'eventId': '3438734', 'overall': 'Good', 'rating': None, 'surface': 'All Weather', '__typename': 'TrackCondition'}",9,Race 9,1500,,27770,16,True,RESULTED,7,12,Fearless Queen,3,Filly,b,Kluger,Gılyana,RESULTED,58,,Sal. Celik,A. Ciftci,11:0-1-2,0,27,-100,4,,33,40,,,,,,,11.0,,8,4,11,10,-9.1,8,,0
https://www.racenet.com.au/form-guide/horse-racing/adana-tr-20260928/race-9-race-9/overview,Adana,2026-09-28,Adana,"{'eventId': '3438734', 'overall': 'Good', 'rating': None, 'surface': 'All Weather', '__typename': 'TrackCondition'}",9,Race 9,1500,,27770,16,True,RESULTED,8,10,Moneta Fly,3,Colt,b,Kuloğlu,Brave Steps,RESULTED,54,,T. Bali,E. Cetinkurt,24:0-1-2,0,13,-100,12,,0,119,,,,,,o,51.0,,8,6,51,41,-19.6,10,,0
https://www.racenet.com.au/form-guide/horse-racing/adana-tr-20260928/race-9-race-9/overview,Adana,2026-09-28,Adana,"{'eventId': '3438734', 'overall': 'Good', 'rating': None, 'surface': 'All Weather', '__typename': 'TrackCondition'}",9,Race 9,1500,,27770,16,True,RESULTED,9,11,O Papatya,3,Filly,b,Bluegrass Cat,Mıdas Lıfe,RESULTED,58,,M. A. Akgobek,Y. Tuncay,14:0-2-0,0,14,-100,10,,6,14,,,,,,o,21.0,,8,3,19,19,0.0,4,,0
https://www.racenet.com.au/form-guide/horse-racing/adana-tr-20260928/race-9-race-9/overview,Adana,2026-09-28,Adana,"{'eventId': '3438734', 'overall': 'Good', 'rating': None, 'surface': 'All Weather', '__typename': 'TrackCondition'}",9,Race 9,1500,,27770,16,True,RESULTED,10,13,Royal Romance,3,Filly,b,Torok,Clıp,RESULTED,58,,M. S. Celik,I. Temel,6:0-1-3,0,67,-100,2,,20,14,,,,,,b,1.4,,8,14,1.4,1.28,-8.6,1,,1
https://www.racenet.com.au/form-guide/horse-racing/adana-tr-20260928/race-9-race-9/overview,Adana,2026-09-28,Adana,"{'eventId': '3438734', 'overall': 'Good', 'rating': None, 'surface': 'All Weather', '__typename': 'TrackCondition'}",9,Race 9,1500,,27770,16,True,RESULTED,11,4,Gray Sword,3,Filly,gr,General Quarters,Atakan Alevi,RESULTED,52,,E. Atlamaz,G. Kose,14:0-1-2,0,21,-100,3,,0,9,,,,,,,34.0,,8,7,34,23,-32.4,7,,0
https://www.racenet.com.au/form-guide/horse-racing/adana-tr-20260928/race-9-race-9/overview,Adana,2026-09-28,Adana,"{'eventId': '3438734', 'overall': 'Good', 'rating': None, 'surface': 'All Weather', '__typename': 'TrackCondition'}",9,Race 9,1500,,27770,16,True,RESULTED,12,1,Lıght To Vıctory,3,Filly,b,Epaulette,Rumeysa,RESULTED,56,,F. Cetinbas,Y. Baysal,24:0-1-2,0,13,-100,8,,0,29,,,,,,,35.0,,8,2,31,34,9.7,16,,0
https://www.racenet.com.au/form-guide/horse-racing/adana-tr-20260928/race-9-race-9/overview,Adana,2026-09-28,Adana,"{'eventId': '3438734', 'overall': 'Good', 'rating': None, 'surface': 'All Weather', '__typename': 'TrackCondition'}",9,Race 9,1500,,27770,16,True,RESULTED,13,14,Lord Seyfo,3,Colt,b,Touch The Wolf,Çatladıkapı,RESULTED,56,,E. Akkılıç,E. Pul,7:0-1-0,0,14,-100,2,,0,29,,,,,,,21.0,,8,9,21,15,-28.6,2,,0
https://www.racenet.com.au/form-guide/horse-racing/adana-tr-20260928/race-9-race-9/overview,Adana,2026-09-28,Adana,"{'eventId': '3438734', 'overall': 'Good', 'rating': None, 'surface': 'All Weather', '__typename': 'TrackCondition'}",9,Race 9,1500,,27770,16,True,RESULTED,14,6,Ramsgate,3,Colt,b,Hakeem,Touch Of Class,RESULTED,52,,R. Kurt,M. Tek,12:0-0-0,0,0,-100,11,,0,29,,,,,,o,35.0,,8,4,31,34,9.7,6,,0
https://www.racenet.com.au/form-guide/horse-racing/adana-tr-20260928/race-9-race-9/overview,Adana,2026-09-28,Adana,"{'eventId': '3438734', 'overall': 'Good', 'rating': None, 'surface': 'All Weather', '__typename': 'TrackCondition'}",9,Race 9,1500,,27770,16,True,RESULTED,16,15,Barakhan,3,Colt,b,Vıctoıre Pısa,Whıte Water,RESULTED,55,,M. Kıyak,A. Dinc,18:0-2-0,0,11,-100,11,,0,28,,,,,,o,101.0,,8,4,126,71,-43.7,13,,0
https://www.racenet.com.au/form-guide/horse-racing/adana-tr-20260928/race-9-race-9/overview,Adana,2026-09-28,Adana,"{'eventId': '3438734', 'overall': 'Good', 'rating': None, 'surface': 'All Weather', '__typename': 'TrackCondition'}",9,Race 9,1500,,27770,16,True,RESULTED,17,17,Kip Musa,3,Colt,ch,Agresıvo,Nefes,RESULTED,58,,N. Demir,R. Atlı,9:0-1-1,0,22,-100,7,,0,40,,,,,,,21.0,,8,10,26,16,-38.5,5,,0
https://www.racenet.com.au/form-guide/horse-racing/adana-tr-20260928/race-9-race-9/overview,Adana,2026-09-28,Adana,"{'eventId': '3438734', 'overall': 'Good', 'rating': None, 'surface': 'All Weather', '__typename': 'TrackCondition'}",9,Race 9,1500,,27770,16,True,RESULTED,18,9,Lıon Gold,3,Colt,ch,Güngör Baba,Edanur,RESULTED,54,,M. T. Coskun,Y. Tuncay,16:0-0-1,0,6,-100,9,,7,21,,,,,,,61.0,,8,3,51,51,0.0,9,,0
https://www.racenet.com.au/form-guide/horse-racing/adana-tr-20260928/race-9-race-9/overview,Adana,2026-09-28,Adana,"{'eventId': '3438734', 'overall': 'Good', 'rating': None, 'surface': 'All Weather', '__typename': 'TrackCondition'}",9,Race 9,1500,,27770,16,True,SCRATCHED,3,2,Roxy Baran,3,Colt,b,Tızway,Persephone,SCRATCHED,57,,İsm. Yıldırım,V. Tekin,24:0-0-4,0,17,-100,5,,0,41,,,,,,,34.0,,8,2,31,21,-32.3,-1,,0
https://www.racenet.com.au/form-guide/horse-racing/adana-tr-20260928/race-9-race-9/overview,Adana,2026-09-28,Adana,"{'eventId': '3438734', 'overall': 'Good', 'rating': None, 'surface': 'All Weather', '__typename': 'TrackCondition'}",9,Race 9,1500,,27770,16,True,SCRATCHED,15,7,My Dream Horse,3,Filly,b,Epaulette,Pasaklı Kontes,SCRATCHED,56,,V. Demir,E. Acer,25:0-1-5,0,24,-100,13,,0,21,,,,,,o,126.0,,4,1,126,126,0.0,-1,,0
https://www.racenet.com.au/form-guide/horse-racing/amiens-20260928/prix-de-longpre-maiden-stakes-race-5/overview,Amiens,2026-09-28,Amiens,"{'eventId': '3439128', 'overall': None, 'rating': None, 'surface': 'Turf', '__typename': 'TrackCondition'}",5,Prix De Longpre Maiden Stakes,1650,"2YO, Maiden",22740,7,True,RESULTED,1,2,Regal Chop,2,Gelding,b,Muhaarar,Raceness,RESULTED,58,,A Crastus,C Boutin,4:0-0-0,0,0,-100,9,29,6,94,,,,,,,26.0,,16,19,1.01,16,1484.2,7,,0
https://www.racenet.com.au/form-guide/horse-racing/amiens-20260928/prix-de-longpre-maiden-stakes-race-5/overview,Amiens,2026-09-28,Amiens,"{'eventId': '3439128', 'overall': None, 'rating': None, 'surface': 'Turf', '__typename': 'TrackCondition'}",5,Prix De Longpre Maiden Stakes,1650,"2YO, Maiden",22740,7,True,RESULTED,2,1,Adhara,2,Colt,b,Thunder Moon,Saraswin,RESULTED,58,,G Meury,M Delcher Sanchez,2:0-0-0,0,0,-100,6,13,7,26,,,,,,,6.5,,16,19,1.01,5.5,444.6,4,,0
https://www.racenet.com.au/form-guide/horse-racing/amiens-20260928/prix-de-longpre-maiden-stakes-race-5/overview,Amiens,2026-09-28,Amiens,"{'eventId': '3439128', 'overall': None, 'rating': None, 'surface': 'Turf', '__typename': 'TrackCondition'}",5,Prix De Longpre Maiden Stakes,1650,"2YO, Maiden",22740,7,True,RESULTED,3,5,Bisous Sinceres,2,Colt,b,Donjuan Triumphant,Amiga Intima,RESULTED,58,,R Mangione,C H Plisson,2:0-0-0,0,0,-100,9,81,0,35,,,,,,o,101.0,,16,12,1.01,51,4949.5,6,,0
https://www.racenet.com.au/form-guide/horse-racing/amiens-20260928/prix-de-longpre-maiden-stakes-race-5/overview,Amiens,2026-09-28,Amiens,"{'eventId': '3439128', 'overall': None, 'rating': None, 'surface': 'Turf', '__typename': 'TrackCondition'}",5,Prix De Longpre Maiden Stakes,1650,"2YO, Maiden",22740,7,True,RESULTED,4,4,Victorstrung,2,Colt,ch,Victor Ludorum,High Strung,RESULTED,58,,T Trullier,M Seror,2:0-0-0,0,0,-100,4,19,0,13,,,,,,,2.2,,17,20,1.01,2.05,103.0,3,,0
https://www.racenet.com.au/form-guide/horse-racing/amiens-20260928/prix-de-longpre-maiden-stakes-race-5/overview,Amiens,2026-09-28,Amiens,"{'eventId': '3439128', 'overall': None, 'rating': None, 'surface': 'Turf', '__typename': 'TrackCondition'}",5,Prix De Longpre Maiden Stakes,1650,"2YO, Maiden",22740,7,True,RESULTED,5,6,Mia Rare,2,Filly,b,Muhaarar,Jenychope,RESULTED,56.25,,L Carboni,L D Racco,3:0-0-0,0,0,-100,7,29,0,23,,,,,,,23.0,,17,24,1.01,19,1781.2,1,,1
https://www.racenet.com.au/form-guide/horse-racing/amiens-20260928/prix-de-longpre-maiden-stakes-race-5/overview,Amiens,2026-09-28,Amiens,"{'eventId': '3439128', 'overall': None, 'rating': None, 'surface': 'Turf', '__typename': 'TrackCondition'}",5,Prix De Longpre Maiden Stakes,1650,"2YO, Maiden",22740,7,True,RESULTED,6,7,Perka Fal,2,Filly,b,Kameko,Perfect Melody,RESULTED,56.25,,L Boisseau,A Fouassier,2:0-0-0,0,0,-100,7,23,3,25,,,,,,,14.0,,17,25,1.01,13,1187.1,2,,0
https://www.racenet.com.au/form-guide/horse-racing/amiens-20260928/prix-de-longpre-maiden-stakes-race-5/overview,Amiens,2026-09-28,Amiens,"{'eventId': '3439128', 'overall': None, 'rating': None, 'surface': 'Turf', '__typename': 'TrackCondition'}",5,Prix De Longpre Maiden Stakes,1650,"2YO, Maiden",22740,7,True,RESULTED,7,3,Deseo,2,Filly,b,Starspangledbanner,Evies Wish,RESULTED,56.25,,Coralie Pacaut,Tim Donworth,3:0-0-0,0,0,-100,5,15,12,25,,,,,,,2.6,,16,20,1.01,2.5,147.5,5,,0
https://www.racenet.com.au/form-guide/horse-racing/amiens-20260928/prix-dominique-geroux-handicap-race-1/overview,Amiens,2026-09-28,Amiens,"{'eventId': '3439124', 'overall': None, 'rating': None, 'surface': 'Turf', '__typename': 'TrackCondition'}",1,Prix Dominique Geroux Handicap,2199,"4YO+, Class 4, Handicap, Class 4, Handicap",20869,14,True,RESULTED,1,9,Golden Beach,7,Gelding,b,Oasis Dream,Mirror Lake,RESULTED,59.75,,L Bails,D Satalia,64:9-7-5,14,33,-8,8,23,0,15,,,,,,shn,10.0,,16,9,1.01,9,791.1,2,,0
https://www.racenet.com.au/form-guide/horse-racing/amiens-20260928/prix-dominique-geroux-handicap-race-1/overview,Amiens,2026-09-28,Amiens,"{'eventId': '3439124', 'overall': None, 'rating': None, 'surface': 'Turf', '__typename': 'TrackCondition'}",1,Prix Dominique Geroux Handicap,2199,"4YO+, Class 4, Handicap, Class 4, Handicap",20869,14,True,,2,5,Golden Vale,4,Filly,b,Mehmas,Moon Palace,,59.75,,G Meury,A Schepens,24:2-0-4,8,25,-46,11,34,0,11,,,,,,dson,1.01,,6,0,,,,,,
https://www.racenet.com.au/form-guide/horse-racing/amiens-20260928/prix-dominique-geroux-handicap-race-1/overview,Amiens,2026-09-28,Amiens,"{'eventId': '3439124', 'overall': None, 'rating': None, 'surface': 'Turf', '__typename': 'TrackCondition'}",1,Prix Dominique Geroux Handicap,2199,"4YO+, Class 4, Handicap, Class 4, Handicap",20869,14,True,RESULTED,3,12,Lempira,6,Gelding,b,Taareef,Octavine,RESULTED,59.75,,Coralie Pacaut,K Plisson,33:4-0-2,12,18,-8,8,17,0,24,,,,,,sn,12.0,,16,9,1.01,11,989.1,11,,0
https://www.racenet.com.au/form-guide/horse-racing/amiens-20260928/prix-dominique-geroux-handicap-race-1/overview,Amiens,2026-09-28,Amiens,"{'eventId': '3439124', 'overall': None, 'rating': None, 'surface': 'Turf', '__typename': 'TrackCondition'}",1,Prix Dominique Geroux Handicap,2199,"4YO+, Class 4, Handicap, Class 4, Handicap",20869,14,True,RESULTED,4,11,Camelarua,4,Filly,b,Camelot,Dalarua,RESULTED,59.75,,Hugo Journiac,Y Barberot,19:0-1-3,0,21,-100,3,21,12,35,,,,,,,5.75,,17,19,1.01,5,395.0,4,,0
https://www.racenet.com.au/form-guide/horse-racing/amiens-20260928/prix-dominique-geroux-handicap-race-1/overview,Amiens,2026-09-28,Amiens,"{'eventId': '3439124', 'overall': None, 'rating': None, 'surface': 'Turf', '__typename': 'TrackCondition'}",1,Prix Dominique Geroux Handicap,2199,"4YO+, Class 4, Handicap, Class 4, Handicap",20869,14,True,RESULTED,5,1,Rue De L'odeon,4,Filly,b,Persian King,Warzuzu,RESULTED,59.5,,L Boisseau,D Artu,27:2-1-0,7,11,89,7,17,7,21,,,,,,ds,3.9,,17,10,1.01,3.6,256.4,3,,0
https://www.racenet.com.au/form-guide/horse-racing/amiens-20260928/prix-dominique-geroux-handicap-race-1/overview,Amiens,2026-09-28,Amiens,"{'eventId': '3439124', 'overall': None, 'rating': None, 'surface': 'Turf', '__typename': 'TrackCondition'}",1,Prix Dominique Geroux Handicap,2199,"4YO+, Class 4, Handicap, Class 4, Handicap",20869,14,True,RESULTED,6,14,Money Money,6,Gelding,g,Birchwood,La Joconde,RESULTED,58.5,,C Belmont,T Vlaminck,34:3-1-4,9,24,-29,12,34,0,11,,,,,,son,31.0,,16,11,1.01,26,2474.3,1,,1
https://www.racenet.com.au/form-guide/horse-racing/amiens-20260928/prix-dominique-geroux-handicap-race-1/overview,Amiens,2026-09-28,Amiens,"{'eventId': '3439124', 'overall': None, 'rating': None, 'surface': 'Turf', '__typename': 'TrackCondition'}",1,Prix Dominique Geroux Handicap,2199,"4YO+, Class 4, Handicap, Class 4, Handicap",20869,14,True,RESULTED,7,8,Bobby Jean,4,Filly,b,Hello Youmzain,My Year Is A Day,RESULTED,58,,T Trullier,J Macedo Da Silva,22:1-1-2,5,18,-89,9,29,0,14,,,,,,n,12.0,,17,7,1.01,10,890.1,5,,0
https://www.racenet.com.au/form-guide/horse-racing/amiens-20260928/prix-dominique-geroux-handicap-race-1/overview,Amiens,2026-09-28,Amiens,"{'eventId': '3439124', 'overall': None, 'rating': None, 'surface': 'Turf', '__typename': 'TrackCondition'}",1,Prix Dominique Geroux Handicap,2199,"4YO+, Class 4, Handicap, Class 4, Handicap",20869,14,True,RESULTED,8,6,Sin City,4,Filly,ch,Ultra,Sund City,RESULTED,58,,A Crastus,S Cerulis,3:0-0-0,0,0,-100,8,21,9,40,,,,,,,13.0,,17,10,1.01,11,989.1,7,,0
https://www.racenet.com.au/form-guide/horse-racing/amiens-20260928/prix-dominique-geroux-handicap-race-1/overview,Amiens,2026-09-28,Amiens,"{'eventId': '3439124', 'overall': None, 'rating': None, 'surface': 'Turf', '__typename': 'TrackCondition'}",1,Prix Dominique Geroux Handicap,2199,"4YO+, Class 4, Handicap, Class 4, Handicap",20869,14,True,RESULTED,9,13,Louise De Bade,5,Filly,b,Almanzor,She Will Call,RESULTED,57.5,,Fabrice Veron,J Leroy,11:1-0-0,9,9,-66,4,6,0,19,,,,,,sn,5.0,,17,14,1.01,4.6,355.4,12,,0
https://www.racenet.com.au/form-guide/horse-racing/amiens-20260928/prix-dominique-geroux-handicap-race-1/overview,Amiens,2026-09-28,Amiens,"{'eventId': '3439124', 'overall': None, 'rating': None, 'surface': 'Turf', '__typename': 'TrackCondition'}",1,Prix Dominique Geroux Handicap,2199,"4YO+, Class 4, Handicap, Class 4, Handicap",20869,14,True,RESULTED,10,4,Puerta Del Sol,6,Mare,b,Recoletos,Subprime,RESULTED,55,,A Vilchien,M Rosseel,28:0-0-0,0,0,-100,13,41,0,312,,,,,,o,41.0,,15,12,1.01,26,2474.3,6,,0
https://www.racenet.com.au/form-guide/horse-racing/amiens-20260928/prix-dominique-geroux-handicap-race-1/overview,Amiens,2026-09-28,Amiens,"{'eventId': '3439124', 'overall': None, 'rating': None, 'surface': 'Turf', '__typename': 'TrackCondition'}",1,Prix Dominique Geroux Handicap,2199,"4YO+, Class 4, Handicap, Class 4, Handicap",20869,14,True,RESULTED,11,3,Clair De Lune,6,Mare,b,Le Havre,Moonlight Rose,RESULTED,55,,L Gallo,Mme C Auvray,29:2-2-1,7,17,-66,13,19,0,19,,,,,,son,14.0,,16,14,1.01,13,1187.1,8,,0
https://www.racenet.com.au/form-guide/horse-racing/amiens-20260928/prix-dominique-geroux-handicap-race-1/overview,Amiens,2026-09-28,Amiens,"{'eventId': '3439124', 'overall': None, 'rating': None, 'surface': 'Turf', '__typename': 'TrackCondition'}",1,Prix Dominique Geroux Handicap,2199,"4YO+, Class 4, Handicap, Class 4, Handicap",20869,14,True,RESULTED,12,10,Silver Condor,10,Gelding,g,Kendargent,Barzas River,RESULTED,51.25,,P Cheyer,G Verheye,73:6-4-2,8,16,9,7,19,14,19,,,,,,dsn,51.0,,16,9,1.01,34,3266.3,13,,0
https://www.racenet.com.au/form-guide/horse-racing/amiens-20260928/prix-dominique-geroux-handicap-race-1/overview,Amiens,2026-09-28,Amiens,"{'eventId': '3439124', 'overall': None, 'rating': None, 'surface': 'Turf', '__typename': 'TrackCondition'}",1,Prix Dominique Geroux Handicap,2199,"4YO+, Class 4, Handicap, Class 4, Handicap",20869,14,True,RESULTED,13,7,Landaryna,8,Mare,b,Dariyan,Imperial Topaz,RESULTED,50.75,,T Le Graet,J Leroy,93:4-4-10,4,19,-60,8,15,0,19,,,,,,n,21.0,,17,11,1.01,16,1484.2,10,,0
https://www.racenet.com.au/form-guide/horse-racing/amiens-20260928/prix-dominique-geroux-handicap-race-1/overview,Amiens,2026-09-28,Amiens,"{'eventId': '3439124', 'overall': None, 'rating': None, 'surface': 'Turf', '__typename': 'TrackCondition'}",1,Prix Dominique Geroux Handicap,2199,"4YO+, Class 4, Handicap, Class 4, Handicap",20869,14,True,RESULTED,14,2,Kasimska,6,Mare,ch,Kamsin,Katiouska,RESULTED,50.75,,M Pien,M Rosseel,11:0-0-0,0,0,-100,11,41,0,45,,,,,,o,101.0,,15,16,1.01,61,5939.6,9,,0
https://www.racenet.com.au/form-guide/horse-racing/amiens-20260928/prix-du-pdv-pmu-locean-equihen-plage-prix-edouard-acker-handicap-race-7/overview,Amiens,2026-09-28,Amiens,"{'eventId': '3439130', 'overall': None, 'rating': None, 'surface': 'Turf', '__typename': 'TrackCondition'}",7,Prix Du Pdv Pmu L'ocean Equihen-plage (Prix Edouard Acker) Handicap,1650,"4YO+, Class 4, Handicap, Class 4, Handicap",20869,14,True,RESULTED,1,1,Ambra Antica,4,Filly,ch,Waldgeist,Bayargal,RESULTED,59.75,,A Vilchien,J Goossens,24:2-1-2,8,21,17,10,19,0,42,,,,,,dson,17.0,,10,14,15,16,6.7,9,,0
https://www.racenet.com.au/form-guide/horse-racing/amiens-20260928/prix-du-pdv-pmu-locean-equihen-plage-prix-edouard-acker-handicap-race-7/overview,Amiens,2026-09-28,Amiens,"{'eventId': '3439130', 'overall': None, 'rating': None, 'surface': 'Turf', '__typename': 'TrackCondition'}",7,Prix Du Pdv Pmu L'ocean Equihen-plage (Prix Edouard Acker) Handicap,1650,"4YO+, Class 4, Handicap, Class 4, Handicap",20869,14,True,RESULTED,2,14,Mon Schatzi,4,Gelding,b,Shamalgan,Mon Amie Chop,RESULTED,59.5,,L Carboni,M Weissmeier,28:3-4-2,11,32,-55,10,9,0,63,,,,,,dhon,12.0,,10,15,17,11,-35.3,14,,0
https://www.racenet.com.au/form-guide/horse-racing/amiens-20260928/prix-du-pdv-pmu-locean-equihen-plage-prix-edouard-acker-handicap-race-7/overview,Amiens,2026-09-28,Amiens,"{'eventId': '3439130', 'overall': None, 'rating': None, 'surface': 'Turf', '__typename': 'TrackCondition'}",7,Prix Du Pdv Pmu L'ocean Equihen-plage (Prix Edouard Acker) Handicap,1650,"4YO+, Class 4, Handicap, Class 4, Handicap",20869,14,True,RESULTED,3,11,Charismatic Chick,4,Filly,b,Inns Of Court,Eyes That Dazzle,RESULTED,59,,A Duquesnoy,C Boutin,24:1-2-2,4,21,-29,5,13,9,15,,,,,,sn,6.5,,10,18,8,5.5,-31.2,10,,0
https://www.racenet.com.au/form-guide/horse-racing/amiens-20260928/prix-du-pdv-pmu-locean-equihen-plage-prix-edouard-acker-handicap-race-7/overview,Amiens,2026-09-28,Amiens,"{'eventId': '3439130', 'overall': None, 'rating': None, 'surface': 'Turf', '__typename': 'TrackCondition'}",7,Prix Du Pdv Pmu L'ocean Equihen-plage (Prix Edouard Acker) Handicap,1650,"4YO+, Class 4, Handicap, Class 4, Handicap",20869,14,True,RESULTED,4,9,Pinya,4,Filly,b,Hello Youmzain,Terre Australe,RESULTED,59,,L Boisseau,Mme G Rarick,16:1-0-1,6,13,-31,14,34,4,14,,,,,,so,31.0,,10,22,15,26,73.3,8,,0
https://www.racenet.com.au/form-guide/horse-racing/amiens-20260928/prix-du-pdv-pmu-locean-equihen-plage-prix-edouard-acker-handicap-race-7/overview,Amiens,2026-09-28,Amiens,"{'eventId': '3439130', 'overall': None, 'rating': None, 'surface': 'Turf', '__typename': 'TrackCondition'}",7,Prix Du Pdv Pmu L'ocean Equihen-plage (Prix Edouard Acker) Handicap,1650,"4YO+, Class 4, Handicap, Class 4, Handicap",20869,14,True,RESULTED,5,12,Khyrilovitch,4,Gelding,b,Profitable,Teikei,RESULTED,59,,E Solinas,N Caullery,9:0-0-0,0,0,-100,13,81,3,15,,,,,,o,61.0,,10,17,34,41,20.6,13,,0
https://www.racenet.com.au/form-guide/horse-racing/amiens-20260928/prix-du-pdv-pmu-locean-equihen-plage-prix-edouard-acker-handicap-race-7/overview,Amiens,2026-09-28,Amiens,"{'eventId': '3439130', 'overall': None, 'rating': None, 'surface': 'Turf', '__typename': 'TrackCondition'}",7,Prix Du Pdv Pmu L'ocean Equihen-plage (Prix Edouard Acker) Handicap,1650,"4YO+, Class 4, Handicap, Class 4, Handicap",20869,14,True,RESULTED,6,10,Likethewind,4,Filly,b,Toronado,Nice Story,RESULTED,58.5,,A Crastus,J Carvalho,19:1-0-2,5,16,-42,5,21,0,124,,,,,,tcdsn,8.5,,10,14,7.5,7,-6.7,1,,1
https://www.racenet.com.au/form-guide/horse-racing/amiens-20260928/prix-du-pdv-pmu-locean-equihen-plage-prix-edouard-acker-handicap-race-7/overview,Amiens,2026-09-28,Amiens,"{'eventId': '3439130', 'overall': None, 'rating': None, 'surface': 'Turf', '__typename': 'TrackCondition'}",7,Prix Du Pdv Pmu L'ocean Equihen-plage (Prix Edouard Acker) Handicap,1650,"4YO+, Class 4, Handicap, Class 4, Handicap",20869,14,True,RESULTED,7,4,Eywa,4,Filly,b,Fas,Soccoa,RESULTED,58,,T Trullier,J Phelippon,45:4-5-4,9,29,-41,12,13,11,15,,,,,,son,15.0,,10,11,8,13,62.5,7,,0
https://www.racenet.com.au/form-guide/horse-racing/amiens-20260928/prix-du-pdv-pmu-locean-equihen-plage-prix-edouard-acker-handicap-race-7/overview,Amiens,2026-09-28,Amiens,"{'eventId': '3439130', 'overall': None, 'rating': None, 'surface': 'Turf', '__typename': 'TrackCondition'}",7,Prix Du Pdv Pmu L'ocean Equihen-plage (Prix Edouard Acker) Handicap,1650,"4YO+, Class 4, Handicap, Class 4, Handicap",20869,14,True,RESULTED,8,2,Elenka,4,Filly,ch,Romanised,Ehteyat,RESULTED,58,,Fabrice Veron,J Leroy,22:0-1-3,0,18,-100,3,19,0,15,,,,,,,7.0,,10,21,5,6,20.0,2,,0
https://www.racenet.com.au/form-guide/horse-racing/amiens-20260928/prix-du-pdv-pmu-locean-equihen-plage-prix-edouard-acker-handicap-race-7/overview,Amiens,2026-09-28,Amiens,"{'eventId': '3439130', 'overall': None, 'rating': None, 'surface': 'Turf', '__typename': 'TrackCondition'}",7,Prix Du Pdv Pmu L'ocean Equihen-plage (Prix Edouard Acker) Handicap,1650,"4YO+, Class 4, Handicap, Class 4, Handicap",20869,14,True,RESULTED,9,6,Pokrov,4,Gelding,b,Fas,Khyrova,RESULTED,57.5,,Hugo Journiac,J Macedo Da Silva,29:1-1-4,3,21,-91,3,19,0,24,,,,,,dn,6.5,,10,13,4.4,5.5,25.0,4,,0
https://www.racenet.com.au/form-guide/horse-racing/amiens-20260928/prix-du-pdv-pmu-locean-equihen-plage-prix-edouard-acker-handicap-race-7/overview,Amiens,2026-09-28,Amiens,"{'eventId': '3439130', 'overall': None, 'rating': None, 'surface': 'Turf', '__typename': 'TrackCondition'}",7,Prix Du Pdv Pmu L'ocean Equihen-plage (Prix Edouard Acker) Handicap,1650,"4YO+, Class 4, Handicap, Class 4, Handicap",20869,14,True,RESULTED,10,7,La Billebaude,4,Filly,b,Bobby's Kitten,Mer Et Jardin,RESULTED,57.5,,L Bails,N Guilbert,12:0-0-0,0,0,-100,13,11,14,16,,,,,,o,15.0,,10,17,9,14,55.6,12,,0
https://www.racenet.com.au/form-guide/horse-racing/amiens-20260928/prix-du-pdv-pmu-locean-equihen-plage-prix-edouard-acker-handicap-race-7/overview,Amiens,2026-09-28,Amiens,"{'eventId': '3439130', 'overall': None, 'rating': None, 'surface': 'Turf', '__typename': 'TrackCondition'}",7,Prix Du Pdv Pmu L'ocean Equihen-plage (Prix Edouard Acker) Handicap,1650,"4YO+, Class 4, Handicap, Class 4, Handicap",20869,14,True,RESULTED,11,8,Galilee Dream,6,Mare,b,Galiway,Petite Mokka,RESULTED,56.75,,P Bazire,Jv Toux,18:0-1-2,0,17,-100,6,13,9,16,,,,,,,6.25,,10,9,8,6,-25.0,3,,0
https://www.racenet.com.au/form-guide/horse-racing/amiens-20260928/prix-du-pdv-pmu-locean-equihen-plage-prix-edouard-acker-handicap-race-7/overview,Amiens,2026-09-28,Amiens,"{'eventId': '3439130', 'overall': None, 'rating': None, 'surface': 'Turf', '__typename': 'TrackCondition'}",7,Prix Du Pdv Pmu L'ocean Equihen-plage (Prix Edouard Acker) Handicap,1650,"4YO+, Class 4, Handicap, Class 4, Handicap",20869,14,True,RESULTED,12,3,Niia,4,Filly,b,Romanised,New Queen,RESULTED,54.5,,P Cheyer,A Fouassier,27:1-1-5,4,26,-80,8,13,5,16,,,,,,sn,7.5,,10,16,11,7,-36.4,5,,0
https://www.racenet.com.au/form-guide/horse-racing/amiens-20260928/prix-du-pdv-pmu-locean-equihen-plage-prix-edouard-acker-handicap-race-7/overview,Amiens,2026-09-28,Amiens,"{'eventId': '3439130', 'overall': None, 'rating': None, 'surface': 'Turf', '__typename': 'TrackCondition'}",7,Prix Du Pdv Pmu L'ocean Equihen-plage (Prix Edouard Acker) Handicap,1650,"4YO+, Class 4, Handicap, Class 4, Handicap",20869,14,True,RESULTED,13,13,Tigre Dore,4,Gelding,b,Elarqam,Brofalya,RESULTED,52.5,,G Meury,B Koninck,7:0-0-0,0,0,-100,15,81,0,15,,,,,,o,126.0,,10,19,41,67,63.4,6,,0
https://www.racenet.com.au/form-guide/horse-racing/amiens-20260928/prix-du-pdv-pmu-locean-equihen-plage-prix-edouard-acker-handicap-race-7/overview,Amiens,2026-09-28,Amiens,"{'eventId': '3439130', 'overall': None, 'rating': None, 'surface': 'Turf', '__typename': 'TrackCondition'}",7,Prix Du Pdv Pmu L'ocean Equihen-plage (Prix Edouard Acker) Handicap,1650,"4YO+, Class 4, Handicap, Class 4, Handicap",20869,14,True,RESULTED,14,5,Mi C'infilo,8,Gelding,b,French Fifteen,Melivea,RESULTED,51.75,,L Gallo,B Koninck,97:10-6-11,10,28,-91,13,29,0,21,,,,,,tcdshon,71.0,,10,7,26,41,57.7,11,,0
https://www.racenet.com.au/form-guide/horse-racing/amiens-20260928/prix-du-pdv-pmu-lunion-moreuil-prix-des-jardins-flottants-claiming-stakes-race-4/overview,Amiens,2026-09-28,Amiens,"{'eventId': '3439127', 'overall': None, 'rating': None, 'surface': 'Turf', '__typename': 'TrackCondition'}",4,Prix Du Pdv Pmu L'union Moreuil (Prix Des Jardins Flottants) Claiming Stakes,1650,"3YO, Claiming",17912,14,True,RESULTED,1,7,Monarco,3,Gelding,ch,Hot Streak,Lusitane,RESULTED,59.75,,L Gallo,Boutin S,9:1-1-0,11,22,-6,6,15,10,11,,,,,,n,8.0,,17,11,1.01,7.5,642.6,4,,0
https://www.racenet.com.au/form-guide/horse-racing/amiens-20260928/prix-du-pdv-pmu-lunion-moreuil-prix-des-jardins-flottants-claiming-stakes-race-4/overview,Amiens,2026-09-28,Amiens,"{'eventId': '3439127', 'overall': None, 'rating': None, 'surface': 'Turf', '__typename': 'TrackCondition'}",4,Prix Du Pdv Pmu L'union Moreuil (Prix Des Jardins Flottants) Claiming Stakes,1650,"3YO, Claiming",17912,14,True,RESULTED,2,9,Hello Master,3,Gelding,ch,Rio De La Plata,Benazir,RESULTED,59.75,,B Flament,L D Racco,11:2-1-1,18,36,-60,7,12,0,17,,,,,,sn,3.8,,17,25,1.01,3.3,226.7,2,,0
https://www.racenet.com.au/form-guide/horse-racing/amiens-20260928/prix-du-pdv-pmu-lunion-moreuil-prix-des-jardins-flottants-claiming-stakes-race-4/overview,Amiens,2026-09-28,Amiens,"{'eventId': '3439127', 'overall': None, 'rating': None, 'surface': 'Turf', '__typename': 'TrackCondition'}",4,Prix Du Pdv Pmu L'union Moreuil (Prix Des Jardins Flottants) Claiming Stakes,1650,"3YO, Claiming",17912,14,True,RESULTED,3,1,Al Paso,3,Gelding,ch,Earthlight,Copying,RESULTED,58,,E Solinas,N Caullery,9:0-0-0,0,0,-100,10,34,3,15,,,,,,o,19.0,,17,14,1.01,16,1484.2,5,,0
https://www.racenet.com.au/form-guide/horse-racing/amiens-20260928/prix-du-pdv-pmu-lunion-moreuil-prix-des-jardins-flottants-claiming-stakes-race-4/overview,Amiens,2026-09-28,Amiens,"{'eventId': '3439127', 'overall': None, 'rating': None, 'surface': 'Turf', '__typename': 'TrackCondition'}",4,Prix Du Pdv Pmu L'union Moreuil (Prix Des Jardins Flottants) Claiming Stakes,1650,"3YO, Claiming",17912,14,True,RESULTED,4,14,Don Gerasimos,3,Gelding,b,Hegemony,Winter Rose,RESULTED,56.75,,A Vilchien,S Jesus,0:0-0-0,0,0,0,,,0,,,,,,,,34.0,,17,20,1.01,26,2474.3,12,,0
https://www.racenet.com.au/form-guide/horse-racing/amiens-20260928/prix-du-pdv-pmu-lunion-moreuil-prix-des-jardins-flottants-claiming-stakes-race-4/overview,Amiens,2026-09-28,Amiens,"{'eventId': '3439127', 'overall': None, 'rating': None, 'surface': 'Turf', '__typename': 'TrackCondition'}",4,Prix Du Pdv Pmu L'union Moreuil (Prix Des Jardins Flottants) Claiming Stakes,1650,"3YO, Claiming",17912,14,True,RESULTED,5,6,Born To Sun,3,Filly,ch,Born To Sea,Zillione Sun,RESULTED,56.25,,A Crastus,P & Jl Butel & Beaunez,5:0-0-0,0,0,-100,11,29,9,11,,,,,,o,71.0,,17,14,1.01,51,4949.5,10,,0
https://www.racenet.com.au/form-guide/horse-racing/amiens-20260928/prix-du-pdv-pmu-lunion-moreuil-prix-des-jardins-flottants-claiming-stakes-race-4/overview,Amiens,2026-09-28,Amiens,"{'eventId': '3439127', 'overall': None, 'rating': None, 'surface': 'Turf', '__typename': 'TrackCondition'}",4,Prix Du Pdv Pmu L'union Moreuil (Prix Des Jardins Flottants) Claiming Stakes,1650,"3YO, Claiming",17912,14,True,RESULTED,6,8,Miss Dya,3,Filly,b,Wooded,Lady Dya,RESULTED,56.25,,C Belmont,M Nigge,4:0-0-0,0,0,-100,14,67,0,48,,,,,,o,91.0,,17,10,1.01,61,5939.6,14,,0
https://www.racenet.com.au/form-guide/horse-racing/amiens-20260928/prix-du-pdv-pmu-lunion-moreuil-prix-des-jardins-flottants-claiming-stakes-race-4/overview,Amiens,2026-09-28,Amiens,"{'eventId': '3439127', 'overall': None, 'rating': None, 'surface': 'Turf', '__typename': 'TrackCondition'}",4,Prix Du Pdv Pmu L'union Moreuil (Prix Des Jardins Flottants) Claiming Stakes,1650,"3YO, Claiming",17912,14,True,RESULTED,7,4,Akira Back,3,Gelding,g,Seabhac,Et Pourtant,RESULTED,55.75,,E Chinchilla,Boutin S,2:0-0-0,0,0,-100,13,81,0,11,,,,,,o,201.0,,17,20,1.01,91,8909.9,13,,0
https://www.racenet.com.au/form-guide/horse-racing/amiens-20260928/prix-du-pdv-pmu-lunion-moreuil-prix-des-jardins-flottants-claiming-stakes-race-4/overview,Amiens,2026-09-28,Amiens,"{'eventId': '3439127', 'overall': None, 'rating': None, 'surface': 'Turf', '__typename': 'TrackCondition'}",4,Prix Du Pdv Pmu L'union Moreuil (Prix Des Jardins Flottants) Claiming Stakes,1650,"3YO, Claiming",17912,14,True,RESULTED,8,12,Si Ca Me Chante,3,Gelding,b,Hot Streak,Shipping News,RESULTED,55.75,,T Trullier,F Bellemere,2:0-0-0,0,0,-100,9,21,0,29,,,,,,,51.0,,16,18,1.01,34,3266.3,9,,0
https://www.racenet.com.au/form-guide/horse-racing/amiens-20260928/prix-du-pdv-pmu-lunion-moreuil-prix-des-jardins-flottants-claiming-stakes-race-4/overview,Amiens,2026-09-28,Amiens,"{'eventId': '3439127', 'overall': None, 'rating': None, 'surface': 'Turf', '__typename': 'TrackCondition'}",4,Prix Du Pdv Pmu L'union Moreuil (Prix Des Jardins Flottants) Claiming Stakes,1650,"3YO, Claiming",17912,14,True,RESULTED,9,11,Amirlan,3,Gelding,b,Wootton Bassett,Credenza,RESULTED,55.75,,L Poggionovo,G Fourrier,11:0-1-1,0,18,-100,7,15,4,11,,,,,,,13.0,,17,21,1.01,12,1088.1,7,,0
https://www.racenet.com.au/form-guide/horse-racing/amiens-20260928/prix-du-pdv-pmu-lunion-moreuil-prix-des-jardins-flottants-claiming-stakes-race-4/overview,Amiens,2026-09-28,Amiens,"{'eventId': '3439127', 'overall': None, 'rating': None, 'surface': 'Turf', '__typename': 'TrackCondition'}",4,Prix Du Pdv Pmu L'union Moreuil (Prix Des Jardins Flottants) Claiming Stakes,1650,"3YO, Claiming",17912,14,True,RESULTED,10,2,Circinus,3,Gelding,b,Fifty Stars,Khanchaym,RESULTED,55.75,,D Santiago,S Nigge,3:0-0-0,0,0,-100,5,29,8,11,,,,,,,12.0,,16,11,1.01,11,989.1,6,,0
https://www.racenet.com.au/form-guide/horse-racing/amiens-20260928/prix-du-pdv-pmu-lunion-moreuil-prix-des-jardins-flottants-claiming-stakes-race-4/overview,Amiens,2026-09-28,Amiens,"{'eventId': '3439127', 'overall': None, 'rating': None, 'surface': 'Turf', '__typename': 'TrackCondition'}",4,Prix Du Pdv Pmu L'union Moreuil (Prix Des Jardins Flottants) Claiming Stakes,1650,"3YO, Claiming",17912,14,True,RESULTED,11,5,El Vegas,3,Colt,b,Almanzor,Strawberry Lace,RESULTED,55.75,,R Mangione,M Weissmeier,15:1-2-1,7,27,-77,3,6,10,35,,,,,,ds,7.0,,17,13,1.01,6,494.1,3,,0
https://www.racenet.com.au/form-guide/horse-racing/amiens-20260928/prix-du-pdv-pmu-lunion-moreuil-prix-des-jardins-flottants-claiming-stakes-race-4/overview,Amiens,2026-09-28,Amiens,"{'eventId': '3439127', 'overall': None, 'rating': None, 'surface': 'Turf', '__typename': 'TrackCondition'}",4,Prix Du Pdv Pmu L'union Moreuil (Prix Des Jardins Flottants) Claiming Stakes,1650,"3YO, Claiming",17912,14,True,RESULTED,12,3,Segovia,3,Filly,b,Wooded,Scalambra,RESULTED,54.5,,Hugo Journiac,Y Barberot,3:0-0-0,0,0,-100,10,11,12,31,,,,,,o,17.0,,16,13,1.01,15,1385.1,8,,0
https://www.racenet.com.au/form-guide/horse-racing/amiens-20260928/prix-du-pdv-pmu-lunion-moreuil-prix-des-jardins-flottants-claiming-stakes-race-4/overview,Amiens,2026-09-28,Amiens,"{'eventId': '3439127', 'overall': None, 'rating': None, 'surface': 'Turf', '__typename': 'TrackCondition'}",4,Prix Du Pdv Pmu L'union Moreuil (Prix Des Jardins Flottants) Claiming Stakes,1650,"3YO, Claiming",17912,14,True,RESULTED,13,13,Lady Tedsmore,3,Filly,b,Study Of Man,Tedsmore Dame,RESULTED,54.5,,Coralie Pacaut,L Blanchet,10:1-0-1,10,20,-55,12,23,0,45,,,,,,dho,3.3,,17,23,1.01,3,197.0,1,,1
https://www.racenet.com.au/form-guide/horse-racing/amiens-20260928/prix-du-pdv-pmu-lunion-moreuil-prix-des-jardins-flottants-claiming-stakes-race-4/overview,Amiens,2026-09-28,Amiens,"{'eventId': '3439127', 'overall': None, 'rating': None, 'surface': 'Turf', '__typename': 'TrackCondition'}",4,Prix Du Pdv Pmu L'union Moreuil (Prix Des Jardins Flottants) Claiming Stakes,1650,"3YO, Claiming",17912,14,True,RESULTED,14,10,Nughaya Fal,3,Filly,b,Ghaiyyath,Nurse Barbara,RESULTED,54.5,,M Tevels,M Swinnens,4:0-0-0,0,0,-100,8,26,0,36,,,,,,,151.0,,16,18,1.01,126,12375.2,11,,0
https://www.racenet.com.au/form-guide/horse-racing/amiens-20260928/prix-florent-geroux-claiming-stakes-race-6/overview,Amiens,2026-09-28,Amiens,"{'eventId': '3439129', 'overall': None, 'rating': None, 'surface': 'Turf', '__typename': 'TrackCondition'}",6,Prix Florent Geroux Claiming Stakes,1650,"4YO+, Class 4, Claiming, Class 4",19468,7,True,RESULTED,1,3,Itaewon,6,Stallion,b,Taareef,Rien Que Pour Toi,RESULTED,60.75,,A Duquesnoy,C Boutin,33:6-5-2,18,39,148,1,21,9,14,,,,,,sn,3.6,,16,17,1.01,3.4,236.6,1,,1
https://www.racenet.com.au/form-guide/horse-racing/amiens-20260928/prix-florent-geroux-claiming-stakes-race-6/overview,Amiens,2026-09-28,Amiens,"{'eventId': '3439129', 'overall': None, 'rating': None, 'surface': 'Turf', '__typename': 'TrackCondition'}",6,Prix Florent Geroux Claiming Stakes,1650,"4YO+, Class 4, Claiming, Class 4",19468,7,True,RESULTED,2,5,Arabian Fever,4,Colt,b,Showcasing,Illa Alqamar,RESULTED,59,,P Cheyer,A Fouassier,14:0-2-3,0,36,-100,5,3.5,5,19,,,,,,,26.0,,16,12,1.01,21,1979.2,5,,0
https://www.racenet.com.au/form-guide/horse-racing/amiens-20260928/prix-florent-geroux-claiming-stakes-race-6/overview,Amiens,2026-09-28,Amiens,"{'eventId': '3439129', 'overall': None, 'rating': None, 'surface': 'Turf', '__typename': 'TrackCondition'}",6,Prix Florent Geroux Claiming Stakes,1650,"4YO+, Class 4, Claiming, Class 4",19468,7,True,RESULTED,3,7,Cosmo Beau,6,Stallion,b,Shalaa,Crystals Sky,RESULTED,59,,M Grondin,G Mosse,45:3-3-5,7,24,-63,13,7,15,15,,,,,,dson,8.5,,17,10,1.01,8,692.1,6,,0
https://www.racenet.com.au/form-guide/horse-racing/amiens-20260928/prix-florent-geroux-claiming-stakes-race-6/overview,Amiens,2026-09-28,Amiens,"{'eventId': '3439129', 'overall': None, 'rating': None, 'surface': 'Turf', '__typename': 'TrackCondition'}",6,Prix Florent Geroux Claiming Stakes,1650,"4YO+, Class 4, Claiming, Class 4",19468,7,True,RESULTED,4,1,Westminster Night,7,Gelding,b,Morandi,Fontaine Margot,RESULTED,59,,Mme Ella Muntwyler,F X Weissmeier,35:3-5-4,9,34,3,9,12,0,15,,,,,,ds,6.0,,17,12,1.01,5.5,444.6,4,,0
https://www.racenet.com.au/form-guide/horse-racing/amiens-20260928/prix-florent-geroux-claiming-stakes-race-6/overview,Amiens,2026-09-28,Amiens,"{'eventId': '3439129', 'overall': None, 'rating': None, 'surface': 'Turf', '__typename': 'TrackCondition'}",6,Prix Florent Geroux Claiming Stakes,1650,"4YO+, Class 4, Claiming, Class 4",19468,7,True,RESULTED,5,4,Art Piece,4,Gelding,b,Elarqam,Alianza,RESULTED,57.5,,A Vilchien,S Cerulis,12:0-2-2,0,33,-100,2,7.5,11,19,,,,,,,6.5,,17,13,1.01,5.5,444.6,3,,0
https://www.racenet.com.au/form-guide/horse-racing/amiens-20260928/prix-florent-geroux-claiming-stakes-race-6/overview,Amiens,2026-09-28,Amiens,"{'eventId': '3439129', 'overall': None, 'rating': None, 'surface': 'Turf', '__typename': 'TrackCondition'}",6,Prix Florent Geroux Claiming Stakes,1650,"4YO+, Class 4, Claiming, Class 4",19468,7,True,RESULTED,6,6,Loria,5,Filly,b,Soldier Hollow,Leukothea,RESULTED,57.5,,G Meury,M Munch,15:1-1-3,7,33,-81,4,3,100,81,,,,,,sbn,3.3,,16,12,1.01,3,197.0,7,,0
https://www.racenet.com.au/form-guide/horse-racing/amiens-20260928/prix-florent-geroux-claiming-stakes-race-6/overview,Amiens,2026-09-28,Amiens,"{'eventId': '3439129', 'overall': None, 'rating': None, 'surface': 'Turf', '__typename': 'TrackCondition'}",6,Prix Florent Geroux Claiming Stakes,1650,"4YO+, Class 4, Claiming, Class 4",19468,7,True,RESULTED,7,2,Iffrocta Fal,4,Filly,ch,Iffraaj,Octave,RESULTED,54.5,,R Mangione,J Phelippon,26:2-4-4,8,38,-44,8,4.5,6,11,,,,,,dn,8.5,,17,10,1.01,8,692.1,2,,0
https://www.racenet.com.au/form-guide/horse-racing/amiens-20260928/prix-yves-saint-martin-maiden-stakes-race-3/overview,Amiens,2026-09-28,Amiens,"{'eventId': '3439126', 'overall': None, 'rating': None, 'surface': 'Turf', '__typename': 'TrackCondition'}",3,Prix Yves Saint Martin Maiden Stakes,2199,"3YO, Maiden",24296,9,True,RESULTED,1,6,Delta Dan,3,Gelding,b,Tasleet,Delta Diva,RESULTED,58,,L Poggionovo,M Rulec,5:0-0-0,0,0,-100,8,41,13,73,,,,,,,81.0,,15,14,1.01,67,6533.7,5,,0
https://www.racenet.com.au/form-guide/horse-racing/amiens-20260928/prix-yves-saint-martin-maiden-stakes-race-3/overview,Amiens,2026-09-28,Amiens,"{'eventId': '3439126', 'overall': None, 'rating': None, 'surface': 'Turf', '__typename': 'TrackCondition'}",3,Prix Yves Saint Martin Maiden Stakes,2199,"3YO, Maiden",24296,9,True,RESULTED,2,2,Sohar,3,Colt,b,Al Wukair,Costanza,RESULTED,58,,S Deriu,M Rolland,4:0-0-0,0,0,-100,10,29,0,48,,,,,,o,51.0,,15,9,1.01,41,3959.4,4,,0
https://www.racenet.com.au/form-guide/horse-racing/amiens-20260928/prix-yves-saint-martin-maiden-stakes-race-3/overview,Amiens,2026-09-28,Amiens,"{'eventId': '3439126', 'overall': None, 'rating': None, 'surface': 'Turf', '__typename': 'TrackCondition'}",3,Prix Yves Saint Martin Maiden Stakes,2199,"3YO, Maiden",24296,9,True,RESULTED,3,1,Costa Navarino,3,Colt,b,Kingman,Golden Pelican,RESULTED,58,,M Calbrix,F Graffard,2:0-0-0,0,0,-100,4,9.5,0,21,,,,,,,6.0,,17,15,1.01,4.8,375.2,2,,0
https://www.racenet.com.au/form-guide/horse-racing/amiens-20260928/prix-yves-saint-martin-maiden-stakes-race-3/overview,Amiens,2026-09-28,Amiens,"{'eventId': '3439126', 'overall': None, 'rating': None, 'surface': 'Turf', '__typename': 'TrackCondition'}",3,Prix Yves Saint Martin Maiden Stakes,2199,"3YO, Maiden",24296,9,True,RESULTED,4,5,Polken,3,Gelding,b,Kendargent,Viva Polonia,RESULTED,58,,E Solinas,N Caullery,0:0-0-0,0,0,0,,,3,,,,,,,,71.0,,17,13,1.01,51,4949.5,6,,0
https://www.racenet.com.au/form-guide/horse-racing/amiens-20260928/prix-yves-saint-martin-maiden-stakes-race-3/overview,Amiens,2026-09-28,Amiens,"{'eventId': '3439126', 'overall': None, 'rating': None, 'surface': 'Turf', '__typename': 'TrackCondition'}",3,Prix Yves Saint Martin Maiden Stakes,2199,"3YO, Maiden",24296,9,True,RESULTED,5,7,Citoyen,3,Colt,b,Too Darn Hot,Louve Nationale,RESULTED,58,,R Mangione,A Fabre,4:0-0-3,0,75,-100,3,3.25,0,20,,,,,,,3.25,,17,17,1.01,3.1,206.9,3,,0
https://www.racenet.com.au/form-guide/horse-racing/amiens-20260928/prix-yves-saint-martin-maiden-stakes-race-3/overview,Amiens,2026-09-28,Amiens,"{'eventId': '3439126', 'overall': None, 'rating': None, 'surface': 'Turf', '__typename': 'TrackCondition'}",3,Prix Yves Saint Martin Maiden Stakes,2199,"3YO, Maiden",24296,9,True,RESULTED,6,8,Makan,3,Gelding,ch,Sottsass,Kalina,RESULTED,58,,G Meury,M Delcher Sanchez,4:0-1-2,0,75,-100,3,2.5,7,21,,,,,,b,1.8,,17,25,1.01,1.7,68.3,1,,1
https://www.racenet.com.au/form-guide/horse-racing/amiens-20260928/prix-yves-saint-martin-maiden-stakes-race-3/overview,Amiens,2026-09-28,Amiens,"{'eventId': '3439126', 'overall': None, 'rating': None, 'surface': 'Turf', '__typename': 'TrackCondition'}",3,Prix Yves Saint Martin Maiden Stakes,2199,"3YO, Maiden",24296,9,True,RESULTED,7,3,Ruffano Bello,3,Gelding,b,Motamarris,Kyara De Lune,RESULTED,55.75,,A Vilchien,S Kobayashi,0:0-0-0,0,0,0,,,0,,,,,,,,19.0,,17,15,1.01,16,1484.2,9,,0
https://www.racenet.com.au/form-guide/horse-racing/amiens-20260928/prix-yves-saint-martin-maiden-stakes-race-3/overview,Amiens,2026-09-28,Amiens,"{'eventId': '3439126', 'overall': None, 'rating': None, 'surface': 'Turf', '__typename': 'TrackCondition'}",3,Prix Yves Saint Martin Maiden Stakes,2199,"3YO, Maiden",24296,9,True,RESULTED,8,9,Inter Glory,3,Colt,b,Olympic Glory,Interlope,RESULTED,55.75,,L Carboni,Gianluca Bietolini,0:0-0-0,0,0,0,,,6,,,,,,,,26.0,,16,16,1.01,23,2177.2,8,,0
https://www.racenet.com.au/form-guide/horse-racing/amiens-20260928/prix-yves-saint-martin-maiden-stakes-race-3/overview,Amiens,2026-09-28,Amiens,"{'eventId': '3439126', 'overall': None, 'rating': None, 'surface': 'Turf', '__typename': 'TrackCondition'}",3,Prix Yves Saint Martin Maiden Stakes,2199,"3YO, Maiden",24296,9,True,RESULTED,9,4,Avenger Forlonge,3,Gelding,g,Birchwood,Rose Argent,RESULTED,55.75,,P Cheyer,S Dehez,0:0-0-0,0,0,0,,,5,,,,,,,,61.0,,16,16,1.01,51,4949.5,7,,0
https://www.racenet.com.au/form-guide/horse-racing/amiens-20260928/px-du-pdv-pmu-le-chalet-les-attaques-maiden-stakes-race-2/overview,Amiens,2026-09-28,Amiens,"{'eventId': '3439125', 'overall': None, 'rating': None, 'surface': 'Turf', '__typename': 'TrackCondition'}",2,Px Du Pdv Pmu Le Chalet Les Attaques Maiden Stakes,2199,"3YO, Maiden",24296,10,True,RESULTED,1,9,Yuna,3,Filly,ch,Waldgeist,Meerschweinchen,RESULTED,58,,M Calbrix,J Carvalho,8:0-0-0,0,0,-100,4,7,9,19,,,,,,,23.0,,17,14,1.01,12,1088.1,7,,0
https://www.racenet.com.au/form-guide/horse-racing/amiens-20260928/px-du-pdv-pmu-le-chalet-les-attaques-maiden-stakes-race-2/overview,Amiens,2026-09-28,Amiens,"{'eventId': '3439125', 'overall': None, 'rating': None, 'surface': 'Turf', '__typename': 'TrackCondition'}",2,Px Du Pdv Pmu Le Chalet Les Attaques Maiden Stakes,2199,"3YO, Maiden",24296,10,True,RESULTED,2,5,Borntorun,3,Filly,ch,Born To Sea,Habdab,RESULTED,58,,T Le Graet,Mme K Hoste,2:0-0-0,0,0,-100,9,67,0,38,,,,,,,81.0,,15,17,1.01,51,4949.5,9,,0
https://www.racenet.com.au/form-guide/horse-racing/amiens-20260928/px-du-pdv-pmu-le-chalet-les-attaques-maiden-stakes-race-2/overview,Amiens,2026-09-28,Amiens,"{'eventId': '3439125', 'overall': None, 'rating': None, 'surface': 'Turf', '__typename': 'TrackCondition'}",2,Px Du Pdv Pmu Le Chalet Les Attaques Maiden Stakes,2199,"3YO, Maiden",24296,10,True,RESULTED,3,6,Wilela,3,Filly,ch,Masar,Wolkenburg,RESULTED,58,,L Carboni,M Weissmeier,2:0-1-0,0,50,-100,7,5.5,0,57,,,,,,,14.0,,16,18,1.01,11,989.1,3,,0
https://www.racenet.com.au/form-guide/horse-racing/amiens-20260928/px-du-pdv-pmu-le-chalet-les-attaques-maiden-stakes-race-2/overview,Amiens,2026-09-28,Amiens,"{'eventId': '3439125', 'overall': None, 'rating': None, 'surface': 'Turf', '__typename': 'TrackCondition'}",2,Px Du Pdv Pmu Le Chalet Les Attaques Maiden Stakes,2199,"3YO, Maiden",24296,10,True,RESULTED,4,1,Nicosie Essef,3,Filly,b,Ecolo,Spectacular City,RESULTED,58,,R Mangione,F Jolivet,1:0-0-0,0,0,-100,8,81,5,13,,,,,,,26.0,,17,22,1.01,21,1979.2,4,,0
https://www.racenet.com.au/form-guide/horse-racing/amiens-20260928/px-du-pdv-pmu-le-chalet-les-attaques-maiden-stakes-race-2/overview,Amiens,2026-09-28,Amiens,"{'eventId': '3439125', 'overall': None, 'rating': None, 'surface': 'Turf', '__typename': 'TrackCondition'}",2,Px Du Pdv Pmu Le Chalet Les Attaques Maiden Stakes,2199,"3YO, Maiden",24296,10,True,RESULTED,5,7,Altia,3,Filly,b,Wooded,Trussaria,RESULTED,58,,A Vilchien,A Fouassier,3:0-0-0,0,0,-100,5,41,0,29,,,,,,,10.0,,17,10,1.01,8,692.1,5,,0
https://www.racenet.com.au/form-guide/horse-racing/amiens-20260928/px-du-pdv-pmu-le-chalet-les-attaques-maiden-stakes-race-2/overview,Amiens,2026-09-28,Amiens,"{'eventId': '3439125', 'overall': None, 'rating': None, 'surface': 'Turf', '__typename': 'TrackCondition'}",2,Px Du Pdv Pmu Le Chalet Les Attaques Maiden Stakes,2199,"3YO, Maiden",24296,10,True,RESULTED,6,4,Galie,3,Filly,b,Slade Power,Emmy Award,RESULTED,58,,Mme Ella Muntwyler,S Parades,2:0-0-0,0,0,-100,11,51,0,49,,,,,,o,91.0,,15,16,1.01,34,3266.3,8,,0
https://www.racenet.com.au/form-guide/horse-racing/amiens-20260928/px-du-pdv-pmu-le-chalet-les-attaques-maiden-stakes-race-2/overview,Amiens,2026-09-28,Amiens,"{'eventId': '3439125', 'overall': None, 'rating': None, 'surface': 'Turf', '__typename': 'TrackCondition'}",2,Px Du Pdv Pmu Le Chalet Les Attaques Maiden Stakes,2199,"3YO, Maiden",24296,10,True,RESULTED,7,8,Sonny Angel,3,Filly,b,Too Darn Hot,Frida Gold,RESULTED,58,,G Meury,M Munch,2:0-0-0,0,0,-100,8,34,100,101,,,,,,o,26.0,,17,15,1.01,21,1979.2,2,,0
https://www.racenet.com.au/form-guide/horse-racing/amiens-20260928/px-du-pdv-pmu-le-chalet-les-attaques-maiden-stakes-race-2/overview,Amiens,2026-09-28,Amiens,"{'eventId': '3439125', 'overall': None, 'rating': None, 'surface': 'Turf', '__typename': 'TrackCondition'}",2,Px Du Pdv Pmu Le Chalet Les Attaques Maiden Stakes,2199,"3YO, Maiden",24296,10,True,RESULTED,8,2,Asylla,3,Filly,ch,Sea The Stars,Australienne,RESULTED,58,,S Deriu,Chr Head,3:0-1-0,0,33,-100,4,2.1,13,38,,,,,,b,1.33,,17,21,1.01,1.15,13.9,1,,1
https://www.racenet.com.au/form-guide/horse-racing/amiens-20260928/px-du-pdv-pmu-le-chalet-les-attaques-maiden-stakes-race-2/overview,Amiens,2026-09-28,Amiens,"{'eventId': '3439125', 'overall': None, 'rating': None, 'surface': 'Turf', '__typename': 'TrackCondition'}",2,Px Du Pdv Pmu Le Chalet Les Attaques Maiden Stakes,2199,"3YO, Maiden",24296,10,True,RESULTED,9,3,Gamberra,3,Filly,ch,Stormy River,Pammy Buchanan,RESULTED,55.75,,M Pien,Boutin S,0:0-0-0,0,0,0,,,11,,,,,,,,26.0,,16,23,1.01,23,2177.2,10,,0
https://www.racenet.com.au/form-guide/horse-racing/amiens-20260928/px-du-pdv-pmu-le-chalet-les-attaques-maiden-stakes-race-2/overview,Amiens,2026-09-28,Amiens,"{'eventId': '3439125', 'overall': None, 'rating': None, 'surface': 'Turf', '__typename': 'TrackCondition'}",2,Px Du Pdv Pmu Le Chalet Les Attaques Maiden Stakes,2199,"3YO, Maiden",24296,10,True,RESULTED,10,10,Mismarvel Forlonge,3,Filly,b,Fighting Irish,Et Bottes De Cuir,RESULTED,55.75,,P Cheyer,S Dehez,0:0-0-0,0,0,0,,,5,,,,,,,,29.0,,16,29,1.01,26,2474.3,6,,0
https://www.racenet.com.au/form-guide/horse-racing/bordeaux-le-bouscat-fr-20260928/grand-criterium-de-bordeaux-listed-stakes-race-4/overview,Bordeaux Le Bouscat,2026-09-28,Bordeaux Le Bouscat,"{'eventId': '3439500', 'overall': 'Soft', 'rating': None, 'surface': 'Turf', '__typename': 'TrackCondition'}",4,Grand Criterium De Bordeaux Listed Stakes,1599,"2YO, Class 1, Class 1",89064,7,False,,1,7,Sydney Moon,2,Gelding,b,Thunder Moon,Eterea,,56.75,,E Verhestraeten,A Murphy,5:1-1-1,20,60,-55,4,19,13,14,,,,,,sn,,,2,0,,,,,,
https://www.racenet.com.au/form-guide/horse-racing/bordeaux-le-bouscat-fr-20260928/grand-criterium-de-bordeaux-listed-stakes-race-4/overview,Bordeaux Le Bouscat,2026-09-28,Bordeaux Le Bouscat,"{'eventId': '3439500', 'overall': 'Soft', 'rating': None, 'surface': 'Turf', '__typename': 'TrackCondition'}",4,Grand Criterium De Bordeaux Listed Stakes,1599,"2YO, Class 1, Class 1",89064,7,False,,2,5,Big Jet Plane,2,Gelding,b,Armor,Super Eria,,56.75,,H Boutin,M Blancpain,6:1-3-1,17,83,-54,2,29,0,23,,,,,,sn,,,2,0,,,,,,
https://www.racenet.com.au/form-guide/horse-racing/bordeaux-le-bouscat-fr-20260928/grand-criterium-de-bordeaux-listed-stakes-race-4/overview,Bordeaux Le Bouscat,2026-09-28,Bordeaux Le Bouscat,"{'eventId': '3439500', 'overall': 'Soft', 'rating': None, 'surface': 'Turf', '__typename': 'TrackCondition'}",4,Grand Criterium De Bordeaux Listed Stakes,1599,"2YO, Class 1, Class 1",89064,7,False,,3,1,Madaha Queen,2,Filly,b,Blue Point,Pattie,,55.25,,Cristian Demuro,J C Rouget,4:2-0-2,50,100,56,1,3.5,26,25,,,,,,dn,,,3,0,,,,,,
https://www.racenet.com.au/form-guide/horse-racing/bordeaux-le-bouscat-fr-20260928/grand-criterium-de-bordeaux-listed-stakes-race-4/overview,Bordeaux Le Bouscat,2026-09-28,Bordeaux Le Bouscat,"{'eventId': '3439500', 'overall': 'Soft', 'rating': None, 'surface': 'Turf', '__typename': 'TrackCondition'}",4,Grand Criterium De Bordeaux Listed Stakes,1599,"2YO, Class 1, Class 1",89064,7,False,,4,3,Chanson Douce,2,Filly,b,Sealiway,Narcisca,,55.25,,Hugo Besnier,P Cottier,4:2-1-0,50,75,63,1,2,17,26,,,,,,ds,,,3,0,,,,,,
https://www.racenet.com.au/form-guide/horse-racing/bordeaux-le-bouscat-fr-20260928/grand-criterium-de-bordeaux-listed-stakes-race-4/overview,Bordeaux Le Bouscat,2026-09-28,Bordeaux Le Bouscat,"{'eventId': '3439500', 'overall': 'Soft', 'rating': None, 'surface': 'Turf', '__typename': 'TrackCondition'}",4,Grand Criterium De Bordeaux Listed Stakes,1599,"2YO, Class 1, Class 1",89064,7,False,,5,4,Injan,2,Filly,b,Anodin,Insan Mala,,55.25,,A Madamet,C Pautier,2:0-0-1,0,50,-100,3,10,20,32,,,,,,,,,2,0,,,,,,
https://www.racenet.com.au/form-guide/horse-racing/bordeaux-le-bouscat-fr-20260928/grand-criterium-de-bordeaux-listed-stakes-race-4/overview,Bordeaux Le Bouscat,2026-09-28,Bordeaux Le Bouscat,"{'eventId': '3439500', 'overall': 'Soft', 'rating': None, 'surface': 'Turf', '__typename': 'TrackCondition'}",4,Grand Criterium De Bordeaux Listed Stakes,1599,"2YO, Class 1, Class 1",89064,7,False,,6,2,Taxxi,2,Filly,ch,Sealiway,Romanne,,55.25,,F Valle Skar,C Lerner,8:2-1-1,25,50,-2,1,4.33,8,18,,,,,,dsn,,,2,0,,,,,,
https://www.racenet.com.au/form-guide/horse-racing/bordeaux-le-bouscat-fr-20260928/grand-criterium-de-bordeaux-listed-stakes-race-4/overview,Bordeaux Le Bouscat,2026-09-28,Bordeaux Le Bouscat,"{'eventId': '3439500', 'overall': 'Soft', 'rating': None, 'surface': 'Turf', '__typename': 'TrackCondition'}",4,Grand Criterium De Bordeaux Listed Stakes,1599,"2YO, Class 1, Class 1",89064,7,False,,7,6,Peintresse,2,Filly,ch,Lucky Vega,Provenance,,55.25,,Guillaume Trolley De Prevaux,Tim Donworth,4:2-0-1,50,75,144,5,34,13,22,,,,,,n,,,2,0,,,,,,
https://www.racenet.com.au/form-guide/horse-racing/bordeaux-le-bouscat-fr-20260928/prix-dalbret-handicap-race-5/overview,Bordeaux Le Bouscat,2026-09-28,Bordeaux Le Bouscat,"{'eventId': '3439502', 'overall': 'Soft', 'rating': None, 'surface': 'Turf', '__typename': 'TrackCondition'}",5,Prix D'albret Handicap,2399,"4YO+, Class 3, Handicap, Class 3, Handicap",29901,11,False,,1,8,Chai D'oeuvre,5,Gelding,b,Donjuan Triumphant,Oeuvre,,59.75,,G Guedj-gay,P Dufreche,29:4-3-3,14,34,-5,1,15,100,25,,,,,,tdshn,,,2,0,,,,,,
https://www.racenet.com.au/form-guide/horse-racing/bordeaux-le-bouscat-fr-20260928/prix-dalbret-handicap-race-5/overview,Bordeaux Le Bouscat,2026-09-28,Bordeaux Le Bouscat,"{'eventId': '3439502', 'overall': 'Soft', 'rating': None, 'surface': 'Turf', '__typename': 'TrackCondition'}",5,Prix D'albret Handicap,2399,"4YO+, Class 3, Handicap, Class 3, Handicap",29901,11,False,,2,10,Nikolaj,6,Stallion,b,Zarak,Blue Note,,59.75,,Fabrice Veron,Mme D Schoenherr,32:4-3-5,13,38,23,4,4.5,10,139,,,,,,thn,,,2,0,,,,,,
https://www.racenet.com.au/form-guide/horse-racing/bordeaux-le-bouscat-fr-20260928/prix-dalbret-handicap-race-5/overview,Bordeaux Le Bouscat,2026-09-28,Bordeaux Le Bouscat,"{'eventId': '3439502', 'overall': 'Soft', 'rating': None, 'surface': 'Turf', '__typename': 'TrackCondition'}",5,Prix D'albret Handicap,2399,"4YO+, Class 3, Handicap, Class 3, Handicap",29901,11,False,,3,5,Heaven City,9,Gelding,b,Elusive City,Azarra,,59,,T Blanchouin,Mme S Gavilan,35:7-3-4,20,40,14,5,34,8,25,,,,,,tdsn,,,2,0,,,,,,
https://www.racenet.com.au/form-guide/horse-racing/bordeaux-le-bouscat-fr-20260928/prix-dalbret-handicap-race-5/overview,Bordeaux Le Bouscat,2026-09-28,Bordeaux Le Bouscat,"{'eventId': '3439502', 'overall': 'Soft', 'rating': None, 'surface': 'Turf', '__typename': 'TrackCondition'}",5,Prix D'albret Handicap,2399,"4YO+, Class 3, Handicap, Class 3, Handicap",29901,11,False,,4,3,Planckeinstein,4,Gelding,b,Hunter's Light,Butte Montmartre,,58,,M Foulon,C Gourdain,11:2-0-1,18,27,-43,7,13,6,25,,,,,,dhn,,,2,0,,,,,,
https://www.racenet.com.au/form-guide/horse-racing/bordeaux-le-bouscat-fr-20260928/prix-dalbret-handicap-race-5/overview,Bordeaux Le Bouscat,2026-09-28,Bordeaux Le Bouscat,"{'eventId': '3439502', 'overall': 'Soft', 'rating': None, 'surface': 'Turf', '__typename': 'TrackCondition'}",5,Prix D'albret Handicap,2399,"4YO+, Class 3, Handicap, Class 3, Handicap",29901,11,False,,5,11,Black Ultra,4,Colt,b,Ultra,Brillante Etoile,,57.5,,A Werle,O Trigodet,13:2-1-2,15,38,15,3,17,5,23,,,,,,dsn,,,2,0,,,,,,
https://www.racenet.com.au/form-guide/horse-racing/bordeaux-le-bouscat-fr-20260928/prix-dalbret-handicap-race-5/overview,Bordeaux Le Bouscat,2026-09-28,Bordeaux Le Bouscat,"{'eventId': '3439502', 'overall': 'Soft', 'rating': None, 'surface': 'Turf', '__typename': 'TrackCondition'}",5,Prix D'albret Handicap,2399,"4YO+, Class 3, Handicap, Class 3, Handicap",29901,11,False,,6,9,Khamephis Game,6,Gelding,ch,Zarak,Akita,,56.25,,D Provost,M Brasme,27:4-2-3,15,33,-12,8,34,12,22,,,,,,ds,,,2,0,,,,,,
https://www.racenet.com.au/form-guide/horse-racing/bordeaux-le-bouscat-fr-20260928/prix-dalbret-handicap-race-5/overview,Bordeaux Le Bouscat,2026-09-28,Bordeaux Le Bouscat,"{'eventId': '3439502', 'overall': 'Soft', 'rating': None, 'surface': 'Turf', '__typename': 'TrackCondition'}",5,Prix D'albret Handicap,2399,"4YO+, Class 3, Handicap, Class 3, Handicap",29901,11,False,,7,4,Commander's Way,6,Gelding,b,Galiway,Brillante Etoile,,56.25,,N M Lopes Duarte,O Trigodet,18:3-1-3,17,39,53,10,4.5,10,25,,,,,,tcdso,,,2,0,,,,,,
https://www.racenet.com.au/form-guide/horse-racing/bordeaux-le-bouscat-fr-20260928/prix-dalbret-handicap-race-5/overview,Bordeaux Le Bouscat,2026-09-28,Bordeaux Le Bouscat,"{'eventId': '3439502', 'overall': 'Soft', 'rating': None, 'surface': 'Turf', '__typename': 'TrackCondition'}",5,Prix D'albret Handicap,2399,"4YO+, Class 3, Handicap, Class 3, Handicap",29901,11,False,,8,1,Varenne,4,Gelding,b,Threat,Lumiere Du Soir,,55.25,,Coralie Pacaut,C Gourdain,22:3-2-3,14,36,-22,1,4.33,9,16,,,,,,tcdsn,,,2,0,,,,,,
https://www.racenet.com.au/form-guide/horse-racing/bordeaux-le-bouscat-fr-20260928/prix-dalbret-handicap-race-5/overview,Bordeaux Le Bouscat,2026-09-28,Bordeaux Le Bouscat,"{'eventId': '3439502', 'overall': 'Soft', 'rating': None, 'surface': 'Turf', '__typename': 'TrackCondition'}",5,Prix D'albret Handicap,2399,"4YO+, Class 3, Handicap, Class 3, Handicap",29901,11,False,,9,7,Long Ke Wan,6,Mare,b,Born To Sea,Lady Jak,,54.5,,Cristian Demuro,Mme S Gavilan,49:6-5-4,12,31,30,4,12,0,49,,,,,,dshn,,,2,0,,,,,,
https://www.racenet.com.au/form-guide/horse-racing/bordeaux-le-bouscat-fr-20260928/prix-dalbret-handicap-race-5/overview,Bordeaux Le Bouscat,2026-09-28,Bordeaux Le Bouscat,"{'eventId': '3439502', 'overall': 'Soft', 'rating': None, 'surface': 'Turf', '__typename': 'TrackCondition'}",5,Prix D'albret Handicap,2399,"4YO+, Class 3, Handicap, Class 3, Handicap",29901,11,False,,10,2,Mexican Dream,8,Mare,b,Planteur,Sassicaia,,54,,Eddy Hardouin,F Pardon,76:6-8-13,8,36,-48,8,19,21,25,,,,,,dsn,,,2,0,,,,,,
https://www.racenet.com.au/form-guide/horse-racing/bordeaux-le-bouscat-fr-20260928/prix-dalbret-handicap-race-5/overview,Bordeaux Le Bouscat,2026-09-28,Bordeaux Le Bouscat,"{'eventId': '3439502', 'overall': 'Soft', 'rating': None, 'surface': 'Turf', '__typename': 'TrackCondition'}",5,Prix D'albret Handicap,2399,"4YO+, Class 3, Handicap, Class 3, Handicap",29901,11,False,,11,6,Manly,5,Gelding,b,Morandi,Tianshan City,,53,,M Romary,Mme S Gavilan,17:1-1-1,6,18,-47,1,9,0,185,,,,,,ts,,,2,0,,,,,,
https://www.racenet.com.au/form-guide/horse-racing/bordeaux-le-bouscat-fr-20260928/prix-de-lhippodrome-de-mont-de-marsan-maiden-stakes-race-6/overview,Bordeaux Le Bouscat,2026-09-28,Bordeaux Le Bouscat,"{'eventId': '3439505', 'overall': 'Soft', 'rating': None, 'surface': 'Turf', '__typename': 'TrackCondition'}",6,Prix De L'hippodrome De Mont-de-marsan Maiden Stakes,1599,"3YO, Maiden",24296,8,False,,1,6,Violet Leduc,3,Colt,ch,Earthlight,Gilded Flyer,,58,,M Forest,Francois Rohaut,6:0-3-1,0,67,-100,2,2.63,7,53,,,,,,b,,,2,0,,,,,,
https://www.racenet.com.au/form-guide/horse-racing/bordeaux-le-bouscat-fr-20260928/prix-de-lhippodrome-de-mont-de-marsan-maiden-stakes-race-6/overview,Bordeaux Le Bouscat,2026-09-28,Bordeaux Le Bouscat,"{'eventId': '3439505', 'overall': 'Soft', 'rating': None, 'surface': 'Turf', '__typename': 'TrackCondition'}",6,Prix De L'hippodrome De Mont-de-marsan Maiden Stakes,1599,"3YO, Maiden",24296,8,False,,2,5,Palo Santo,3,Gelding,b,Romanised,Panda Spirit,,58,,D Provost,H F Devin,3:0-0-0,0,0,-100,5,9.5,19,20,,,,,,,,,2,0,,,,,,
https://www.racenet.com.au/form-guide/horse-racing/bordeaux-le-bouscat-fr-20260928/prix-de-lhippodrome-de-mont-de-marsan-maiden-stakes-race-6/overview,Bordeaux Le Bouscat,2026-09-28,Bordeaux Le Bouscat,"{'eventId': '3439505', 'overall': 'Soft', 'rating': None, 'surface': 'Turf', '__typename': 'TrackCondition'}",6,Prix De L'hippodrome De Mont-de-marsan Maiden Stakes,1599,"3YO, Maiden",24296,8,False,,3,3,Ciao Nene,3,Gelding,b,Romanised,Blue Note,,58,,Guillaume Trolley De Prevaux,Mme D Schoenherr,11:0-3-3,0,55,-100,4,4.5,21,54,,,,,,,,,2,0,,,,,,
https://www.racenet.com.au/form-guide/horse-racing/bordeaux-le-bouscat-fr-20260928/prix-de-lhippodrome-de-mont-de-marsan-maiden-stakes-race-6/overview,Bordeaux Le Bouscat,2026-09-28,Bordeaux Le Bouscat,"{'eventId': '3439505', 'overall': 'Soft', 'rating': None, 'surface': 'Turf', '__typename': 'TrackCondition'}",6,Prix De L'hippodrome De Mont-de-marsan Maiden Stakes,1599,"3YO, Maiden",24296,8,False,,4,4,Saint Uriel,3,Colt,b,Flintshire,Hold On Now,,58,,S Le Quilleuc,A Nunez,4:0-0-0,0,0,-100,9,15,0,35,,,,,,,,,2,0,,,,,,
https://www.racenet.com.au/form-guide/horse-racing/bordeaux-le-bouscat-fr-20260928/prix-de-lhippodrome-de-mont-de-marsan-maiden-stakes-race-6/overview,Bordeaux Le Bouscat,2026-09-28,Bordeaux Le Bouscat,"{'eventId': '3439505', 'overall': 'Soft', 'rating': None, 'surface': 'Turf', '__typename': 'TrackCondition'}",6,Prix De L'hippodrome De Mont-de-marsan Maiden Stakes,1599,"3YO, Maiden",24296,8,False,,5,7,Lace Flower,3,Filly,ch,Sea The Stars,Threading,,56.25,,T Piccone,H A Pantall,2:0-0-0,0,0,-100,9,3,12,41,,,,,,b,,,2,0,,,,,,
https://www.racenet.com.au/form-guide/horse-racing/bordeaux-le-bouscat-fr-20260928/prix-de-lhippodrome-de-mont-de-marsan-maiden-stakes-race-6/overview,Bordeaux Le Bouscat,2026-09-28,Bordeaux Le Bouscat,"{'eventId': '3439505', 'overall': 'Soft', 'rating': None, 'surface': 'Turf', '__typename': 'TrackCondition'}",6,Prix De L'hippodrome De Mont-de-marsan Maiden Stakes,1599,"3YO, Maiden",24296,8,False,,6,1,Gritti,3,Filly,ch,Ghaiyyath,Fiesty,,56.25,,G Guedj-gay,X Thomas Demeaulte,1:0-0-0,0,0,-100,5,6.5,13,41,,,,,,,,,2,0,,,,,,
https://www.racenet.com.au/form-guide/horse-racing/bordeaux-le-bouscat-fr-20260928/prix-de-lhippodrome-de-mont-de-marsan-maiden-stakes-race-6/overview,Bordeaux Le Bouscat,2026-09-28,Bordeaux Le Bouscat,"{'eventId': '3439505', 'overall': 'Soft', 'rating': None, 'surface': 'Turf', '__typename': 'TrackCondition'}",6,Prix De L'hippodrome De Mont-de-marsan Maiden Stakes,1599,"3YO, Maiden",24296,8,False,,7,2,Tyka,3,Filly,b,Victor Ludorum,Triptyka,,56.25,,N M Lopes Duarte,Mme D Schoenherr,3:0-0-0,0,0,-100,9,8.5,6,328,,,,,,,,,2,0,,,,,,
https://www.racenet.com.au/form-guide/horse-racing/bordeaux-le-bouscat-fr-20260928/prix-de-lhippodrome-de-mont-de-marsan-maiden-stakes-race-6/overview,Bordeaux Le Bouscat,2026-09-28,Bordeaux Le Bouscat,"{'eventId': '3439505', 'overall': 'Soft', 'rating': None, 'surface': 'Turf', '__typename': 'TrackCondition'}",6,Prix De L'hippodrome De Mont-de-marsan Maiden Stakes,1599,"3YO, Maiden",24296,8,False,,8,8,Feel The Love,3,Filly,b,Gutaifan,La Mariniere,,56.25,,Fabrice Veron,D De Watrigant,1:0-0-0,0,0,-100,8,6,11,136,,,,,,,,,2,0,,,,,,
https://www.racenet.com.au/form-guide/horse-racing/bordeaux-le-bouscat-fr-20260928/prix-de-pomerol-stakes-race-3/overview,Bordeaux Le Bouscat,2026-09-28,Bordeaux Le Bouscat,"{'eventId': '3439497', 'overall': 'Soft', 'rating': None, 'surface': 'Turf', '__typename': 'TrackCondition'}",3,Prix De Pomerol Stakes,1400,"3YO, Class 1, Class 1",42671,7,False,,1,7,Baklawa,3,Filly,b,Stunning Spirit,Aksil,,57.5,,Antonio Orani,R Fradet,12:3-1-3,25,58,86,10,34,18,32,,,,,,dson,,,2,0,,,,,,
https://www.racenet.com.au/form-guide/horse-racing/bordeaux-le-bouscat-fr-20260928/prix-de-pomerol-stakes-race-3/overview,Bordeaux Le Bouscat,2026-09-28,Bordeaux Le Bouscat,"{'eventId': '3439497', 'overall': 'Soft', 'rating': None, 'surface': 'Turf', '__typename': 'TrackCondition'}",3,Prix De Pomerol Stakes,1400,"3YO, Class 1, Class 1",42671,7,False,,2,2,Plutarque,3,Colt,b,Victor Ludorum,Phenomenologie,,56.75,,Cristian Demuro,O Trigodet,13:2-5-2,15,69,8,1,9,0,23,,,,,,ds,,,2,0,,,,,,
https://www.racenet.com.au/form-guide/horse-racing/bordeaux-le-bouscat-fr-20260928/prix-de-pomerol-stakes-race-3/overview,Bordeaux Le Bouscat,2026-09-28,Bordeaux Le Bouscat,"{'eventId': '3439497', 'overall': 'Soft', 'rating': None, 'surface': 'Turf', '__typename': 'TrackCondition'}",3,Prix De Pomerol Stakes,1400,"3YO, Class 1, Class 1",42671,7,False,,3,1,Pas Dansant,3,Gelding,b,Muhaarar,Tea Dance,,56.75,,A Werle,O Trigodet,13:3-1-3,23,54,154,2,10,5,23,,,,,,dsn,,,3,0,,,,,,
https://www.racenet.com.au/form-guide/horse-racing/bordeaux-le-bouscat-fr-20260928/prix-de-pomerol-stakes-race-3/overview,Bordeaux Le Bouscat,2026-09-28,Bordeaux Le Bouscat,"{'eventId': '3439497', 'overall': 'Soft', 'rating': None, 'surface': 'Turf', '__typename': 'TrackCondition'}",3,Prix De Pomerol Stakes,1400,"3YO, Class 1, Class 1",42671,7,False,,4,3,Mijas,3,Colt,b,Karakontie,La Gioiosa,,56.75,,A Madamet,M Delcher Sanchez,10:2-1-2,20,50,-52,3,2.75,16,24,,,,,,s,,,3,0,,,,,,
https://www.racenet.com.au/form-guide/horse-racing/bordeaux-le-bouscat-fr-20260928/prix-de-pomerol-stakes-race-3/overview,Bordeaux Le Bouscat,2026-09-28,Bordeaux Le Bouscat,"{'eventId': '3439497', 'overall': 'Soft', 'rating': None, 'surface': 'Turf', '__typename': 'TrackCondition'}",3,Prix De Pomerol Stakes,1400,"3YO, Class 1, Class 1",42671,7,False,,5,4,Weeken,3,Gelding,ch,Goken,Weepeeta,,56.75,,T Piccone,H A Pantall,6:1-0-1,17,33,150,8,9.5,12,29,,,,,,s,,,3,0,,,,,,
https://www.racenet.com.au/form-guide/horse-racing/bordeaux-le-bouscat-fr-20260928/prix-de-pomerol-stakes-race-3/overview,Bordeaux Le Bouscat,2026-09-28,Bordeaux Le Bouscat,"{'eventId': '3439497', 'overall': 'Soft', 'rating': None, 'surface': 'Turf', '__typename': 'TrackCondition'}",3,Prix De Pomerol Stakes,1400,"3YO, Class 1, Class 1",42671,7,False,,6,6,Micocoulier,3,Gelding,b,Cloth Of Stars,High Live,,56.75,,Eddy Hardouin,A De Watrigant,4:1-0-1,25,50,-13,5,67,16,23,,,,,,th,,,3,0,,,,,,
https://www.racenet.com.au/form-guide/horse-racing/bordeaux-le-bouscat-fr-20260928/prix-de-pomerol-stakes-race-3/overview,Bordeaux Le Bouscat,2026-09-28,Bordeaux Le Bouscat,"{'eventId': '3439497', 'overall': 'Soft', 'rating': None, 'surface': 'Turf', '__typename': 'TrackCondition'}",3,Prix De Pomerol Stakes,1400,"3YO, Class 1, Class 1",42671,7,False,,7,5,Senatrice,3,Filly,ch,Persian King,Soony,,55.25,,Hugo Besnier,P Cottier,12:3-1-3,25,58,-21,6,4,17,149,,,,,,n,,,2,0,,,,,,
https://www.racenet.com.au/form-guide/horse-racing/bordeaux-le-bouscat-fr-20260928/prix-des-grands-crus-maiden-stakes-race-2/overview,Bordeaux Le Bouscat,2026-09-28,Bordeaux Le Bouscat,"{'eventId': '3439495', 'overall': 'Soft', 'rating': None, 'surface': 'Turf', '__typename': 'TrackCondition'}",2,Prix Des Grands Crus Maiden Stakes,1400,"2YO, Maiden",32707,12,False,,1,8,Hermes Du Haut,2,Filly,b,Anodin,Krestena,,58,,A Madamet,M Brasme,1:0-0-0,0,0,-100,4,15,10,23,,,,,,,,,2,0,,,,,,
https://www.racenet.com.au/form-guide/horse-racing/bordeaux-le-bouscat-fr-20260928/prix-des-grands-crus-maiden-stakes-race-2/overview,Bordeaux Le Bouscat,2026-09-28,Bordeaux Le Bouscat,"{'eventId': '3439495', 'overall': 'Soft', 'rating': None, 'surface': 'Turf', '__typename': 'TrackCondition'}",2,Prix Des Grands Crus Maiden Stakes,1400,"2YO, Maiden",32707,12,False,,2,1,Histori Chope,2,Filly,b,Muhaarar,Chope History,,58,,T Brebion,L Gadbin,3:0-1-1,0,67,-100,6,21,29,23,,,,,,,,,2,0,,,,,,
https://www.racenet.com.au/form-guide/horse-racing/bordeaux-le-bouscat-fr-20260928/prix-des-grands-crus-maiden-stakes-race-2/overview,Bordeaux Le Bouscat,2026-09-28,Bordeaux Le Bouscat,"{'eventId': '3439495', 'overall': 'Soft', 'rating': None, 'surface': 'Turf', '__typename': 'TrackCondition'}",2,Prix Des Grands Crus Maiden Stakes,1400,"2YO, Maiden",32707,12,False,,3,12,Riscal,2,Filly,b,Kingman,Villalar,,58,,Non Runner,M Baratti,1:0-0-0,0,0,-100,6,9.5,0,28,,,,,,,,,2,0,,,,,,
https://www.racenet.com.au/form-guide/horse-racing/bordeaux-le-bouscat-fr-20260928/prix-des-grands-crus-maiden-stakes-race-2/overview,Bordeaux Le Bouscat,2026-09-28,Bordeaux Le Bouscat,"{'eventId': '3439495', 'overall': 'Soft', 'rating': None, 'surface': 'Turf', '__typename': 'TrackCondition'}",2,Prix Des Grands Crus Maiden Stakes,1400,"2YO, Maiden",32707,12,False,,4,7,Feel Well,2,Filly,b,Calyx,Feel Joy,,58,,Hugo Besnier,P Cottier,6:0-2-1,0,50,-100,3,1.91,17,25,,,,,,b,,,4,0,,,,,,
https://www.racenet.com.au/form-guide/horse-racing/bordeaux-le-bouscat-fr-20260928/prix-des-grands-crus-maiden-stakes-race-2/overview,Bordeaux Le Bouscat,2026-09-28,Bordeaux Le Bouscat,"{'eventId': '3439495', 'overall': 'Soft', 'rating': None, 'surface': 'Turf', '__typename': 'TrackCondition'}",2,Prix Des Grands Crus Maiden Stakes,1400,"2YO, Maiden",32707,12,False,,5,9,Hola Flaca,2,Filly,b,Hello Youmzain,Mystic Dawn,,58,,Ioritz Mendizabal,M Delcher Sanchez,1:0-0-0,0,0,-100,8,12,6,28,,,,,,,,,3,0,,,,,,
https://www.racenet.com.au/form-guide/horse-racing/bordeaux-le-bouscat-fr-20260928/prix-des-grands-crus-maiden-stakes-race-2/overview,Bordeaux Le Bouscat,2026-09-28,Bordeaux Le Bouscat,"{'eventId': '3439495', 'overall': 'Soft', 'rating': None, 'surface': 'Turf', '__typename': 'TrackCondition'}",2,Prix Des Grands Crus Maiden Stakes,1400,"2YO, Maiden",32707,12,False,,6,11,Michelle,2,Filly,b,Victor Ludorum,Tevara,,58,,Hugo Journiac,Florian Guyader,2:0-0-0,0,0,-100,9,41,6,10,,,,,,,,,4,0,,,,,,
https://www.racenet.com.au/form-guide/horse-racing/bordeaux-le-bouscat-fr-20260928/prix-des-grands-crus-maiden-stakes-race-2/overview,Bordeaux Le Bouscat,2026-09-28,Bordeaux Le Bouscat,"{'eventId': '3439495', 'overall': 'Soft', 'rating': None, 'surface': 'Turf', '__typename': 'TrackCondition'}",2,Prix Des Grands Crus Maiden Stakes,1400,"2YO, Maiden",32707,12,False,,7,4,La Pepa,2,Filly,b,City Light,Shamadiyna,,58,,H Boutin,R Montenegro,2:0-0-1,0,50,-100,3,21,0,14,,,,,,,,,2,0,,,,,,
https://www.racenet.com.au/form-guide/horse-racing/bordeaux-le-bouscat-fr-20260928/prix-des-grands-crus-maiden-stakes-race-2/overview,Bordeaux Le Bouscat,2026-09-28,Bordeaux Le Bouscat,"{'eventId': '3439495', 'overall': 'Soft', 'rating': None, 'surface': 'Turf', '__typename': 'TrackCondition'}",2,Prix Des Grands Crus Maiden Stakes,1400,"2YO, Maiden",32707,12,False,,8,5,Fathiyya,2,Filly,ch,Recoletos,Island View,,58,,G Guedj-gay,Mme S Gavilan,1:0-0-0,0,0,-100,4,34,0,74,,,,,,,,,2,0,,,,,,
https://www.racenet.com.au/form-guide/horse-racing/bordeaux-le-bouscat-fr-20260928/prix-des-grands-crus-maiden-stakes-race-2/overview,Bordeaux Le Bouscat,2026-09-28,Bordeaux Le Bouscat,"{'eventId': '3439495', 'overall': 'Soft', 'rating': None, 'surface': 'Turf', '__typename': 'TrackCondition'}",2,Prix Des Grands Crus Maiden Stakes,1400,"2YO, Maiden",32707,12,False,,9,6,Dancing Eagle Cen,2,Filly,b,Gleneagles,Daring Dancer,,58,,H Mouesan,Patrick Olave-valdivielso,2:0-0-0,0,0,-100,5,9,0,40,,,,,,,,,3,0,,,,,,
https://www.racenet.com.au/form-guide/horse-racing/bordeaux-le-bouscat-fr-20260928/prix-des-grands-crus-maiden-stakes-race-2/overview,Bordeaux Le Bouscat,2026-09-28,Bordeaux Le Bouscat,"{'eventId': '3439495', 'overall': 'Soft', 'rating': None, 'surface': 'Turf', '__typename': 'TrackCondition'}",2,Prix Des Grands Crus Maiden Stakes,1400,"2YO, Maiden",32707,12,False,,10,10,Seasea De Ceres,2,Filly,b,Sealiway,Candle Of The Sea,,55.75,,A Gutierrez Val,B Moreno-navarro,0:0-0-0,0,0,0,,,0,,,,,,,,,,2,0,,,,,,
https://www.racenet.com.au/form-guide/horse-racing/bordeaux-le-bouscat-fr-20260928/prix-des-grands-crus-maiden-stakes-race-2/overview,Bordeaux Le Bouscat,2026-09-28,Bordeaux Le Bouscat,"{'eventId': '3439495', 'overall': 'Soft', 'rating': None, 'surface': 'Turf', '__typename': 'TrackCondition'}",2,Prix Des Grands Crus Maiden Stakes,1400,"2YO, Maiden",32707,12,False,,11,3,Big Hug,2,Filly,b,Ubettabelieveit,Dependable,,55.75,,Fabrice Veron,Mme D Schoenherr,0:0-0-0,0,0,0,,,10,,,,,,,,,,2,0,,,,,,
https://www.racenet.com.au/form-guide/horse-racing/bordeaux-le-bouscat-fr-20260928/prix-des-grands-crus-maiden-stakes-race-2/overview,Bordeaux Le Bouscat,2026-09-28,Bordeaux Le Bouscat,"{'eventId': '3439495', 'overall': 'Soft', 'rating': None, 'surface': 'Turf', '__typename': 'TrackCondition'}",2,Prix Des Grands Crus Maiden Stakes,1400,"2YO, Maiden",32707,12,False,,12,2,Winnie Cen,2,Filly,b,Churchill,La Venus Espagnola,,55.75,,Aurelien Lemaitre,Patrick Olave-valdivielso,0:0-0-0,0,0,0,,,22,,,,,,,,,,2,0,,,,,,
https://www.racenet.com.au/form-guide/horse-racing/bordeaux-le-bouscat-fr-20260928/prix-dimitri-legrand-handicap-race-8/overview,Bordeaux Le Bouscat,2026-09-28,Bordeaux Le Bouscat,"{'eventId': '3439508', 'overall': 'Soft', 'rating': None, 'surface': 'Turf', '__typename': 'TrackCondition'}",8,Prix Dimitri Legrand Handicap,1599,"4YO+, Class 3, Handicap, Class 3, Handicap",29901,9,False,,1,5,No Limit Dream,6,Gelding,b,Belardo,High Dream Milena,,59.75,,T Piccone,C H Plisson,49:6-7-6,12,39,-36,8,34,14,14,,,,,,dsn,,,2,0,,,,,,
https://www.racenet.com.au/form-guide/horse-racing/bordeaux-le-bouscat-fr-20260928/prix-dimitri-legrand-handicap-race-8/overview,Bordeaux Le Bouscat,2026-09-28,Bordeaux Le Bouscat,"{'eventId': '3439508', 'overall': 'Soft', 'rating': None, 'surface': 'Turf', '__typename': 'TrackCondition'}",8,Prix Dimitri Legrand Handicap,1599,"4YO+, Class 3, Handicap, Class 3, Handicap",29901,9,False,,2,3,Nolito,6,Gelding,b,Recoletos,Dubai Empress,,59.75,,T Blanchouin,Mme S Gavilan,58:6-11-7,10,41,-62,2,6,8,23,,,,,,tdshn,,,2,0,,,,,,
https://www.racenet.com.au/form-guide/horse-racing/bordeaux-le-bouscat-fr-20260928/prix-dimitri-legrand-handicap-race-8/overview,Bordeaux Le Bouscat,2026-09-28,Bordeaux Le Bouscat,"{'eventId': '3439508', 'overall': 'Soft', 'rating': None, 'surface': 'Turf', '__typename': 'TrackCondition'}",8,Prix Dimitri Legrand Handicap,1599,"4YO+, Class 3, Handicap, Class 3, Handicap",29901,9,False,,3,6,Everstar,5,Gelding,b,Seabhac,Quatuor,,59.75,,T Brebion,L Gadbin,36:7-2-6,19,42,29,7,5.5,29,39,,,,,,dsn,,,2,0,,,,,,
https://www.racenet.com.au/form-guide/horse-racing/bordeaux-le-bouscat-fr-20260928/prix-dimitri-legrand-handicap-race-8/overview,Bordeaux Le Bouscat,2026-09-28,Bordeaux Le Bouscat,"{'eventId': '3439508', 'overall': 'Soft', 'rating': None, 'surface': 'Turf', '__typename': 'TrackCondition'}",8,Prix Dimitri Legrand Handicap,1599,"4YO+, Class 3, Handicap, Class 3, Handicap",29901,9,False,,4,9,Famoso,6,Gelding,b,Al Wukair,Fair West,,57.5,,A Madamet,C Pautier,51:4-10-3,8,33,10,10,34,20,103,,,,,,tcdson,,,2,0,,,,,,
https://www.racenet.com.au/form-guide/horse-racing/bordeaux-le-bouscat-fr-20260928/prix-dimitri-legrand-handicap-race-8/overview,Bordeaux Le Bouscat,2026-09-28,Bordeaux Le Bouscat,"{'eventId': '3439508', 'overall': 'Soft', 'rating': None, 'surface': 'Turf', '__typename': 'TrackCondition'}",8,Prix Dimitri Legrand Handicap,1599,"4YO+, Class 3, Handicap, Class 3, Handicap",29901,9,False,,5,8,Souvenir D'ecajeul,5,Colt,b,Lawman,Croisiere,,57.5,,Ioritz Mendizabal,G Arizkorreta Elosegui,24:2-5-3,8,42,-65,1,8,11,30,,,,,,ds,,,2,0,,,,,,
https://www.racenet.com.au/form-guide/horse-racing/bordeaux-le-bouscat-fr-20260928/prix-dimitri-legrand-handicap-race-8/overview,Bordeaux Le Bouscat,2026-09-28,Bordeaux Le Bouscat,"{'eventId': '3439508', 'overall': 'Soft', 'rating': None, 'surface': 'Turf', '__typename': 'TrackCondition'}",8,Prix Dimitri Legrand Handicap,1599,"4YO+, Class 3, Handicap, Class 3, Handicap",29901,9,False,,6,7,Dulini,5,Filly,b,Starspangledbanner,Ells Bells,,57.5,,A Gavilan,Mme A Tinchon,26:5-2-4,19,42,12,1,4.5,17,23,,,,,,dsn,,,2,0,,,,,,
https://www.racenet.com.au/form-guide/horse-racing/bordeaux-le-bouscat-fr-20260928/prix-dimitri-legrand-handicap-race-8/overview,Bordeaux Le Bouscat,2026-09-28,Bordeaux Le Bouscat,"{'eventId': '3439508', 'overall': 'Soft', 'rating': None, 'surface': 'Turf', '__typename': 'TrackCondition'}",8,Prix Dimitri Legrand Handicap,1599,"4YO+, Class 3, Handicap, Class 3, Handicap",29901,9,False,,7,1,Storia Di Roma,4,Gelding,b,Romanised,Storia Dell'isola,,57.5,,Antonio Orani,Mme A Tinchon,16:1-1-4,6,38,-73,5,5,0,35,,,,,,sn,,,2,0,,,,,,
https://www.racenet.com.au/form-guide/horse-racing/bordeaux-le-bouscat-fr-20260928/prix-dimitri-legrand-handicap-race-8/overview,Bordeaux Le Bouscat,2026-09-28,Bordeaux Le Bouscat,"{'eventId': '3439508', 'overall': 'Soft', 'rating': None, 'surface': 'Turf', '__typename': 'TrackCondition'}",8,Prix Dimitri Legrand Handicap,1599,"4YO+, Class 3, Handicap, Class 3, Handicap",29901,9,False,,8,4,Rapido Presto,8,Gelding,b,Pedro The Great,Peinture Celeste,,54.5,,M Romary,Mme C Beauvoir,61:8-8-9,13,41,-13,1,21,16,32,,,,,,tsn,,,2,0,,,,,,
https://www.racenet.com.au/form-guide/horse-racing/bordeaux-le-bouscat-fr-20260928/prix-dimitri-legrand-handicap-race-8/overview,Bordeaux Le Bouscat,2026-09-28,Bordeaux Le Bouscat,"{'eventId': '3439508', 'overall': 'Soft', 'rating': None, 'surface': 'Turf', '__typename': 'TrackCondition'}",8,Prix Dimitri Legrand Handicap,1599,"4YO+, Class 3, Handicap, Class 3, Handicap",29901,9,False,,9,2,Bare Elegance,5,Filly,b,Kodiac,Delft Dancer,,54.5,,S Le Quilleuc,G Soulie,23:0-2-4,0,26,-100,3,11,8,30,,,,,,,,,2,0,,,,,,
https://www.racenet.com.au/form-guide/horse-racing/bordeaux-le-bouscat-fr-20260928/prix-ijockey-maiden-stakes-race-1/overview,Bordeaux Le Bouscat,2026-09-28,Bordeaux Le Bouscat,"{'eventId': '3439494', 'overall': 'Soft', 'rating': None, 'surface': 'Turf', '__typename': 'TrackCondition'}",1,Prix Ijockey Maiden Stakes,1400,"2YO, Maiden",32707,12,False,,1,10,Scaty Chop,2,Colt,b,Muhaarar,Scarlett Chope,,58,,T Blanchouin,Mme S Gavilan,3:0-1-0,0,33,-100,4,7,8,11,,,,,,,,,3,0,,,,,,
https://www.racenet.com.au/form-guide/horse-racing/bordeaux-le-bouscat-fr-20260928/prix-ijockey-maiden-stakes-race-1/overview,Bordeaux Le Bouscat,2026-09-28,Bordeaux Le Bouscat,"{'eventId': '3439494', 'overall': 'Soft', 'rating': None, 'surface': 'Turf', '__typename': 'TrackCondition'}",1,Prix Ijockey Maiden Stakes,1400,"2YO, Maiden",32707,12,False,,2,5,Mariono,2,Colt,g,Marianafoot,Loucelles,,58,,A Gutierrez Val,M Roldan,2:0-0-0,0,0,-100,4,15,8,14,,,,,,,,,2,0,,,,,,
https://www.racenet.com.au/form-guide/horse-racing/bordeaux-le-bouscat-fr-20260928/prix-ijockey-maiden-stakes-race-1/overview,Bordeaux Le Bouscat,2026-09-28,Bordeaux Le Bouscat,"{'eventId': '3439494', 'overall': 'Soft', 'rating': None, 'surface': 'Turf', '__typename': 'TrackCondition'}",1,Prix Ijockey Maiden Stakes,1400,"2YO, Maiden",32707,12,False,,3,8,El Teleno,2,Colt,b,Marianafoot,Poti,,58,,M Foulon,R Sanchez,4:0-0-0,0,0,-100,5,15,0,23,,,,,,,,,3,0,,,,,,
https://www.racenet.com.au/form-guide/horse-racing/bordeaux-le-bouscat-fr-20260928/prix-ijockey-maiden-stakes-race-1/overview,Bordeaux Le Bouscat,2026-09-28,Bordeaux Le Bouscat,"{'eventId': '3439494', 'overall': 'Soft', 'rating': None, 'surface': 'Turf', '__typename': 'TrackCondition'}",1,Prix Ijockey Maiden Stakes,1400,"2YO, Maiden",32707,12,False,,4,9,Olla,2,Gelding,b,Hello Youmzain,Olatz,,58,,Cristian Demuro,M Pitart,1:0-0-0,0,0,-100,7,6,15,20,,,,,,,,,4,0,,,,,,
https://www.racenet.com.au/form-guide/horse-racing/bordeaux-le-bouscat-fr-20260928/prix-ijockey-maiden-stakes-race-1/overview,Bordeaux Le Bouscat,2026-09-28,Bordeaux Le Bouscat,"{'eventId': '3439494', 'overall': 'Soft', 'rating': None, 'surface': 'Turf', '__typename': 'TrackCondition'}",1,Prix Ijockey Maiden Stakes,1400,"2YO, Maiden",32707,12,False,,5,1,Heiligenstein,2,Gelding,b,Zelzal,La Medicis,,58,,D Provost,H F Devin,3:0-0-0,0,0,-100,10,29,19,10,,,,,,o,,,3,0,,,,,,
https://www.racenet.com.au/form-guide/horse-racing/bordeaux-le-bouscat-fr-20260928/prix-ijockey-maiden-stakes-race-1/overview,Bordeaux Le Bouscat,2026-09-28,Bordeaux Le Bouscat,"{'eventId': '3439494', 'overall': 'Soft', 'rating': None, 'surface': 'Turf', '__typename': 'TrackCondition'}",1,Prix Ijockey Maiden Stakes,1400,"2YO, Maiden",32707,12,False,,6,12,Fenian,2,Colt,b,Hello Youmzain,Daidoo,,58,,E Verhestraeten,A Murphy,1:0-0-0,0,0,-100,9,13,13,28,,,,,,,,,2,0,,,,,,
https://www.racenet.com.au/form-guide/horse-racing/bordeaux-le-bouscat-fr-20260928/prix-ijockey-maiden-stakes-race-1/overview,Bordeaux Le Bouscat,2026-09-28,Bordeaux Le Bouscat,"{'eventId': '3439494', 'overall': 'Soft', 'rating': None, 'surface': 'Turf', '__typename': 'TrackCondition'}",1,Prix Ijockey Maiden Stakes,1400,"2YO, Maiden",32707,12,False,,7,3,Slemen,2,Colt,b,Showcasing,Plucky Lass,,58,,Ioritz Mendizabal,A Botti,1:0-0-0,0,0,-100,8,41,6,25,,,,,,,,,2,0,,,,,,
https://www.racenet.com.au/form-guide/horse-racing/bordeaux-le-bouscat-fr-20260928/prix-ijockey-maiden-stakes-race-1/overview,Bordeaux Le Bouscat,2026-09-28,Bordeaux Le Bouscat,"{'eventId': '3439494', 'overall': 'Soft', 'rating': None, 'surface': 'Turf', '__typename': 'TrackCondition'}",1,Prix Ijockey Maiden Stakes,1400,"2YO, Maiden",32707,12,False,,8,4,Prince D'azur,2,Colt,g,Soft Light,Love Today,,58,,N M Lopes Duarte,Mlg Carvalho,1:0-0-0,0,0,-100,8,34,11,32,,,,,,,,,2,0,,,,,,
https://www.racenet.com.au/form-guide/horse-racing/bordeaux-le-bouscat-fr-20260928/prix-ijockey-maiden-stakes-race-1/overview,Bordeaux Le Bouscat,2026-09-28,Bordeaux Le Bouscat,"{'eventId': '3439494', 'overall': 'Soft', 'rating': None, 'surface': 'Turf', '__typename': 'TrackCondition'}",1,Prix Ijockey Maiden Stakes,1400,"2YO, Maiden",32707,12,False,,9,6,Zachari,2,Gelding,b,Anodin,Kribi,,58,,Hugo Journiac,M Brasme,1:0-0-0,0,0,-100,5,34,11,25,,,,,,,,,3,0,,,,,,
https://www.racenet.com.au/form-guide/horse-racing/bordeaux-le-bouscat-fr-20260928/prix-ijockey-maiden-stakes-race-1/overview,Bordeaux Le Bouscat,2026-09-28,Bordeaux Le Bouscat,"{'eventId': '3439494', 'overall': 'Soft', 'rating': None, 'surface': 'Turf', '__typename': 'TrackCondition'}",1,Prix Ijockey Maiden Stakes,1400,"2YO, Maiden",32707,12,False,,10,2,Gouyar,2,Colt,b,Minzaal,Meetyouatthemoon,,58,,M Marquette,G Mosse,3:0-1-0,0,33,-100,4,15,14,17,,,,,,,,,2,0,,,,,,
https://www.racenet.com.au/form-guide/horse-racing/bordeaux-le-bouscat-fr-20260928/prix-ijockey-maiden-stakes-race-1/overview,Bordeaux Le Bouscat,2026-09-28,Bordeaux Le Bouscat,"{'eventId': '3439494', 'overall': 'Soft', 'rating': None, 'surface': 'Turf', '__typename': 'TrackCondition'}",1,Prix Ijockey Maiden Stakes,1400,"2YO, Maiden",32707,12,False,,11,7,Gatsby Go,2,Colt,b,The Grey Gatsby,Glowing Light,,55.75,,A Madamet,V H Santos,0:0-0-0,0,0,0,,,0,,,,,,,,,,2,0,,,,,,
https://www.racenet.com.au/form-guide/horse-racing/bordeaux-le-bouscat-fr-20260928/prix-ijockey-maiden-stakes-race-1/overview,Bordeaux Le Bouscat,2026-09-28,Bordeaux Le Bouscat,"{'eventId': '3439494', 'overall': 'Soft', 'rating': None, 'surface': 'Turf', '__typename': 'TrackCondition'}",1,Prix Ijockey Maiden Stakes,1400,"2YO, Maiden",32707,12,False,,12,11,Golden Lyon Cen,2,Colt,b,Churchill,Tesora,,55.75,,Aurelien Lemaitre,Patrick Olave-valdivielso,0:0-0-0,0,0,0,,,22,,,,,,,,,,3,0,,,,,,
https://www.racenet.com.au/form-guide/horse-racing/bordeaux-le-bouscat-fr-20260928/prix-jacques-dogny-claiming-stakes-race-7/overview,Bordeaux Le Bouscat,2026-09-28,Bordeaux Le Bouscat,"{'eventId': '3439506', 'overall': 'Soft', 'rating': None, 'surface': 'Turf', '__typename': 'TrackCondition'}",7,Prix Jacques Dogny Claiming Stakes,1599,"3YO, Claiming",22427,7,False,,1,5,Valtrada,3,Filly,b,Toronado,Sugar Baby,,58,,Cristian Demuro,P Sogorb,10:2-2-2,20,60,-2,4,6.5,12,53,,,,,,tcdsn,,,2,0,,,,,,
https://www.racenet.com.au/form-guide/horse-racing/bordeaux-le-bouscat-fr-20260928/prix-jacques-dogny-claiming-stakes-race-7/overview,Bordeaux Le Bouscat,2026-09-28,Bordeaux Le Bouscat,"{'eventId': '3439506', 'overall': 'Soft', 'rating': None, 'surface': 'Turf', '__typename': 'TrackCondition'}",7,Prix Jacques Dogny Claiming Stakes,1599,"3YO, Claiming",22427,7,False,,2,2,Zodiaco,3,Colt,b,Hello Youmzain,Eau Vie,,58,,Ioritz Mendizabal,G Arizkorreta Elosegui,9:1-3-0,11,44,-100,5,12,11,80,,,,,,,,,2,0,,,,,,
https://www.racenet.com.au/form-guide/horse-racing/bordeaux-le-bouscat-fr-20260928/prix-jacques-dogny-claiming-stakes-race-7/overview,Bordeaux Le Bouscat,2026-09-28,Bordeaux Le Bouscat,"{'eventId': '3439506', 'overall': 'Soft', 'rating': None, 'surface': 'Turf', '__typename': 'TrackCondition'}",7,Prix Jacques Dogny Claiming Stakes,1599,"3YO, Claiming",22427,7,False,,3,6,Alhama River,3,Colt,b,Invincible Spirit,Ripponette,,55.75,,R Dubord,J C Rouget,5:1-1-2,20,80,-50,9,26,21,23,,,,,,tcds,,,2,0,,,,,,
https://www.racenet.com.au/form-guide/horse-racing/bordeaux-le-bouscat-fr-20260928/prix-jacques-dogny-claiming-stakes-race-7/overview,Bordeaux Le Bouscat,2026-09-28,Bordeaux Le Bouscat,"{'eventId': '3439506', 'overall': 'Soft', 'rating': None, 'surface': 'Turf', '__typename': 'TrackCondition'}",7,Prix Jacques Dogny Claiming Stakes,1599,"3YO, Claiming",22427,7,False,,4,3,Rainsilver,3,Gelding,ch,Penny's Picnic,Madicken,,55.75,,N M Lopes Duarte,Mme C Courtade,3:0-0-0,0,0,-100,7,29,0,123,,,,,,,,,2,0,,,,,,
https://www.racenet.com.au/form-guide/horse-racing/bordeaux-le-bouscat-fr-20260928/prix-jacques-dogny-claiming-stakes-race-7/overview,Bordeaux Le Bouscat,2026-09-28,Bordeaux Le Bouscat,"{'eventId': '3439506', 'overall': 'Soft', 'rating': None, 'surface': 'Turf', '__typename': 'TrackCondition'}",7,Prix Jacques Dogny Claiming Stakes,1599,"3YO, Claiming",22427,7,False,,5,1,Off To Dubai,3,Gelding,b,Victor Ludorum,Light It Up,,54.5,,A Madamet,M Brasme,17:1-0-3,6,24,-75,6,13,10,87,,,,,,n,,,2,0,,,,,,
https://www.racenet.com.au/form-guide/horse-racing/bordeaux-le-bouscat-fr-20260928/prix-jacques-dogny-claiming-stakes-race-7/overview,Bordeaux Le Bouscat,2026-09-28,Bordeaux Le Bouscat,"{'eventId': '3439506', 'overall': 'Soft', 'rating': None, 'surface': 'Turf', '__typename': 'TrackCondition'}",7,Prix Jacques Dogny Claiming Stakes,1599,"3YO, Claiming",22427,7,False,,6,7,Zelzala,3,Filly,b,Zelzal,Reem,,53,,Fabrice Veron,H A Pantall,3:0-0-0,0,0,-100,7,13,26,45,,,,,,o,,,2,0,,,,,,
https://www.racenet.com.au/form-guide/horse-racing/bordeaux-le-bouscat-fr-20260928/prix-jacques-dogny-claiming-stakes-race-7/overview,Bordeaux Le Bouscat,2026-09-28,Bordeaux Le Bouscat,"{'eventId': '3439506', 'overall': 'Soft', 'rating': None, 'surface': 'Turf', '__typename': 'TrackCondition'}",7,Prix Jacques Dogny Claiming Stakes,1599,"3YO, Claiming",22427,7,False,,7,4,Miss De Paname,3,Filly,b,Persian King,Elabela,,53,,F Valle Skar,C Lerner,11:1-0-1,9,18,-78,11,34,8,18,,,,,,so,,,2,0,,,,,,
https://www.racenet.com.au/form-guide/horse-racing/brighton-uk-20260928/bet-20-pound-get-40-pound-in-free-bets-at-matchbookcom-handicap-race-4/overview,Brighton,2026-09-28,Brighton,"{'eventId': '3439207', 'overall': 'Good', 'rating': None, 'surface': 'Turf', '__typename': 'TrackCondition'}",4,Bet 20 Pound Get 40 Pound In Free Bets At Matchbook.com Handicap,1606,"3YO+, Class 5, Handicap, Class 5, Handicap",14848,10,False,,1,6,Marsh Benham,7,Gelding,ch,Galileo Gold,Zelie Martin,,63.5,,Patrick Cosgrave,George Baker,61:10-6-7,16,38,79,7,5.5,13,14,,,,,,tcdsh,10.0,,14,8,7.5,9,20.0,,,
https://www.racenet.com.au/form-guide/horse-racing/brighton-uk-20260928/bet-20-pound-get-40-pound-in-free-bets-at-matchbookcom-handicap-race-4/overview,Brighton,2026-09-28,Brighton,"{'eventId': '3439207', 'overall': 'Good', 'rating': None, 'surface': 'Turf', '__typename': 'TrackCondition'}",4,Bet 20 Pound Get 40 Pound In Free Bets At Matchbook.com Handicap,1606,"3YO+, Class 5, Handicap, Class 5, Handicap",14848,10,False,,2,8,Newfangled,5,Gelding,ch,New Bay,Dangle,,62.25,,Rob Hornby,J G Portman,35:7-5-6,20,51,-19,3,5.5,10,14,,,,,,tcd,3.2,,14,14,3.7,3.1,-16.2,,,
https://www.racenet.com.au/form-guide/horse-racing/brighton-uk-20260928/bet-20-pound-get-40-pound-in-free-bets-at-matchbookcom-handicap-race-4/overview,Brighton,2026-09-28,Brighton,"{'eventId': '3439207', 'overall': 'Good', 'rating': None, 'surface': 'Turf', '__typename': 'TrackCondition'}",4,Bet 20 Pound Get 40 Pound In Free Bets At Matchbook.com Handicap,1606,"3YO+, Class 5, Handicap, Class 5, Handicap",14848,10,False,,3,10,Dion Baker,7,Gelding,b,Ribchester,Tiga Tuan,,61.75,,Darragh Keenan,M Wigham,74:9-12-7,12,38,-51,4,6,18,26,,,,,,ts,15.0,,15,9,10,11,10.0,,,
https://www.racenet.com.au/form-guide/horse-racing/brighton-uk-20260928/bet-20-pound-get-40-pound-in-free-bets-at-matchbookcom-handicap-race-4/overview,Brighton,2026-09-28,Brighton,"{'eventId': '3439207', 'overall': 'Good', 'rating': None, 'surface': 'Turf', '__typename': 'TrackCondition'}",4,Bet 20 Pound Get 40 Pound In Free Bets At Matchbook.com Handicap,1606,"3YO+, Class 5, Handicap, Class 5, Handicap",14848,10,False,,4,4,Danehill Star,5,Gelding,b,Ten Sovereigns,Rockshine,,61.25,,Rossa Ryan,A W Carroll,45:8-7-7,18,49,48,1,9,18,15,,,,,,tcd,4.5,,15,8,3.9,4.2,7.7,,,
https://www.racenet.com.au/form-guide/horse-racing/brighton-uk-20260928/bet-20-pound-get-40-pound-in-free-bets-at-matchbookcom-handicap-race-4/overview,Brighton,2026-09-28,Brighton,"{'eventId': '3439207', 'overall': 'Good', 'rating': None, 'surface': 'Turf', '__typename': 'TrackCondition'}",4,Bet 20 Pound Get 40 Pound In Free Bets At Matchbook.com Handicap,1606,"3YO+, Class 5, Handicap, Class 5, Handicap",14848,10,False,,5,1,On The Inlet,3,Gelding,b,New Bay,Sound Of Guns,,60.75,,Kieran Shoemark,Dr R Newland,10:2-0-2,20,40,-28,13,51,8,17,,,,,,do,11.0,,14,14,21,9,-57.1,,,
https://www.racenet.com.au/form-guide/horse-racing/brighton-uk-20260928/bet-20-pound-get-40-pound-in-free-bets-at-matchbookcom-handicap-race-4/overview,Brighton,2026-09-28,Brighton,"{'eventId': '3439207', 'overall': 'Good', 'rating': None, 'surface': 'Turf', '__typename': 'TrackCondition'}",4,Bet 20 Pound Get 40 Pound In Free Bets At Matchbook.com Handicap,1606,"3YO+, Class 5, Handicap, Class 5, Handicap",14848,10,False,,6,5,Gone Rogue,5,Gelding,b,Gustav Klimt,Assault On Rome,,60.75,,T P Queally,G & J Moore,30:5-7-1,17,43,-31,6,6,11,30,,,,,,tcds,7.0,,15,6,6,6.75,12.5,,,
https://www.racenet.com.au/form-guide/horse-racing/brighton-uk-20260928/bet-20-pound-get-40-pound-in-free-bets-at-matchbookcom-handicap-race-4/overview,Brighton,2026-09-28,Brighton,"{'eventId': '3439207', 'overall': 'Good', 'rating': None, 'surface': 'Turf', '__typename': 'TrackCondition'}",4,Bet 20 Pound Get 40 Pound In Free Bets At Matchbook.com Handicap,1606,"3YO+, Class 5, Handicap, Class 5, Handicap",14848,10,False,,7,3,Alterity,3,Filly,b,Bobby's Kitten,Alta Moda,,60.25,,Cieren Fallon,C Johnston,5:1-0-2,20,60,-56,6,8.5,19,67,,,,,,do,14.0,,15,8,13,11,-15.4,,,
https://www.racenet.com.au/form-guide/horse-racing/brighton-uk-20260928/bet-20-pound-get-40-pound-in-free-bets-at-matchbookcom-handicap-race-4/overview,Brighton,2026-09-28,Brighton,"{'eventId': '3439207', 'overall': 'Good', 'rating': None, 'surface': 'Turf', '__typename': 'TrackCondition'}",4,Bet 20 Pound Get 40 Pound In Free Bets At Matchbook.com Handicap,1606,"3YO+, Class 5, Handicap, Class 5, Handicap",14848,10,False,,8,7,Hamda's Joy,3,Filly,b,Kodi Bear,Lost Control,,59.75,,Jack Callan,Tom Clover,7:0-2-4,0,86,-100,2,17,15,26,,,,,,,8.5,,14,7,7,8,14.3,,,
https://www.racenet.com.au/form-guide/horse-racing/brighton-uk-20260928/bet-20-pound-get-40-pound-in-free-bets-at-matchbookcom-handicap-race-4/overview,Brighton,2026-09-28,Brighton,"{'eventId': '3439207', 'overall': 'Good', 'rating': None, 'surface': 'Turf', '__typename': 'TrackCondition'}",4,Bet 20 Pound Get 40 Pound In Free Bets At Matchbook.com Handicap,1606,"3YO+, Class 5, Handicap, Class 5, Handicap",14848,10,False,,9,9,Darvel,8,Gelding,b,Dark Angel,Anthem Alexander,,59.75,,David Probert,P R Chamings,56:8-5-8,14,38,10,5,4.33,13,37,,,,,,tcdsb,9.0,,15,7,8,8,0.0,,,
https://www.racenet.com.au/form-guide/horse-racing/brighton-uk-20260928/bet-20-pound-get-40-pound-in-free-bets-at-matchbookcom-handicap-race-4/overview,Brighton,2026-09-28,Brighton,"{'eventId': '3439207', 'overall': 'Good', 'rating': None, 'surface': 'Turf', '__typename': 'TrackCondition'}",4,Bet 20 Pound Get 40 Pound In Free Bets At Matchbook.com Handicap,1606,"3YO+, Class 5, Handicap, Class 5, Handicap",14848,10,False,,10,2,Pints In Peace,3,Gelding,b,Bated Breath,Pinpointed,,58,,Finley Marsh,J & S Best,18:2-1-3,11,33,-63,6,81,5,18,,,,,,,51.0,,14,3,34,34,0.0,,,
https://www.racenet.com.au/form-guide/horse-racing/brighton-uk-20260928/download-the-matchbook-exchange-app-apprentice-handicap-race-7/overview,Brighton,2026-09-28,Brighton,"{'eventId': '3439211', 'overall': 'Good', 'rating': None, 'surface': 'Turf', '__typename': 'TrackCondition'}",7,Download The Matchbook Exchange App Apprentice Handicap,1202,"3YO+, Class 6, Handicap, Class 6, Handicap",12248,8,False,,1,2,Macanudo,5,Gelding,b,Invincible Spirit,World Of Good,,61.25,,Jack Callan,Ian Williams,31:3-7-2,10,39,-57,1,5.5,17,15,,,,,,,2.9,,12,3,2.8,2.8,0.0,,,
https://www.racenet.com.au/form-guide/horse-racing/brighton-uk-20260928/download-the-matchbook-exchange-app-apprentice-handicap-race-7/overview,Brighton,2026-09-28,Brighton,"{'eventId': '3439211', 'overall': 'Good', 'rating': None, 'surface': 'Turf', '__typename': 'TrackCondition'}",7,Download The Matchbook Exchange App Apprentice Handicap,1202,"3YO+, Class 6, Handicap, Class 6, Handicap",12248,8,False,,2,5,Nordic Glory,7,Gelding,ch,Cotai Glory,Norwegian Highness,,59.75,,James Glennon,M J Attwater,75:11-9-12,15,43,25,5,41,5,15,,,,,,d,11.0,,12,5,9.5,9.5,0.0,,,
https://www.racenet.com.au/form-guide/horse-racing/brighton-uk-20260928/download-the-matchbook-exchange-app-apprentice-handicap-race-7/overview,Brighton,2026-09-28,Brighton,"{'eventId': '3439211', 'overall': 'Good', 'rating': None, 'surface': 'Turf', '__typename': 'TrackCondition'}",7,Download The Matchbook Exchange App Apprentice Handicap,1202,"3YO+, Class 6, Handicap, Class 6, Handicap",12248,8,False,,3,1,Pure Passion,3,Filly,b,Magna Grecia,Passional,,59.5,,Charlie Tucker,S C Williams,7:2-1-1,29,57,-14,8,12,0,18,,,,,,,9.5,,12,3,9,9,0.0,,,
https://www.racenet.com.au/form-guide/horse-racing/brighton-uk-20260928/download-the-matchbook-exchange-app-apprentice-handicap-race-7/overview,Brighton,2026-09-28,Brighton,"{'eventId': '3439211', 'overall': 'Good', 'rating': None, 'surface': 'Turf', '__typename': 'TrackCondition'}",7,Download The Matchbook Exchange App Apprentice Handicap,1202,"3YO+, Class 6, Handicap, Class 6, Handicap",12248,8,False,,4,3,Candy Warhol,7,Gelding,b,Twirling Candy,Costume,,58.5,,Christian Howarth,S Dixon,52:3-10-10,6,44,-39,5,5,8,12,,,,,,d,6.5,,12,2,6,5.5,-8.3,,,
https://www.racenet.com.au/form-guide/horse-racing/brighton-uk-20260928/download-the-matchbook-exchange-app-apprentice-handicap-race-7/overview,Brighton,2026-09-28,Brighton,"{'eventId': '3439211', 'overall': 'Good', 'rating': None, 'surface': 'Turf', '__typename': 'TrackCondition'}",7,Download The Matchbook Exchange App Apprentice Handicap,1202,"3YO+, Class 6, Handicap, Class 6, Handicap",12248,8,False,,5,4,My Mate Mackley,3,Gelding,b,Tasleet,Royal Silk,,57.25,,Taryn Langley,Adam Kirby,14:2-4-2,14,57,21,4,5,9,5,,,,,,ds,3.4,,12,3,3.2,3.2,0.0,,,
https://www.racenet.com.au/form-guide/horse-racing/brighton-uk-20260928/download-the-matchbook-exchange-app-apprentice-handicap-race-7/overview,Brighton,2026-09-28,Brighton,"{'eventId': '3439211', 'overall': 'Good', 'rating': None, 'surface': 'Turf', '__typename': 'TrackCondition'}",7,Download The Matchbook Exchange App Apprentice Handicap,1202,"3YO+, Class 6, Handicap, Class 6, Handicap",12248,8,False,,6,7,Port Hedland,5,Gelding,br,Cable Bay,In Secret,,55.25,,Myla Coppins,A W Carroll,34:2-0-5,6,21,-76,6,9.5,19,26,,,,,,td,6.5,,12,1,6,6,0.0,,,
https://www.racenet.com.au/form-guide/horse-racing/brighton-uk-20260928/download-the-matchbook-exchange-app-apprentice-handicap-race-7/overview,Brighton,2026-09-28,Brighton,"{'eventId': '3439211', 'overall': 'Good', 'rating': None, 'surface': 'Turf', '__typename': 'TrackCondition'}",7,Download The Matchbook Exchange App Apprentice Handicap,1202,"3YO+, Class 6, Handicap, Class 6, Handicap",12248,8,False,,7,8,Lynwood Lad,6,Gelding,b,Mayson,Faithful Promise,,55,,Warren Fentiman,G & J Moore,39:4-0-2,10,15,-17,11,13,50,90,,,,,,tdo,21.0,,12,4,20,19,-5.0,,,
https://www.racenet.com.au/form-guide/horse-racing/brighton-uk-20260928/download-the-matchbook-exchange-app-apprentice-handicap-race-7/overview,Brighton,2026-09-28,Brighton,"{'eventId': '3439211', 'overall': 'Good', 'rating': None, 'surface': 'Turf', '__typename': 'TrackCondition'}",7,Download The Matchbook Exchange App Apprentice Handicap,1202,"3YO+, Class 6, Handicap, Class 6, Handicap",12248,8,False,,8,6,Daley T,6,Gelding,ch,Dragon Pulse,Elizabeth Swann,,55,,Molly Gunn,A W Carroll,29:0-3-2,0,17,-100,6,21,9,26,,,,,,,26.0,,12,1,23,23,0.0,,,
https://www.racenet.com.au/form-guide/horse-racing/brighton-uk-20260928/follow-matchbook-on-x-nursery-race-3/overview,Brighton,2026-09-28,Brighton,"{'eventId': '3439206', 'overall': 'Good', 'rating': None, 'surface': 'Turf', '__typename': 'TrackCondition'}",3,Follow Matchbook On X Nursery,1606,"2YO, Class 6, Class 6",12248,13,False,,1,8,Golden Oasis,2,Filly,b,Oasis Dream,All Things Gold,,61.25,,Taryn Langley,Robert Edwards,4:1-0-0,25,25,88,8,23,0,23,,,,,,o,20.0,,14,2,19,18,-5.3,,,
https://www.racenet.com.au/form-guide/horse-racing/brighton-uk-20260928/follow-matchbook-on-x-nursery-race-3/overview,Brighton,2026-09-28,Brighton,"{'eventId': '3439206', 'overall': 'Good', 'rating': None, 'surface': 'Turf', '__typename': 'TrackCondition'}",3,Follow Matchbook On X Nursery,1606,"2YO, Class 6, Class 6",12248,13,False,,2,6,Mandolin Rain,2,Filly,b,Wootton Bassett,Peach Tree,,61.25,,David Probert,Dylan Cunha,3:0-0-0,0,0,-100,7,5,18,13,,,,,,,8.5,,14,5,7.5,7.5,0.0,,,
https://www.racenet.com.au/form-guide/horse-racing/brighton-uk-20260928/follow-matchbook-on-x-nursery-race-3/overview,Brighton,2026-09-28,Brighton,"{'eventId': '3439206', 'overall': 'Good', 'rating': None, 'surface': 'Turf', '__typename': 'TrackCondition'}",3,Follow Matchbook On X Nursery,1606,"2YO, Class 6, Class 6",12248,13,False,,3,13,Banged Up,2,Gelding,b,Without Parole,Volver,,60.25,,Charles Bishop,Eve Johnson Houghton,4:0-0-0,0,0,-100,8,101,12,34,,,,,,,20.0,,15,1,18,18,0.0,,,
https://www.racenet.com.au/form-guide/horse-racing/brighton-uk-20260928/follow-matchbook-on-x-nursery-race-3/overview,Brighton,2026-09-28,Brighton,"{'eventId': '3439206', 'overall': 'Good', 'rating': None, 'surface': 'Turf', '__typename': 'TrackCondition'}",3,Follow Matchbook On X Nursery,1606,"2YO, Class 6, Class 6",12248,13,False,,4,3,Hello You Ten,2,Gelding,b,Hello Youmzain,Madhulika,,60.25,,Saffie Osborne,J A Osborne,4:0-0-2,0,50,-100,3,13,12,16,,,,,,,11.0,,16,8,14,10,-28.6,,,
https://www.racenet.com.au/form-guide/horse-racing/brighton-uk-20260928/follow-matchbook-on-x-nursery-race-3/overview,Brighton,2026-09-28,Brighton,"{'eventId': '3439206', 'overall': 'Good', 'rating': None, 'surface': 'Turf', '__typename': 'TrackCondition'}",3,Follow Matchbook On X Nursery,1606,"2YO, Class 6, Class 6",12248,13,False,,5,12,Blue Skies Above,2,Gelding,ch,Pinatubo,Love On The Rocks,,59.75,,Kieran Shoemark,Oliver Cole,4:0-0-0,0,0,-100,9,8.5,18,21,,,,,,,11.0,,14,4,9,9.5,5.6,,,
https://www.racenet.com.au/form-guide/horse-racing/brighton-uk-20260928/follow-matchbook-on-x-nursery-race-3/overview,Brighton,2026-09-28,Brighton,"{'eventId': '3439206', 'overall': 'Good', 'rating': None, 'surface': 'Turf', '__typename': 'TrackCondition'}",3,Follow Matchbook On X Nursery,1606,"2YO, Class 6, Class 6",12248,13,False,,6,1,Enhancing,2,Filly,b,Too Darn Hot,Ducissa,,59.75,,Cieren Fallon,H Palmer,3:0-0-0,0,0,-100,6,34,10,83,,,,,,,9.5,,14,2,8,8.5,6.2,,,
https://www.racenet.com.au/form-guide/horse-racing/brighton-uk-20260928/follow-matchbook-on-x-nursery-race-3/overview,Brighton,2026-09-28,Brighton,"{'eventId': '3439206', 'overall': 'Good', 'rating': None, 'surface': 'Turf', '__typename': 'TrackCondition'}",3,Follow Matchbook On X Nursery,1606,"2YO, Class 6, Class 6",12248,13,False,,7,7,Beach Ahead,2,Colt,b,Dream Ahead,Al Janadeirya,,59,,Warren Fentiman,G & J Moore,4:0-0-0,0,0,-100,6,26,50,39,,,,,,,11.0,,14,1,10,10,0.0,,,
https://www.racenet.com.au/form-guide/horse-racing/brighton-uk-20260928/follow-matchbook-on-x-nursery-race-3/overview,Brighton,2026-09-28,Brighton,"{'eventId': '3439206', 'overall': 'Good', 'rating': None, 'surface': 'Turf', '__typename': 'TrackCondition'}",3,Follow Matchbook On X Nursery,1606,"2YO, Class 6, Class 6",12248,13,False,,8,5,Magical Life,2,Filly,b,Territories,One Life,,57.5,,Rossa Ryan,J S Moore,10:1-0-2,10,30,-60,6,4.33,11,15,,,,,,d,5.25,,14,2,5,4.8,-4.0,,,
https://www.racenet.com.au/form-guide/horse-racing/brighton-uk-20260928/follow-matchbook-on-x-nursery-race-3/overview,Brighton,2026-09-28,Brighton,"{'eventId': '3439206', 'overall': 'Good', 'rating': None, 'surface': 'Turf', '__typename': 'TrackCondition'}",3,Follow Matchbook On X Nursery,1606,"2YO, Class 6, Class 6",12248,13,False,,9,4,Best Yet,2,Filly,b,Study Of Man,Beta,,57.5,,Finley Marsh,R Hughes,3:0-0-0,0,0,-100,9,401,16,32,,,,,,,18.0,,14,11,15,15,0.0,,,
https://www.racenet.com.au/form-guide/horse-racing/brighton-uk-20260928/follow-matchbook-on-x-nursery-race-3/overview,Brighton,2026-09-28,Brighton,"{'eventId': '3439206', 'overall': 'Good', 'rating': None, 'surface': 'Turf', '__typename': 'TrackCondition'}",3,Follow Matchbook On X Nursery,1606,"2YO, Class 6, Class 6",12248,13,False,,10,10,Courage Best,2,Filly,b,Supremacy,Wojha,,57.25,,Darragh Keenan,B R Millman,6:0-0-0,0,0,-100,5,5.5,7,16,,,,,,,10.0,,14,1,9.5,9.5,0.0,,,
https://www.racenet.com.au/form-guide/horse-racing/brighton-uk-20260928/follow-matchbook-on-x-nursery-race-3/overview,Brighton,2026-09-28,Brighton,"{'eventId': '3439206', 'overall': 'Good', 'rating': None, 'surface': 'Turf', '__typename': 'TrackCondition'}",3,Follow Matchbook On X Nursery,1606,"2YO, Class 6, Class 6",12248,13,False,,11,11,Wild Orchid,2,Filly,b,Showcasing,Orchid Lily,,54.5,,Jack Callan,C Johnston,4:0-0-0,0,0,-100,4,23,16,11,,,,,,,5.25,,15,1,5,5,0.0,,,
https://www.racenet.com.au/form-guide/horse-racing/brighton-uk-20260928/follow-matchbook-on-x-nursery-race-3/overview,Brighton,2026-09-28,Brighton,"{'eventId': '3439206', 'overall': 'Good', 'rating': None, 'surface': 'Turf', '__typename': 'TrackCondition'}",3,Follow Matchbook On X Nursery,1606,"2YO, Class 6, Class 6",12248,13,False,,12,2,Zonneveld,2,Gelding,gr,Showcasing,Sorella Bella,,53.5,,J F Egan,J S Moore,6:0-0-0,0,0,-100,5,34,6,11,,,,,,,12.0,,15,1,12,12,0.0,,,
https://www.racenet.com.au/form-guide/horse-racing/brighton-uk-20260928/follow-matchbook-on-x-nursery-race-3/overview,Brighton,2026-09-28,Brighton,"{'eventId': '3439206', 'overall': 'Good', 'rating': None, 'surface': 'Turf', '__typename': 'TrackCondition'}",3,Follow Matchbook On X Nursery,1606,"2YO, Class 6, Class 6",12248,13,False,,13,9,Allaboutthelunch,2,Gelding,b,Mohaather,Faughill,,52.5,,Isobelle Chalmers,E Smyth-osbourne,6:0-1-0,0,17,-100,2,26,0,15,,,,,,,7.5,,14,1,6.5,6.5,0.0,,,
https://www.racenet.com.au/form-guide/horse-racing/brighton-uk-20260928/matchbook-betting-exchange-supporting-uk-racing-maiden-stakes-gbb-race-race-2/overview,Brighton,2026-09-28,Brighton,"{'eventId': '3439205', 'overall': 'Good', 'rating': None, 'surface': 'Turf', '__typename': 'TrackCondition'}",2,Matchbook Betting Exchange Supporting Uk Racing Maiden Stakes (Gbb Race),1399,"3YO+, Class 4, Class 4, Maiden",18558,6,False,,1,5,Irish Spring,4,Gelding,b,Postponed,Santiburi Spring,,61.75,,D E Hogan,K Jewell,1:0-0-0,0,0,-100,6,301,0,32,,,,,,,151.0,,14,3,101,101,0.0,,,
https://www.racenet.com.au/form-guide/horse-racing/brighton-uk-20260928/matchbook-betting-exchange-supporting-uk-racing-maiden-stakes-gbb-race-race-2/overview,Brighton,2026-09-28,Brighton,"{'eventId': '3439205', 'overall': 'Good', 'rating': None, 'surface': 'Turf', '__typename': 'TrackCondition'}",2,Matchbook Betting Exchange Supporting Uk Racing Maiden Stakes (Gbb Race),1399,"3YO+, Class 4, Class 4, Maiden",18558,6,False,,2,6,Galileo Star,3,Colt,b,Starman,Society Gal,,60.25,,Rossa Ryan,J Tate,0:0-0-0,0,0,0,,,21,,,,,,,,2.35,,14,5,2.35,2.25,-4.3,,,
https://www.racenet.com.au/form-guide/horse-racing/brighton-uk-20260928/matchbook-betting-exchange-supporting-uk-racing-maiden-stakes-gbb-race-race-2/overview,Brighton,2026-09-28,Brighton,"{'eventId': '3439205', 'overall': 'Good', 'rating': None, 'surface': 'Turf', '__typename': 'TrackCondition'}",2,Matchbook Betting Exchange Supporting Uk Racing Maiden Stakes (Gbb Race),1399,"3YO+, Class 4, Class 4, Maiden",18558,6,False,,3,1,All Shall Be Well,3,Filly,b,Without Parole,Four Miracles,,58,,Kieran Shoemark,Jack Jones,1:0-0-1,0,100,-100,3,34,10,24,,,,,,,7.0,,15,4,6,6.5,8.3,,,
https://www.racenet.com.au/form-guide/horse-racing/brighton-uk-20260928/matchbook-betting-exchange-supporting-uk-racing-maiden-stakes-gbb-race-race-2/overview,Brighton,2026-09-28,Brighton,"{'eventId': '3439205', 'overall': 'Good', 'rating': None, 'surface': 'Turf', '__typename': 'TrackCondition'}",2,Matchbook Betting Exchange Supporting Uk Racing Maiden Stakes (Gbb Race),1399,"3YO+, Class 4, Class 4, Maiden",18558,6,False,,4,2,Poor Relation,3,Filly,b,De Treville,Megera,,58,,S D Bowen,Ollie Sangster,6:0-1-2,0,50,-100,7,9,8,26,,,,,,,8.5,,15,2,8,7.5,-6.2,,,
https://www.racenet.com.au/form-guide/horse-racing/brighton-uk-20260928/matchbook-betting-exchange-supporting-uk-racing-maiden-stakes-gbb-race-race-2/overview,Brighton,2026-09-28,Brighton,"{'eventId': '3439205', 'overall': 'Good', 'rating': None, 'surface': 'Turf', '__typename': 'TrackCondition'}",2,Matchbook Betting Exchange Supporting Uk Racing Maiden Stakes (Gbb Race),1399,"3YO+, Class 4, Class 4, Maiden",18558,6,False,,5,3,River Nile,3,Filly,b,Teofilo,Juneau,,58,,Jason Watson,A M Balding,4:0-0-2,0,50,-100,4,2.38,17,11,,,,,,,2.3,,14,2,2.2,2.1,-4.5,,,
https://www.racenet.com.au/form-guide/horse-racing/brighton-uk-20260928/matchbook-betting-exchange-supporting-uk-racing-maiden-stakes-gbb-race-race-2/overview,Brighton,2026-09-28,Brighton,"{'eventId': '3439205', 'overall': 'Good', 'rating': None, 'surface': 'Turf', '__typename': 'TrackCondition'}",2,Matchbook Betting Exchange Supporting Uk Racing Maiden Stakes (Gbb Race),1399,"3YO+, Class 4, Class 4, Maiden",18558,6,False,,6,4,Sakura Impact,3,Filly,b,Mind Your Biscuits,Revenue Share,,58,,Alice Bond,I G-leveque,1:0-0-1,0,100,-100,3,51,67,82,,,,,,,26.0,,15,2,21,23,9.5,,,
https://www.racenet.com.au/form-guide/horse-racing/brighton-uk-20260928/matchbook-monthly-bet-builder-rebate-handicap-race-5/overview,Brighton,2026-09-28,Brighton,"{'eventId': '3439208', 'overall': 'Good', 'rating': None, 'surface': 'Turf', '__typename': 'TrackCondition'}",5,Matchbook Monthly Bet-builder Rebate Handicap,2394,"3YO+, Class 5, Handicap, Class 5, Handicap",14848,7,False,,1,5,Crackergee,4,Gelding,b,Cracksman,Quiz Mistress,,64.5,,David Probert,H Morrison,14:1-1-0,7,14,-68,5,2.38,14,31,,,,,,dsb,5.75,,14,4,5,5,0.0,,,
https://www.racenet.com.au/form-guide/horse-racing/brighton-uk-20260928/matchbook-monthly-bet-builder-rebate-handicap-race-5/overview,Brighton,2026-09-28,Brighton,"{'eventId': '3439208', 'overall': 'Good', 'rating': None, 'surface': 'Turf', '__typename': 'TrackCondition'}",5,Matchbook Monthly Bet-builder Rebate Handicap,2394,"3YO+, Class 5, Handicap, Class 5, Handicap",14848,7,False,,2,2,Gallant Lion,6,Gelding,gr,Roaring Lion,Lysanda,,64,,Jason Watson,Ian Williams,37:6-1-4,16,30,-15,8,34,13,43,,,,,,tcds,5.0,,14,6,6.5,4.2,-35.4,,,
https://www.racenet.com.au/form-guide/horse-racing/brighton-uk-20260928/matchbook-monthly-bet-builder-rebate-handicap-race-5/overview,Brighton,2026-09-28,Brighton,"{'eventId': '3439208', 'overall': 'Good', 'rating': None, 'surface': 'Turf', '__typename': 'TrackCondition'}",5,Matchbook Monthly Bet-builder Rebate Handicap,2394,"3YO+, Class 5, Handicap, Class 5, Handicap",14848,7,False,,3,6,Love You Back,4,Gelding,ch,Galiway,Shamardanse,,63.5,,Warren Fentiman,G & J Moore,15:1-5-3,7,60,-82,2,34,50,156,,,,,,tcd,4.8,,15,6,4.5,4.6,2.2,,,
https://www.racenet.com.au/form-guide/horse-racing/brighton-uk-20260928/matchbook-monthly-bet-builder-rebate-handicap-race-5/overview,Brighton,2026-09-28,Brighton,"{'eventId': '3439208', 'overall': 'Good', 'rating': None, 'surface': 'Turf', '__typename': 'TrackCondition'}",5,Matchbook Monthly Bet-builder Rebate Handicap,2394,"3YO+, Class 5, Handicap, Class 5, Handicap",14848,7,False,,4,4,Bohemian Breeze,6,Gelding,gr,Galileo,Wind Chimes,,62.25,,T P Queally,G & J Moore,49:6-7-10,12,47,-1,3,7,11,35,,,,,,td,8.0,,15,2,7,7.5,7.1,,,
https://www.racenet.com.au/form-guide/horse-racing/brighton-uk-20260928/matchbook-monthly-bet-builder-rebate-handicap-race-5/overview,Brighton,2026-09-28,Brighton,"{'eventId': '3439208', 'overall': 'Good', 'rating': None, 'surface': 'Turf', '__typename': 'TrackCondition'}",5,Matchbook Monthly Bet-builder Rebate Handicap,2394,"3YO+, Class 5, Handicap, Class 5, Handicap",14848,7,False,,5,3,Skimming Along,5,Gelding,b,Postponed,Flylowflylong,,59.75,,Alec Voikhansky,D Steele,10:2-1-0,20,30,115,5,11,50,151,,,,,,tcds,13.0,,14,2,11,12,9.1,,,
https://www.racenet.com.au/form-guide/horse-racing/brighton-uk-20260928/matchbook-monthly-bet-builder-rebate-handicap-race-5/overview,Brighton,2026-09-28,Brighton,"{'eventId': '3439208', 'overall': 'Good', 'rating': None, 'surface': 'Turf', '__typename': 'TrackCondition'}",5,Matchbook Monthly Bet-builder Rebate Handicap,2394,"3YO+, Class 5, Handicap, Class 5, Handicap",14848,7,False,,6,7,Miss Guinevere,3,Filly,b,Camelot,Nope,,58.5,,Paddy Bradley,C Fellowes,5:0-0-2,0,40,-100,3,3.25,16,16,,,,,,b,4.6,,14,3,4.5,4.4,-2.2,,,
https://www.racenet.com.au/form-guide/horse-racing/brighton-uk-20260928/matchbook-monthly-bet-builder-rebate-handicap-race-5/overview,Brighton,2026-09-28,Brighton,"{'eventId': '3439208', 'overall': 'Good', 'rating': None, 'surface': 'Turf', '__typename': 'TrackCondition'}",5,Matchbook Monthly Bet-builder Rebate Handicap,2394,"3YO+, Class 5, Handicap, Class 5, Handicap",14848,7,False,,7,1,Darkest Red,3,Gelding,b,Lope Y Fernandez,Accede,,58,,D Murphy,J R Boyle,14:0-5-0,0,36,-100,2,7,13,18,,,,,,,4.5,,14,5,4.4,4.4,0.0,,,
https://www.racenet.com.au/form-guide/horse-racing/brighton-uk-20260928/matchbook-signup-get-20-back-on-losses-handicap-race-1/overview,Brighton,2026-09-28,Brighton,"{'eventId': '3439204', 'overall': 'Good', 'rating': None, 'surface': 'Turf', '__typename': 'TrackCondition'}",1,Matchbook Signup - Get 20% Back On Losses Handicap,1061,"3YO+, Class 6, Handicap, Class 6, Handicap",12248,10,False,,1,1,Danger Alert,6,Gelding,b,Ardad,Sandy Times,,61.25,,Taryn Langley,Adam Kirby,47:3-9-2,6,30,-60,6,6.5,9,4,,,,,,ds,9.5,,14,5,9,7,-22.2,,,
https://www.racenet.com.au/form-guide/horse-racing/brighton-uk-20260928/matchbook-signup-get-20-back-on-losses-handicap-race-1/overview,Brighton,2026-09-28,Brighton,"{'eventId': '3439204', 'overall': 'Good', 'rating': None, 'surface': 'Turf', '__typename': 'TrackCondition'}",1,Matchbook Signup - Get 20% Back On Losses Handicap,1061,"3YO+, Class 6, Handicap, Class 6, Handicap",12248,10,False,,2,10,Diamond Dreamer,6,Gelding,b,Oasis Dream,Diamond Blaise,,60.75,,David Probert,P R Chamings,42:6-4-5,14,36,18,7,10,13,41,,,,,,s,16.0,,17,3,14,13,-7.1,,,
https://www.racenet.com.au/form-guide/horse-racing/brighton-uk-20260928/matchbook-signup-get-20-back-on-losses-handicap-race-1/overview,Brighton,2026-09-28,Brighton,"{'eventId': '3439204', 'overall': 'Good', 'rating': None, 'surface': 'Turf', '__typename': 'TrackCondition'}",1,Matchbook Signup - Get 20% Back On Losses Handicap,1061,"3YO+, Class 6, Handicap, Class 6, Handicap",12248,10,False,,3,6,Desdemona,4,Filly,b,Showcasing,Rose Marmara,,59.75,,Paddy Bradley,M J Attwater,19:3-3-1,16,37,-7,8,51,8,34,,,,,,d,51.0,,17,2,34,41,20.6,,,
https://www.racenet.com.au/form-guide/horse-racing/brighton-uk-20260928/matchbook-signup-get-20-back-on-losses-handicap-race-1/overview,Brighton,2026-09-28,Brighton,"{'eventId': '3439204', 'overall': 'Good', 'rating': None, 'surface': 'Turf', '__typename': 'TrackCondition'}",1,Matchbook Signup - Get 20% Back On Losses Handicap,1061,"3YO+, Class 6, Handicap, Class 6, Handicap",12248,10,False,,4,7,Dreambird Dolly,4,Filly,b,Tasleet,Quench Dolly,,58.5,,Rossa Ryan,J Gallagher,25:1-5-4,4,40,-70,2,15,22,21,,,,,,,5.0,,17,5,4.8,4.8,0.0,,,
https://www.racenet.com.au/form-guide/horse-racing/brighton-uk-20260928/matchbook-signup-get-20-back-on-losses-handicap-race-1/overview,Brighton,2026-09-28,Brighton,"{'eventId': '3439204', 'overall': 'Good', 'rating': None, 'surface': 'Turf', '__typename': 'TrackCondition'}",1,Matchbook Signup - Get 20% Back On Losses Handicap,1061,"3YO+, Class 6, Handicap, Class 6, Handicap",12248,10,False,,5,2,Harry Brown,6,Gelding,b,Harry Angel,Sarshampla,,58,,Rob Hornby,P Crate,54:6-5-13,11,44,-29,7,23,0,12,,,,,,,6.0,,17,6,7,4.8,-31.4,,,
https://www.racenet.com.au/form-guide/horse-racing/brighton-uk-20260928/matchbook-signup-get-20-back-on-losses-handicap-race-1/overview,Brighton,2026-09-28,Brighton,"{'eventId': '3439204', 'overall': 'Good', 'rating': None, 'surface': 'Turf', '__typename': 'TrackCondition'}",1,Matchbook Signup - Get 20% Back On Losses Handicap,1061,"3YO+, Class 6, Handicap, Class 6, Handicap",12248,10,False,,6,4,Beach Partee,3,Gelding,ch,Lope Y Fernandez,Parsnip,,57.5,,Christian Howarth,S Dixon,27:3-2-3,11,30,52,4,9.5,8,10,,,,,,ts,7.0,,14,3,7.5,6.5,-13.3,,,
https://www.racenet.com.au/form-guide/horse-racing/brighton-uk-20260928/matchbook-signup-get-20-back-on-losses-handicap-race-1/overview,Brighton,2026-09-28,Brighton,"{'eventId': '3439204', 'overall': 'Good', 'rating': None, 'surface': 'Turf', '__typename': 'TrackCondition'}",1,Matchbook Signup - Get 20% Back On Losses Handicap,1061,"3YO+, Class 6, Handicap, Class 6, Handicap",12248,10,False,,7,9,Roman Spring,6,Gelding,br,Caravaggio,Aurora Spring,,57.25,,K T O'Neill,R Cook & J Bridger,51:4-6-6,8,31,-42,1,6,12,21,,,,,,td,5.0,,14,2,4.6,4.8,4.3,,,
https://www.racenet.com.au/form-guide/horse-racing/brighton-uk-20260928/matchbook-signup-get-20-back-on-losses-handicap-race-1/overview,Brighton,2026-09-28,Brighton,"{'eventId': '3439204', 'overall': 'Good', 'rating': None, 'surface': 'Turf', '__typename': 'TrackCondition'}",1,Matchbook Signup - Get 20% Back On Losses Handicap,1061,"3YO+, Class 6, Handicap, Class 6, Handicap",12248,10,False,,8,8,Stapleford Park,4,Gelding,b,Ardad,Totally Lost,,56.75,,Kieren Fox,M J Attwater,18:1-2-0,6,17,-61,6,26,6,26,,,,,,s,26.0,,14,1,23,23,0.0,,,
https://www.racenet.com.au/form-guide/horse-racing/brighton-uk-20260928/matchbook-signup-get-20-back-on-losses-handicap-race-1/overview,Brighton,2026-09-28,Brighton,"{'eventId': '3439204', 'overall': 'Good', 'rating': None, 'surface': 'Turf', '__typename': 'TrackCondition'}",1,Matchbook Signup - Get 20% Back On Losses Handicap,1061,"3YO+, Class 6, Handicap, Class 6, Handicap",12248,10,False,,9,3,Bated Breeze,5,Gelding,b,Bated Breath,Olga Da Polga,,55.75,,Finley Marsh,G & J Moore,24:1-1-4,4,25,-77,3,4.33,0,21,,,,,,tb,4.2,,14,6,3.7,4,8.1,,,
https://www.racenet.com.au/form-guide/horse-racing/brighton-uk-20260928/matchbook-signup-get-20-back-on-losses-handicap-race-1/overview,Brighton,2026-09-28,Brighton,"{'eventId': '3439204', 'overall': 'Good', 'rating': None, 'surface': 'Turf', '__typename': 'TrackCondition'}",1,Matchbook Signup - Get 20% Back On Losses Handicap,1061,"3YO+, Class 6, Handicap, Class 6, Handicap",12248,10,False,,10,5,Anglesey Lad,5,Gelding,br,Kodi Bear,Sign From Heaven,,55,,William Cox,S Dixon,21:0-5-2,0,33,-100,4,5.5,0,137,,,,,,,11.0,,14,3,9.5,9.5,0.0,,,
https://www.racenet.com.au/form-guide/horse-racing/brighton-uk-20260928/play-your-multiples-at-matchbookcom-handicap-race-6/overview,Brighton,2026-09-28,Brighton,"{'eventId': '3439210', 'overall': 'Good', 'rating': None, 'surface': 'Turf', '__typename': 'TrackCondition'}",6,Play Your Multiples At Matchbook.com Handicap,1399,"3YO+, Class 6, Handicap, Class 6, Handicap",12248,12,False,,1,11,Split Elevens,8,Gelding,b,Ajaya,Woodland Scene,,63,,Jack Callan,J Butler,84:14-8-16,17,45,-11,2,34,28,11,,,,,,tcd,9.5,,15,4,8.5,9,5.9,,,
https://www.racenet.com.au/form-guide/horse-racing/brighton-uk-20260928/play-your-multiples-at-matchbookcom-handicap-race-6/overview,Brighton,2026-09-28,Brighton,"{'eventId': '3439210', 'overall': 'Good', 'rating': None, 'surface': 'Turf', '__typename': 'TrackCondition'}",6,Play Your Multiples At Matchbook.com Handicap,1399,"3YO+, Class 6, Handicap, Class 6, Handicap",12248,12,False,,2,1,Royal County Glory,3,Gelding,ch,Cotai Glory,Wychwood Whisper,,62.25,,Rossa Ryan,Jack Jones,14:3-2-2,21,50,-44,1,2,16,16,,,,,,d,3.0,,14,3,2.6,2.6,0.0,,,
https://www.racenet.com.au/form-guide/horse-racing/brighton-uk-20260928/play-your-multiples-at-matchbookcom-handicap-race-6/overview,Brighton,2026-09-28,Brighton,"{'eventId': '3439210', 'overall': 'Good', 'rating': None, 'surface': 'Turf', '__typename': 'TrackCondition'}",6,Play Your Multiples At Matchbook.com Handicap,1399,"3YO+, Class 6, Handicap, Class 6, Handicap",12248,12,False,,3,3,Dark Sun,5,Mare,b,Dark Angel,Solar Gold,,62.25,,Laura Coughlan,J Bennett,24:2-3-2,8,29,-33,12,10,2,15,,,,,,to,19.0,,15,3,15,17,13.3,,,
https://www.racenet.com.au/form-guide/horse-racing/brighton-uk-20260928/play-your-multiples-at-matchbookcom-handicap-race-6/overview,Brighton,2026-09-28,Brighton,"{'eventId': '3439210', 'overall': 'Good', 'rating': None, 'surface': 'Turf', '__typename': 'TrackCondition'}",6,Play Your Multiples At Matchbook.com Handicap,1399,"3YO+, Class 6, Handicap, Class 6, Handicap",12248,12,False,,4,10,Cixi,3,Filly,ch,Daredevil,Crowning Affair,,62.25,,Finley Marsh,J R Boyle,8:0-0-1,0,13,-100,6,19,0,24,,,,,,,14.0,,15,5,17,13,-23.5,,,
https://www.racenet.com.au/form-guide/horse-racing/brighton-uk-20260928/play-your-multiples-at-matchbookcom-handicap-race-6/overview,Brighton,2026-09-28,Brighton,"{'eventId': '3439210', 'overall': 'Good', 'rating': None, 'surface': 'Turf', '__typename': 'TrackCondition'}",6,Play Your Multiples At Matchbook.com Handicap,1399,"3YO+, Class 6, Handicap, Class 6, Handicap",12248,12,False,,5,5,Campani,4,Gelding,b,Time Test,Italian Connection,,61.25,,Daniel Muscutt,D M Simcock,13:3-3-2,23,62,100,2,3.25,11,29,,,,,,tdb,6.0,,14,4,5,5.5,10.0,,,
https://www.racenet.com.au/form-guide/horse-racing/brighton-uk-20260928/play-your-multiples-at-matchbookcom-handicap-race-6/overview,Brighton,2026-09-28,Brighton,"{'eventId': '3439210', 'overall': 'Good', 'rating': None, 'surface': 'Turf', '__typename': 'TrackCondition'}",6,Play Your Multiples At Matchbook.com Handicap,1399,"3YO+, Class 6, Handicap, Class 6, Handicap",12248,12,False,,6,2,Viking Glory,3,Gelding,b,Cotai Glory,Earth Goddess,,60.75,,Cieren Fallon,James Owen,11:1-1-2,9,36,-45,4,17,18,11,,,,,,tcd,9.0,,15,13,12,7.5,-37.5,,,
https://www.racenet.com.au/form-guide/horse-racing/brighton-uk-20260928/play-your-multiples-at-matchbookcom-handicap-race-6/overview,Brighton,2026-09-28,Brighton,"{'eventId': '3439210', 'overall': 'Good', 'rating': None, 'surface': 'Turf', '__typename': 'TrackCondition'}",6,Play Your Multiples At Matchbook.com Handicap,1399,"3YO+, Class 6, Handicap, Class 6, Handicap",12248,12,False,,7,9,Shes Got The Blues,3,Filly,b,Space Blues,Valtina,,60.75,,Kieren Fox,A W Carroll,20:3-1-4,15,40,-55,3,5,9,16,,,,,,tcd,9.5,,14,3,7.5,8.5,13.3,,,
https://www.racenet.com.au/form-guide/horse-racing/brighton-uk-20260928/play-your-multiples-at-matchbookcom-handicap-race-6/overview,Brighton,2026-09-28,Brighton,"{'eventId': '3439210', 'overall': 'Good', 'rating': None, 'surface': 'Turf', '__typename': 'TrackCondition'}",6,Play Your Multiples At Matchbook.com Handicap,1399,"3YO+, Class 6, Handicap, Class 6, Handicap",12248,12,False,,8,4,King David,5,Gelding,gr,Exceed And Excel,Lady Rosamunde,,58.5,,Saffie Osborne,Gay Kelleway,28:1-5-4,4,36,-71,2,3,17,26,,,,,,db,8.5,,17,4,7.5,7,-6.7,,,
https://www.racenet.com.au/form-guide/horse-racing/brighton-uk-20260928/play-your-multiples-at-matchbookcom-handicap-race-6/overview,Brighton,2026-09-28,Brighton,"{'eventId': '3439210', 'overall': 'Good', 'rating': None, 'surface': 'Turf', '__typename': 'TrackCondition'}",6,Play Your Multiples At Matchbook.com Handicap,1399,"3YO+, Class 6, Handicap, Class 6, Handicap",12248,12,False,,9,8,Amathus,9,Gelding,b,Anjaal,Effige,,58,,David Probert,P R Chamings,62:8-5-6,13,31,117,10,51,13,26,,,,,,tcdo,41.0,,14,2,34,31,-8.8,,,
https://www.racenet.com.au/form-guide/horse-racing/brighton-uk-20260928/play-your-multiples-at-matchbookcom-handicap-race-6/overview,Brighton,2026-09-28,Brighton,"{'eventId': '3439210', 'overall': 'Good', 'rating': None, 'surface': 'Turf', '__typename': 'TrackCondition'}",6,Play Your Multiples At Matchbook.com Handicap,1399,"3YO+, Class 6, Handicap, Class 6, Handicap",12248,12,False,,10,7,Pennine Way,3,Filly,b,Aclaim,Why We Dream,,58,,Charles Bishop,J Channon,8:0-1-1,0,25,-100,8,5,13,39,,,,,,,19.0,,14,4,14,16,14.3,,,
https://www.racenet.com.au/form-guide/horse-racing/brighton-uk-20260928/play-your-multiples-at-matchbookcom-handicap-race-6/overview,Brighton,2026-09-28,Brighton,"{'eventId': '3439210', 'overall': 'Good', 'rating': None, 'surface': 'Turf', '__typename': 'TrackCondition'}",6,Play Your Multiples At Matchbook.com Handicap,1399,"3YO+, Class 6, Handicap, Class 6, Handicap",12248,12,False,,11,6,Superstorm,3,Gelding,b,Oasis Dream,Mystic Storm,,57.25,,Mikkel Mortensen,C Fellowes,15:1-2-2,7,33,-60,4,2.1,11,25,,,,,,tcdb,7.5,,15,2,6.5,7,7.7,,,
https://www.racenet.com.au/form-guide/horse-racing/brighton-uk-20260928/play-your-multiples-at-matchbookcom-handicap-race-6/overview,Brighton,2026-09-28,Brighton,"{'eventId': '3439210', 'overall': 'Good', 'rating': None, 'surface': 'Turf', '__typename': 'TrackCondition'}",6,Play Your Multiples At Matchbook.com Handicap,1399,"3YO+, Class 6, Handicap, Class 6, Handicap",12248,12,False,,12,12,Barnsnape Boy,5,Gelding,gr,Iffraaj,Scenesetter,,55,,D Murphy,J R Boyle,27:3-0-1,11,15,7,7,15,13,53,,,,,,tcd,51.0,,14,1,41,41,0.0,,,
https://www.racenet.com.au/form-guide/horse-racing/bunbury-20260928/chaff-city-choice-of-champions-maiden-race-2/overview,Bunbury,2026-09-28,Bunbury,"{'eventId': '3435812', 'overall': 'Soft', 'rating': '5', 'surface': 'Turf', '__typename': 'TrackCondition'}",2,Chaff City - Choice Of Champions Maiden,1100,"3-Y-O & Up, Maiden, Set Weights",25000,11,False,,1,5,Profound Benefit,6,Gelding,BAY,Deep Field,Ms Mazetti,,58,52.5,Tara Atherden,Brian Kersley,21:0-2-4,0,29,-100,5,11,0,32,0.05,-0.61,-0.85,-0.82,0.66,,17.0,,19,10,20,14,-30.0,,,
https://www.racenet.com.au/form-guide/horse-racing/bunbury-20260928/chaff-city-choice-of-champions-maiden-race-2/overview,Bunbury,2026-09-28,Bunbury,"{'eventId': '3435812', 'overall': 'Soft', 'rating': '5', 'surface': 'Turf', '__typename': 'TrackCondition'}",2,Chaff City - Choice Of Champions Maiden,1100,"3-Y-O & Up, Maiden, Set Weights",25000,11,False,,2,11,Findout,7,Gelding,CHESTNUT,So Secret,Sojourn,,58,53,Jarrad Noske,Greg Carige,14:0-0-1,0,7,-100,9,151,5,11,0.27,-0.34,-0.27,-0.4,1.16,(HT),41.0,,19,8,41,31,-24.4,,,
https://www.racenet.com.au/form-guide/horse-racing/bunbury-20260928/chaff-city-choice-of-champions-maiden-race-2/overview,Bunbury,2026-09-28,Bunbury,"{'eventId': '3435812', 'overall': 'Soft', 'rating': '5', 'surface': 'Turf', '__typename': 'TrackCondition'}",2,Chaff City - Choice Of Champions Maiden,1100,"3-Y-O & Up, Maiden, Set Weights",25000,11,False,,3,3,Dreamlord,4,Gelding,BROWN,Playing God,We've Got Dreams,,58,50,Madi Derrick,Phil Naylor,7:0-0-0,0,0,-100,12,101,0,18,0.53,0.13,0.35,0.31,1.65,o(HT),61.0,,18,6,101,41,-59.4,,,
https://www.racenet.com.au/form-guide/horse-racing/bunbury-20260928/chaff-city-choice-of-champions-maiden-race-2/overview,Bunbury,2026-09-28,Bunbury,"{'eventId': '3435812', 'overall': 'Soft', 'rating': '5', 'surface': 'Turf', '__typename': 'TrackCondition'}",2,Chaff City - Choice Of Champions Maiden,1100,"3-Y-O & Up, Maiden, Set Weights",25000,11,False,,4,8,Our Enchantress,4,Mare,BAY,Safeguard,Magic And Danger,,56,53,Joey Azzopardi,Jeremy Easthope,10:0-0-1,0,10,-100,10,19,0,22,-0.1,-0.36,-0.45,-0.52,2.02,o,34.0,,19,4,34,23,-32.4,,,
https://www.racenet.com.au/form-guide/horse-racing/bunbury-20260928/chaff-city-choice-of-champions-maiden-race-2/overview,Bunbury,2026-09-28,Bunbury,"{'eventId': '3435812', 'overall': 'Soft', 'rating': '5', 'surface': 'Turf', '__typename': 'TrackCondition'}",2,Chaff City - Choice Of Champions Maiden,1100,"3-Y-O & Up, Maiden, Set Weights",25000,11,False,,5,12,Intimidation Time,4,Mare,BAY,Time To Reign,Intimate Passion,,56,51.5,Chanel Cooper,Cammeron Ellery,4:0-0-0,0,0,-100,5,31,0,95,0.2,-0.07,-0.25,-0.24,1.13,,15.0,,19,8,19,13,-31.6,,,
https://www.racenet.com.au/form-guide/horse-racing/bunbury-20260928/chaff-city-choice-of-champions-maiden-race-2/overview,Bunbury,2026-09-28,Bunbury,"{'eventId': '3435812', 'overall': 'Soft', 'rating': '5', 'surface': 'Turf', '__typename': 'TrackCondition'}",2,Chaff City - Choice Of Champions Maiden,1100,"3-Y-O & Up, Maiden, Set Weights",25000,11,False,,6,1,Latina Melody,4,Mare,CHESTNUT,Written By,Lopez,,56,54,Holly Watson,Stephanie Bakranich,2:0-0-0,0,0,-100,7,19,12,12,0.17,0.34,0.38,0.15,1.46,o,7.0,,19,11,8,6.25,-21.9,,,
https://www.racenet.com.au/form-guide/horse-racing/bunbury-20260928/chaff-city-choice-of-champions-maiden-race-2/overview,Bunbury,2026-09-28,Bunbury,"{'eventId': '3435812', 'overall': 'Soft', 'rating': '5', 'surface': 'Turf', '__typename': 'TrackCondition'}",2,Chaff City - Choice Of Champions Maiden,1100,"3-Y-O & Up, Maiden, Set Weights",25000,11,False,,8,9,Cartier Glow,3,Gelding,BAY,Russian Revolution,Cartier Love,,55.5,50,Jefferson Tsang,Tom Wolfe,3:0-1-1,0,67,-100,2,6,33,11,0.46,-0.18,0.15,0.15,1.49,,3.25,,19,10,4,2.7,-32.5,,,
https://www.racenet.com.au/form-guide/horse-racing/bunbury-20260928/chaff-city-choice-of-champions-maiden-race-2/overview,Bunbury,2026-09-28,Bunbury,"{'eventId': '3435812', 'overall': 'Soft', 'rating': '5', 'surface': 'Turf', '__typename': 'TrackCondition'}",2,Chaff City - Choice Of Champions Maiden,1100,"3-Y-O & Up, Maiden, Set Weights",25000,11,False,,9,7,Bold Flying,3,Gelding,BAY,Prague,Flying Strike,,55.5,52,Shaun McGruddy,Rebecca Bayliss,0:0-0-0,0,0,0,,,0,,,,,,,,4.2,,19,10,6,3.6,-40.0,,,
https://www.racenet.com.au/form-guide/horse-racing/bunbury-20260928/chaff-city-choice-of-champions-maiden-race-2/overview,Bunbury,2026-09-28,Bunbury,"{'eventId': '3435812', 'overall': 'Soft', 'rating': '5', 'surface': 'Turf', '__typename': 'TrackCondition'}",2,Chaff City - Choice Of Champions Maiden,1100,"3-Y-O & Up, Maiden, Set Weights",25000,11,False,,10,4,Bondex,3,Gelding,CHESTNUT,Bondi,Exalted Lauretta,,55.5,46,Tash Faithfull,Mack Hall,1:0-0-0,0,0,-100,11,81,2,12,0.46,0.56,0.79,1.12,1.5,o,41.0,,18,8,61,34,-44.3,,,
https://www.racenet.com.au/form-guide/horse-racing/bunbury-20260928/chaff-city-choice-of-champions-maiden-race-2/overview,Bunbury,2026-09-28,Bunbury,"{'eventId': '3435812', 'overall': 'Soft', 'rating': '5', 'surface': 'Turf', '__typename': 'TrackCondition'}",2,Chaff City - Choice Of Champions Maiden,1100,"3-Y-O & Up, Maiden, Set Weights",25000,11,False,,11,2,My Malena,3,Filly,BAY,Jimmy Choux,Diamalena,,53.5,53,Lucy Fiore,David Harrison,3:0-1-0,0,33,-100,5,8,14,18,0.18,-0.35,-0.16,-0.2,1.65,,3.3,,19,9,4.5,2.9,-35.6,,,
https://www.racenet.com.au/form-guide/horse-racing/bunbury-20260928/chaff-city-choice-of-champions-maiden-race-2/overview,Bunbury,2026-09-28,Bunbury,"{'eventId': '3435812', 'overall': 'Soft', 'rating': '5', 'surface': 'Turf', '__typename': 'TrackCondition'}",2,Chaff City - Choice Of Champions Maiden,1100,"3-Y-O & Up, Maiden, Set Weights",25000,11,False,,12,10,Himalayan Express,3,Filly,CHESTNUT,Pinatubo,Indian Flower,,53.5,50,Victoria Corver,Ryan Hill,2:0-0-0,0,0,-100,6,81,8,15,-0.13,-0.2,-0.42,-0.06,1.87,,34.0,,19,6,34,26,-23.5,,,
https://www.racenet.com.au/form-guide/horse-racing/bunbury-20260928/chaff-city-choice-of-champions-maiden-race-2/overview,Bunbury,2026-09-28,Bunbury,"{'eventId': '3435812', 'overall': 'Soft', 'rating': '5', 'surface': 'Turf', '__typename': 'TrackCondition'}",2,Chaff City - Choice Of Champions Maiden,1100,"3-Y-O & Up, Maiden, Set Weights",25000,11,False,SCRATCHED,7,6,Three Virgo's,4,Mare,BAY OR BROWN,Russian Camelot,To Your Health,SCRATCHED,56,51,William Pike,Grant & Alana Williams,1:0-0-0,0,0,-100,15,5.5,30,190,0.63,0.68,0.49,-0.13,2.96,o,2.2,,19,7,2.35,1.95,-17.0,-1,,0
https://www.racenet.com.au/form-guide/horse-racing/bunbury-20260928/chaff-city-complete-horse-diet-handicap-race-5/overview,Bunbury,2026-09-28,Bunbury,"{'eventId': '3435816', 'overall': 'Soft', 'rating': '5', 'surface': 'Turf', '__typename': 'TrackCondition'}",5,Chaff City Complete Horse Diet Handicap,1000,"3-Y-O & Up, Class 1, Handicap",30000,8,False,,1,5,Bonditram,4,Gelding,BAY,Bondi,Therese,,60,50,Jefferson Tsang,Brendon Fitz-gerald,7:1-1-2,14,57,-50,3,8,16,12,-0.43,-0.97,-1,-1.11,0.52,(HT),3.4,,19,5,3.2,3,-6.3,,,
https://www.racenet.com.au/form-guide/horse-racing/bunbury-20260928/chaff-city-complete-horse-diet-handicap-race-5/overview,Bunbury,2026-09-28,Bunbury,"{'eventId': '3435816', 'overall': 'Soft', 'rating': '5', 'surface': 'Turf', '__typename': 'TrackCondition'}",5,Chaff City Complete Horse Diet Handicap,1000,"3-Y-O & Up, Class 1, Handicap",30000,8,False,,2,2,Nailed'em,4,Gelding,CHESTNUT,Headwater,Cowgirl Claire,,58.5,46,Tash Faithfull,Samantha Faithfull,5:1-3-0,20,80,-24,6,6,13,204,0.47,0.67,1.14,1.32,1.63,,6.0,,19,3,5,5,0.0,,,
https://www.racenet.com.au/form-guide/horse-racing/bunbury-20260928/chaff-city-complete-horse-diet-handicap-race-5/overview,Bunbury,2026-09-28,Bunbury,"{'eventId': '3435816', 'overall': 'Soft', 'rating': '5', 'surface': 'Turf', '__typename': 'TrackCondition'}",5,Chaff City Complete Horse Diet Handicap,1000,"3-Y-O & Up, Class 1, Handicap",30000,8,False,,3,7,Artie's Eclipse,4,Mare,BAY,Flying Artie,Saturia,,58,51,Ava Catarino,David Catarino,13:1-3-1,8,38,-31,9,21,7,33,0.04,-0.2,-0.01,-0.01,1.28,tcdso,13.0,,19,8,14,10,-28.6,,,
https://www.racenet.com.au/form-guide/horse-racing/bunbury-20260928/chaff-city-complete-horse-diet-handicap-race-5/overview,Bunbury,2026-09-28,Bunbury,"{'eventId': '3435816', 'overall': 'Soft', 'rating': '5', 'surface': 'Turf', '__typename': 'TrackCondition'}",5,Chaff City Complete Horse Diet Handicap,1000,"3-Y-O & Up, Class 1, Handicap",30000,8,False,,4,1,London's Rascal,4,Mare,BAY,Gingerbread Man,Amillionite,,56,50,Victoria Corver,Ryan Hill,13:1-0-1,8,15,15,10,15,8,75,0.1,-0.23,0.08,-0.08,1.61,o(D/A),13.0,,19,4,11,9.5,-13.6,,,
https://www.racenet.com.au/form-guide/horse-racing/bunbury-20260928/chaff-city-complete-horse-diet-handicap-race-5/overview,Bunbury,2026-09-28,Bunbury,"{'eventId': '3435816', 'overall': 'Soft', 'rating': '5', 'surface': 'Turf', '__typename': 'TrackCondition'}",5,Chaff City Complete Horse Diet Handicap,1000,"3-Y-O & Up, Class 1, Handicap",30000,8,False,,5,3,The Mighty Bell,6,Mare,BAY,I'm All the Talk,Karma Bell,,56,53,Jarrad Noske,Brent Larsson,11:1-0-3,9,36,-56,7,13,0,372,-0.31,-0.94,-1.21,-1.15,0.31,ds(HT),10.0,,19,6,14,9,-35.7,,,
https://www.racenet.com.au/form-guide/horse-racing/bunbury-20260928/chaff-city-complete-horse-diet-handicap-race-5/overview,Bunbury,2026-09-28,Bunbury,"{'eventId': '3435816', 'overall': 'Soft', 'rating': '5', 'surface': 'Turf', '__typename': 'TrackCondition'}",5,Chaff City Complete Horse Diet Handicap,1000,"3-Y-O & Up, Class 1, Handicap",30000,8,False,,6,8,London Rose,3,Filly,BAY,Splintex,London Miss,,55.5,49,Jason Li,Daniel O'Connor,10:1-1-2,10,40,-50,1,5,0,15,-0.04,-0.07,0.3,0.1,1.24,d,2.1,,19,7,1.9,1.8,-5.3,,,
https://www.racenet.com.au/form-guide/horse-racing/bunbury-20260928/chaff-city-complete-horse-diet-handicap-race-5/overview,Bunbury,2026-09-28,Bunbury,"{'eventId': '3435816', 'overall': 'Soft', 'rating': '5', 'surface': 'Turf', '__typename': 'TrackCondition'}",5,Chaff City Complete Horse Diet Handicap,1000,"3-Y-O & Up, Class 1, Handicap",30000,8,False,,7,4,Firey Panz,7,Mare,BAY,Panzer Division,Burningwood,,54,51.5,Chanel Cooper,Phil Naylor,65:1-7-12,2,31,-97,6,16,0,25,-0.08,-0.53,-0.54,-0.48,0.92,(HT),29.0,,19,4,26,23,-11.5,,,
https://www.racenet.com.au/form-guide/horse-racing/bunbury-20260928/chaff-city-complete-horse-diet-handicap-race-5/overview,Bunbury,2026-09-28,Bunbury,"{'eventId': '3435816', 'overall': 'Soft', 'rating': '5', 'surface': 'Turf', '__typename': 'TrackCondition'}",5,Chaff City Complete Horse Diet Handicap,1000,"3-Y-O & Up, Class 1, Handicap",30000,8,False,,8,6,Varazze,5,Mare,BAY,Pierro,Undoubted Pleasure,,54,50,Madi Derrick,Phil Naylor,24:1-4-5,4,42,-33,8,41,0,15,0.21,-0.02,-0.12,-0.04,0.9,dho(HT),51.0,,18,2,51,41,-19.6,,,
https://www.racenet.com.au/form-guide/horse-racing/bunbury-20260928/kettridges-av-maiden-race-6/overview,Bunbury,2026-09-28,Bunbury,"{'eventId': '3435817', 'overall': 'Soft', 'rating': '5', 'surface': 'Turf', '__typename': 'TrackCondition'}",6,Kettridges Av Maiden,1400,"3-Y-O & Up, Maiden, Set Weights",25000,14,False,,1,8,Rocking In Vegas,6,Gelding,BAY,Awesome Rock,Star of Vegas,,58,55.5,Taj Dyson,Kirsten Melis,19:0-3-6,0,47,-100,3,10,5,12,-0.43,-0.97,-1.14,-1.4,0.77,,7.5,,19,10,6,6.25,4.2,,,
https://www.racenet.com.au/form-guide/horse-racing/bunbury-20260928/kettridges-av-maiden-race-6/overview,Bunbury,2026-09-28,Bunbury,"{'eventId': '3435817', 'overall': 'Soft', 'rating': '5', 'surface': 'Turf', '__typename': 'TrackCondition'}",6,Kettridges Av Maiden,1400,"3-Y-O & Up, Maiden, Set Weights",25000,14,False,,2,10,Wardikcar,5,Gelding,BROWN OR BLACK,Pariah,Pony Power,,58,52.5,Clint Johnston-porter,Summer Dickson,3:0-1-1,0,67,-100,2,3.5,4,11,-0.41,-1.42,-1.07,-1.61,1.14,,5.0,,19,8,5,4.4,-12.0,,,
https://www.racenet.com.au/form-guide/horse-racing/bunbury-20260928/kettridges-av-maiden-race-6/overview,Bunbury,2026-09-28,Bunbury,"{'eventId': '3435817', 'overall': 'Soft', 'rating': '5', 'surface': 'Turf', '__typename': 'TrackCondition'}",6,Kettridges Av Maiden,1400,"3-Y-O & Up, Maiden, Set Weights",25000,14,False,,3,1,Gilded Reign,4,Gelding,CHESTNUT,Long Leaf,She's Readytoreign,,58,53,Paul Harvey,Darren McAuliffe,9:0-0-1,0,11,-100,4,13,18,18,0.47,0.3,0.43,0.35,1.78,,9.0,,19,14,9,8.5,-5.6,,,
https://www.racenet.com.au/form-guide/horse-racing/bunbury-20260928/kettridges-av-maiden-race-6/overview,Bunbury,2026-09-28,Bunbury,"{'eventId': '3435817', 'overall': 'Soft', 'rating': '5', 'surface': 'Turf', '__typename': 'TrackCondition'}",6,Kettridges Av Maiden,1400,"3-Y-O & Up, Maiden, Set Weights",25000,14,False,,4,11,Banffshire,4,Gelding,CHESTNUT,Rogano,Montanui Miss,,58,54.5,Alex Hearn,Warwick Bradshaw,4:0-0-0,0,0,-100,10,41,9,11,-0.1,-0.47,-0.24,-0.6,1.78,o,126.0,,19,5,126,101,-19.8,,,
https://www.racenet.com.au/form-guide/horse-racing/bunbury-20260928/kettridges-av-maiden-race-6/overview,Bunbury,2026-09-28,Bunbury,"{'eventId': '3435817', 'overall': 'Soft', 'rating': '5', 'surface': 'Turf', '__typename': 'TrackCondition'}",6,Kettridges Av Maiden,1400,"3-Y-O & Up, Maiden, Set Weights",25000,14,False,,5,3,Pacific Frost,4,Gelding,GREY,Frosted,Indi Pacific,,58,53,Joey Azzopardi,Brendon Fitz-gerald,4:0-0-0,0,0,-100,9,101,7,11,0.14,-0.55,0.11,0.04,2.42,(HT),151.0,,18,9,61,126,106.6,,,
https://www.racenet.com.au/form-guide/horse-racing/bunbury-20260928/kettridges-av-maiden-race-6/overview,Bunbury,2026-09-28,Bunbury,"{'eventId': '3435817', 'overall': 'Soft', 'rating': '5', 'surface': 'Turf', '__typename': 'TrackCondition'}",6,Kettridges Av Maiden,1400,"3-Y-O & Up, Maiden, Set Weights",25000,14,False,,6,9,Suzano,4,Gelding,BAY,Russian Revolution,Summer Fun,,58,52.5,Natika Riordan,Fenella Martin,0:0-0-0,0,0,0,,,6,,,,,,,,71.0,,19,10,41,51,24.4,,,
https://www.racenet.com.au/form-guide/horse-racing/bunbury-20260928/kettridges-av-maiden-race-6/overview,Bunbury,2026-09-28,Bunbury,"{'eventId': '3435817', 'overall': 'Soft', 'rating': '5', 'surface': 'Turf', '__typename': 'TrackCondition'}",6,Kettridges Av Maiden,1400,"3-Y-O & Up, Maiden, Set Weights",25000,14,False,,7,12,Zali's Gift,4,Mare,BAY OR BROWN,Sessions,Showzali,,56,53,Lucy Fiore,Brandon Fiore,13:0-2-3,0,38,-100,8,3.5,11,18,-0.22,-0.77,-0.46,-0.56,1.28,b,9.5,,19,12,8,7.5,-6.2,,,
https://www.racenet.com.au/form-guide/horse-racing/bunbury-20260928/kettridges-av-maiden-race-6/overview,Bunbury,2026-09-28,Bunbury,"{'eventId': '3435817', 'overall': 'Soft', 'rating': '5', 'surface': 'Turf', '__typename': 'TrackCondition'}",6,Kettridges Av Maiden,1400,"3-Y-O & Up, Maiden, Set Weights",25000,14,False,,8,6,Diamond Choux,5,Mare,CHESTNUT,Jimmy Choux,Elsie's Rhapsody,,56,52,Chris Parnham,Ross Price,15:0-2-2,0,27,-100,3,10,9,11,-0.38,-0.89,-0.98,-1.14,1.53,,26.0,,19,11,9,19,111.1,,,
https://www.racenet.com.au/form-guide/horse-racing/bunbury-20260928/kettridges-av-maiden-race-6/overview,Bunbury,2026-09-28,Bunbury,"{'eventId': '3435817', 'overall': 'Soft', 'rating': '5', 'surface': 'Turf', '__typename': 'TrackCondition'}",6,Kettridges Av Maiden,1400,"3-Y-O & Up, Maiden, Set Weights",25000,14,False,,9,2,Coracao,4,Mare,BAY,Long Leaf,Quirimbas,,56,50,Jefferson Tsang,Kirryn Scallan,14:0-1-0,0,7,-100,6,13,0,11,0.25,-0.47,-0.12,-0.18,1.9,,26.0,,19,8,14,21,50.0,,,
https://www.racenet.com.au/form-guide/horse-racing/bunbury-20260928/kettridges-av-maiden-race-6/overview,Bunbury,2026-09-28,Bunbury,"{'eventId': '3435817', 'overall': 'Soft', 'rating': '5', 'surface': 'Turf', '__typename': 'TrackCondition'}",6,Kettridges Av Maiden,1400,"3-Y-O & Up, Maiden, Set Weights",25000,14,False,,10,5,Momotaro,4,Mare,BAY,Maurice,My Dreamland,,56,54.5,Brayden Gaerth,Jarrad Humphries,7:0-0-1,0,14,-100,6,20,0,11,0.3,-0.04,-0.18,-0.28,2.16,,61.0,,19,12,14,41,192.9,,,
https://www.racenet.com.au/form-guide/horse-racing/bunbury-20260928/kettridges-av-maiden-race-6/overview,Bunbury,2026-09-28,Bunbury,"{'eventId': '3435817', 'overall': 'Soft', 'rating': '5', 'surface': 'Turf', '__typename': 'TrackCondition'}",6,Kettridges Av Maiden,1400,"3-Y-O & Up, Maiden, Set Weights",25000,14,False,,11,13,Browning Street,3,Gelding,BAY OR BROWN,Long Leaf,Snitz 'n' Giggles,,55.5,46,Tash Faithfull,Sue Naylor,1:0-0-1,0,100,-100,3,51,0,18,-0.45,-1.61,-1.27,-1.86,0.76,,5.0,,19,7,6.5,3.9,-40.0,,,
https://www.racenet.com.au/form-guide/horse-racing/bunbury-20260928/kettridges-av-maiden-race-6/overview,Bunbury,2026-09-28,Bunbury,"{'eventId': '3435817', 'overall': 'Soft', 'rating': '5', 'surface': 'Turf', '__typename': 'TrackCondition'}",6,Kettridges Av Maiden,1400,"3-Y-O & Up, Maiden, Set Weights",25000,14,False,,12,7,All The Rage,3,Gelding,BAY,Hellbent,Raging Queen,,55.5,,Steven Parnham,Stefan Vahala,2:0-0-0,0,0,-100,4,10,10,173,0.17,0.07,0.3,0.03,1.69,,14.0,,19,7,10,13,30.0,,,
https://www.racenet.com.au/form-guide/horse-racing/bunbury-20260928/kettridges-av-maiden-race-6/overview,Bunbury,2026-09-28,Bunbury,"{'eventId': '3435817', 'overall': 'Soft', 'rating': '5', 'surface': 'Turf', '__typename': 'TrackCondition'}",6,Kettridges Av Maiden,1400,"3-Y-O & Up, Maiden, Set Weights",25000,14,False,,13,4,Dynastic Lass,3,Filly,BAY OR BROWN,Headwater,Leica's Lass,,53.5,50,Victoria Corver,Ryan Hill,4:0-1-0,0,25,-100,2,9,8,15,0.12,-0.01,0.1,,1.08,,8.5,,19,12,6,8,33.3,,,
https://www.racenet.com.au/form-guide/horse-racing/bunbury-20260928/kettridges-av-maiden-race-6/overview,Bunbury,2026-09-28,Bunbury,"{'eventId': '3435817', 'overall': 'Soft', 'rating': '5', 'surface': 'Turf', '__typename': 'TrackCondition'}",6,Kettridges Av Maiden,1400,"3-Y-O & Up, Maiden, Set Weights",25000,14,False,,14,14,Lunaris,3,Filly,BAY OR BROWN,So You Think,Black Tulip,,53.5,51,William Pike,Michael Grantham,1:0-0-0,0,0,-100,8,2.8,25,11,-0.37,-1.1,-0.72,-1.11,1.5,b,5.5,,19,7,4.6,4.2,-8.7,,,
https://www.racenet.com.au/form-guide/horse-racing/bunbury-20260928/kettridges-quality-stockfeeds-maiden-race-3/overview,Bunbury,2026-09-28,Bunbury,"{'eventId': '3435813', 'overall': 'Soft', 'rating': '5', 'surface': 'Turf', '__typename': 'TrackCondition'}",3,Kettridges - Quality Stockfeeds Maiden,1400,"3-Y-O & Up, Maiden, Set Weights",25000,11,False,,1,8,Agent Remington,5,Gelding,BAY,Puissance de Lune,Remy Martini,,58,53,Cassey Martinan,Warwick Bradshaw,4:0-1-2,0,75,-100,3,9,0,18,0.06,-0.15,0.55,0.12,1.16,,5.0,,19,15,5.5,4.2,-23.6,,,
https://www.racenet.com.au/form-guide/horse-racing/bunbury-20260928/kettridges-quality-stockfeeds-maiden-race-3/overview,Bunbury,2026-09-28,Bunbury,"{'eventId': '3435813', 'overall': 'Soft', 'rating': '5', 'surface': 'Turf', '__typename': 'TrackCondition'}",3,Kettridges - Quality Stockfeeds Maiden,1400,"3-Y-O & Up, Maiden, Set Weights",25000,11,False,,2,10,Twisted Trickster,5,Gelding,BAY,Oratorio,New York Philly,,58,51,William Pike,Roy Rogers,9:0-1-1,0,22,-100,7,41,26,5,0.14,0.24,0.48,0.4,1.84,,3.7,,19,15,5,3.3,-34.0,,,
https://www.racenet.com.au/form-guide/horse-racing/bunbury-20260928/kettridges-quality-stockfeeds-maiden-race-3/overview,Bunbury,2026-09-28,Bunbury,"{'eventId': '3435813', 'overall': 'Soft', 'rating': '5', 'surface': 'Turf', '__typename': 'TrackCondition'}",3,Kettridges - Quality Stockfeeds Maiden,1400,"3-Y-O & Up, Maiden, Set Weights",25000,11,False,,3,11,Last Shout,5,Gelding,BAY OR BROWN,Sessions,Scenic Rules,,58,53,Joey Azzopardi,Brendon Fitz-gerald,6:0-0-2,0,33,-100,5,41,7,18,-0.14,-0.63,-0.13,,1.73,(HT),13.0,,19,12,14,10,-28.6,,,
https://www.racenet.com.au/form-guide/horse-racing/bunbury-20260928/kettridges-quality-stockfeeds-maiden-race-3/overview,Bunbury,2026-09-28,Bunbury,"{'eventId': '3435813', 'overall': 'Soft', 'rating': '5', 'surface': 'Turf', '__typename': 'TrackCondition'}",3,Kettridges - Quality Stockfeeds Maiden,1400,"3-Y-O & Up, Maiden, Set Weights",25000,11,False,,5,4,Hamadryad,6,Mare,BAY,Ducimus,Karriwood,,56,50,Jefferson Tsang,Simon Proudfoot,16:0-1-0,0,6,-100,2,12,0,11,0.12,-0.38,-0.23,-0.14,1.17,,5.5,,19,12,6,4.8,-20.0,,,
https://www.racenet.com.au/form-guide/horse-racing/bunbury-20260928/kettridges-quality-stockfeeds-maiden-race-3/overview,Bunbury,2026-09-28,Bunbury,"{'eventId': '3435813', 'overall': 'Soft', 'rating': '5', 'surface': 'Turf', '__typename': 'TrackCondition'}",3,Kettridges - Quality Stockfeeds Maiden,1400,"3-Y-O & Up, Maiden, Set Weights",25000,11,False,,6,6,Spiritart,5,Mare,BAY,Flying Artie,Spiritual,,56,54.5,Alex Hearn,Charlotte Skerritt,7:0-0-0,0,0,-100,5,61,8,11,0.19,-0.29,-0.23,-0.54,1.99,(HT),34.0,,19,11,20,26,30.0,,,
https://www.racenet.com.au/form-guide/horse-racing/bunbury-20260928/kettridges-quality-stockfeeds-maiden-race-3/overview,Bunbury,2026-09-28,Bunbury,"{'eventId': '3435813', 'overall': 'Soft', 'rating': '5', 'surface': 'Turf', '__typename': 'TrackCondition'}",3,Kettridges - Quality Stockfeeds Maiden,1400,"3-Y-O & Up, Maiden, Set Weights",25000,11,False,,7,9,Producimus,4,Mare,BAY,Ducimus,Shezapro,,56,53,Chloe Azzopardi,Darren Taylor,5:0-0-0,0,0,-100,5,51,2,18,0.22,-0.36,-0.65,-0.72,1.34,,12.0,,19,16,18,9,-50.0,,,
https://www.racenet.com.au/form-guide/horse-racing/bunbury-20260928/kettridges-quality-stockfeeds-maiden-race-3/overview,Bunbury,2026-09-28,Bunbury,"{'eventId': '3435813', 'overall': 'Soft', 'rating': '5', 'surface': 'Turf', '__typename': 'TrackCondition'}",3,Kettridges - Quality Stockfeeds Maiden,1400,"3-Y-O & Up, Maiden, Set Weights",25000,11,False,,8,2,Fortgang,4,Mare,BAY,Rommel,Leitfaden,,56,52,Chris Parnham,Neville Parnham,4:0-0-0,0,0,-100,8,21,13,11,-0.23,-0.48,-0.1,-0.19,2.23,,29.0,,19,12,19,23,21.1,,,
https://www.racenet.com.au/form-guide/horse-racing/bunbury-20260928/kettridges-quality-stockfeeds-maiden-race-3/overview,Bunbury,2026-09-28,Bunbury,"{'eventId': '3435813', 'overall': 'Soft', 'rating': '5', 'surface': 'Turf', '__typename': 'TrackCondition'}",3,Kettridges - Quality Stockfeeds Maiden,1400,"3-Y-O & Up, Maiden, Set Weights",25000,11,False,,9,3,Lexan'ruby,4,Mare,CHESTNUT,I'm All the Talk,De La Reign,,56,54,Zephen Johnston-porter,Kirsten Melis,4:0-0-0,0,0,-100,11,71,0,18,0.04,-0.61,-0.5,-0.68,0.98,o,41.0,,19,12,46,26,-43.5,,,
https://www.racenet.com.au/form-guide/horse-racing/bunbury-20260928/kettridges-quality-stockfeeds-maiden-race-3/overview,Bunbury,2026-09-28,Bunbury,"{'eventId': '3435813', 'overall': 'Soft', 'rating': '5', 'surface': 'Turf', '__typename': 'TrackCondition'}",3,Kettridges - Quality Stockfeeds Maiden,1400,"3-Y-O & Up, Maiden, Set Weights",25000,11,False,,11,13,Told You,7,Mare,CHESTNUT,So Secret,Meander,,56,53,Jarrad Noske,Greg Carige,6:0-0-0,0,0,-100,11,101,5,46,0.7,0.56,0.82,0.84,2.99,o(HT),151.0,,18,4,151,126,-16.6,,,
https://www.racenet.com.au/form-guide/horse-racing/bunbury-20260928/kettridges-quality-stockfeeds-maiden-race-3/overview,Bunbury,2026-09-28,Bunbury,"{'eventId': '3435813', 'overall': 'Soft', 'rating': '5', 'surface': 'Turf', '__typename': 'TrackCondition'}",3,Kettridges - Quality Stockfeeds Maiden,1400,"3-Y-O & Up, Maiden, Set Weights",25000,11,False,,12,5,Ze Deel,3,Filly,BAY,Dundeel,Zestily,,53.5,51.5,Chanel Cooper,Tiarnna Noske,1:0-0-0,0,0,-100,4,21,0,12,-0.6,-0.62,-0.49,-0.3,0.92,,4.4,,19,10,5.5,3.8,-30.9,,,
https://www.racenet.com.au/form-guide/horse-racing/bunbury-20260928/kettridges-quality-stockfeeds-maiden-race-3/overview,Bunbury,2026-09-28,Bunbury,"{'eventId': '3435813', 'overall': 'Soft', 'rating': '5', 'surface': 'Turf', '__typename': 'TrackCondition'}",3,Kettridges - Quality Stockfeeds Maiden,1400,"3-Y-O & Up, Maiden, Set Weights",25000,11,False,,13,1,Talkisstillcheap,3,Filly,BROWN,Grunt,Princess Peggy,,53.5,53,Lucy Fiore,Brandon Fiore,0:0-0-0,0,0,0,,,11,,,,,,,,11.0,,19,11,7,8.5,21.4,,,
https://www.racenet.com.au/form-guide/horse-racing/bunbury-20260928/kettridges-quality-stockfeeds-maiden-race-3/overview,Bunbury,2026-09-28,Bunbury,"{'eventId': '3435813', 'overall': 'Soft', 'rating': '5', 'surface': 'Turf', '__typename': 'TrackCondition'}",3,Kettridges - Quality Stockfeeds Maiden,1400,"3-Y-O & Up, Maiden, Set Weights",25000,11,False,SCRATCHED,4,7,Playa Del Sol,4,Mare,BAY,Starspangledbanner,El Costa Mar,SCRATCHED,56,53,Paul Harvey,Darren McAuliffe,8:0-2-1,0,38,-100,2,6.5,18,18,-0.09,-0.46,-0.66,-0.56,1.23,,4.4,,19,9,4.2,3.9,-7.1,-1,,0
https://www.racenet.com.au/form-guide/horse-racing/bunbury-20260928/kettridges-quality-stockfeeds-maiden-race-3/overview,Bunbury,2026-09-28,Bunbury,"{'eventId': '3435813', 'overall': 'Soft', 'rating': '5', 'surface': 'Turf', '__typename': 'TrackCondition'}",3,Kettridges - Quality Stockfeeds Maiden,1400,"3-Y-O & Up, Maiden, Set Weights",25000,11,False,SCRATCHED,10,12,Sandy Cheeks,6,Mare,BAY,Maschino,Seaside Serenade,SCRATCHED,56,,,Mollie Clark,5:0-0-0,0,0,-100,14,13,0,5,0.01,-0.38,-0.46,-0.62,2.06,o,,,0,0,,,,-1,,0
https://www.racenet.com.au/form-guide/horse-racing/bunbury-20260928/wa-stockfeeds-growing-together-maiden-race-1/overview,Bunbury,2026-09-28,Bunbury,"{'eventId': '3435810', 'overall': 'Soft', 'rating': '5', 'surface': 'Turf', '__typename': 'TrackCondition'}",1,Wa Stockfeeds - Growing Together Maiden,1000,"3-Y-O, Maiden, Set Weights",25000,10,False,,1,6,Capall Gasta,3,Gelding,BAY,Splintex,Beffunjar,,57,50,Jefferson Tsang,Daniel O'Connor,10:0-0-0,0,0,-100,4,101,33,18,0.24,0.23,0.69,0.64,2.11,,81.0,,19,11,91,61,-33.0,,,
https://www.racenet.com.au/form-guide/horse-racing/bunbury-20260928/wa-stockfeeds-growing-together-maiden-race-1/overview,Bunbury,2026-09-28,Bunbury,"{'eventId': '3435810', 'overall': 'Soft', 'rating': '5', 'surface': 'Turf', '__typename': 'TrackCondition'}",1,Wa Stockfeeds - Growing Together Maiden,1000,"3-Y-O, Maiden, Set Weights",25000,10,False,,2,1,Magnificent Malcom,3,Gelding,CHESTNUT,Shooting to Win,Magnalux,,57,54,Holly Watson,Joshua Krispyn,4:0-0-0,0,0,-100,4,8.5,17,68,-0.12,-0.68,-0.57,-0.61,0.72,,17.0,,19,5,15,15,0.0,,,
https://www.racenet.com.au/form-guide/horse-racing/bunbury-20260928/wa-stockfeeds-growing-together-maiden-race-1/overview,Bunbury,2026-09-28,Bunbury,"{'eventId': '3435810', 'overall': 'Soft', 'rating': '5', 'surface': 'Turf', '__typename': 'TrackCondition'}",1,Wa Stockfeeds - Growing Together Maiden,1000,"3-Y-O, Maiden, Set Weights",25000,10,False,,3,2,Fredath,3,Gelding,BAY,Bondi,Mikimoto Gift,,57,53,Jarrad Noske,Graeme Ballantyne,0:0-0-0,0,0,0,,,6,,,,,,,,15.0,,19,8,14,13,-7.1,,,
https://www.racenet.com.au/form-guide/horse-racing/bunbury-20260928/wa-stockfeeds-growing-together-maiden-race-1/overview,Bunbury,2026-09-28,Bunbury,"{'eventId': '3435810', 'overall': 'Soft', 'rating': '5', 'surface': 'Turf', '__typename': 'TrackCondition'}",1,Wa Stockfeeds - Growing Together Maiden,1000,"3-Y-O, Maiden, Set Weights",25000,10,False,,4,3,Spinifex,3,Gelding,BAY,Snippetson,Spinalong,,57,52.5,Natika Riordan,Chris Willis,0:0-0-0,0,0,0,,,0,,,,,,,,151.0,,19,3,91,126,38.5,,,
https://www.racenet.com.au/form-guide/horse-racing/bunbury-20260928/wa-stockfeeds-growing-together-maiden-race-1/overview,Bunbury,2026-09-28,Bunbury,"{'eventId': '3435810', 'overall': 'Soft', 'rating': '5', 'surface': 'Turf', '__typename': 'TrackCondition'}",1,Wa Stockfeeds - Growing Together Maiden,1000,"3-Y-O, Maiden, Set Weights",25000,10,False,,5,4,Aura Magna,3,Filly,BAY OR BROWN,Magnus,Massagi,,55,50,Holly Nottle,Darren McAuliffe,5:0-2-0,0,40,-100,2,14,18,18,0.03,-0.09,0.41,0.51,1.88,,6.5,,19,4,6.5,5.75,-11.5,,,
https://www.racenet.com.au/form-guide/horse-racing/bunbury-20260928/wa-stockfeeds-growing-together-maiden-race-1/overview,Bunbury,2026-09-28,Bunbury,"{'eventId': '3435810', 'overall': 'Soft', 'rating': '5', 'surface': 'Turf', '__typename': 'TrackCondition'}",1,Wa Stockfeeds - Growing Together Maiden,1000,"3-Y-O, Maiden, Set Weights",25000,10,False,,6,10,Divine Mirage,3,Filly,BAY,Playing God,Hazira,,55,52.5,Laqdar Ramoly,Neville Parnham,3:0-0-1,0,33,-100,6,11,9,180,-0.07,-0.77,-0.18,-0.62,0.74,,10.0,,19,8,8,8.5,6.2,,,
https://www.racenet.com.au/form-guide/horse-racing/bunbury-20260928/wa-stockfeeds-growing-together-maiden-race-1/overview,Bunbury,2026-09-28,Bunbury,"{'eventId': '3435810', 'overall': 'Soft', 'rating': '5', 'surface': 'Turf', '__typename': 'TrackCondition'}",1,Wa Stockfeeds - Growing Together Maiden,1000,"3-Y-O, Maiden, Set Weights",25000,10,False,,7,9,Mr Kaplan,3,Filly,CHESTNUT,Capitalist,Edinburgh,,55,,Steven Parnham,Trevor Andrews,2:0-1-0,0,50,-100,11,41,9,177,-0.06,-0.24,0.03,-0.3,1.06,o,12.0,,19,6,8,9,12.5,,,
https://www.racenet.com.au/form-guide/horse-racing/bunbury-20260928/wa-stockfeeds-growing-together-maiden-race-1/overview,Bunbury,2026-09-28,Bunbury,"{'eventId': '3435810', 'overall': 'Soft', 'rating': '5', 'surface': 'Turf', '__typename': 'TrackCondition'}",1,Wa Stockfeeds - Growing Together Maiden,1000,"3-Y-O, Maiden, Set Weights",25000,10,False,,8,8,Prophecy Girl,3,Filly,BAY,Hellbent,Ober Purkla,,55,52,Chris Parnham,Michael Lane,2:0-0-1,0,50,-100,3,16,21,11,-0.25,-0.93,-0.46,-0.65,1.5,,14.0,,19,10,8,11,37.5,,,
https://www.racenet.com.au/form-guide/horse-racing/bunbury-20260928/wa-stockfeeds-growing-together-maiden-race-1/overview,Bunbury,2026-09-28,Bunbury,"{'eventId': '3435810', 'overall': 'Soft', 'rating': '5', 'surface': 'Turf', '__typename': 'TrackCondition'}",1,Wa Stockfeeds - Growing Together Maiden,1000,"3-Y-O, Maiden, Set Weights",25000,10,False,,9,7,Splintabelle,3,Filly,BAY,Splintex,Snippety Belle,,55,56.5,Brad Parnham,David Harrison,1:0-0-1,0,100,-100,3,3.2,11,25,0.1,-0.32,-0.52,-0.39,0.5,b,17.0,,19,10,8.5,13,52.9,,,
https://www.racenet.com.au/form-guide/horse-racing/bunbury-20260928/wa-stockfeeds-growing-together-maiden-race-1/overview,Bunbury,2026-09-28,Bunbury,"{'eventId': '3435810', 'overall': 'Soft', 'rating': '5', 'surface': 'Turf', '__typename': 'TrackCondition'}",1,Wa Stockfeeds - Growing Together Maiden,1000,"3-Y-O, Maiden, Set Weights",25000,10,False,,10,5,Andalady,3,Filly,CHESTNUT,Anders,Cape Lady,,55,53,Lucy Fiore,Tiarnna Noske,0:0-0-0,0,0,0,,,0,,,,,,,,1.55,,19,10,1.85,1.4,-24.3,,,
https://www.racenet.com.au/form-guide/horse-racing/bunbury-20260928/wa-stockfeeds-handicap-race-7/overview,Bunbury,2026-09-28,Bunbury,"{'eventId': '3435818', 'overall': 'Soft', 'rating': '5', 'surface': 'Turf', '__typename': 'TrackCondition'}",7,Wa Stockfeeds Handicap,1695,"3-Y-O & Up, Class 1, Handicap",30000,12,False,,1,11,Show On The Road,4,Gelding,BAY,I'm All the Talk,World Class,,60,56.5,Brad Parnham,Ryan Hill,9:1-2-3,11,67,-74,3,3.3,13,15,0.09,-0.11,-0.36,-0.59,0.32,b,15.0,,19,6,9,11,22.2,,,
https://www.racenet.com.au/form-guide/horse-racing/bunbury-20260928/wa-stockfeeds-handicap-race-7/overview,Bunbury,2026-09-28,Bunbury,"{'eventId': '3435818', 'overall': 'Soft', 'rating': '5', 'surface': 'Turf', '__typename': 'TrackCondition'}",7,Wa Stockfeeds Handicap,1695,"3-Y-O & Up, Class 1, Handicap",30000,12,False,,2,13,Hype Machine,4,Gelding,BAY OR BROWN,Maschino,Hallowell Angel,,59.5,,Steven Parnham,Stefan Vahala,7:1-0-0,14,14,771,4,14,10,25,0.19,0.17,0.21,0.09,1.54,ts,29.0,,19,7,21,21,0.0,,,
https://www.racenet.com.au/form-guide/horse-racing/bunbury-20260928/wa-stockfeeds-handicap-race-7/overview,Bunbury,2026-09-28,Bunbury,"{'eventId': '3435818', 'overall': 'Soft', 'rating': '5', 'surface': 'Turf', '__typename': 'TrackCondition'}",7,Wa Stockfeeds Handicap,1695,"3-Y-O & Up, Class 1, Handicap",30000,12,False,,3,12,Barney Rommel,4,Gelding,BROWN,Rommel,Silk Spun,,59,51.5,Sharni Webster,Tom Wolfe,11:1-2-2,9,45,64,3,3.5,0,18,-0.27,-0.87,-0.84,-1.03,0.97,tb,18.0,,19,9,13,14,7.7,,,
https://www.racenet.com.au/form-guide/horse-racing/bunbury-20260928/wa-stockfeeds-handicap-race-7/overview,Bunbury,2026-09-28,Bunbury,"{'eventId': '3435818', 'overall': 'Soft', 'rating': '5', 'surface': 'Turf', '__typename': 'TrackCondition'}",7,Wa Stockfeeds Handicap,1695,"3-Y-O & Up, Class 1, Handicap",30000,12,False,,5,4,Awesome Force,4,Gelding,BAY,Admire Mars,Keyanaz,,57.5,53,Joey Azzopardi,Ross Price,14:1-1-4,7,43,-89,10,3.2,11,15,-0.16,-0.81,-0.95,-1.11,1.37,tcdbo,10.0,,19,7,8.5,9,5.9,,,
https://www.racenet.com.au/form-guide/horse-racing/bunbury-20260928/wa-stockfeeds-handicap-race-7/overview,Bunbury,2026-09-28,Bunbury,"{'eventId': '3435818', 'overall': 'Soft', 'rating': '5', 'surface': 'Turf', '__typename': 'TrackCondition'}",7,Wa Stockfeeds Handicap,1695,"3-Y-O & Up, Class 1, Handicap",30000,12,False,,6,14,Back In The Fold,3,Gelding,BAY,Gingerbread Man,Blackwood,,57.5,52,Chris Parnham,Daniel Morton,2:1-0-1,50,100,175,1,5.5,23,18,-0.1,-0.62,-0.26,-0.2,1.55,tcd,14.0,,19,13,10,11,10.0,,,
https://www.racenet.com.au/form-guide/horse-racing/bunbury-20260928/wa-stockfeeds-handicap-race-7/overview,Bunbury,2026-09-28,Bunbury,"{'eventId': '3435818', 'overall': 'Soft', 'rating': '5', 'surface': 'Turf', '__typename': 'TrackCondition'}",7,Wa Stockfeeds Handicap,1695,"3-Y-O & Up, Class 1, Handicap",30000,12,False,,7,10,Authorative,7,Gelding,BAY OR BROWN,Xtravagant,Morning Mist,,57,54.5,Brayden Gaerth,Tara Itzstein,27:1-3-5,4,33,-87,6,101,13,19,-0.01,-0.55,-0.55,-0.9,1.01,,41.0,,18,7,41,34,-17.1,,,
https://www.racenet.com.au/form-guide/horse-racing/bunbury-20260928/wa-stockfeeds-handicap-race-7/overview,Bunbury,2026-09-28,Bunbury,"{'eventId': '3435818', 'overall': 'Soft', 'rating': '5', 'surface': 'Turf', '__typename': 'TrackCondition'}",7,Wa Stockfeeds Handicap,1695,"3-Y-O & Up, Class 1, Handicap",30000,12,False,,9,5,Sweet Issy,4,Mare,BAY,King's Legacy,Isabella,,57,54,Holly Watson,Joshua Krispyn,8:0-2-1,0,38,-100,2,7,17,18,-0.3,-0.76,-0.88,-0.83,0.78,,13.0,,19,12,12,10,-16.7,,,
https://www.racenet.com.au/form-guide/horse-racing/bunbury-20260928/wa-stockfeeds-handicap-race-7/overview,Bunbury,2026-09-28,Bunbury,"{'eventId': '3435818', 'overall': 'Soft', 'rating': '5', 'surface': 'Turf', '__typename': 'TrackCondition'}",7,Wa Stockfeeds Handicap,1695,"3-Y-O & Up, Class 1, Handicap",30000,12,False,,10,1,She's Resolute,6,Mare,BAY,War Chant,Calico Blue,,56.5,50,Jefferson Tsang,Brendon Fitz-gerald,20:0-2-2,0,20,-100,13,101,16,18,0.31,-0.25,-0.09,-0.22,2.06,o(HT),126.0,,18,5,81,101,24.7,,,
https://www.racenet.com.au/form-guide/horse-racing/bunbury-20260928/wa-stockfeeds-handicap-race-7/overview,Bunbury,2026-09-28,Bunbury,"{'eventId': '3435818', 'overall': 'Soft', 'rating': '5', 'surface': 'Turf', '__typename': 'TrackCondition'}",7,Wa Stockfeeds Handicap,1695,"3-Y-O & Up, Class 1, Handicap",30000,12,False,,11,2,Royal Reflection,3,Filly,BAY,Ocean Park,Royal Star,,55.5,51,William Pike,Michael Grantham,1:1-0-0,100,100,75,1,1.75,25,18,-0.57,-1.85,-1.47,-1.98,0.48,t,1.4,,19,7,1.35,1.25,-7.4,,,
https://www.racenet.com.au/form-guide/horse-racing/bunbury-20260928/wa-stockfeeds-handicap-race-7/overview,Bunbury,2026-09-28,Bunbury,"{'eventId': '3435818', 'overall': 'Soft', 'rating': '5', 'surface': 'Turf', '__typename': 'TrackCondition'}",7,Wa Stockfeeds Handicap,1695,"3-Y-O & Up, Class 1, Handicap",30000,12,False,,12,7,Pavliani,7,Mare,BROWN,Pierro,Resonates,,54,53,Lucy Fiore,Jarrad Humphries,30:1-0-2,3,10,-33,5,10,16,12,0.31,0.15,,-0.11,1.32,,61.0,,18,7,61,41,-32.8,,,
https://www.racenet.com.au/form-guide/horse-racing/bunbury-20260928/wa-stockfeeds-handicap-race-7/overview,Bunbury,2026-09-28,Bunbury,"{'eventId': '3435818', 'overall': 'Soft', 'rating': '5', 'surface': 'Turf', '__typename': 'TrackCondition'}",7,Wa Stockfeeds Handicap,1695,"3-Y-O & Up, Class 1, Handicap",30000,12,False,,13,3,Asarka,9,Gelding,BAY,Americain,Silver Flame,,54,51,Ava Catarino,Brad Graham,42:1-1-3,2,12,-93,7,151,0,15,-0.01,-0.4,-0.45,-0.61,1.19,s,151.0,,18,4,101,126,24.8,,,
https://www.racenet.com.au/form-guide/horse-racing/bunbury-20260928/wa-stockfeeds-handicap-race-7/overview,Bunbury,2026-09-28,Bunbury,"{'eventId': '3435818', 'overall': 'Soft', 'rating': '5', 'surface': 'Turf', '__typename': 'TrackCondition'}",7,Wa Stockfeeds Handicap,1695,"3-Y-O & Up, Class 1, Handicap",30000,12,False,,14,9,Solo Vega,4,Mare,CHESTNUT,Lucky Vega,Singles,,58.5,50,Victoria Corver,Ryan Hill,10:1-2-1,10,40,80,2,4.8,8,18,-0.22,-0.95,-1.01,-1.3,0.38,t,15.0,,19,6,8.5,12,41.2,,,
https://www.racenet.com.au/form-guide/horse-racing/bunbury-20260928/wa-stockfeeds-handicap-race-7/overview,Bunbury,2026-09-28,Bunbury,"{'eventId': '3435818', 'overall': 'Soft', 'rating': '5', 'surface': 'Turf', '__typename': 'TrackCondition'}",7,Wa Stockfeeds Handicap,1695,"3-Y-O & Up, Class 1, Handicap",30000,12,False,SCRATCHED,4,6,Good Show,4,Gelding,CHESTNUT,Trapeze Artist,Enticing Star,SCRATCHED,58.5,51,Jason Lyon,Dylan Bairstow,9:1-0-1,11,22,33,8,41,0,18,-0.12,-0.43,-0.6,-0.36,1.99,ts,61.0,,18,1,41,41,0.0,-1,,0
https://www.racenet.com.au/form-guide/horse-racing/bunbury-20260928/wa-stockfeeds-handicap-race-7/overview,Bunbury,2026-09-28,Bunbury,"{'eventId': '3435818', 'overall': 'Soft', 'rating': '5', 'surface': 'Turf', '__typename': 'TrackCondition'}",7,Wa Stockfeeds Handicap,1695,"3-Y-O & Up, Class 1, Handicap",30000,12,False,SCRATCHED,8,8,More Heroic,5,Gelding,BAY OR BROWN,Pierro,Sookie,SCRATCHED,57,52,Shaun McGruddy,Rebecca Bayliss,10:1-0-1,10,20,40,5,21,0,11,-0.21,-0.84,-1.21,-1.59,1.47,s,12.0,,19,6,17,11,-35.3,-1,,0
https://www.racenet.com.au/form-guide/horse-racing/bunbury-20260928/western-grains-integrated-grain-logistics-maiden-race-4/overview,Bunbury,2026-09-28,Bunbury,"{'eventId': '3435815', 'overall': 'Soft', 'rating': '5', 'surface': 'Turf', '__typename': 'TrackCondition'}",4,Western Grains - Integrated Grain Logistics Maiden,2025,"3-Y-O & Up, Maiden, Set Weights",25000,11,False,,1,13,Saisoku,4,Gelding,BROWN,Maurice,Kevikki,,58,55.5,Taj Dyson,Stefan Vahala,10:0-3-1,0,40,-100,2,6,4,11,0.21,-0.19,-0.25,-0.58,1.57,,7.0,,19,8,7,6,-14.3,,,
https://www.racenet.com.au/form-guide/horse-racing/bunbury-20260928/western-grains-integrated-grain-logistics-maiden-race-4/overview,Bunbury,2026-09-28,Bunbury,"{'eventId': '3435815', 'overall': 'Soft', 'rating': '5', 'surface': 'Turf', '__typename': 'TrackCondition'}",4,Western Grains - Integrated Grain Logistics Maiden,2025,"3-Y-O & Up, Maiden, Set Weights",25000,11,False,,2,1,Going Hard,9,Gelding,BAY,All American,Fabulous Moolah,,58,52.5,Natika Riordan,Michael Miller,35:0-1-0,0,3,-100,8,41,0,25,0.27,-0.04,-0.34,-0.42,2.89,,71.0,,18,5,41,61,48.8,,,
https://www.racenet.com.au/form-guide/horse-racing/bunbury-20260928/western-grains-integrated-grain-logistics-maiden-race-4/overview,Bunbury,2026-09-28,Bunbury,"{'eventId': '3435815', 'overall': 'Soft', 'rating': '5', 'surface': 'Turf', '__typename': 'TrackCondition'}",4,Western Grains - Integrated Grain Logistics Maiden,2025,"3-Y-O & Up, Maiden, Set Weights",25000,11,False,,4,6,He'snotallthere,7,Gelding,BAY OR BROWN,God Has Spoken,Consider,,58,53,Paul Harvey,Tom Widdeson,9:0-2-1,0,33,-100,6,4.2,9,11,0.38,-0.07,-0.18,-0.32,2.58,,9.0,,19,6,7,8,14.3,,,
https://www.racenet.com.au/form-guide/horse-racing/bunbury-20260928/western-grains-integrated-grain-logistics-maiden-race-4/overview,Bunbury,2026-09-28,Bunbury,"{'eventId': '3435815', 'overall': 'Soft', 'rating': '5', 'surface': 'Turf', '__typename': 'TrackCondition'}",4,Western Grains - Integrated Grain Logistics Maiden,2025,"3-Y-O & Up, Maiden, Set Weights",25000,11,False,,5,4,Mystacheeno,4,Gelding,BROWN,Maschino,Konditori,,58,56.5,Brad Parnham,Joshua Krispyn,13:0-0-1,0,8,-100,3,5.5,18,11,0.36,0.17,0.42,0.31,2.25,,11.0,,19,10,9,9,0.0,,,
https://www.racenet.com.au/form-guide/horse-racing/bunbury-20260928/western-grains-integrated-grain-logistics-maiden-race-4/overview,Bunbury,2026-09-28,Bunbury,"{'eventId': '3435815', 'overall': 'Soft', 'rating': '5', 'surface': 'Turf', '__typename': 'TrackCondition'}",4,Western Grains - Integrated Grain Logistics Maiden,2025,"3-Y-O & Up, Maiden, Set Weights",25000,11,False,,6,5,Super Show,4,Gelding,BAY OR BROWN,Playing God,Talent Show,,58,,Jessica Valas,Graeme Ballantyne,5:0-0-0,0,0,-100,11,101,0,11,0.24,-0.14,0.01,-0.09,2.73,o,126.0,,18,6,101,81,-19.8,,,
https://www.racenet.com.au/form-guide/horse-racing/bunbury-20260928/western-grains-integrated-grain-logistics-maiden-race-4/overview,Bunbury,2026-09-28,Bunbury,"{'eventId': '3435815', 'overall': 'Soft', 'rating': '5', 'surface': 'Turf', '__typename': 'TrackCondition'}",4,Western Grains - Integrated Grain Logistics Maiden,2025,"3-Y-O & Up, Maiden, Set Weights",25000,11,False,,7,10,Rare Rock,4,Gelding,BAY OR BROWN,Playing God,Pink Argyle,,58,52,Shaun McGruddy,Tania Burns,5:0-0-0,0,0,-100,6,101,0,15,0.41,0.63,0.58,0.58,2.53,,151.0,,18,4,126,101,-19.8,,,
https://www.racenet.com.au/form-guide/horse-racing/bunbury-20260928/western-grains-integrated-grain-logistics-maiden-race-4/overview,Bunbury,2026-09-28,Bunbury,"{'eventId': '3435815', 'overall': 'Soft', 'rating': '5', 'surface': 'Turf', '__typename': 'TrackCondition'}",4,Western Grains - Integrated Grain Logistics Maiden,2025,"3-Y-O & Up, Maiden, Set Weights",25000,11,False,,8,9,Rock The Mic,4,Gelding,BAY,Microphone,Feliciana,,58,51.5,Sharni Webster,Joshua Krispyn,4:0-0-0,0,0,-100,7,101,0,18,-0.19,-0.7,-0.54,-0.48,1.43,,34.0,,19,6,34,23,-32.4,,,
https://www.racenet.com.au/form-guide/horse-racing/bunbury-20260928/western-grains-integrated-grain-logistics-maiden-race-4/overview,Bunbury,2026-09-28,Bunbury,"{'eventId': '3435815', 'overall': 'Soft', 'rating': '5', 'surface': 'Turf', '__typename': 'TrackCondition'}",4,Western Grains - Integrated Grain Logistics Maiden,2025,"3-Y-O & Up, Maiden, Set Weights",25000,11,False,,9,11,Flavoursome,5,Mare,CHESTNUT,Toronado,Butterboom,,56,53,Chloe Azzopardi,Daniel O'Connor,21:0-2-2,0,19,-100,3,15,0,18,-0.11,-0.51,-0.83,-1.19,1.33,,14.0,,19,11,16,12,-25.0,,,
https://www.racenet.com.au/form-guide/horse-racing/bunbury-20260928/western-grains-integrated-grain-logistics-maiden-race-4/overview,Bunbury,2026-09-28,Bunbury,"{'eventId': '3435815', 'overall': 'Soft', 'rating': '5', 'surface': 'Turf', '__typename': 'TrackCondition'}",4,Western Grains - Integrated Grain Logistics Maiden,2025,"3-Y-O & Up, Maiden, Set Weights",25000,11,False,,10,14,Boutique Belle,4,Mare,BAY,Pierro,Antique Belle,,56,51,William Pike,Michael Grantham,10:0-3-1,0,40,-100,2,1.6,25,18,0.03,-0.28,-0.37,-0.34,0.97,b,2.9,,19,6,2.8,2.45,-12.5,,,
https://www.racenet.com.au/form-guide/horse-racing/bunbury-20260928/western-grains-integrated-grain-logistics-maiden-race-4/overview,Bunbury,2026-09-28,Bunbury,"{'eventId': '3435815', 'overall': 'Soft', 'rating': '5', 'surface': 'Turf', '__typename': 'TrackCondition'}",4,Western Grains - Integrated Grain Logistics Maiden,2025,"3-Y-O & Up, Maiden, Set Weights",25000,11,False,,11,12,Forever Victorious,4,Mare,BROWN,Rommel,Forever Famous,,56,52.5,Clint Johnston-porter,Holly Taylor,8:0-2-1,0,38,-100,3,2.8,15,11,0.04,-0.15,-0.08,-0.52,1.29,b,2.7,,19,15,4.2,2.35,-44.0,,,
https://www.racenet.com.au/form-guide/horse-racing/bunbury-20260928/western-grains-integrated-grain-logistics-maiden-race-4/overview,Bunbury,2026-09-28,Bunbury,"{'eventId': '3435815', 'overall': 'Soft', 'rating': '5', 'surface': 'Turf', '__typename': 'TrackCondition'}",4,Western Grains - Integrated Grain Logistics Maiden,2025,"3-Y-O & Up, Maiden, Set Weights",25000,11,False,,13,2,Pure 'N' Simple,4,Mare,BAY OR BROWN,Maschino,Pure Ivy,,56,50,Jefferson Tsang,Robyn Lockwood,8:0-0-1,0,13,-100,3,19,17,15,-0.2,-0.56,-0.49,-0.7,1.39,,20.0,,19,10,11,16,45.5,,,
https://www.racenet.com.au/form-guide/horse-racing/bunbury-20260928/western-grains-integrated-grain-logistics-maiden-race-4/overview,Bunbury,2026-09-28,Bunbury,"{'eventId': '3435815', 'overall': 'Soft', 'rating': '5', 'surface': 'Turf', '__typename': 'TrackCondition'}",4,Western Grains - Integrated Grain Logistics Maiden,2025,"3-Y-O & Up, Maiden, Set Weights",25000,11,False,SCRATCHED,3,8,Sylva Jack,4,Gelding,BAY,Ghaiyyath,Sylvian,SCRATCHED,58,54,Zephen Johnston-porter,Darren McAuliffe,13:0-1-2,0,23,-100,5,19,9,11,-0.19,-0.87,-0.94,-1.11,2.14,,14.0,,19,8,11,12,9.1,-1,,0
https://www.racenet.com.au/form-guide/horse-racing/bunbury-20260928/western-grains-integrated-grain-logistics-maiden-race-4/overview,Bunbury,2026-09-28,Bunbury,"{'eventId': '3435815', 'overall': 'Soft', 'rating': '5', 'surface': 'Turf', '__typename': 'TrackCondition'}",4,Western Grains - Integrated Grain Logistics Maiden,2025,"3-Y-O & Up, Maiden, Set Weights",25000,11,False,SCRATCHED,12,3,Lead Cinga,5,Mare,BAY,Ducimus,Pretty Cingin,SCRATCHED,56,53,Kayla Holroyd,Carey Martin,15:0-1-0,0,7,-100,10,101,0,11,0.61,0.29,-0.03,0.02,1.8,o(D/A),126.0,,11,1,101,101,0.0,-1,,0
https://www.racenet.com.au/form-guide/horse-racing/bunbury-20260928/western-grains-integrated-grain-logistics-maiden-race-4/overview,Bunbury,2026-09-28,Bunbury,"{'eventId': '3435815', 'overall': 'Soft', 'rating': '5', 'surface': 'Turf', '__typename': 'TrackCondition'}",4,Western Grains - Integrated Grain Logistics Maiden,2025,"3-Y-O & Up, Maiden, Set Weights",25000,11,False,SCRATCHED,14,7,Miss Applecross,3,Filly,BAY,Dundeel,Corrs,SCRATCHED,53.5,46,Tash Faithfull,Jason Pateman,4:0-0-0,0,0,-100,7,51,7,11,0.42,0.31,0.08,0.11,2.1,,51.0,,18,5,34,34,0.0,-1,,0
https://www.racenet.com.au/form-guide/horse-racing/bunbury-20260928/western-grains-premium-poultry-handicap-race-8/overview,Bunbury,2026-09-28,Bunbury,"{'eventId': '3435819', 'overall': 'Soft', 'rating': '5', 'surface': 'Turf', '__typename': 'TrackCondition'}",8,Western Grains Premium Poultry Handicap,1200,"3-Y-O & Up, Class 3, Handicap",30000,13,False,,1,11,Yamashita's Gold,4,Gelding,BAY OR BROWN,Wootton Bassett,Fortune of War,,60,50,Jefferson Tsang,Dylan Bairstow,18:2-2-3,11,39,-44,3,9,0,11,-0.33,-0.93,-1.21,-1.18,0.14,ds,6.0,,19,6,5.5,4.6,-16.4,,,
https://www.racenet.com.au/form-guide/horse-racing/bunbury-20260928/western-grains-premium-poultry-handicap-race-8/overview,Bunbury,2026-09-28,Bunbury,"{'eventId': '3435819', 'overall': 'Soft', 'rating': '5', 'surface': 'Turf', '__typename': 'TrackCondition'}",8,Western Grains Premium Poultry Handicap,1200,"3-Y-O & Up, Class 3, Handicap",30000,13,False,,2,2,Girls On Fire,4,Mare,BAY,Better Than Ready,Amelia's On Fire,,59.5,52,Chris Parnham,Michael Lane,13:2-3-1,15,46,-65,7,21,21,11,-0.11,-0.56,-0.45,-0.68,0.77,tcds,12.0,,19,9,7,10,42.9,,,
https://www.racenet.com.au/form-guide/horse-racing/bunbury-20260928/western-grains-premium-poultry-handicap-race-8/overview,Bunbury,2026-09-28,Bunbury,"{'eventId': '3435819', 'overall': 'Soft', 'rating': '5', 'surface': 'Turf', '__typename': 'TrackCondition'}",8,Western Grains Premium Poultry Handicap,1200,"3-Y-O & Up, Class 3, Handicap",30000,13,False,,3,10,Guarantor,4,Gelding,BROWN,Playing God,Nickel Queen,,59,56.5,Brad Parnham,Neville Parnham,13:2-2-3,15,54,-57,5,6,10,19,-0.2,-0.62,-0.78,-0.83,0.77,s,12.0,,19,4,10,10,0.0,,,
https://www.racenet.com.au/form-guide/horse-racing/bunbury-20260928/western-grains-premium-poultry-handicap-race-8/overview,Bunbury,2026-09-28,Bunbury,"{'eventId': '3435819', 'overall': 'Soft', 'rating': '5', 'surface': 'Turf', '__typename': 'TrackCondition'}",8,Western Grains Premium Poultry Handicap,1200,"3-Y-O & Up, Class 3, Handicap",30000,13,False,,4,3,Espinho,5,Gelding,CHESTNUT,Written Tycoon,The Broken Shore,,58.5,52,Shaun McGruddy,Chris & Michael Gangemi,12:1-1-3,8,42,-83,5,9,7,12,-0.09,-0.59,-0.7,-0.6,0.19,s,13.0,,19,7,9.5,11,15.8,,,
https://www.racenet.com.au/form-guide/horse-racing/bunbury-20260928/western-grains-premium-poultry-handicap-race-8/overview,Bunbury,2026-09-28,Bunbury,"{'eventId': '3435819', 'overall': 'Soft', 'rating': '5', 'surface': 'Turf', '__typename': 'TrackCondition'}",8,Western Grains Premium Poultry Handicap,1200,"3-Y-O & Up, Class 3, Handicap",30000,13,False,,5,12,Kanas Mtoto,4,Gelding,BAY,Long Leaf,Beauty Kanas,,58.5,52.5,Clint Johnston-porter,Summer Dickson,3:1-0-0,33,33,-17,1,2.5,4,173,-0.07,-0.31,-0.23,-0.33,0.9,d,11.0,,19,16,8,7.5,-6.2,,,
https://www.racenet.com.au/form-guide/horse-racing/bunbury-20260928/western-grains-premium-poultry-handicap-race-8/overview,Bunbury,2026-09-28,Bunbury,"{'eventId': '3435819', 'overall': 'Soft', 'rating': '5', 'surface': 'Turf', '__typename': 'TrackCondition'}",8,Western Grains Premium Poultry Handicap,1200,"3-Y-O & Up, Class 3, Handicap",30000,13,False,,6,6,Just Gifted,5,Mare,BAY,Justify,Tingu,,58,46,Tash Faithfull,Tim Crosby,15:3-2-1,20,40,49,4,8,8,154,0.11,-0.27,-0.35,-0.58,0.82,ds,8.0,,19,7,8.5,7,-17.6,,,
https://www.racenet.com.au/form-guide/horse-racing/bunbury-20260928/western-grains-premium-poultry-handicap-race-8/overview,Bunbury,2026-09-28,Bunbury,"{'eventId': '3435819', 'overall': 'Soft', 'rating': '5', 'surface': 'Turf', '__typename': 'TrackCondition'}",8,Western Grains Premium Poultry Handicap,1200,"3-Y-O & Up, Class 3, Handicap",30000,13,False,,7,5,Surround Me,6,Mare,BAY,So You Think,Entourage,,58,51,William Pike,Grant & Alana Williams,12:2-1-1,17,33,-48,4,3.8,30,19,-0.16,-0.28,-0.43,-0.52,1.21,tsh,3.4,,19,5,3.3,2.9,-12.1,,,
https://www.racenet.com.au/form-guide/horse-racing/bunbury-20260928/western-grains-premium-poultry-handicap-race-8/overview,Bunbury,2026-09-28,Bunbury,"{'eventId': '3435819', 'overall': 'Soft', 'rating': '5', 'surface': 'Turf', '__typename': 'TrackCondition'}",8,Western Grains Premium Poultry Handicap,1200,"3-Y-O & Up, Class 3, Handicap",30000,13,False,,8,9,Run Pattie Run,6,Mare,BAY,Gingerbread Man,Pattie Me Lass,,57.5,54,Holly Watson,Darren Taylor,26:3-3-4,12,38,-22,2,16,13,18,-0.24,-0.95,-0.98,-1.23,0.54,tcds,13.0,,19,6,16,12,-25.0,,,
https://www.racenet.com.au/form-guide/horse-racing/bunbury-20260928/western-grains-premium-poultry-handicap-race-8/overview,Bunbury,2026-09-28,Bunbury,"{'eventId': '3435819', 'overall': 'Soft', 'rating': '5', 'surface': 'Turf', '__typename': 'TrackCondition'}",8,Western Grains Premium Poultry Handicap,1200,"3-Y-O & Up, Class 3, Handicap",30000,13,False,,9,13,Mean Feat,6,Gelding,BAY,Lean Mean Machine,Eloquent Ruby,,57,53,Joey Azzopardi,Rebecca Bayliss,22:3-4-2,14,41,-21,12,26,0,11,-0.03,-0.21,-0.26,-0.42,0.77,dso,27.0,,19,6,26,23,-11.5,,,
https://www.racenet.com.au/form-guide/horse-racing/bunbury-20260928/western-grains-premium-poultry-handicap-race-8/overview,Bunbury,2026-09-28,Bunbury,"{'eventId': '3435819', 'overall': 'Soft', 'rating': '5', 'surface': 'Turf', '__typename': 'TrackCondition'}",8,Western Grains Premium Poultry Handicap,1200,"3-Y-O & Up, Class 3, Handicap",30000,13,False,,11,7,Cosmic Treat,4,Mare,BAY,Universal Ruler,Cosmic Jeuney,,55.5,53,Lucy Fiore,Darren McAuliffe,10:1-2-0,10,30,-54,8,5.5,11,12,-0.08,-0.31,-0.36,-0.29,0.94,,9.0,,19,4,8.5,5.25,-38.2,,,
https://www.racenet.com.au/form-guide/horse-racing/bunbury-20260928/western-grains-premium-poultry-handicap-race-8/overview,Bunbury,2026-09-28,Bunbury,"{'eventId': '3435819', 'overall': 'Soft', 'rating': '5', 'surface': 'Turf', '__typename': 'TrackCondition'}",8,Western Grains Premium Poultry Handicap,1200,"3-Y-O & Up, Class 3, Handicap",30000,13,False,,12,1,So Immaculate,5,Mare,BAY,So You Think,Pristine Girl,,55.5,53,Chloe Azzopardi,Daniel O'Connor,18:3-2-2,17,39,-6,5,17,0,18,0.15,-0.23,-0.1,-0.11,1.23,t,29.0,,19,11,19,26,36.8,,,
https://www.racenet.com.au/form-guide/horse-racing/bunbury-20260928/western-grains-premium-poultry-handicap-race-8/overview,Bunbury,2026-09-28,Bunbury,"{'eventId': '3435819', 'overall': 'Soft', 'rating': '5', 'surface': 'Turf', '__typename': 'TrackCondition'}",8,Western Grains Premium Poultry Handicap,1200,"3-Y-O & Up, Class 3, Handicap",30000,13,False,,13,14,Romming Danger,6,Mare,BAY OR BROWN,Rommel,Magic And Danger,,55,51.5,Chanel Cooper,Graeme Ballantyne,32:3-2-4,9,28,150,8,91,5,23,-0.26,-0.82,-1,-1.2,0.63,ds,51.0,,19,5,29,34,17.2,,,
https://www.racenet.com.au/form-guide/horse-racing/bunbury-20260928/western-grains-premium-poultry-handicap-race-8/overview,Bunbury,2026-09-28,Bunbury,"{'eventId': '3435819', 'overall': 'Soft', 'rating': '5', 'surface': 'Turf', '__typename': 'TrackCondition'}",8,Western Grains Premium Poultry Handicap,1200,"3-Y-O & Up, Class 3, Handicap",30000,13,False,,14,4,Queen Selyse,4,Mare,BAY,Universal Ruler,Lady Baratheon,,54.5,50,Madi Derrick,Phil Naylor,21:2-2-3,10,33,-19,11,81,0,18,0.02,-0.35,-0.32,-0.27,1.36,dso(HT),151.0,,18,5,91,126,38.5,,,
https://www.racenet.com.au/form-guide/horse-racing/bunbury-20260928/western-grains-premium-poultry-handicap-race-8/overview,Bunbury,2026-09-28,Bunbury,"{'eventId': '3435819', 'overall': 'Soft', 'rating': '5', 'surface': 'Turf', '__typename': 'TrackCondition'}",8,Western Grains Premium Poultry Handicap,1200,"3-Y-O & Up, Class 3, Handicap",30000,13,False,SCRATCHED,10,8,Champagne Talks,4,Mare,CHESTNUT,I'm All the Talk,Classic Champagne,SCRATCHED,56.5,54.5,Alex Hearn,Chris Stelmach,8:1-0-1,13,25,-13,1,7,5,11,0.09,-0.49,-0.53,-0.66,0.94,t,31.0,,19,3,23,23,0.0,-1,,0
https://www.racenet.com.au/form-guide/horse-racing/bursa-tr-20260928/race-1-race-1/overview,Bursa,2026-09-28,Bursa,"{'eventId': '3439229', 'overall': None, 'rating': None, 'surface': 'Turf', '__typename': 'TrackCondition'}",1,Race 1,1500,,20381,11,False,,1,3,Ardapaşa,3,Colt,gr,Kaderşah,Bolkarkızı,,58,,A. Yıldız,F. Kıran,12:2-0-0,17,17,-100,7,,100,10,,,,,,tn,,,0,0,,,,,,
https://www.racenet.com.au/form-guide/horse-racing/bursa-tr-20260928/race-1-race-1/overview,Bursa,2026-09-28,Bursa,"{'eventId': '3439229', 'overall': None, 'rating': None, 'surface': 'Turf', '__typename': 'TrackCondition'}",1,Race 1,1500,,20381,11,False,,2,11,Alazvur,3,Colt,gr,Madrabaz,Mevhibe,,57,,A. Inci,Sen. Sen,7:2-0-0,29,29,-100,1,,0,17,,,,,,tn,,,0,0,,,,,,
https://www.racenet.com.au/form-guide/horse-racing/bursa-tr-20260928/race-1-race-1/overview,Bursa,2026-09-28,Bursa,"{'eventId': '3439229', 'overall': None, 'rating': None, 'surface': 'Turf', '__typename': 'TrackCondition'}",1,Race 1,1500,,20381,11,False,,3,4,Dinamiko,3,Filly,ch,Denizim,Konuksever,,57,,Mahs. Turan,E. Turan,3:1-0-2,33,100,-100,3,,0,10,,,,,,tn,,,3,0,,,,,,
https://www.racenet.com.au/form-guide/horse-racing/bursa-tr-20260928/race-1-race-1/overview,Bursa,2026-09-28,Bursa,"{'eventId': '3439229', 'overall': None, 'rating': None, 'surface': 'Turf', '__typename': 'TrackCondition'}",1,Race 1,1500,,20381,11,False,,4,10,Bodrum Rüzgarı,3,Filly,gr,Gürsu,İclal,,54,,Mer. Celik,T. N. Yıldız,3:1-1-1,33,100,-100,1,,10,14,,,,,,tcdn,,,3,0,,,,,,
https://www.racenet.com.au/form-guide/horse-racing/bursa-tr-20260928/race-1-race-1/overview,Bursa,2026-09-28,Bursa,"{'eventId': '3439229', 'overall': None, 'rating': None, 'surface': 'Turf', '__typename': 'TrackCondition'}",1,Race 1,1500,,20381,11,False,,5,6,Alkatraz Kuşçusu,3,Colt,gr,Batmanaslanı,Kınalı Kuzu,,54,,M. M. Bilgin,Y. Akbulut,7:1-0-0,14,14,-100,4,,20,26,,,,,,tn,,,0,0,,,,,,
https://www.racenet.com.au/form-guide/horse-racing/bursa-tr-20260928/race-1-race-1/overview,Bursa,2026-09-28,Bursa,"{'eventId': '3439229', 'overall': None, 'rating': None, 'surface': 'Turf', '__typename': 'TrackCondition'}",1,Race 1,1500,,20381,11,False,,6,1,Dostbaşar,3,Colt,ch,Yılmabaşar,Heybeliada,,53,,O. Yıldız,R. Coskun,7:1-0-0,14,14,-100,1,,33,21,,,,,,tcdn,,,0,0,,,,,,
https://www.racenet.com.au/form-guide/horse-racing/bursa-tr-20260928/race-1-race-1/overview,Bursa,2026-09-28,Bursa,"{'eventId': '3439229', 'overall': None, 'rating': None, 'surface': 'Turf', '__typename': 'TrackCondition'}",1,Race 1,1500,,20381,11,False,,7,2,Kazan Giril,3,Filly,gr,Dede Seydo,Gümüş Kazan,,53,,İ. Katı,A. Temizer,9:1-1-3,11,56,-100,1,,50,14,,,,,,tcdn,,,0,0,,,,,,
https://www.racenet.com.au/form-guide/horse-racing/bursa-tr-20260928/race-1-race-1/overview,Bursa,2026-09-28,Bursa,"{'eventId': '3439229', 'overall': None, 'rating': None, 'surface': 'Turf', '__typename': 'TrackCondition'}",1,Race 1,1500,,20381,11,False,,8,8,Saraytay,3,Filly,ch,Taliphan,Saraycariyesi,,53,,Mah. Turan,M. Turkoglu,8:1-0-1,13,25,-100,12,,13,9,,,,,,tcdon,,,0,0,,,,,,
https://www.racenet.com.au/form-guide/horse-racing/bursa-tr-20260928/race-1-race-1/overview,Bursa,2026-09-28,Bursa,"{'eventId': '3439229', 'overall': None, 'rating': None, 'surface': 'Turf', '__typename': 'TrackCondition'}",1,Race 1,1500,,20381,11,False,,9,9,Tokathanın Gülü,3,Filly,gr,Firikya,Büyük Umutlar,,53,,B. M. Mırık,F. Sezer,9:1-0-1,11,22,-100,7,,0,10,,,,,,tcdn,,,0,0,,,,,,
https://www.racenet.com.au/form-guide/horse-racing/bursa-tr-20260928/race-1-race-1/overview,Bursa,2026-09-28,Bursa,"{'eventId': '3439229', 'overall': None, 'rating': None, 'surface': 'Turf', '__typename': 'TrackCondition'}",1,Race 1,1500,,20381,11,False,,10,7,Yücealp,3,Colt,ch,Serdümen,Özbeyza,,53,,O. F. Ozen,H. Sunkar,11:1-0-1,9,18,-100,6,,0,22,,,,,,n,,,0,0,,,,,,
https://www.racenet.com.au/form-guide/horse-racing/bursa-tr-20260928/race-1-race-1/overview,Bursa,2026-09-28,Bursa,"{'eventId': '3439229', 'overall': None, 'rating': None, 'surface': 'Turf', '__typename': 'TrackCondition'}",1,Race 1,1500,,20381,11,False,,11,5,Lavekar,3,Colt,b,Serdümen,Sonsuz Işık,,52,,C. Altun,K. Sengel,7:0-1-0,0,14,-100,10,,0,7,,,,,,o,,,0,0,,,,,,
https://www.racenet.com.au/form-guide/horse-racing/bursa-tr-20260928/race-2-race-2/overview,Bursa,2026-09-28,Bursa,"{'eventId': '3439230', 'overall': None, 'rating': None, 'surface': 'Turf', '__typename': 'TrackCondition'}",2,Race 2,1400,,27770,10,False,,1,1,Lo Siento Bb,2,Filly,b,Goken,Pelekaı,,61,,M. A. Akgobek,H. Sunkar,7:0-2-3,0,71,-100,4,,6,8,,,,,,,,,0,0,,,,,,
https://www.racenet.com.au/form-guide/horse-racing/bursa-tr-20260928/race-2-race-2/overview,Bursa,2026-09-28,Bursa,"{'eventId': '3439230', 'overall': None, 'rating': None, 'surface': 'Turf', '__typename': 'TrackCondition'}",2,Race 2,1400,,27770,10,False,,2,3,Altın Kelebek,2,Filly,b,Ghost Pasha,Mamacıta Bonıta,,53,,D. Budak,E. Turan,3:0-0-0,0,0,-100,8,,0,63,,,,,,o,,,0,0,,,,,,
https://www.racenet.com.au/form-guide/horse-racing/bursa-tr-20260928/race-2-race-2/overview,Bursa,2026-09-28,Bursa,"{'eventId': '3439230', 'overall': None, 'rating': None, 'surface': 'Turf', '__typename': 'TrackCondition'}",2,Race 2,1400,,27770,10,False,,3,4,Bandidita,2,Filly,b,Blackbeard,Vırgınıa Celeste,,57,,O. Fidan,H. Sunkar,2:0-0-0,0,0,-100,8,,0,82,,,,,,,,,1,0,,,,,,
https://www.racenet.com.au/form-guide/horse-racing/bursa-tr-20260928/race-2-race-2/overview,Bursa,2026-09-28,Bursa,"{'eventId': '3439230', 'overall': None, 'rating': None, 'surface': 'Turf', '__typename': 'TrackCondition'}",2,Race 2,1400,,27770,10,False,,4,8,Emiloş,2,Filly,ch,Grıffon,Domates,,54,,Y. Gokce,C. Yıldırım,2:0-0-0,0,0,-100,5,,0,17,,,,,,,,,1,0,,,,,,
https://www.racenet.com.au/form-guide/horse-racing/bursa-tr-20260928/race-2-race-2/overview,Bursa,2026-09-28,Bursa,"{'eventId': '3439230', 'overall': None, 'rating': None, 'surface': 'Turf', '__typename': 'TrackCondition'}",2,Race 2,1400,,27770,10,False,,5,2,Mushu,2,Filly,b,Perfect Warrıor,Abeılle,,57,,İ. Dinar,M. Ozgul,4:0-0-0,0,0,-100,7,,0,10,,,,,,,,,0,0,,,,,,
https://www.racenet.com.au/form-guide/horse-racing/bursa-tr-20260928/race-2-race-2/overview,Bursa,2026-09-28,Bursa,"{'eventId': '3439230', 'overall': None, 'rating': None, 'surface': 'Turf', '__typename': 'TrackCondition'}",2,Race 2,1400,,27770,10,False,,6,9,Sabırlı Tınas,2,Filly,b,Tıght End,Se Si Duney,,54,,E. Kadirler,Y. Gundogdi,7:0-0-0,0,0,-100,8,,0,10,,,,,,o,,,0,0,,,,,,
https://www.racenet.com.au/form-guide/horse-racing/bursa-tr-20260928/race-2-race-2/overview,Bursa,2026-09-28,Bursa,"{'eventId': '3439230', 'overall': None, 'rating': None, 'surface': 'Turf', '__typename': 'TrackCondition'}",2,Race 2,1400,,27770,10,False,,7,7,Selly Su,2,Filly,b,Hakeem,Selly,,57,,M. M. Bilgin,A. Mantas,3:0-1-1,0,67,-100,4,,27,31,,,,,,,,,0,0,,,,,,
https://www.racenet.com.au/form-guide/horse-racing/bursa-tr-20260928/race-2-race-2/overview,Bursa,2026-09-28,Bursa,"{'eventId': '3439230', 'overall': None, 'rating': None, 'surface': 'Turf', '__typename': 'TrackCondition'}",2,Race 2,1400,,27770,10,False,,8,5,Sirene,2,Filly,b,Tızway,Vira Vira,,57,,A. Meh. Altın,M. Esmer,0:0-0-0,0,0,0,,,0,,,,,,,,,,0,0,,,,,,
https://www.racenet.com.au/form-guide/horse-racing/bursa-tr-20260928/race-2-race-2/overview,Bursa,2026-09-28,Bursa,"{'eventId': '3439230', 'overall': None, 'rating': None, 'surface': 'Turf', '__typename': 'TrackCondition'}",2,Race 2,1400,,27770,10,False,,9,6,Touch The Leoni,2,Filly,b,Touch The Wolf,İgnis,,57,,C. Altun,A. Mantas,2:0-0-1,0,50,-100,3,,10,17,,,,,,,,,1,0,,,,,,
https://www.racenet.com.au/form-guide/horse-racing/bursa-tr-20260928/race-2-race-2/overview,Bursa,2026-09-28,Bursa,"{'eventId': '3439230', 'overall': None, 'rating': None, 'surface': 'Turf', '__typename': 'TrackCondition'}",2,Race 2,1400,,27770,10,False,,10,10,Winds Sound,2,Filly,b,Hakeem,Venus Daughter,,57,,O. Yıldız,İ. Kızıldağ,3:0-0-0,0,0,-100,12,,0,17,,,,,,o,,,0,0,,,,,,
https://www.racenet.com.au/form-guide/horse-racing/bursa-tr-20260928/race-3-race-3/overview,Bursa,2026-09-28,Bursa,"{'eventId': '3439231', 'overall': None, 'rating': None, 'surface': 'Turf', '__typename': 'TrackCondition'}",3,Race 3,2200,,24967,11,False,,1,1,Açakız,4,Mare,b,Altıncı His,Artuknaz,,59,,E. Akpınar,K. Sengel,21:4-1-4,19,43,-100,1,,20,8,,,,,,tn,,,0,0,,,,,,
https://www.racenet.com.au/form-guide/horse-racing/bursa-tr-20260928/race-3-race-3/overview,Bursa,2026-09-28,Bursa,"{'eventId': '3439231', 'overall': None, 'rating': None, 'surface': 'Turf', '__typename': 'TrackCondition'}",3,Race 3,2200,,24967,11,False,,2,2,Sütliman,4,Mare,ch,Sonalp,Olgunsu,,59,,H. Turan,S. Baydan,25:4-0-2,16,24,-100,4,,0,14,,,,,,tn,,,0,0,,,,,,
https://www.racenet.com.au/form-guide/horse-racing/bursa-tr-20260928/race-3-race-3/overview,Bursa,2026-09-28,Bursa,"{'eventId': '3439231', 'overall': None, 'rating': None, 'surface': 'Turf', '__typename': 'TrackCondition'}",3,Race 3,2200,,24967,11,False,,3,3,Kuzguni Yeşil,4,Mare,gr,Berksoy,Şenferah,,56,,Serh. Celik,C. Katı,25:1-7-2,4,40,-100,2,,0,8,,,,,,bn,,,1,0,,,,,,
https://www.racenet.com.au/form-guide/horse-racing/bursa-tr-20260928/race-3-race-3/overview,Bursa,2026-09-28,Bursa,"{'eventId': '3439231', 'overall': None, 'rating': None, 'surface': 'Turf', '__typename': 'TrackCondition'}",3,Race 3,2200,,24967,11,False,,4,9,Gençyürek,4,Stallion,gr,Coşartay,Özgökçe,,58,,M. M. Bilgin,Y. Oztas,28:2-4-5,7,39,-100,5,,14,16,,,,,,tn,,,1,0,,,,,,
https://www.racenet.com.au/form-guide/horse-racing/bursa-tr-20260928/race-3-race-3/overview,Bursa,2026-09-28,Bursa,"{'eventId': '3439231', 'overall': None, 'rating': None, 'surface': 'Turf', '__typename': 'TrackCondition'}",3,Race 3,2200,,24967,11,False,,5,11,Mahçiçek,4,Mare,ch,Odinhan,Pazırık,,57,,T. Yıldız,R. A. Tekeli,28:1-4-3,4,29,-100,8,,0,7,,,,,,tn,,,0,0,,,,,,
https://www.racenet.com.au/form-guide/horse-racing/bursa-tr-20260928/race-3-race-3/overview,Bursa,2026-09-28,Bursa,"{'eventId': '3439231', 'overall': None, 'rating': None, 'surface': 'Turf', '__typename': 'TrackCondition'}",3,Race 3,2200,,24967,11,False,,6,10,Dağ Yoncası,4,Mare,b,Besleney,Lutesyum,,56,,N. Sen,T. Ates,21:1-1-3,5,24,-100,6,,0,7,,,,,,bn,,,0,0,,,,,,
https://www.racenet.com.au/form-guide/horse-racing/bursa-tr-20260928/race-3-race-3/overview,Bursa,2026-09-28,Bursa,"{'eventId': '3439231', 'overall': None, 'rating': None, 'surface': 'Turf', '__typename': 'TrackCondition'}",3,Race 3,2200,,24967,11,False,,7,5,Hümalı Kız,4,Mare,ch,Fatih Ağa,Külünçeli Kız,,55,,A. Yıldız,T. Ates,21:2-1-3,10,29,-100,6,,0,10,,,,,,tn,,,1,0,,,,,,
https://www.racenet.com.au/form-guide/horse-racing/bursa-tr-20260928/race-3-race-3/overview,Bursa,2026-09-28,Bursa,"{'eventId': '3439231', 'overall': None, 'rating': None, 'surface': 'Turf', '__typename': 'TrackCondition'}",3,Race 3,2200,,24967,11,False,,8,7,Takipsiz,4,Stallion,gr,Yürekkaya,Çaygülü,,51,,D. Budak,B. Yoleri,15:1-2-0,7,20,-100,17,,0,59,,,,,,ton,,,0,0,,,,,,
https://www.racenet.com.au/form-guide/horse-racing/bursa-tr-20260928/race-3-race-3/overview,Bursa,2026-09-28,Bursa,"{'eventId': '3439231', 'overall': None, 'rating': None, 'surface': 'Turf', '__typename': 'TrackCondition'}",3,Race 3,2200,,24967,11,False,,9,4,Emsalli Er,4,Stallion,gr,Uçarer,Emsalsiz,,52,,Mah. Turan,Y. C. Karatoprak,24:1-1-2,4,17,-100,4,,0,7,,,,,,sn,,,0,0,,,,,,
https://www.racenet.com.au/form-guide/horse-racing/bursa-tr-20260928/race-3-race-3/overview,Bursa,2026-09-28,Bursa,"{'eventId': '3439231', 'overall': None, 'rating': None, 'surface': 'Turf', '__typename': 'TrackCondition'}",3,Race 3,2200,,24967,11,False,,10,8,Adalof,4,Stallion,ch,Biçer,Takı,,52,,S. Tırpan,S. Onder,17:1-2-0,6,18,-100,7,,0,17,,,,,,n,,,0,0,,,,,,
https://www.racenet.com.au/form-guide/horse-racing/bursa-tr-20260928/race-3-race-3/overview,Bursa,2026-09-28,Bursa,"{'eventId': '3439231', 'overall': None, 'rating': None, 'surface': 'Turf', '__typename': 'TrackCondition'}",3,Race 3,2200,,24967,11,False,,11,6,Dumanlı Dağ,4,Stallion,b,Kurtel,Yetenekli,,52,,İ. Dinar,R. Coskun,7:0-0-0,0,0,-100,10,,0,7,,,,,,o,,,0,0,,,,,,
https://www.racenet.com.au/form-guide/horse-racing/bursa-tr-20260928/race-4-race-4/overview,Bursa,2026-09-28,Bursa,"{'eventId': '3439232', 'overall': None, 'rating': None, 'surface': 'Turf', '__typename': 'TrackCondition'}",4,Race 4,1400,,27770,10,False,,1,7,Delicias Turcas,2,Filly,gr,Natıve Khan,Lokum,,62,,Sal. Celik,H. Sunkar,12:0-3-3,0,50,-100,2,,0,10,,,,,,b,,,0,0,,,,,,
https://www.racenet.com.au/form-guide/horse-racing/bursa-tr-20260928/race-4-race-4/overview,Bursa,2026-09-28,Bursa,"{'eventId': '3439232', 'overall': None, 'rating': None, 'surface': 'Turf', '__typename': 'TrackCondition'}",4,Race 4,1400,,27770,10,False,,2,4,Sıla Aleyna,2,Filly,b,Fly By Me,Lady Duru,,60,,T. Yıldız,T. Ates,3:0-3-0,0,100,-100,2,,0,19,,,,,,,,,0,0,,,,,,
https://www.racenet.com.au/form-guide/horse-racing/bursa-tr-20260928/race-4-race-4/overview,Bursa,2026-09-28,Bursa,"{'eventId': '3439232', 'overall': None, 'rating': None, 'surface': 'Turf', '__typename': 'TrackCondition'}",4,Race 4,1400,,27770,10,False,,3,1,Arrow Storm,2,Filly,gr,Natıve Khan,Lady Yağmur,,59,,K. Tokacoglu,Sey. Gokce,5:0-0-3,0,60,-100,3,,0,52,,,,,,,,,1,0,,,,,,
https://www.racenet.com.au/form-guide/horse-racing/bursa-tr-20260928/race-4-race-4/overview,Bursa,2026-09-28,Bursa,"{'eventId': '3439232', 'overall': None, 'rating': None, 'surface': 'Turf', '__typename': 'TrackCondition'}",4,Race 4,1400,,27770,10,False,,4,3,Aurora Nova,2,Filly,b,Amerikalı,Alpha Kurt,,57,,A. Kursun,A. Mantas,5:0-0-1,0,20,-100,6,,50,17,,,,,,b,,,2,0,,,,,,
https://www.racenet.com.au/form-guide/horse-racing/bursa-tr-20260928/race-4-race-4/overview,Bursa,2026-09-28,Bursa,"{'eventId': '3439232', 'overall': None, 'rating': None, 'surface': 'Turf', '__typename': 'TrackCondition'}",4,Race 4,1400,,27770,10,False,,5,2,Brave Hera,2,Filly,b,Torok,Brave Soul,,57,,Mah. Turan,N. Bakır,2:0-0-0,0,0,-100,8,,0,19,,,,,,,,,0,0,,,,,,
https://www.racenet.com.au/form-guide/horse-racing/bursa-tr-20260928/race-4-race-4/overview,Bursa,2026-09-28,Bursa,"{'eventId': '3439232', 'overall': None, 'rating': None, 'surface': 'Turf', '__typename': 'TrackCondition'}",4,Race 4,1400,,27770,10,False,,6,8,Determined Girl,2,Filly,b,Kuloğlu,Sılver Plane,,57,,O. Eren,A. Ocal,0:0-0-0,0,0,0,,,0,,,,,,,,,,0,0,,,,,,
https://www.racenet.com.au/form-guide/horse-racing/bursa-tr-20260928/race-4-race-4/overview,Bursa,2026-09-28,Bursa,"{'eventId': '3439232', 'overall': None, 'rating': None, 'surface': 'Turf', '__typename': 'TrackCondition'}",4,Race 4,1400,,27770,10,False,,7,6,Dielli,2,Filly,b,Blackbeard,Frınkle,,57,,A. Yıldız,S. Onder,2:0-0-0,0,0,-100,6,,0,17,,,,,,,,,0,0,,,,,,
https://www.racenet.com.au/form-guide/horse-racing/bursa-tr-20260928/race-4-race-4/overview,Bursa,2026-09-28,Bursa,"{'eventId': '3439232', 'overall': None, 'rating': None, 'surface': 'Turf', '__typename': 'TrackCondition'}",4,Race 4,1400,,27770,10,False,,8,10,Luciele,2,Filly,b,Tızway,Four Leaf Clover,,57,,B. M. Mırık,S. Baydan,1:0-0-0,0,0,-100,7,,50,31,,,,,,,,,0,0,,,,,,
https://www.racenet.com.au/form-guide/horse-racing/bursa-tr-20260928/race-4-race-4/overview,Bursa,2026-09-28,Bursa,"{'eventId': '3439232', 'overall': None, 'rating': None, 'surface': 'Turf', '__typename': 'TrackCondition'}",4,Race 4,1400,,27770,10,False,,9,5,Madam Nora,2,Filly,gr,Bluegrass Cat,Hakabe,,57,,C. Altun,A. Mantas,1:0-0-0,0,0,-100,7,,10,17,,,,,,,,,0,0,,,,,,
https://www.racenet.com.au/form-guide/horse-racing/bursa-tr-20260928/race-4-race-4/overview,Bursa,2026-09-28,Bursa,"{'eventId': '3439232', 'overall': None, 'rating': None, 'surface': 'Turf', '__typename': 'TrackCondition'}",4,Race 4,1400,,27770,10,False,,10,9,Royal Majesty,2,Filly,b,Hakeem,Thunder Road,,54,,R. Ketme,Y. Akbulut,2:0-1-0,0,50,-100,2,,8,17,,,,,,,,,1,0,,,,,,
https://www.racenet.com.au/form-guide/horse-racing/bursa-tr-20260928/race-5-race-5/overview,Bursa,2026-09-28,Bursa,"{'eventId': '3439233', 'overall': None, 'rating': None, 'surface': 'Turf', '__typename': 'TrackCondition'}",5,Race 5,2200,,34648,12,False,,1,9,Şen Akyüz,7,Stallion,b,Powerscourt,Madencikızı,,60,,H. Turan,T. Ates,124:12-16-23,10,41,-100,6,,0,10,,,,,,tcdson,,,0,0,,,,,,
https://www.racenet.com.au/form-guide/horse-racing/bursa-tr-20260928/race-5-race-5/overview,Bursa,2026-09-28,Bursa,"{'eventId': '3439233', 'overall': None, 'rating': None, 'surface': 'Turf', '__typename': 'TrackCondition'}",5,Race 5,2200,,34648,12,False,,2,5,Angel Of Gold,4,Stallion,b,Super Saver,Mıss Judge,,59,,E. Akpınar,A. Olcar,23:5-4-5,22,61,-100,5,,0,10,,,,,,tn,,,1,0,,,,,,
https://www.racenet.com.au/form-guide/horse-racing/bursa-tr-20260928/race-5-race-5/overview,Bursa,2026-09-28,Bursa,"{'eventId': '3439233', 'overall': None, 'rating': None, 'surface': 'Turf', '__typename': 'TrackCondition'}",5,Race 5,2200,,34648,12,False,,3,11,Erduman,4,Stallion,gr,Graystorm,Sesibel,,58,,K. Yılmaz,Y. Akbulut,29:4-6-7,14,59,-100,4,,100,10,,,,,,tn,,,1,0,,,,,,
https://www.racenet.com.au/form-guide/horse-racing/bursa-tr-20260928/race-5-race-5/overview,Bursa,2026-09-28,Bursa,"{'eventId': '3439233', 'overall': None, 'rating': None, 'surface': 'Turf', '__typename': 'TrackCondition'}",5,Race 5,2200,,34648,12,False,,4,7,Acoustic Song,3,Filly,b,Amerikalı,Acoustıc Cover,,55,,A. Kursun,A. Mantas,0:0-0-0,0,0,0,,,50,,,,,,,,,,2,0,,,,,,
https://www.racenet.com.au/form-guide/horse-racing/bursa-tr-20260928/race-5-race-5/overview,Bursa,2026-09-28,Bursa,"{'eventId': '3439233', 'overall': None, 'rating': None, 'surface': 'Turf', '__typename': 'TrackCondition'}",5,Race 5,2200,,34648,12,False,,5,4,Typhoon,3,Colt,b,Myboycharlıe,Aysun Sultan,,55,,O. Ozturk,A. Ocal,24:4-5-4,17,54,-100,1,,13,14,,,,,,tcdn,,,0,0,,,,,,
https://www.racenet.com.au/form-guide/horse-racing/bursa-tr-20260928/race-5-race-5/overview,Bursa,2026-09-28,Bursa,"{'eventId': '3439233', 'overall': None, 'rating': None, 'surface': 'Turf', '__typename': 'TrackCondition'}",5,Race 5,2200,,34648,12,False,,6,2,Golden Sail,3,Colt,ch,Pıano Sonata,Gold Tulıp,,53,,O. F. Ozen,M. Esmer,9:4-1-0,44,56,-100,9,,50,14,,,,,,tbon,,,0,0,,,,,,
https://www.racenet.com.au/form-guide/horse-racing/bursa-tr-20260928/race-5-race-5/overview,Bursa,2026-09-28,Bursa,"{'eventId': '3439233', 'overall': None, 'rating': None, 'surface': 'Turf', '__typename': 'TrackCondition'}",5,Race 5,2200,,34648,12,False,,7,10,Brusk Shot,4,Gelding,ch,Trappe Shot,Çar Brusk,,58,,K. Tokacoglu,Y. Akbulut,43:4-6-12,9,51,-100,2,,36,14,,,,,,tn,,,0,0,,,,,,
https://www.racenet.com.au/form-guide/horse-racing/bursa-tr-20260928/race-5-race-5/overview,Bursa,2026-09-28,Bursa,"{'eventId': '3439233', 'overall': None, 'rating': None, 'surface': 'Turf', '__typename': 'TrackCondition'}",5,Race 5,2200,,34648,12,False,,8,6,Bob Valdes,3,Colt,b,Dıvıne Heart,Azimli Kız,,53,,A. Meh. Altın,A. Coşkan,30:4-13-6,13,77,-100,6,,0,44,,,,,,sn,,,0,0,,,,,,
https://www.racenet.com.au/form-guide/horse-racing/bursa-tr-20260928/race-5-race-5/overview,Bursa,2026-09-28,Bursa,"{'eventId': '3439233', 'overall': None, 'rating': None, 'surface': 'Turf', '__typename': 'TrackCondition'}",5,Race 5,2200,,34648,12,False,,9,3,Racing Rapture,4,Stallion,b,Torok,Sılky,,55,,M. M. Bilgin,G. Sutcu,28:3-7-6,11,57,-100,4,,100,8,,,,,,sn,,,0,0,,,,,,
https://www.racenet.com.au/form-guide/horse-racing/bursa-tr-20260928/race-5-race-5/overview,Bursa,2026-09-28,Bursa,"{'eventId': '3439233', 'overall': None, 'rating': None, 'surface': 'Turf', '__typename': 'TrackCondition'}",5,Race 5,2200,,34648,12,False,,10,12,Harp,3,Colt,ch,Angel Of Death,Always On My Mınd,,52,,Mah. Turan,Y. Gundogdi,10:3-1-3,30,70,-100,7,,25,16,,,,,,tn,,,1,0,,,,,,
https://www.racenet.com.au/form-guide/horse-racing/bursa-tr-20260928/race-5-race-5/overview,Bursa,2026-09-28,Bursa,"{'eventId': '3439233', 'overall': None, 'rating': None, 'surface': 'Turf', '__typename': 'TrackCondition'}",5,Race 5,2200,,34648,12,False,,11,8,Yamatai,6,Mare,b,Fast 'N' Famous,Wısh A Moon,,53,,O. Atmaca,S. Baydan,34:5-4-4,15,38,-100,6,,36,14,,,,,,d,,,1,0,,,,,,
https://www.racenet.com.au/form-guide/horse-racing/bursa-tr-20260928/race-5-race-5/overview,Bursa,2026-09-28,Bursa,"{'eventId': '3439233', 'overall': None, 'rating': None, 'surface': 'Turf', '__typename': 'TrackCondition'}",5,Race 5,2200,,34648,12,False,,12,1,Golden Snow,4,Stallion,gr,Natıve Khan,Ceylin Hatun,,52,,A. Yıldız,Gal. Kılıç,16:3-1-1,19,31,-100,1,,0,24,,,,,,tn,,,1,0,,,,,,
https://www.racenet.com.au/form-guide/horse-racing/bursa-tr-20260928/race-6-race-6/overview,Bursa,2026-09-28,Bursa,"{'eventId': '3439234', 'overall': None, 'rating': None, 'surface': 'Turf', '__typename': 'TrackCondition'}",6,Race 6,1800,,35413,11,False,,1,1,Siyah Kuş,4,Mare,ch,Sonalp,Kamaran,,61,,A. Kursun,M. Anat,20:5-3-1,25,45,-100,1,,0,19,,,,,,tsn,,,0,0,,,,,,
https://www.racenet.com.au/form-guide/horse-racing/bursa-tr-20260928/race-6-race-6/overview,Bursa,2026-09-28,Bursa,"{'eventId': '3439234', 'overall': None, 'rating': None, 'surface': 'Turf', '__typename': 'TrackCondition'}",6,Race 6,1800,,35413,11,False,,2,9,Gül Ayalı,6,Mare,ch,Ayabakan,Gülzade,,60,,A. Yıldız,A. Ocal,49:5-4-3,10,24,-100,12,,0,14,,,,,,ton,,,0,0,,,,,,
https://www.racenet.com.au/form-guide/horse-racing/bursa-tr-20260928/race-6-race-6/overview,Bursa,2026-09-28,Bursa,"{'eventId': '3439234', 'overall': None, 'rating': None, 'surface': 'Turf', '__typename': 'TrackCondition'}",6,Race 6,1800,,35413,11,False,,3,4,Tarçınkız,5,Mare,gr,Özhaber,Kuruşun Kızı,,60,,M. M. Bilgin,M. A. Turan,48:7-10-9,15,54,-100,5,,25,10,,,,,,tcdsn,,,1,0,,,,,,
https://www.racenet.com.au/form-guide/horse-racing/bursa-tr-20260928/race-6-race-6/overview,Bursa,2026-09-28,Bursa,"{'eventId': '3439234', 'overall': None, 'rating': None, 'surface': 'Turf', '__typename': 'TrackCondition'}",6,Race 6,1800,,35413,11,False,,4,6,Aller Gülü,6,Mare,ch,Kaman,Derincan,,58,,G. Yıldız,E. Cilek,65:5-5-11,8,32,-100,7,,0,14,,,,,,tcdn,,,1,0,,,,,,
https://www.racenet.com.au/form-guide/horse-racing/bursa-tr-20260928/race-6-race-6/overview,Bursa,2026-09-28,Bursa,"{'eventId': '3439234', 'overall': None, 'rating': None, 'surface': 'Turf', '__typename': 'TrackCondition'}",6,Race 6,1800,,35413,11,False,,5,2,Demrenin Kızı,4,Mare,gr,Tamerinoğlu,Demre,,58,,K. Tokacoglu,Y. Akbulut,25:6-1-8,24,60,-100,1,,36,14,,,,,,tsn,,,0,0,,,,,,
https://www.racenet.com.au/form-guide/horse-racing/bursa-tr-20260928/race-6-race-6/overview,Bursa,2026-09-28,Bursa,"{'eventId': '3439234', 'overall': None, 'rating': None, 'surface': 'Turf', '__typename': 'TrackCondition'}",6,Race 6,1800,,35413,11,False,,6,8,Distile,4,Mare,ch,Özduran,Gürgöze,,58,,Mer. Celik,Hus. Kaya,22:4-2-2,18,36,-100,3,,0,6,,,,,,n,,,0,0,,,,,,
https://www.racenet.com.au/form-guide/horse-racing/bursa-tr-20260928/race-6-race-6/overview,Bursa,2026-09-28,Bursa,"{'eventId': '3439234', 'overall': None, 'rating': None, 'surface': 'Turf', '__typename': 'TrackCondition'}",6,Race 6,1800,,35413,11,False,,7,11,Kurşunili,7,Mare,gr,Silah,Moğolgülü,,58,,O. Atmaca,T. N. Yıldız,56:7-7-13,13,48,-100,3,,25,24,,,,,,tcdn,,,0,0,,,,,,
https://www.racenet.com.au/form-guide/horse-racing/bursa-tr-20260928/race-6-race-6/overview,Bursa,2026-09-28,Bursa,"{'eventId': '3439234', 'overall': None, 'rating': None, 'surface': 'Turf', '__typename': 'TrackCondition'}",6,Race 6,1800,,35413,11,False,,8,10,Eparven,7,Mare,ch,Turbo,Sultan Erva,,56,,Sal. Celik,H. Celik,46:7-4-3,15,30,-100,2,,13,12,,,,,,tn,,,0,0,,,,,,
https://www.racenet.com.au/form-guide/horse-racing/bursa-tr-20260928/race-6-race-6/overview,Bursa,2026-09-28,Bursa,"{'eventId': '3439234', 'overall': None, 'rating': None, 'surface': 'Turf', '__typename': 'TrackCondition'}",6,Race 6,1800,,35413,11,False,,9,3,Müzeyyen Abla,5,Mare,ch,Embir Han,Gülateşi,,56,,B. M. Mırık,S. Baydan,35:8-3-3,23,40,-100,9,,50,14,,,,,,ton,,,0,0,,,,,,
https://www.racenet.com.au/form-guide/horse-racing/bursa-tr-20260928/race-6-race-6/overview,Bursa,2026-09-28,Bursa,"{'eventId': '3439234', 'overall': None, 'rating': None, 'surface': 'Turf', '__typename': 'TrackCondition'}",6,Race 6,1800,,35413,11,False,,10,7,Pelitsırtı,5,Mare,gr,Silah,Mahrem,,56,,M. A. Akgobek,O. Demir,34:4-3-2,12,26,-100,3,,0,14,,,,,,tn,,,0,0,,,,,,
https://www.racenet.com.au/form-guide/horse-racing/bursa-tr-20260928/race-6-race-6/overview,Bursa,2026-09-28,Bursa,"{'eventId': '3439234', 'overall': None, 'rating': None, 'surface': 'Turf', '__typename': 'TrackCondition'}",6,Race 6,1800,,35413,11,False,,11,5,Sinsinateşi,6,Mare,ch,Kaızbert,Bağgüzeli,,56,,T. Yıldız,S. Onder,57:10-6-4,18,35,-100,1,,0,10,,,,,,tcdsn,,,0,0,,,,,,
https://www.racenet.com.au/form-guide/horse-racing/bursa-tr-20260928/race-7-race-7/overview,Bursa,2026-09-28,Bursa,"{'eventId': '3439235', 'overall': None, 'rating': None, 'surface': 'Turf', '__typename': 'TrackCondition'}",7,Race 7,1400,,27770,11,False,,1,2,Tatlı Akyüz,2,Filly,gr,Graystorm,Madencikızı,,59,,N. Sen,T. Ates,10:0-1-2,0,30,-100,3,,0,10,,,,,,,,,0,0,,,,,,
https://www.racenet.com.au/form-guide/horse-racing/bursa-tr-20260928/race-7-race-7/overview,Bursa,2026-09-28,Bursa,"{'eventId': '3439235', 'overall': None, 'rating': None, 'surface': 'Turf', '__typename': 'TrackCondition'}",7,Race 7,1400,,27770,11,False,,2,9,Workin Lady,2,Filly,b,Mendıp,Anadolu Sultanı,,59,,A. Yıldız,Mur. Altın,5:0-1-1,0,40,-100,13,,0,17,,,,,,o,,,0,0,,,,,,
https://www.racenet.com.au/form-guide/horse-racing/bursa-tr-20260928/race-7-race-7/overview,Bursa,2026-09-28,Bursa,"{'eventId': '3439235', 'overall': None, 'rating': None, 'surface': 'Turf', '__typename': 'TrackCondition'}",7,Race 7,1400,,27770,11,False,,3,10,Birpırıl,2,Filly,ch,Ramayana,Ebruli,,57,,B. M. Mırık,F. Sezer,1:0-0-0,0,0,-100,7,,0,23,,,,,,,,,1,0,,,,,,
https://www.racenet.com.au/form-guide/horse-racing/bursa-tr-20260928/race-7-race-7/overview,Bursa,2026-09-28,Bursa,"{'eventId': '3439235', 'overall': None, 'rating': None, 'surface': 'Turf', '__typename': 'TrackCondition'}",7,Race 7,1400,,27770,11,False,,4,4,Carita Linda,2,Filly,b,Kaneko,Şeker Hanım,,57,,O. Fidan,H. Sunkar,1:0-0-0,0,0,-100,7,,0,22,,,,,,o,,,1,0,,,,,,
https://www.racenet.com.au/form-guide/horse-racing/bursa-tr-20260928/race-7-race-7/overview,Bursa,2026-09-28,Bursa,"{'eventId': '3439235', 'overall': None, 'rating': None, 'surface': 'Turf', '__typename': 'TrackCondition'}",7,Race 7,1400,,27770,11,False,,5,6,Çikok Power,2,Filly,b,Kıng Of The Sun,Secret Fantasy,,55,,H. Turan,T. Ates,2:0-0-0,0,0,-100,8,,0,10,,,,,,,,,0,0,,,,,,
https://www.racenet.com.au/form-guide/horse-racing/bursa-tr-20260928/race-7-race-7/overview,Bursa,2026-09-28,Bursa,"{'eventId': '3439235', 'overall': None, 'rating': None, 'surface': 'Turf', '__typename': 'TrackCondition'}",7,Race 7,1400,,27770,11,False,,6,11,Eylül Masalı,2,Filly,b,Hakeem,Ritim,,57,,C. Altun,K. Sengel,2:0-0-0,0,0,-100,7,,0,68,,,,,,,,,0,0,,,,,,
https://www.racenet.com.au/form-guide/horse-racing/bursa-tr-20260928/race-7-race-7/overview,Bursa,2026-09-28,Bursa,"{'eventId': '3439235', 'overall': None, 'rating': None, 'surface': 'Turf', '__typename': 'TrackCondition'}",7,Race 7,1400,,27770,11,False,,7,3,Lady Gala,2,Filly,b,Tızway,Source Of Honour,,57,,O. Atmaca,A. Olcar,4:0-0-1,0,25,-100,3,,0,17,,,,,,,,,0,0,,,,,,
https://www.racenet.com.au/form-guide/horse-racing/bursa-tr-20260928/race-7-race-7/overview,Bursa,2026-09-28,Bursa,"{'eventId': '3439235', 'overall': None, 'rating': None, 'surface': 'Turf', '__typename': 'TrackCondition'}",7,Race 7,1400,,27770,11,False,,8,1,Legend Arrow,2,Filly,b,Avery Island,Buster'S Ruler,,55,,E. Akpınar,B. Kocakaya,0:0-0-0,0,0,0,,,100,,,,,,,,,,0,0,,,,,,
https://www.racenet.com.au/form-guide/horse-racing/bursa-tr-20260928/race-7-race-7/overview,Bursa,2026-09-28,Bursa,"{'eventId': '3439235', 'overall': None, 'rating': None, 'surface': 'Turf', '__typename': 'TrackCondition'}",7,Race 7,1400,,27770,11,False,,9,7,Nebula Star,2,Filly,ch,Bluegrass Cat,Wıld Prıncesse,,57,,Mah. Turan,A. Temizer,7:0-1-0,0,14,-100,5,,0,19,,,,,,,,,0,0,,,,,,
https://www.racenet.com.au/form-guide/horse-racing/bursa-tr-20260928/race-7-race-7/overview,Bursa,2026-09-28,Bursa,"{'eventId': '3439235', 'overall': None, 'rating': None, 'surface': 'Turf', '__typename': 'TrackCondition'}",7,Race 7,1400,,27770,11,False,,10,5,Yosemıte Gırl,2,Filly,b,Kuloğlu,Helında,,57,,M. M. Bilgin,Ser. Gokce,1:0-0-0,0,0,-100,6,,44,84,,,,,,,,,0,0,,,,,,
https://www.racenet.com.au/form-guide/horse-racing/bursa-tr-20260928/race-7-race-7/overview,Bursa,2026-09-28,Bursa,"{'eventId': '3439235', 'overall': None, 'rating': None, 'surface': 'Turf', '__typename': 'TrackCondition'}",7,Race 7,1400,,27770,11,False,,11,8,You Are Great,2,Filly,b,Vıctoıre Pısa,Sesibel,,57,,A. Inci,Y. Akbulut,7:0-0-0,0,0,-100,4,,0,17,,,,,,,,,0,0,,,,,,
https://www.racenet.com.au/form-guide/horse-racing/bursa-tr-20260928/race-8-race-8/overview,Bursa,2026-09-28,Bursa,"{'eventId': '3439236', 'overall': None, 'rating': None, 'surface': 'Turf', '__typename': 'TrackCondition'}",8,Race 8,1300,,24967,13,False,,1,5,Bella Mare,4,Mare,ch,Run Away And Hıde,Laik Kız,,55,,Y. Gokce,C. Yıldırım,25:5-2-3,20,40,-100,12,,0,17,,,,,,tdon,,,0,0,,,,,,
https://www.racenet.com.au/form-guide/horse-racing/bursa-tr-20260928/race-8-race-8/overview,Bursa,2026-09-28,Bursa,"{'eventId': '3439236', 'overall': None, 'rating': None, 'surface': 'Turf', '__typename': 'TrackCondition'}",8,Race 8,1300,,24967,13,False,,2,11,Filius Ventus,5,Stallion,b,Torok,Serenara,,58,,O. Yıldız,O. Bozyel,66:2-5-10,3,26,-100,3,,0,24,,,,,,n,,,0,0,,,,,,
https://www.racenet.com.au/form-guide/horse-racing/bursa-tr-20260928/race-8-race-8/overview,Bursa,2026-09-28,Bursa,"{'eventId': '3439236', 'overall': None, 'rating': None, 'surface': 'Turf', '__typename': 'TrackCondition'}",8,Race 8,1300,,24967,13,False,,3,1,Kızım Beril,4,Mare,b,Kınowa,Snoozy Tımes,,58,,T. Alıcı,S. Akduman,36:7-2-5,19,39,-100,7,,0,7,,,,,,tcdn,,,1,0,,,,,,
https://www.racenet.com.au/form-guide/horse-racing/bursa-tr-20260928/race-8-race-8/overview,Bursa,2026-09-28,Bursa,"{'eventId': '3439236', 'overall': None, 'rating': None, 'surface': 'Turf', '__typename': 'TrackCondition'}",8,Race 8,1300,,24967,13,False,,4,8,Red Smoke,3,Filly,b,Authorızed,Red Hare,,55,,E. Akpınar,H. Dolmaz,22:3-2-5,14,45,-100,5,,0,7,,,,,,tcdn,,,1,0,,,,,,
https://www.racenet.com.au/form-guide/horse-racing/bursa-tr-20260928/race-8-race-8/overview,Bursa,2026-09-28,Bursa,"{'eventId': '3439236', 'overall': None, 'rating': None, 'surface': 'Turf', '__typename': 'TrackCondition'}",8,Race 8,1300,,24967,13,False,,5,2,Wadron,3,Colt,b,Ardad,Wadjet,,53,,O. F. Ozen,M. Esmer,13:3-4-1,23,62,-100,10,,50,7,,,,,,ton,,,0,0,,,,,,
https://www.racenet.com.au/form-guide/horse-racing/bursa-tr-20260928/race-8-race-8/overview,Bursa,2026-09-28,Bursa,"{'eventId': '3439236', 'overall': None, 'rating': None, 'surface': 'Turf', '__typename': 'TrackCondition'}",8,Race 8,1300,,24967,13,False,,6,6,Bıçkıdereli Ege,4,Stallion,b,Marcavelly,Tuya Naz,,54,,K. Yılmaz,T. Ates,28:3-2-3,11,29,-100,5,,0,38,,,,,,tcdn,,,0,0,,,,,,
https://www.racenet.com.au/form-guide/horse-racing/bursa-tr-20260928/race-8-race-8/overview,Bursa,2026-09-28,Bursa,"{'eventId': '3439236', 'overall': None, 'rating': None, 'surface': 'Turf', '__typename': 'TrackCondition'}",8,Race 8,1300,,24967,13,False,,7,12,King Bora,7,Stallion,b,Justenuffhumor,West Of Gırl,,56,,S. Tırpan,F. Kıran,88:13-5-12,15,34,-100,8,,0,14,,,,,,tn,,,0,0,,,,,,
https://www.racenet.com.au/form-guide/horse-racing/bursa-tr-20260928/race-8-race-8/overview,Bursa,2026-09-28,Bursa,"{'eventId': '3439236', 'overall': None, 'rating': None, 'surface': 'Turf', '__typename': 'TrackCondition'}",8,Race 8,1300,,24967,13,False,,8,9,Lets Wın Together,4,Stallion,ch,Touch The Wolf,Fi Fenomoni,,56,,A. Kursun,A. Mantas,3:0-1-1,0,67,-100,3,,50,498,,,,,,b,,,0,0,,,,,,
https://www.racenet.com.au/form-guide/horse-racing/bursa-tr-20260928/race-8-race-8/overview,Bursa,2026-09-28,Bursa,"{'eventId': '3439236', 'overall': None, 'rating': None, 'surface': 'Turf', '__typename': 'TrackCondition'}",8,Race 8,1300,,24967,13,False,,9,4,Mamba Forever,8,Gelding,b,Luxor,Ascella,,56,,C. Altun,M. U. Turan,52:12-11-4,23,52,-100,1,,17,24,,,,,,tsn,,,0,0,,,,,,
https://www.racenet.com.au/form-guide/horse-racing/bursa-tr-20260928/race-8-race-8/overview,Bursa,2026-09-28,Bursa,"{'eventId': '3439236', 'overall': None, 'rating': None, 'surface': 'Turf', '__typename': 'TrackCondition'}",8,Race 8,1300,,24967,13,False,,10,13,Lord Of North,5,Stallion,b,Trappe Shot,Bougaınvıllea,,52,,D. Budak,T. Biricik,25:1-0-1,4,8,-100,6,,0,21,,,,,,t,,,0,0,,,,,,
https://www.racenet.com.au/form-guide/horse-racing/bursa-tr-20260928/race-8-race-8/overview,Bursa,2026-09-28,Bursa,"{'eventId': '3439236', 'overall': None, 'rating': None, 'surface': 'Turf', '__typename': 'TrackCondition'}",8,Race 8,1300,,24967,13,False,,11,10,Jesko,5,Colt,Bay,Lıon Heart,Balbadem,,56,,A. Yıldız,Y. Akbulut,26:6-1-2,23,35,-100,4,,0,24,,,,,,tcd,,,0,0,,,,,,
https://www.racenet.com.au/form-guide/horse-racing/bursa-tr-20260928/race-8-race-8/overview,Bursa,2026-09-28,Bursa,"{'eventId': '3439236', 'overall': None, 'rating': None, 'surface': 'Turf', '__typename': 'TrackCondition'}",8,Race 8,1300,,24967,13,False,,12,3,Hero Wind,4,Stallion,b,Lılbourne Lad,Deverov,,56,,O. Eren,S. Kocak,9:0-0-0,0,0,-100,10,,0,24,,,,,,o,,,0,0,,,,,,
https://www.racenet.com.au/form-guide/horse-racing/bursa-tr-20260928/race-8-race-8/overview,Bursa,2026-09-28,Bursa,"{'eventId': '3439236', 'overall': None, 'rating': None, 'surface': 'Turf', '__typename': 'TrackCondition'}",8,Race 8,1300,,24967,13,False,,13,7,Çağıranhan,4,Stallion,b,Invıncıble Son,Dark Enchantress,,56,,N. Sen,F. Sezer,0:0-0-0,0,0,0,,,0,,,,,,,,,,0,0,,,,,,
https://www.racenet.com.au/form-guide/horse-racing/churchill-downs-us-20260928/race-1-maiden-special-weight-race-1/overview,Churchill Downs,2026-09-28,Churchill Downs,"{'eventId': '3437974', 'overall': None, 'rating': None, 'surface': 'Dirt', '__typename': 'TrackCondition'}",1,Race 1 - Maiden Special Weight,1207,"2YO, Fillies, Maiden, Spec. Weight",130944,9,True,RESULTED,1,1,Pardi Vida,2,Filly,dk b/br,Yaupon,Moon Over Mag Bay,RESULTED,54,,Axel Concepcion,Joe Sharp,0:0-0-0,0,0,0,,,16,,,,,,,,12.0,,9,19,9,11,22.2,4,,0
https://www.racenet.com.au/form-guide/horse-racing/churchill-downs-us-20260928/race-1-maiden-special-weight-race-1/overview,Churchill Downs,2026-09-28,Churchill Downs,"{'eventId': '3437974', 'overall': None, 'rating': None, 'surface': 'Dirt', '__typename': 'TrackCondition'}",1,Race 1 - Maiden Special Weight,1207,"2YO, Fillies, Maiden, Spec. Weight",130944,9,True,RESULTED,2,2,Your Choice,2,Filly,gr/ro,Volatile,Exceblades,RESULTED,54,,Agustin Gomez,Tirso Rivera,0:0-0-0,0,0,0,,,17,,,,,,,,23.0,,9,15,34,20,-41.2,3,,0
https://www.racenet.com.au/form-guide/horse-racing/churchill-downs-us-20260928/race-1-maiden-special-weight-race-1/overview,Churchill Downs,2026-09-28,Churchill Downs,"{'eventId': '3437974', 'overall': None, 'rating': None, 'surface': 'Dirt', '__typename': 'TrackCondition'}",1,Race 1 - Maiden Special Weight,1207,"2YO, Fillies, Maiden, Spec. Weight",130944,9,True,RESULTED,3,3,Cowgirl Tuff,2,Filly,b,Nashville,Lethal Hunter,RESULTED,54,,Jose L. Ortiz,Joe Sharp,0:0-0-0,0,0,0,,,20,,,,,,,,5.0,,9,22,5.5,4.5,-18.2,7,,0
https://www.racenet.com.au/form-guide/horse-racing/churchill-downs-us-20260928/race-1-maiden-special-weight-race-1/overview,Churchill Downs,2026-09-28,Churchill Downs,"{'eventId': '3437974', 'overall': None, 'rating': None, 'surface': 'Dirt', '__typename': 'TrackCondition'}",1,Race 1 - Maiden Special Weight,1207,"2YO, Fillies, Maiden, Spec. Weight",130944,9,True,RESULTED,4,4,Flaming Verdict,2,Filly,gr/ro,Speaker's Corner,Ms. Dragonette,RESULTED,54,,Tyler Gaffalione,Michael J. Maker,0:0-0-0,0,0,0,,,19,,,,,,,,4.5,,9,21,4.2,4.2,0.0,2,,0
https://www.racenet.com.au/form-guide/horse-racing/churchill-downs-us-20260928/race-1-maiden-special-weight-race-1/overview,Churchill Downs,2026-09-28,Churchill Downs,"{'eventId': '3437974', 'overall': None, 'rating': None, 'surface': 'Dirt', '__typename': 'TrackCondition'}",1,Race 1 - Maiden Special Weight,1207,"2YO, Fillies, Maiden, Spec. Weight",130944,9,True,RESULTED,5,5,Hoecakes,2,Filly,dk b/br,Essential Quality,Smuggler'S Moon,RESULTED,54,,Dylan Machado,Ben Colebrook,1:0-0-0,0,0,-100,10,11,23,18,,,,,,o,13.0,,9,15,20,12,-40.0,8,,0
https://www.racenet.com.au/form-guide/horse-racing/churchill-downs-us-20260928/race-1-maiden-special-weight-race-1/overview,Churchill Downs,2026-09-28,Churchill Downs,"{'eventId': '3437974', 'overall': None, 'rating': None, 'surface': 'Dirt', '__typename': 'TrackCondition'}",1,Race 1 - Maiden Special Weight,1207,"2YO, Fillies, Maiden, Spec. Weight",130944,9,True,RESULTED,6,6,Treat Me Nice,2,Filly,b,Honor Code,Truth,RESULTED,54,,Keith J. Asmussen,Steven M. Asmussen,0:0-0-0,0,0,0,,,9,,,,,,,,9.0,,9,22,8,8,0.0,6,,0
https://www.racenet.com.au/form-guide/horse-racing/churchill-downs-us-20260928/race-1-maiden-special-weight-race-1/overview,Churchill Downs,2026-09-28,Churchill Downs,"{'eventId': '3437974', 'overall': None, 'rating': None, 'surface': 'Dirt', '__typename': 'TrackCondition'}",1,Race 1 - Maiden Special Weight,1207,"2YO, Fillies, Maiden, Spec. Weight",130944,9,True,RESULTED,7,7,She's Toasty,2,Filly,b,Army Mule,Upsetter,RESULTED,54,,Luis Saez,Eddie Kenneally,0:0-0-0,0,0,0,,,21,,,,,,,,3.8,,9,20,3.5,3.5,0.0,1,,1
https://www.racenet.com.au/form-guide/horse-racing/churchill-downs-us-20260928/race-1-maiden-special-weight-race-1/overview,Churchill Downs,2026-09-28,Churchill Downs,"{'eventId': '3437974', 'overall': None, 'rating': None, 'surface': 'Dirt', '__typename': 'TrackCondition'}",1,Race 1 - Maiden Special Weight,1207,"2YO, Fillies, Maiden, Spec. Weight",130944,9,True,RESULTED,8,8,All Over It,2,Filly,ch,Drain The Clock,Giant'S Accent,RESULTED,54,,Jaime A. Torres,Carlos Munoz,2:0-0-1,0,50,-100,3,34,0,25,,,,,,,8.0,,9,19,7,7,0.0,9,,0
https://www.racenet.com.au/form-guide/horse-racing/churchill-downs-us-20260928/race-1-maiden-special-weight-race-1/overview,Churchill Downs,2026-09-28,Churchill Downs,"{'eventId': '3437974', 'overall': None, 'rating': None, 'surface': 'Dirt', '__typename': 'TrackCondition'}",1,Race 1 - Maiden Special Weight,1207,"2YO, Fillies, Maiden, Spec. Weight",130944,9,True,RESULTED,9,9,Racheli,2,Filly,dk b/br,Cairo Prince,Campbell'S Class,RESULTED,54,,James Graham,J. Keith Desormeaux,1:0-0-0,0,0,-100,10,5.5,12,9,,,,,,bo,13.0,,9,26,6.5,11,69.2,5,,0
https://www.racenet.com.au/form-guide/horse-racing/churchill-downs-us-20260928/race-10-allowance-optional-claiming-race-10/overview,Churchill Downs,2026-09-28,Churchill Downs,"{'eventId': '3437983', 'overall': None, 'rating': None, 'surface': 'Turf', '__typename': 'TrackCondition'}",10,Race 10 - Allowance Optional Claiming,2213,"3YO+, Allowance",190722,8,True,RESULTED,1,1,Demolition Duke,6,Stallion,b,Good Magic,Media Madness,RESULTED,55.25,,Francisco Arrieta,Michael J. Maker,25:2-7-4,8,52,-63,7,10,50,24,,,,,,tn,5.0,,9,19,4.2,4.6,9.5,6,,0
https://www.racenet.com.au/form-guide/horse-racing/churchill-downs-us-20260928/race-10-allowance-optional-claiming-race-10/overview,Churchill Downs,2026-09-28,Churchill Downs,"{'eventId': '3437983', 'overall': None, 'rating': None, 'surface': 'Turf', '__typename': 'TrackCondition'}",10,Race 10 - Allowance Optional Claiming,2213,"3YO+, Allowance",190722,8,True,RESULTED,2,2,The Hidden Chamber,4,Colt,b,American Pharoah,Mystery Strike,RESULTED,55.25,,Luis Saez,Kelsey Danner,20:2-2-1,10,25,-48,2,8.5,14,24,,,,,,n,4.5,,9,28,4.2,4.2,0.0,3,,0
https://www.racenet.com.au/form-guide/horse-racing/churchill-downs-us-20260928/race-10-allowance-optional-claiming-race-10/overview,Churchill Downs,2026-09-28,Churchill Downs,"{'eventId': '3437983', 'overall': None, 'rating': None, 'surface': 'Turf', '__typename': 'TrackCondition'}",10,Race 10 - Allowance Optional Claiming,2213,"3YO+, Allowance",190722,8,True,RESULTED,3,3,Devil Anse,4,Gelding,ch,Daredevil,Madame Du Lac,RESULTED,55.25,,William Antongeorgi Iii,Ryan D. Walsh,17:2-3-1,12,35,41,4,7.5,0,39,,,,,,n,27.0,,9,17,19,26,36.8,7,,0
https://www.racenet.com.au/form-guide/horse-racing/churchill-downs-us-20260928/race-10-allowance-optional-claiming-race-10/overview,Churchill Downs,2026-09-28,Churchill Downs,"{'eventId': '3437983', 'overall': None, 'rating': None, 'surface': 'Turf', '__typename': 'TrackCondition'}",10,Race 10 - Allowance Optional Claiming,2213,"3YO+, Allowance",190722,8,True,RESULTED,5,5,Guns And Glory,5,Gelding,b,Gun Runner,Baby Go Far,RESULTED,55.25,,Danny Sheehy,Chris A. Hartman,25:4-0-6,16,40,-89,4,34,33,24,,,,,,dn,17.0,,9,18,15,16,6.7,4,,0
https://www.racenet.com.au/form-guide/horse-racing/churchill-downs-us-20260928/race-10-allowance-optional-claiming-race-10/overview,Churchill Downs,2026-09-28,Churchill Downs,"{'eventId': '3437983', 'overall': None, 'rating': None, 'surface': 'Turf', '__typename': 'TrackCondition'}",10,Race 10 - Allowance Optional Claiming,2213,"3YO+, Allowance",190722,8,True,RESULTED,6,6,Proven Advocate,5,Gelding,b,Not This Time,Song Of Melody,RESULTED,55.25,,"Brian Joseph Hernandez, Jr.",Jayde J. Gelner,28:5-6-7,18,64,-32,3,21,0,24,,,,,,n,13.0,,9,19,8,11,37.5,5,,0
https://www.racenet.com.au/form-guide/horse-racing/churchill-downs-us-20260928/race-10-allowance-optional-claiming-race-10/overview,Churchill Downs,2026-09-28,Churchill Downs,"{'eventId': '3437983', 'overall': None, 'rating': None, 'surface': 'Turf', '__typename': 'TrackCondition'}",10,Race 10 - Allowance Optional Claiming,2213,"3YO+, Allowance",190722,8,True,RESULTED,7,7,Winston,4,Colt,BLK,Forge,,RESULTED,55.25,,Victor R. Carrasco,Horacio De Paz,6:0-3-2,0,83,-100,3,4,0,42,,,,,,n,7.5,,9,21,8,6.5,-18.8,8,,0
https://www.racenet.com.au/form-guide/horse-racing/churchill-downs-us-20260928/race-10-allowance-optional-claiming-race-10/overview,Churchill Downs,2026-09-28,Churchill Downs,"{'eventId': '3437983', 'overall': None, 'rating': None, 'surface': 'Turf', '__typename': 'TrackCondition'}",10,Race 10 - Allowance Optional Claiming,2213,"3YO+, Allowance",190722,8,True,RESULTED,10,10,Telescopic,5,Gelding,ch,American Pharoah,Visage,RESULTED,56.25,,Axel Concepcion,Victoria H. Oliver,17:2-3-2,12,41,-78,1,3.5,0,21,,,,,,n,2.4,,9,23,3,2.25,-25.0,1,,1
https://www.racenet.com.au/form-guide/horse-racing/churchill-downs-us-20260928/race-10-allowance-optional-claiming-race-10/overview,Churchill Downs,2026-09-28,Churchill Downs,"{'eventId': '3437983', 'overall': None, 'rating': None, 'surface': 'Turf', '__typename': 'TrackCondition'}",10,Race 10 - Allowance Optional Claiming,2213,"3YO+, Allowance",190722,8,True,RESULTED,11,11,Clyde's Got A Gun,6,Gelding,b,Gun Runner,Gone Theatrical,RESULTED,55.25,,James Graham,Helen Pitts,21:2-4-2,10,38,-24,7,8,0,85,,,,,,tn,23.0,,9,20,6.5,17,161.5,2,,0
https://www.racenet.com.au/form-guide/horse-racing/churchill-downs-us-20260928/race-10-allowance-optional-claiming-race-10/overview,Churchill Downs,2026-09-28,Churchill Downs,"{'eventId': '3437983', 'overall': None, 'rating': None, 'surface': 'Turf', '__typename': 'TrackCondition'}",10,Race 10 - Allowance Optional Claiming,2213,"3YO+, Allowance",190722,8,True,SCRATCHED,4,4,Groveland,6,Gelding,b,Street Sense,Lucknow,SCRATCHED,55.25,,Francisco Arrieta,Eddie Kenneally,19:4-5-3,21,63,-38,3,5.5,11,36,,,,,,tn,10.0,,2,0,,,,-1,,0
https://www.racenet.com.au/form-guide/horse-racing/churchill-downs-us-20260928/race-10-allowance-optional-claiming-race-10/overview,Churchill Downs,2026-09-28,Churchill Downs,"{'eventId': '3437983', 'overall': None, 'rating': None, 'surface': 'Turf', '__typename': 'TrackCondition'}",10,Race 10 - Allowance Optional Claiming,2213,"3YO+, Allowance",190722,8,True,SCRATCHED,8,8,Warlander,4,Colt,ch,Kitten's Joy,Look Me Over,SCRATCHED,56.25,,Tyler Gaffalione,Michael J. Maker,17:2-2-3,12,41,-75,1,4,19,21,,,,,,n,4.5,,2,0,,,,-1,,0
https://www.racenet.com.au/form-guide/horse-racing/churchill-downs-us-20260928/race-10-allowance-optional-claiming-race-10/overview,Churchill Downs,2026-09-28,Churchill Downs,"{'eventId': '3437983', 'overall': None, 'rating': None, 'surface': 'Turf', '__typename': 'TrackCondition'}",10,Race 10 - Allowance Optional Claiming,2213,"3YO+, Allowance",190722,8,True,SCRATCHED,9,9,Real Fast,6,Gelding,ch,Kitten's Joy,Kiss Me Now,SCRATCHED,55.25,,Yedsit Hazlewood,Barry L. King,18:3-2-3,17,44,-69,9,34,0,63,,,,,,on,41.0,,2,0,,,,-1,,0
https://www.racenet.com.au/form-guide/horse-racing/churchill-downs-us-20260928/race-2-maiden-special-weight-race-2/overview,Churchill Downs,2026-09-28,Churchill Downs,"{'eventId': '3437975', 'overall': None, 'rating': None, 'surface': 'Dirt', '__typename': 'TrackCondition'}",2,Race 2 - Maiden Special Weight,1710,"3YO+, Fillies & Mares, Maiden, Spec. Weight",170796,6,True,RESULTED,1,1,Skyforge,3,Filly,ch,Gun Runner,Awesome Flower,RESULTED,54.5,,Tyler Gaffalione,Steven M. Asmussen,4:0-2-0,0,50,-100,2,,20,42,,,,,,,2.3,,9,13,2,2.15,7.5,3,,0
https://www.racenet.com.au/form-guide/horse-racing/churchill-downs-us-20260928/race-2-maiden-special-weight-race-2/overview,Churchill Downs,2026-09-28,Churchill Downs,"{'eventId': '3437975', 'overall': None, 'rating': None, 'surface': 'Dirt', '__typename': 'TrackCondition'}",2,Race 2 - Maiden Special Weight,1710,"3YO+, Fillies & Mares, Maiden, Spec. Weight",170796,6,True,RESULTED,2,2,Al Ghadeer,3,Filly,dk b/br,Gun Runner,Classofsixtythree,RESULTED,54.5,,Danny Sheehy,Andrew Mckeever,4:0-0-3,0,75,-100,3,2.25,13,83,,,,,,b,4.5,,9,21,8.5,4.2,-50.6,2,,0
https://www.racenet.com.au/form-guide/horse-racing/churchill-downs-us-20260928/race-2-maiden-special-weight-race-2/overview,Churchill Downs,2026-09-28,Churchill Downs,"{'eventId': '3437975', 'overall': None, 'rating': None, 'surface': 'Dirt', '__typename': 'TrackCondition'}",2,Race 2 - Maiden Special Weight,1710,"3YO+, Fillies & Mares, Maiden, Spec. Weight",170796,6,True,RESULTED,3,3,Twas The Law,3,Filly,dk b/br,Tiz The Law,Line Of Vision,RESULTED,54.5,,Ben Curtis,Michael R. Thompson,3:0-0-0,0,0,-100,6,,100,42,,,,,,,23.0,,9,16,26,21,-19.2,6,,0
https://www.racenet.com.au/form-guide/horse-racing/churchill-downs-us-20260928/race-2-maiden-special-weight-race-2/overview,Churchill Downs,2026-09-28,Churchill Downs,"{'eventId': '3437975', 'overall': None, 'rating': None, 'surface': 'Dirt', '__typename': 'TrackCondition'}",2,Race 2 - Maiden Special Weight,1710,"3YO+, Fillies & Mares, Maiden, Spec. Weight",170796,6,True,RESULTED,4,4,Twinklee,3,Filly,gr/ro,Street Sense,Winter Sunset,RESULTED,54.5,,Edgar Morales,Wayne M. Catalano,7:0-0-1,0,14,-100,7,4,11,79,,,,,,b,8.5,,9,18,4,7.5,87.5,4,,0
https://www.racenet.com.au/form-guide/horse-racing/churchill-downs-us-20260928/race-2-maiden-special-weight-race-2/overview,Churchill Downs,2026-09-28,Churchill Downs,"{'eventId': '3437975', 'overall': None, 'rating': None, 'surface': 'Dirt', '__typename': 'TrackCondition'}",2,Race 2 - Maiden Special Weight,1710,"3YO+, Fillies & Mares, Maiden, Spec. Weight",170796,6,True,RESULTED,5,5,Got What I Got,3,Filly,ch,Curlin,Song Of Mine,RESULTED,54.5,,Jaime A. Torres,Jeff A. Hiles,3:0-0-0,0,0,-100,4,34,25,127,,,,,,,29.0,,9,19,41,26,-36.6,5,,0
https://www.racenet.com.au/form-guide/horse-racing/churchill-downs-us-20260928/race-2-maiden-special-weight-race-2/overview,Churchill Downs,2026-09-28,Churchill Downs,"{'eventId': '3437975', 'overall': None, 'rating': None, 'surface': 'Dirt', '__typename': 'TrackCondition'}",2,Race 2 - Maiden Special Weight,1710,"3YO+, Fillies & Mares, Maiden, Spec. Weight",170796,6,True,RESULTED,6,6,She's Our Girl,3,Filly,ch,Curlin,Covenant,RESULTED,54.5,,"Brian Joseph Hernandez, Jr.",Peter Eurton,5:0-0-3,0,60,-100,3,,0,42,,,,,,,3.0,,9,24,3.8,2.87,-24.5,1,,1
https://www.racenet.com.au/form-guide/horse-racing/churchill-downs-us-20260928/race-3-allowance-race-3/overview,Churchill Downs,2026-09-28,Churchill Downs,"{'eventId': '3437976', 'overall': None, 'rating': None, 'surface': 'Turf', '__typename': 'TrackCondition'}",3,Race 3 - Allowance,1609,"2YO, Allowance",180759,7,True,RESULTED,1,1,Spies Like Us,2,Colt,b,Oscar Performance,Mucha Mezquina,RESULTED,55.25,,Jareth Loveberry,D. Whitworth Beckman,1:1-0-0,100,100,600,1,7,19,21,,,,,,dn,5.0,,9,14,5,4.2,-16.0,5,,0
https://www.racenet.com.au/form-guide/horse-racing/churchill-downs-us-20260928/race-3-allowance-race-3/overview,Churchill Downs,2026-09-28,Churchill Downs,"{'eventId': '3437976', 'overall': None, 'rating': None, 'surface': 'Turf', '__typename': 'TrackCondition'}",3,Race 3 - Allowance,1609,"2YO, Allowance",180759,7,True,RESULTED,2,2,Sir Hansen,2,Colt,ch,Olympiad,Ri N Ginger,RESULTED,55.25,,Tyler Gaffalione,Michael J. Maker,2:1-0-0,50,50,250,10,10,19,18,,,,,,don,7.0,,9,8,5,6.5,30.0,7,,0
https://www.racenet.com.au/form-guide/horse-racing/churchill-downs-us-20260928/race-3-allowance-race-3/overview,Churchill Downs,2026-09-28,Churchill Downs,"{'eventId': '3437976', 'overall': None, 'rating': None, 'surface': 'Turf', '__typename': 'TrackCondition'}",3,Race 3 - Allowance,1609,"2YO, Allowance",180759,7,True,RESULTED,3,3,Majik Mooney,2,Colt,b,Audible,Play Our Song,RESULTED,54.5,,Jose L. Ortiz,Joe Sharp,1:1-0-0,100,100,700,1,8,20,22,,,,,,n,3.75,,9,19,4.2,3.4,-19.0,1,,1
https://www.racenet.com.au/form-guide/horse-racing/churchill-downs-us-20260928/race-3-allowance-race-3/overview,Churchill Downs,2026-09-28,Churchill Downs,"{'eventId': '3437976', 'overall': None, 'rating': None, 'surface': 'Turf', '__typename': 'TrackCondition'}",3,Race 3 - Allowance,1609,"2YO, Allowance",180759,7,True,RESULTED,4,4,That's Fire,2,Gelding,ch,Flameaway,That'S All,RESULTED,55.25,,Assael Espinoza,Raymond C. Bryner,3:1-0-1,33,67,233,1,10,33,24,,,,,,dn,11.0,,9,15,8.5,9.5,11.8,3,,0
https://www.racenet.com.au/form-guide/horse-racing/churchill-downs-us-20260928/race-3-allowance-race-3/overview,Churchill Downs,2026-09-28,Churchill Downs,"{'eventId': '3437976', 'overall': None, 'rating': None, 'surface': 'Turf', '__typename': 'TrackCondition'}",3,Race 3 - Allowance,1609,"2YO, Allowance",180759,7,True,RESULTED,5,5,Line Astern,2,Colt,b,Divisidero,Kelsey'S Shot,RESULTED,54.5,,Adam Beschizza,Kelsey Danner,2:1-0-0,50,50,50,1,3,12,23,,,,,,d,31.0,,9,17,21,26,23.8,6,,0
https://www.racenet.com.au/form-guide/horse-racing/churchill-downs-us-20260928/race-3-allowance-race-3/overview,Churchill Downs,2026-09-28,Churchill Downs,"{'eventId': '3437976', 'overall': None, 'rating': None, 'surface': 'Turf', '__typename': 'TrackCondition'}",3,Race 3 - Allowance,1609,"2YO, Allowance",180759,7,True,RESULTED,6,6,Hit The High Note,2,Colt,b,Tonalist,Capture Your Dream,RESULTED,55.25,,Luis Saez,Christopher Davis,2:1-0-0,50,50,63,6,26,19,18,,,,,,dn,4.0,,9,19,4.2,3.7,-11.9,4,,0
https://www.racenet.com.au/form-guide/horse-racing/churchill-downs-us-20260928/race-3-allowance-race-3/overview,Churchill Downs,2026-09-28,Churchill Downs,"{'eventId': '3437976', 'overall': None, 'rating': None, 'surface': 'Turf', '__typename': 'TrackCondition'}",3,Race 3 - Allowance,1609,"2YO, Allowance",180759,7,True,RESULTED,7,7,Bearamour,2,Colt,gr/ro,Vekoma,Rockport Beauty,RESULTED,54.5,,James Graham,J. Keith Desormeaux,4:2-0-1,50,75,-25,6,34,12,15,,,,,,n,5.0,,9,8,5,4.5,-10.0,2,,0
https://www.racenet.com.au/form-guide/horse-racing/churchill-downs-us-20260928/race-4-maiden-special-weight-race-4/overview,Churchill Downs,2026-09-28,Churchill Downs,"{'eventId': '3437977', 'overall': None, 'rating': None, 'surface': 'Dirt', '__typename': 'TrackCondition'}",4,Race 4 - Maiden Special Weight,1106,"2YO, Maiden, Spec. Weight",170796,7,True,RESULTED,1,1,Creole Mischief,2,Colt,b,Maximus Mischief,Tensas Patch,RESULTED,54,,Axel Concepcion,Joe Sharp,0:0-0-0,0,0,0,,,16,,,,,,,,21.0,,9,20,8.5,21,147.1,7,,0
https://www.racenet.com.au/form-guide/horse-racing/churchill-downs-us-20260928/race-4-maiden-special-weight-race-4/overview,Churchill Downs,2026-09-28,Churchill Downs,"{'eventId': '3437977', 'overall': None, 'rating': None, 'surface': 'Dirt', '__typename': 'TrackCondition'}",4,Race 4 - Maiden Special Weight,1106,"2YO, Maiden, Spec. Weight",170796,7,True,RESULTED,4,4,Subjugation,2,Colt,b,Bee Jersey,Tale Of Class,RESULTED,54,,Keith J. Asmussen,Steven M. Asmussen,3:0-2-0,0,67,-100,2,7,9,29,,,,,,,15.0,,9,16,7.5,12,60.0,3,,0
https://www.racenet.com.au/form-guide/horse-racing/churchill-downs-us-20260928/race-4-maiden-special-weight-race-4/overview,Churchill Downs,2026-09-28,Churchill Downs,"{'eventId': '3437977', 'overall': None, 'rating': None, 'surface': 'Dirt', '__typename': 'TrackCondition'}",4,Race 4 - Maiden Special Weight,1106,"2YO, Maiden, Spec. Weight",170796,7,True,RESULTED,5,5,Timelapse,2,Colt,b,Drain The Clock,Megara,RESULTED,54,,Luis Saez,James P. Divito,0:0-0-0,0,0,0,,,36,,,,,,,,15.0,,9,22,18,13,-27.8,5,,0
https://www.racenet.com.au/form-guide/horse-racing/churchill-downs-us-20260928/race-4-maiden-special-weight-race-4/overview,Churchill Downs,2026-09-28,Churchill Downs,"{'eventId': '3437977', 'overall': None, 'rating': None, 'surface': 'Dirt', '__typename': 'TrackCondition'}",4,Race 4 - Maiden Special Weight,1106,"2YO, Maiden, Spec. Weight",170796,7,True,RESULTED,6,6,Yacht Master,2,Colt,b,Into Mischief,Pathetique,RESULTED,54,,Tyler Gaffalione,Bob Baffert,0:0-0-0,0,0,0,,,25,,,,,,,,3.0,,9,13,4,2.9,-27.5,1,,1
https://www.racenet.com.au/form-guide/horse-racing/churchill-downs-us-20260928/race-4-maiden-special-weight-race-4/overview,Churchill Downs,2026-09-28,Churchill Downs,"{'eventId': '3437977', 'overall': None, 'rating': None, 'surface': 'Dirt', '__typename': 'TrackCondition'}",4,Race 4 - Maiden Special Weight,1106,"2YO, Maiden, Spec. Weight",170796,7,True,RESULTED,7,7,Hazy Horizon,2,Gelding,b,Midshipman,Tiz Rae Anna,RESULTED,54,,Yedsit Hazlewood,Wesley A. Ward,1:0-0-1,0,100,-100,3,5.5,28,129,,,,,,,4.0,,9,25,3.3,3.5,6.1,2,,0
https://www.racenet.com.au/form-guide/horse-racing/churchill-downs-us-20260928/race-4-maiden-special-weight-race-4/overview,Churchill Downs,2026-09-28,Churchill Downs,"{'eventId': '3437977', 'overall': None, 'rating': None, 'surface': 'Dirt', '__typename': 'TrackCondition'}",4,Race 4 - Maiden Special Weight,1106,"2YO, Maiden, Spec. Weight",170796,7,True,RESULTED,8,8,Kamassa,2,Colt,b,Life Is Good,Tiz Breathtaking,RESULTED,54,,Jose L. Ortiz,Wayne M. Catalano,0:0-0-0,0,0,0,,,14,,,,,,,,2.5,,9,21,3.3,2.35,-28.8,4,,0
https://www.racenet.com.au/form-guide/horse-racing/churchill-downs-us-20260928/race-4-maiden-special-weight-race-4/overview,Churchill Downs,2026-09-28,Churchill Downs,"{'eventId': '3437977', 'overall': None, 'rating': None, 'surface': 'Dirt', '__typename': 'TrackCondition'}",4,Race 4 - Maiden Special Weight,1106,"2YO, Maiden, Spec. Weight",170796,7,True,RESULTED,9,9,Wolverine,2,Colt,b,Charlatan,Faypien,RESULTED,54,,Adam Beschizza,S. Jade Cunningham,0:0-0-0,0,0,0,,,0,,,,,,,,35.0,,9,14,26,31,19.2,6,,0
https://www.racenet.com.au/form-guide/horse-racing/churchill-downs-us-20260928/race-4-maiden-special-weight-race-4/overview,Churchill Downs,2026-09-28,Churchill Downs,"{'eventId': '3437977', 'overall': None, 'rating': None, 'surface': 'Dirt', '__typename': 'TrackCondition'}",4,Race 4 - Maiden Special Weight,1106,"2YO, Maiden, Spec. Weight",170796,7,True,SCRATCHED,2,2,Just Plain Eugene,2,Colt,b,Caracaro,No Pictures Please,SCRATCHED,54,,Francisco Arrieta,John A. Hancock,0:0-0-0,0,0,0,,,0,,,,,,,,34.0,,3,1,29,29,0.0,-1,,0
https://www.racenet.com.au/form-guide/horse-racing/churchill-downs-us-20260928/race-4-maiden-special-weight-race-4/overview,Churchill Downs,2026-09-28,Churchill Downs,"{'eventId': '3437977', 'overall': None, 'rating': None, 'surface': 'Dirt', '__typename': 'TrackCondition'}",4,Race 4 - Maiden Special Weight,1106,"2YO, Maiden, Spec. Weight",170796,7,True,SCRATCHED,3,3,Candy Freak,2,Colt,dk b/br,Twirling Candy,Princess Causeway,SCRATCHED,54,,Jaime A. Torres,Joe Sharp,1:0-0-0,0,0,-100,10,9,17,28,,,,,,o,13.0,,3,1,13,13,0.0,-1,,0
https://www.racenet.com.au/form-guide/horse-racing/churchill-downs-us-20260928/race-5-claiming-race-5/overview,Churchill Downs,2026-09-28,Churchill Downs,"{'eventId': '3437978', 'overall': None, 'rating': None, 'surface': 'Dirt', '__typename': 'TrackCondition'}",5,Race 5 - Claiming,1408,"3YO+, Claiming",88245,7,True,RESULTED,2,2,Equilibrium,4,Gelding,dk b/br,Omaha Beach,Out Of Balance,RESULTED,55,,Victor R. Carrasco,Ian R. Wilkes,3:1-0-0,33,33,183,7,8,0,37,,,,,,tn,10.0,,9,15,12,9,-25.0,7,,0
https://www.racenet.com.au/form-guide/horse-racing/churchill-downs-us-20260928/race-5-claiming-race-5/overview,Churchill Downs,2026-09-28,Churchill Downs,"{'eventId': '3437978', 'overall': None, 'rating': None, 'surface': 'Dirt', '__typename': 'TrackCondition'}",5,Race 5 - Claiming,1408,"3YO+, Claiming",88245,7,True,RESULTED,3,3,Mcfasty,3,Gelding,dk b/br,Mitole,Withyourpermission,RESULTED,53.5,,Jaime A. Torres,Carlos Santamaria,10:1-1-1,10,30,-79,6,6.5,50,39,,,,,,on,8.0,,9,25,7,7,0.0,4,,0
https://www.racenet.com.au/form-guide/horse-racing/churchill-downs-us-20260928/race-5-claiming-race-5/overview,Churchill Downs,2026-09-28,Churchill Downs,"{'eventId': '3437978', 'overall': None, 'rating': None, 'surface': 'Dirt', '__typename': 'TrackCondition'}",5,Race 5 - Claiming,1408,"3YO+, Claiming",88245,7,True,RESULTED,4,4,White Whale,4,Gelding,b,Hightail,Elusive Diva,RESULTED,55,,"Brian Joseph Hernandez, Jr.",W. Bret Calhoun,18:1-1-5,6,39,-58,7,11,15,16,,,,,,tn,6.0,,9,18,7,5.5,-21.4,1,,1
https://www.racenet.com.au/form-guide/horse-racing/churchill-downs-us-20260928/race-5-claiming-race-5/overview,Churchill Downs,2026-09-28,Churchill Downs,"{'eventId': '3437978', 'overall': None, 'rating': None, 'surface': 'Dirt', '__typename': 'TrackCondition'}",5,Race 5 - Claiming,1408,"3YO+, Claiming",88245,7,True,RESULTED,5,5,Valiant Humor,4,Colt,b,Practical Joke,Valiant Emilia,RESULTED,55,,Axel Concepcion,Shelly R. Radosevich,13:1-3-3,8,54,-80,6,6.5,9,16,,,,,,n,11.0,,9,15,6,9,50.0,2,,0
https://www.racenet.com.au/form-guide/horse-racing/churchill-downs-us-20260928/race-5-claiming-race-5/overview,Churchill Downs,2026-09-28,Churchill Downs,"{'eventId': '3437978', 'overall': None, 'rating': None, 'surface': 'Dirt', '__typename': 'TrackCondition'}",5,Race 5 - Claiming,1408,"3YO+, Claiming",88245,7,True,RESULTED,6,6,Kid Twist,3,Gelding,dk b/br,Dialed In,Samurai'S Honor,RESULTED,53.5,,Jose L. Ortiz,Carlos A. David,11:1-4-3,9,73,0,3,2.88,24,16,,,,,,tbn,2.1,,9,30,3,2,-33.3,3,,0
https://www.racenet.com.au/form-guide/horse-racing/churchill-downs-us-20260928/race-5-claiming-race-5/overview,Churchill Downs,2026-09-28,Churchill Downs,"{'eventId': '3437978', 'overall': None, 'rating': None, 'surface': 'Dirt', '__typename': 'TrackCondition'}",5,Race 5 - Claiming,1408,"3YO+, Claiming",88245,7,True,RESULTED,7,7,Greers Ferry,5,Gelding,dk b/br,More Than Ready,Dee Dee Bertie,RESULTED,55,,Rafael Bejarano,Carlos Santamaria,25:1-6-7,4,56,-83,4,15,5,51,,,,,,n,18.0,,9,23,5.5,15,172.7,5,,0
https://www.racenet.com.au/form-guide/horse-racing/churchill-downs-us-20260928/race-5-claiming-race-5/overview,Churchill Downs,2026-09-28,Churchill Downs,"{'eventId': '3437978', 'overall': None, 'rating': None, 'surface': 'Dirt', '__typename': 'TrackCondition'}",5,Race 5 - Claiming,1408,"3YO+, Claiming",88245,7,True,RESULTED,8,8,Easy Dial,4,Gelding,ch,Dialed In,Arisia,RESULTED,55,,Francisco Arrieta,Thomas L. Van Berg,5:1-1-1,20,60,50,3,3.75,21,51,,,,,,n,6.5,,9,23,10,5.5,-45.0,6,,0
https://www.racenet.com.au/form-guide/horse-racing/churchill-downs-us-20260928/race-5-claiming-race-5/overview,Churchill Downs,2026-09-28,Churchill Downs,"{'eventId': '3437978', 'overall': None, 'rating': None, 'surface': 'Dirt', '__typename': 'TrackCondition'}",5,Race 5 - Claiming,1408,"3YO+, Claiming",88245,7,True,SCRATCHED,1,1,Act Of Parliament,3,Colt,dk b/br,Quality Road,Fuhriously Kissed,SCRATCHED,54.5,,Luis Saez,Matt A. Shirer,4:1-0-1,25,50,13,1,4.5,35,10,,,,,,tn,6.0,,9,22,7.5,5,-33.3,-1,,0
https://www.racenet.com.au/form-guide/horse-racing/churchill-downs-us-20260928/race-6-maiden-special-weight-race-6/overview,Churchill Downs,2026-09-28,Churchill Downs,"{'eventId': '3437979', 'overall': None, 'rating': None, 'surface': 'Dirt', '__typename': 'TrackCondition'}",6,Race 6 - Maiden Special Weight,1811,"3YO+, Maiden, Spec. Weight",170796,8,True,RESULTED,1,1,El Tio,3,Colt,b,Uncle Mo,Roughing,RESULTED,54.5,,Gerardo Corrales,Robert Medina,5:0-1-0,0,20,-100,2,26,0,37,,,,,,,21.0,,9,4,12,19,58.3,5,,0
https://www.racenet.com.au/form-guide/horse-racing/churchill-downs-us-20260928/race-6-maiden-special-weight-race-6/overview,Churchill Downs,2026-09-28,Churchill Downs,"{'eventId': '3437979', 'overall': None, 'rating': None, 'surface': 'Dirt', '__typename': 'TrackCondition'}",6,Race 6 - Maiden Special Weight,1811,"3YO+, Maiden, Spec. Weight",170796,8,True,RESULTED,2,2,Safety Off,3,Gelding,ch,Gun Runner,If Not For Her,RESULTED,54.5,,Jareth Loveberry,D. Whitworth Beckman,0:0-0-0,0,0,0,,,19,,,,,,,,18.0,,9,12,11,16,45.5,8,,0
https://www.racenet.com.au/form-guide/horse-racing/churchill-downs-us-20260928/race-6-maiden-special-weight-race-6/overview,Churchill Downs,2026-09-28,Churchill Downs,"{'eventId': '3437979', 'overall': None, 'rating': None, 'surface': 'Dirt', '__typename': 'TrackCondition'}",6,Race 6 - Maiden Special Weight,1811,"3YO+, Maiden, Spec. Weight",170796,8,True,RESULTED,3,3,Bold Stand,3,Gelding,b,Curlin,Indulgent,RESULTED,54.5,,Alex Achard,Eoin G. Harty,4:0-2-0,0,50,-100,2,10,17,109,,,,,,,9.0,,9,16,12,8,-33.3,6,,0
https://www.racenet.com.au/form-guide/horse-racing/churchill-downs-us-20260928/race-6-maiden-special-weight-race-6/overview,Churchill Downs,2026-09-28,Churchill Downs,"{'eventId': '3437979', 'overall': None, 'rating': None, 'surface': 'Dirt', '__typename': 'TrackCondition'}",6,Race 6 - Maiden Special Weight,1811,"3YO+, Maiden, Spec. Weight",170796,8,True,RESULTED,4,4,Cromwell,4,Colt,b,Quality Road,Borealis Night,RESULTED,56.25,,Jose L. Ortiz,Cherie Devaux,9:0-4-1,0,56,-100,2,1.4,25,82,,,,,,b,3.7,,9,20,3,3.4,13.3,2,,0
https://www.racenet.com.au/form-guide/horse-racing/churchill-downs-us-20260928/race-6-maiden-special-weight-race-6/overview,Churchill Downs,2026-09-28,Churchill Downs,"{'eventId': '3437979', 'overall': None, 'rating': None, 'surface': 'Dirt', '__typename': 'TrackCondition'}",6,Race 6 - Maiden Special Weight,1811,"3YO+, Maiden, Spec. Weight",170796,8,True,RESULTED,5,5,Mr. Tapps,3,Colt,b,American Pharoah,Sweet Tapper,RESULTED,54.5,,Yedsit Hazlewood,Michael W. McCarthy,0:0-0-0,0,0,0,,,21,,,,,,,,14.0,,7,12,8,13,62.5,3,,0
https://www.racenet.com.au/form-guide/horse-racing/churchill-downs-us-20260928/race-6-maiden-special-weight-race-6/overview,Churchill Downs,2026-09-28,Churchill Downs,"{'eventId': '3437979', 'overall': None, 'rating': None, 'surface': 'Dirt', '__typename': 'TrackCondition'}",6,Race 6 - Maiden Special Weight,1811,"3YO+, Maiden, Spec. Weight",170796,8,True,RESULTED,6,6,Top Drawer,3,Colt,ch,Munnings,Touch The Star,RESULTED,54.5,,Axel Concepcion,Brad H. Cox,2:0-1-1,0,100,-100,2,6.5,22,57,,,,,,,2.5,,9,36,3.5,2.4,-31.4,4,,0
https://www.racenet.com.au/form-guide/horse-racing/churchill-downs-us-20260928/race-6-maiden-special-weight-race-6/overview,Churchill Downs,2026-09-28,Churchill Downs,"{'eventId': '3437979', 'overall': None, 'rating': None, 'surface': 'Dirt', '__typename': 'TrackCondition'}",6,Race 6 - Maiden Special Weight,1811,"3YO+, Maiden, Spec. Weight",170796,8,True,RESULTED,7,7,Liberty Valance,3,Gelding,b,Constitution,Gone To Town,RESULTED,54.5,,Tyler Gaffalione,Brendan P. Walsh,5:0-2-1,0,60,-100,8,5,21,37,,,,,,,9.5,,9,11,8,9,12.5,7,,0
https://www.racenet.com.au/form-guide/horse-racing/churchill-downs-us-20260928/race-6-maiden-special-weight-race-6/overview,Churchill Downs,2026-09-28,Churchill Downs,"{'eventId': '3437979', 'overall': None, 'rating': None, 'surface': 'Dirt', '__typename': 'TrackCondition'}",6,Race 6 - Maiden Special Weight,1811,"3YO+, Maiden, Spec. Weight",170796,8,True,RESULTED,8,8,Don's Winner,3,Colt,gr/ro,Game Winner,Map Maker,RESULTED,54.5,,Luis Saez,Joe Sharp,4:0-1-0,0,25,-100,5,8.5,23,29,,,,,,,7.5,,9,11,7,6.5,-7.1,1,,1
https://www.racenet.com.au/form-guide/horse-racing/churchill-downs-us-20260928/race-7-maiden-special-weight-race-7/overview,Churchill Downs,2026-09-28,Churchill Downs,"{'eventId': '3437980', 'overall': None, 'rating': None, 'surface': 'Dirt', '__typename': 'TrackCondition'}",7,Race 7 - Maiden Special Weight,1509,"2YO, Fillies, Maiden, Spec. Weight",170796,9,True,RESULTED,1,1,She's All Kristi,2,Filly,gr/ro,Tapit,She'S All In,RESULTED,54,,Miguel Fernandez,Donnie K. Von Hemel,0:0-0-0,0,0,0,,,0,,,,,,,,46.0,,9,22,41,34,-17.1,8,,0
https://www.racenet.com.au/form-guide/horse-racing/churchill-downs-us-20260928/race-7-maiden-special-weight-race-7/overview,Churchill Downs,2026-09-28,Churchill Downs,"{'eventId': '3437980', 'overall': None, 'rating': None, 'surface': 'Dirt', '__typename': 'TrackCondition'}",7,Race 7 - Maiden Special Weight,1509,"2YO, Fillies, Maiden, Spec. Weight",170796,9,True,RESULTED,2,2,Sapphire Song,2,Filly,b,Authentic,Our Unbridled Gem,RESULTED,54,,Jaime A. Torres,Riley Mott,0:0-0-0,0,0,0,,,18,,,,,,,,26.0,,9,24,41,21,-48.8,7,,0
https://www.racenet.com.au/form-guide/horse-racing/churchill-downs-us-20260928/race-7-maiden-special-weight-race-7/overview,Churchill Downs,2026-09-28,Churchill Downs,"{'eventId': '3437980', 'overall': None, 'rating': None, 'surface': 'Dirt', '__typename': 'TrackCondition'}",7,Race 7 - Maiden Special Weight,1509,"2YO, Fillies, Maiden, Spec. Weight",170796,9,True,RESULTED,3,3,Foxiest,2,Filly,b,Gun Runner,Covfefe,RESULTED,54,,Luis Saez,Brad H. Cox,1:0-0-1,0,100,-100,3,2.25,34,29,,,,,,b,1.52,,9,18,1.45,1.5,3.4,1,,1
https://www.racenet.com.au/form-guide/horse-racing/churchill-downs-us-20260928/race-7-maiden-special-weight-race-7/overview,Churchill Downs,2026-09-28,Churchill Downs,"{'eventId': '3437980', 'overall': None, 'rating': None, 'surface': 'Dirt', '__typename': 'TrackCondition'}",7,Race 7 - Maiden Special Weight,1509,"2YO, Fillies, Maiden, Spec. Weight",170796,9,True,RESULTED,4,4,Missy,2,Filly,b,Maxfield,Mattie Mae,RESULTED,54,,"Brian Joseph Hernandez, Jr.",Ian R. Wilkes,1:0-0-0,0,0,-100,4,10,14,36,,,,,,,6.5,,9,20,12,6,-50.0,3,,0
https://www.racenet.com.au/form-guide/horse-racing/churchill-downs-us-20260928/race-7-maiden-special-weight-race-7/overview,Churchill Downs,2026-09-28,Churchill Downs,"{'eventId': '3437980', 'overall': None, 'rating': None, 'surface': 'Dirt', '__typename': 'TrackCondition'}",7,Race 7 - Maiden Special Weight,1509,"2YO, Fillies, Maiden, Spec. Weight",170796,9,True,RESULTED,5,5,Dantini,2,Filly,dk b/br,Good Magic,Aunt Kat,RESULTED,54,,Axel Concepcion,William Walden,1:0-0-1,0,100,-100,3,3.25,20,36,,,,,,b,11.0,,9,17,12,10,-16.7,2,,0
https://www.racenet.com.au/form-guide/horse-racing/churchill-downs-us-20260928/race-7-maiden-special-weight-race-7/overview,Churchill Downs,2026-09-28,Churchill Downs,"{'eventId': '3437980', 'overall': None, 'rating': None, 'surface': 'Dirt', '__typename': 'TrackCondition'}",7,Race 7 - Maiden Special Weight,1509,"2YO, Fillies, Maiden, Spec. Weight",170796,9,True,RESULTED,6,6,My Pal Al,2,Filly,dk b/br,Golden Pal,Stopshoppingdebbie,RESULTED,54,,Luan Machado,Robert Medina,1:0-1-0,0,100,-100,2,4,0,34,,,,,,b,23.0,,9,18,7,21,200.0,4,,0
https://www.racenet.com.au/form-guide/horse-racing/churchill-downs-us-20260928/race-7-maiden-special-weight-race-7/overview,Churchill Downs,2026-09-28,Churchill Downs,"{'eventId': '3437980', 'overall': None, 'rating': None, 'surface': 'Dirt', '__typename': 'TrackCondition'}",7,Race 7 - Maiden Special Weight,1509,"2YO, Fillies, Maiden, Spec. Weight",170796,9,True,RESULTED,7,7,Texas Dandelion,2,Filly,ch,Halladay,Cool Talking,RESULTED,54,,Jose L. Ortiz,Joe Sharp,3:0-1-1,0,67,-100,8,13,20,64,,,,,,(D/A),13.0,,9,9,8.5,12,41.2,9,,0
https://www.racenet.com.au/form-guide/horse-racing/churchill-downs-us-20260928/race-7-maiden-special-weight-race-7/overview,Churchill Downs,2026-09-28,Churchill Downs,"{'eventId': '3437980', 'overall': None, 'rating': None, 'surface': 'Dirt', '__typename': 'TrackCondition'}",7,Race 7 - Maiden Special Weight,1509,"2YO, Fillies, Maiden, Spec. Weight",170796,9,True,RESULTED,8,8,Special Liberty,2,Filly,ch,Midshipman,Takingtimeoff,RESULTED,54,,Tyler Gaffalione,Brendan P. Walsh,1:0-0-0,0,0,-100,5,2.75,21,36,,,,,,b,8.5,,9,21,11,7.5,-31.8,5,,0
https://www.racenet.com.au/form-guide/horse-racing/churchill-downs-us-20260928/race-7-maiden-special-weight-race-7/overview,Churchill Downs,2026-09-28,Churchill Downs,"{'eventId': '3437980', 'overall': None, 'rating': None, 'surface': 'Dirt', '__typename': 'TrackCondition'}",7,Race 7 - Maiden Special Weight,1509,"2YO, Fillies, Maiden, Spec. Weight",170796,9,True,RESULTED,9,9,Tajin Time,2,Filly,dk b/br,Not This Time,Allende,RESULTED,54,,Gerardo Corrales,Dale L. Romans,1:0-0-0,0,0,-100,11,17,5,36,,,,,,o,41.0,,9,15,21,34,61.9,6,,0
https://www.racenet.com.au/form-guide/horse-racing/churchill-downs-us-20260928/race-8-allowance-race-8/overview,Churchill Downs,2026-09-28,Churchill Downs,"{'eventId': '3437981', 'overall': None, 'rating': None, 'surface': 'Turf', '__typename': 'TrackCondition'}",8,Race 8 - Allowance,1106,"3YO+, Fillies & Mares, Allowance",180759,12,True,RESULTED,1,1,Mechaya,4,Filly,gr/ro,Liam's Map,Malibu Rainbow,RESULTED,55,,Francisco Arrieta,James P. Divito,9:1-2-1,11,44,-100,4,2.88,13,22,,,,,,bn,7.0,,9,18,6.5,6,-7.7,3,,0
https://www.racenet.com.au/form-guide/horse-racing/churchill-downs-us-20260928/race-8-allowance-race-8/overview,Churchill Downs,2026-09-28,Churchill Downs,"{'eventId': '3437981', 'overall': None, 'rating': None, 'surface': 'Turf', '__typename': 'TrackCondition'}",8,Race 8 - Allowance,1106,"3YO+, Fillies & Mares, Allowance",180759,12,True,RESULTED,2,2,Sweet Sissone,3,Filly,dk b/br,Twirling Candy,Amazing Shoes,RESULTED,53.5,,Tyler Gaffalione,Gregory D. Foley,4:1-0-0,25,25,150,5,9,22,51,,,,,,tcdn,9.0,,9,16,12,8.5,-29.2,10,,0
https://www.racenet.com.au/form-guide/horse-racing/churchill-downs-us-20260928/race-8-allowance-race-8/overview,Churchill Downs,2026-09-28,Churchill Downs,"{'eventId': '3437981', 'overall': None, 'rating': None, 'surface': 'Turf', '__typename': 'TrackCondition'}",8,Race 8 - Allowance,1106,"3YO+, Fillies & Mares, Allowance",180759,12,True,RESULTED,3,3,Cactus Cairo,3,Filly,gr/ro,Cairo Prince,Cactus Kris,RESULTED,53.5,,Danny Sheehy,Ryan D. Walsh,2:1-1-0,50,100,950,2,1.67,0,26,,,,,,bn,16.0,,9,20,15,15,0.0,6,,0
https://www.racenet.com.au/form-guide/horse-racing/churchill-downs-us-20260928/race-8-allowance-race-8/overview,Churchill Downs,2026-09-28,Churchill Downs,"{'eventId': '3437981', 'overall': None, 'rating': None, 'surface': 'Turf', '__typename': 'TrackCondition'}",8,Race 8 - Allowance,1106,"3YO+, Fillies & Mares, Allowance",180759,12,True,RESULTED,4,4,Balright,3,Filly,ch,Omaha Beach,Clara Allen,RESULTED,54.5,,Rafael Bejarano,"Jerry Dixon, Jr.",1:1-0-0,100,100,2500,1,26,25,36,,,,,,dn,21.0,,9,20,9,17,88.9,5,,0
https://www.racenet.com.au/form-guide/horse-racing/churchill-downs-us-20260928/race-8-allowance-race-8/overview,Churchill Downs,2026-09-28,Churchill Downs,"{'eventId': '3437981', 'overall': None, 'rating': None, 'surface': 'Turf', '__typename': 'TrackCondition'}",8,Race 8 - Allowance,1106,"3YO+, Fillies & Mares, Allowance",180759,12,True,RESULTED,5,5,Shirley Ann,4,Filly,b,Outwork,Hey Paige,RESULTED,55,,Joseph C. Bealmear,Clarke Vesty,7:1-2-2,14,71,-57,2,1.57,0,27,,,,,,bn,11.0,,9,23,6,9,50.0,2,,0
https://www.racenet.com.au/form-guide/horse-racing/churchill-downs-us-20260928/race-8-allowance-race-8/overview,Churchill Downs,2026-09-28,Churchill Downs,"{'eventId': '3437981', 'overall': None, 'rating': None, 'surface': 'Turf', '__typename': 'TrackCondition'}",8,Race 8 - Allowance,1106,"3YO+, Fillies & Mares, Allowance",180759,12,True,RESULTED,6,6,Beach Heist,3,Filly,ch,Omaha Beach,Pearl Heist,RESULTED,53.5,,Axel Concepcion,William Walden,5:1-2-1,20,80,30,7,5.5,20,50,,,,,,dn,3.9,,9,25,5.5,3.7,-32.7,1,,1
https://www.racenet.com.au/form-guide/horse-racing/churchill-downs-us-20260928/race-8-allowance-race-8/overview,Churchill Downs,2026-09-28,Churchill Downs,"{'eventId': '3437981', 'overall': None, 'rating': None, 'surface': 'Turf', '__typename': 'TrackCondition'}",8,Race 8 - Allowance,1106,"3YO+, Fillies & Mares, Allowance",180759,12,True,RESULTED,7,7,Mackinac,3,Filly,b,Twirling Candy,Violencia,RESULTED,53.5,,Luis Saez,George R. Arnold Ii,5:1-2-0,20,60,-62,2,5,25,28,,,,,,n,3.0,,9,36,4,2.8,-30.0,9,,0
https://www.racenet.com.au/form-guide/horse-racing/churchill-downs-us-20260928/race-8-allowance-race-8/overview,Churchill Downs,2026-09-28,Churchill Downs,"{'eventId': '3437981', 'overall': None, 'rating': None, 'surface': 'Turf', '__typename': 'TrackCondition'}",8,Race 8 - Allowance,1106,"3YO+, Fillies & Mares, Allowance",180759,12,True,RESULTED,8,8,Mystic Realm,3,Filly,b,Mendelssohn,Magic Humor,RESULTED,53.5,,Adam Beschizza,Edward Vaughan,4:1-0-0,25,25,-65,6,34,3,69,,,,,,,31.0,,9,21,34,26,-23.5,7,,0
https://www.racenet.com.au/form-guide/horse-racing/churchill-downs-us-20260928/race-8-allowance-race-8/overview,Churchill Downs,2026-09-28,Churchill Downs,"{'eventId': '3437981', 'overall': None, 'rating': None, 'surface': 'Turf', '__typename': 'TrackCondition'}",8,Race 8 - Allowance,1106,"3YO+, Fillies & Mares, Allowance",180759,12,True,RESULTED,9,9,Moonlight Dash,4,Filly,b,Maclean's Music,Moon Dash,RESULTED,55,,Yedsit Hazlewood,Philip A. Bauer,7:1-2-1,14,57,-14,4,6,100,14,,,,,,tn,13.0,,9,9,9,12,33.3,4,,0
https://www.racenet.com.au/form-guide/horse-racing/churchill-downs-us-20260928/race-8-allowance-race-8/overview,Churchill Downs,2026-09-28,Churchill Downs,"{'eventId': '3437981', 'overall': None, 'rating': None, 'surface': 'Turf', '__typename': 'TrackCondition'}",8,Race 8 - Allowance,1106,"3YO+, Fillies & Mares, Allowance",180759,12,True,RESULTED,10,10,Dashin' Diva,4,Filly,dk b/br,Caracaro,Giants Diva,RESULTED,55,,Gerardo Corrales,Lonnie Briley,9:1-0-1,11,22,89,11,11,0,28,,,,,,on,35.0,,9,8,19,34,78.9,8,,0
https://www.racenet.com.au/form-guide/horse-racing/churchill-downs-us-20260928/race-8-allowance-race-8/overview,Churchill Downs,2026-09-28,Churchill Downs,"{'eventId': '3437981', 'overall': None, 'rating': None, 'surface': 'Turf', '__typename': 'TrackCondition'}",8,Race 8 - Allowance,1106,"3YO+, Fillies & Mares, Allowance",180759,12,True,RESULTED,11,11,Debt Free,4,Filly,dk b/br,Not This Time,Break Even,RESULTED,55,,"Brian Joseph Hernandez, Jr.",Conor Murphy,7:1-1-1,14,43,-61,2,3.25,4,287,,,,,,dbn,21.0,,9,9,8,17,112.5,12,,0
https://www.racenet.com.au/form-guide/horse-racing/churchill-downs-us-20260928/race-8-allowance-race-8/overview,Churchill Downs,2026-09-28,Churchill Downs,"{'eventId': '3437981', 'overall': None, 'rating': None, 'surface': 'Turf', '__typename': 'TrackCondition'}",8,Race 8 - Allowance,1106,"3YO+, Fillies & Mares, Allowance",180759,12,True,RESULTED,12,12,Lindy Can,4,Filly,ch,Kantharos,Northern Michigan,RESULTED,55,,Summer Pauly,Dana Hancock,11:2-0-3,18,45,-40,1,6,67,43,,,,,,dn,51.0,,9,13,41,41,0.0,11,,0
https://www.racenet.com.au/form-guide/horse-racing/churchill-downs-us-20260928/race-8-allowance-race-8/overview,Churchill Downs,2026-09-28,Churchill Downs,"{'eventId': '3437981', 'overall': None, 'rating': None, 'surface': 'Turf', '__typename': 'TrackCondition'}",8,Race 8 - Allowance,1106,"3YO+, Fillies & Mares, Allowance",180759,12,True,SCRATCHED,13,13,Now Or Nevermore,3,Filly,b,Honest Mischief,Celebrate Now,SCRATCHED,54.5,,Mitchell Murrill,Chris Banks,2:1-0-0,50,50,750,8,21,0,30,,,,,,n,3.5,,2,0,,,,-1,,0
https://www.racenet.com.au/form-guide/horse-racing/churchill-downs-us-20260928/race-8-allowance-race-8/overview,Churchill Downs,2026-09-28,Churchill Downs,"{'eventId': '3437981', 'overall': None, 'rating': None, 'surface': 'Turf', '__typename': 'TrackCondition'}",8,Race 8 - Allowance,1106,"3YO+, Fillies & Mares, Allowance",180759,12,True,SCRATCHED,14,14,Zoe's Prime,5,Mare,dk b/br,Bolt D'Oro,Petunia,SCRATCHED,55,,Micah Meeks,Jose M. Camejo,7:1-2-1,14,57,-100,3,15,0,27,,,,,,dn,9.0,,2,0,,,,-1,,0
https://www.racenet.com.au/form-guide/horse-racing/churchill-downs-us-20260928/race-8-allowance-race-8/overview,Churchill Downs,2026-09-28,Churchill Downs,"{'eventId': '3437981', 'overall': None, 'rating': None, 'surface': 'Turf', '__typename': 'TrackCondition'}",8,Race 8 - Allowance,1106,"3YO+, Fillies & Mares, Allowance",180759,12,True,SCRATCHED,15,15,Storm Cloud Rising,3,Filly,gr/ro,Runhappy,Demigoddess,SCRATCHED,53.5,,Yedsit Hazlewood,Andres Cambray,16:3-1-1,19,31,131,1,5.5,0,17,,,,,,tdn,13.0,,2,0,,,,-1,,0
https://www.racenet.com.au/form-guide/horse-racing/churchill-downs-us-20260928/race-9-starter-allowance-race-9/overview,Churchill Downs,2026-09-28,Churchill Downs,"{'eventId': '3437982', 'overall': None, 'rating': None, 'surface': 'Dirt', '__typename': 'TrackCondition'}",9,Race 9 - Starter Allowance,1710,"3YO+, Allowance",118134,9,True,RESULTED,2,2,Bigtimetimmyjim,3,Gelding,b,Girvin,Miss Bosconovitch,RESULTED,53.5,,Gerardo Corrales,Lonnie Briley,4:1-0-0,25,25,225,11,51,0,28,,,,,,don,31.0,,9,10,23,26,13.0,9,,0
https://www.racenet.com.au/form-guide/horse-racing/churchill-downs-us-20260928/race-9-starter-allowance-race-9/overview,Churchill Downs,2026-09-28,Churchill Downs,"{'eventId': '3437982', 'overall': None, 'rating': None, 'surface': 'Dirt', '__typename': 'TrackCondition'}",9,Race 9 - Starter Allowance,1710,"3YO+, Allowance",118134,9,True,RESULTED,3,3,South Bend Tom,4,Gelding,b,Liam's Map,Glycine,RESULTED,55.25,,Axel Concepcion,"Albert M. Stall, Jr.",11:2-1-2,18,45,-47,3,4,15,39,,,,,,tdbn,5.0,,9,26,5,4.4,-12.0,3,,0
https://www.racenet.com.au/form-guide/horse-racing/churchill-downs-us-20260928/race-9-starter-allowance-race-9/overview,Churchill Downs,2026-09-28,Churchill Downs,"{'eventId': '3437982', 'overall': None, 'rating': None, 'surface': 'Dirt', '__typename': 'TrackCondition'}",9,Race 9 - Starter Allowance,1710,"3YO+, Allowance",118134,9,True,RESULTED,4,4,Funny Uncle,6,Gelding,ch,Distorted Humor,Night Owl,RESULTED,55.25,,Jose L. Ortiz,Joe Sharp,39:4-6-8,10,46,-3,2,10,20,36,,,,,,dsn,2.75,,9,29,3.5,2.6,-25.7,6,,0
https://www.racenet.com.au/form-guide/horse-racing/churchill-downs-us-20260928/race-9-starter-allowance-race-9/overview,Churchill Downs,2026-09-28,Churchill Downs,"{'eventId': '3437982', 'overall': None, 'rating': None, 'surface': 'Dirt', '__typename': 'TrackCondition'}",9,Race 9 - Starter Allowance,1710,"3YO+, Allowance",118134,9,True,RESULTED,5,5,Large Risk,3,Gelding,ch,Volatile,Anabranch,RESULTED,53.5,,Evin A. Roman,Cipriano Contreras,5:1-0-0,20,20,-62,8,26,24,213,,,,,,tcdn,41.0,,9,13,34,34,0.0,8,,0
https://www.racenet.com.au/form-guide/horse-racing/churchill-downs-us-20260928/race-9-starter-allowance-race-9/overview,Churchill Downs,2026-09-28,Churchill Downs,"{'eventId': '3437982', 'overall': None, 'rating': None, 'surface': 'Dirt', '__typename': 'TrackCondition'}",9,Race 9 - Starter Allowance,1710,"3YO+, Allowance",118134,9,True,RESULTED,6,6,Lolo Le Plume,4,Filly,b,Instilled Regard,Le Plume,RESULTED,54,,Luis Saez,"Robert B. Hess, Jr.",17:1-5-4,6,59,-86,7,5.5,9,213,,,,,,tcdn,18.0,,9,27,8.5,16,88.2,7,,0
https://www.racenet.com.au/form-guide/horse-racing/churchill-downs-us-20260928/race-9-starter-allowance-race-9/overview,Churchill Downs,2026-09-28,Churchill Downs,"{'eventId': '3437982', 'overall': None, 'rating': None, 'surface': 'Dirt', '__typename': 'TrackCondition'}",9,Race 9 - Starter Allowance,1710,"3YO+, Allowance",118134,9,True,RESULTED,7,7,Consolidated,4,Gelding,dk b/br,Unified,Causeway Carolyn,RESULTED,55.25,,Luan Machado,Arnaud Delacour,8:3-0-1,38,50,256,5,15,15,93,,,,,,tcdn,11.0,,9,18,8.5,9,5.9,5,,0
https://www.racenet.com.au/form-guide/horse-racing/churchill-downs-us-20260928/race-9-starter-allowance-race-9/overview,Churchill Downs,2026-09-28,Churchill Downs,"{'eventId': '3437982', 'overall': None, 'rating': None, 'surface': 'Dirt', '__typename': 'TrackCondition'}",9,Race 9 - Starter Allowance,1710,"3YO+, Allowance",118134,9,True,RESULTED,8,8,Spirit Of A Walkon,3,Colt,dk b/br,Uncle Mo,Delta'S Kingdom,RESULTED,53.5,,"Brian Joseph Hernandez, Jr.",Dale L. Romans,11:2-2-1,18,45,-14,2,3.75,11,51,,,,,,dn,4.4,,9,20,4.5,4.2,-6.7,4,,0
https://www.racenet.com.au/form-guide/horse-racing/churchill-downs-us-20260928/race-9-starter-allowance-race-9/overview,Churchill Downs,2026-09-28,Churchill Downs,"{'eventId': '3437982', 'overall': None, 'rating': None, 'surface': 'Dirt', '__typename': 'TrackCondition'}",9,Race 9 - Starter Allowance,1710,"3YO+, Allowance",118134,9,True,RESULTED,9,9,Jets Rio,3,Gelding,gr/ro,Candy Ride,Jeweled Princess,RESULTED,53.5,,Rafael Bejarano,Ron Moquett,9:1-1-2,11,44,-39,3,11,19,44,,,,,,sn,21.0,,9,24,10,17,70.0,2,,0
https://www.racenet.com.au/form-guide/horse-racing/churchill-downs-us-20260928/race-9-starter-allowance-race-9/overview,Churchill Downs,2026-09-28,Churchill Downs,"{'eventId': '3437982', 'overall': None, 'rating': None, 'surface': 'Dirt', '__typename': 'TrackCondition'}",9,Race 9 - Starter Allowance,1710,"3YO+, Allowance",118134,9,True,RESULTED,10,10,Rugged Love,3,Gelding,ch,Cupid,Princess Addy,RESULTED,53.5,,Tyler Gaffalione,Brendan P. Walsh,3:1-0-1,33,67,25,7,4.5,21,51,,,,,,tn,6.5,,9,16,9,6,-33.3,1,,1
https://www.racenet.com.au/form-guide/horse-racing/churchill-downs-us-20260928/race-9-starter-allowance-race-9/overview,Churchill Downs,2026-09-28,Churchill Downs,"{'eventId': '3437982', 'overall': None, 'rating': None, 'surface': 'Dirt', '__typename': 'TrackCondition'}",9,Race 9 - Starter Allowance,1710,"3YO+, Allowance",118134,9,True,SCRATCHED,1,1,Feral,3,Gelding,dk b/br,Volatile,Love This Kitty,SCRATCHED,53.5,,Ben Curtis,Michael A. Tomlinson,9:2-1-2,22,56,0,1,4,100,37,,,,,,n,8.5,,3,1,8.5,8.5,0.0,-1,,0
https://www.racenet.com.au/form-guide/horse-racing/coleraine-20260928-bt/jump-out-good-4-race-1/overview,Coleraine,2026-09-28,Coleraine,"{'eventId': '3439692', 'overall': None, 'rating': None, 'surface': 'Turf', '__typename': 'TrackCondition'}",1,Jump Out - Good 4,1300,Set Weights,,5,True,RESULTED,1,,Renaissance Girl,3,Filly,BAY,Kermadec,Vittoria Colonna,RESULTED,,54,Linda Meech,Symon Wilde,0:0-0-0,0,0,0,,,23,,,,,,,,,,0,0,,,,3,,0
https://www.racenet.com.au/form-guide/horse-racing/coleraine-20260928-bt/jump-out-good-4-race-1/overview,Coleraine,2026-09-28,Coleraine,"{'eventId': '3439692', 'overall': None, 'rating': None, 'surface': 'Turf', '__typename': 'TrackCondition'}",1,Jump Out - Good 4,1300,Set Weights,,5,True,RESULTED,2,,Dame Of Dubai,4,Mare,BAY,Pride of Dubai,Reliable Dame,RESULTED,,57,Campbell Rawiller,Symon Wilde,0:0-0-0,0,0,0,,,9,,,,,,,,,,0,0,,,,1,,1
https://www.racenet.com.au/form-guide/horse-racing/coleraine-20260928-bt/jump-out-good-4-race-1/overview,Coleraine,2026-09-28,Coleraine,"{'eventId': '3439692', 'overall': None, 'rating': None, 'surface': 'Turf', '__typename': 'TrackCondition'}",1,Jump Out - Good 4,1300,Set Weights,,5,True,RESULTED,3,,Young Stirling,3,Gelding,BAY,Ghaiyyath,Kraquante,RESULTED,,55,Jack Hill,Symon Wilde,0:0-0-0,0,0,0,,,12,,,,,,,,,,0,0,,,,4,,0
https://www.racenet.com.au/form-guide/horse-racing/coleraine-20260928-bt/jump-out-good-4-race-1/overview,Coleraine,2026-09-28,Coleraine,"{'eventId': '3439692', 'overall': None, 'rating': None, 'surface': 'Turf', '__typename': 'TrackCondition'}",1,Jump Out - Good 4,1300,Set Weights,,5,True,RESULTED,4,,Unseen Ruler,7,Gelding,BAY OR BROWN,Mongolian Khan,Scarlet's Secret,RESULTED,,50,Dean Yendall,Matthew Williams,43:7-4-7,16,42,-23,3,4,15,113,-0.24,-1.09,-1.55,-1.84,0.28,h,,,0,0,,,,2,,0
https://www.racenet.com.au/form-guide/horse-racing/coleraine-20260928-bt/jump-out-good-4-race-1/overview,Coleraine,2026-09-28,Coleraine,"{'eventId': '3439692', 'overall': None, 'rating': None, 'surface': 'Turf', '__typename': 'TrackCondition'}",1,Jump Out - Good 4,1300,Set Weights,,5,True,RESULTED,5,,Lord Timo,4,Stallion,BROWN,Russian Camelot,Omit,RESULTED,,,Tom Madden,Aaron Purcell,0:0-0-0,0,0,0,,,10,,,,,,,,,,0,0,,,,5,,0
https://www.racenet.com.au/form-guide/horse-racing/coleraine-20260928-bt/jump-out-good-4-race-2/overview,Coleraine,2026-09-28,Coleraine,"{'eventId': '3439693', 'overall': None, 'rating': None, 'surface': 'Turf', '__typename': 'TrackCondition'}",2,Jump Out - Good 4,900,Set Weights,,5,True,RESULTED,1,,Tillican,4,Gelding,BAY,Americain,Tillraider,RESULTED,,51,Amy Herrmann,Ray Gilcrist,0:0-0-0,0,0,0,,,0,,,,,,,,,,0,0,,,,5,,0
https://www.racenet.com.au/form-guide/horse-racing/coleraine-20260928-bt/jump-out-good-4-race-2/overview,Coleraine,2026-09-28,Coleraine,"{'eventId': '3439693', 'overall': None, 'rating': None, 'surface': 'Turf', '__typename': 'TrackCondition'}",2,Jump Out - Good 4,900,Set Weights,,5,True,RESULTED,2,,Southern Crescent,5,Mare,BAY OR BROWN,Alabama Express,Perfect Diamond,RESULTED,,,Tom Madden,Aaron Purcell,20:5-2-4,25,55,70,8,16,10,121,-0.17,-0.65,-0.95,-0.97,0.6,sh,,,0,0,,,,1,,1
https://www.racenet.com.au/form-guide/horse-racing/coleraine-20260928-bt/jump-out-good-4-race-2/overview,Coleraine,2026-09-28,Coleraine,"{'eventId': '3439693', 'overall': None, 'rating': None, 'surface': 'Turf', '__typename': 'TrackCondition'}",2,Jump Out - Good 4,900,Set Weights,,5,True,RESULTED,3,,Moscow Miss,3,Filly,BAY OR BROWN,Russian Revolution,Alasaayel,RESULTED,,54,Linda Meech,Tom Dabernig,0:0-0-0,0,0,0,,,22,,,,,,,,,,0,0,,,,3,,0
https://www.racenet.com.au/form-guide/horse-racing/coleraine-20260928-bt/jump-out-good-4-race-2/overview,Coleraine,2026-09-28,Coleraine,"{'eventId': '3439693', 'overall': None, 'rating': None, 'surface': 'Turf', '__typename': 'TrackCondition'}",2,Jump Out - Good 4,900,Set Weights,,5,True,RESULTED,4,,Hiney's Bar,4,Gelding,CHESTNUT,Toronado,Royal Raine,RESULTED,,57,Campbell Rawiller,Symon Wilde,3:0-0-1,0,33,-100,5,6.5,9,39,0.04,-0.57,-0.36,0.03,2.07,,,,0,0,,,,4,,0
https://www.racenet.com.au/form-guide/horse-racing/coleraine-20260928-bt/jump-out-good-4-race-2/overview,Coleraine,2026-09-28,Coleraine,"{'eventId': '3439693', 'overall': None, 'rating': None, 'surface': 'Turf', '__typename': 'TrackCondition'}",2,Jump Out - Good 4,900,Set Weights,,5,True,RESULTED,5,,Pare Brise,4,Gelding,BAY,Strasbourg,Windscreens,RESULTED,,55,Jack Hill,Symon Wilde,0:0-0-0,0,0,0,,,12,,,,,,,,,,0,0,,,,2,,0
https://www.racenet.com.au/form-guide/horse-racing/coleraine-20260928-bt/jump-out-good-4-race-2/overview,Coleraine,2026-09-28,Coleraine,"{'eventId': '3439693', 'overall': None, 'rating': None, 'surface': 'Turf', '__typename': 'TrackCondition'}",2,Jump Out - Good 4,900,Set Weights,,5,True,SCRATCHED,,,Trust My,5,Mare,CHESTNUT,Trust in a Gust,Belong to Peri,SCRATCHED,,,,Kaye Edwards,3:0-0-0,0,0,-100,10,151,0,14,1.27,1.47,1.93,2.19,5.43,o,,,0,0,,,,-1,,0
https://www.racenet.com.au/form-guide/horse-racing/coleraine-20260928-bt/jump-out-good-4-race-3/overview,Coleraine,2026-09-28,Coleraine,"{'eventId': '3439694', 'overall': None, 'rating': None, 'surface': 'Turf', '__typename': 'TrackCondition'}",3,Jump Out - Good 4,900,Set Weights,,4,True,RESULTED,1,,Van Roy,8,Gelding,BAY,All Too Hard,Our Harmony,RESULTED,,,Tom Madden,Aaron Purcell,54:9-8-9,17,48,-1,6,5.5,10,129,0.08,-0.35,-0.7,-0.87,0.77,sh,,,0,0,,,,4,,0
https://www.racenet.com.au/form-guide/horse-racing/coleraine-20260928-bt/jump-out-good-4-race-3/overview,Coleraine,2026-09-28,Coleraine,"{'eventId': '3439694', 'overall': None, 'rating': None, 'surface': 'Turf', '__typename': 'TrackCondition'}",3,Jump Out - Good 4,900,Set Weights,,4,True,RESULTED,2,,Balsino Prince,4,Gelding,BAY,Casino Prince,Ballista,RESULTED,,51,Amy Herrmann,Robert Schultz,0:0-0-0,0,0,0,,,0,,,,,,,,,,0,0,,,,1,,1
https://www.racenet.com.au/form-guide/horse-racing/coleraine-20260928-bt/jump-out-good-4-race-3/overview,Coleraine,2026-09-28,Coleraine,"{'eventId': '3439694', 'overall': None, 'rating': None, 'surface': 'Turf', '__typename': 'TrackCondition'}",3,Jump Out - Good 4,900,Set Weights,,4,True,RESULTED,4,,Don Rubio,6,Gelding,CHESTNUT,Proisir,Madam Swiss,RESULTED,,50,Dean Yendall,Matthew Williams,4:2-1-0,50,75,540,1,4.6,15,869,-0.18,-0.39,-1.32,-1.07,1.36,s,,,0,0,,,,3,,0
https://www.racenet.com.au/form-guide/horse-racing/coleraine-20260928-bt/jump-out-good-4-race-3/overview,Coleraine,2026-09-28,Coleraine,"{'eventId': '3439694', 'overall': None, 'rating': None, 'surface': 'Turf', '__typename': 'TrackCondition'}",3,Jump Out - Good 4,900,Set Weights,,4,True,RESULTED,5,,Trust My,5,Mare,CHESTNUT,Trust in a Gust,Belong to Peri,RESULTED,,57,Campbell Rawiller,Kaye Edwards,3:0-0-0,0,0,-100,10,151,0,14,1.27,1.47,1.93,2.19,5.43,o,,,0,0,,,,2,,0
https://www.racenet.com.au/form-guide/horse-racing/coleraine-20260928-bt/jump-out-good-4-race-3/overview,Coleraine,2026-09-28,Coleraine,"{'eventId': '3439694', 'overall': None, 'rating': None, 'surface': 'Turf', '__typename': 'TrackCondition'}",3,Jump Out - Good 4,900,Set Weights,,4,True,SCRATCHED,,,Nicento,3,Filly,CHESTNUT,Nicconi,Pimento,SCRATCHED,,,,Symon Wilde,0:0-0-0,0,0,0,,,0,,,,,,,,,,0,0,,,,-1,,0
https://www.racenet.com.au/form-guide/horse-racing/coleraine-20260928-bt/jump-out-good-4-race-4/overview,Coleraine,2026-09-28,Coleraine,"{'eventId': '3439695', 'overall': None, 'rating': None, 'surface': 'Turf', '__typename': 'TrackCondition'}",4,Jump Out - Good 4,900,Set Weights,,5,True,RESULTED,1,,Francine,9,Mare,BAY,Kuroshio,Fleeting One,RESULTED,,,Tom Madden,Aaron Purcell,66:11-5-5,17,32,17,2,9.5,10,246,0.2,0.09,0.04,-0.11,0.55,s,,,0,0,,,,2,,0
https://www.racenet.com.au/form-guide/horse-racing/coleraine-20260928-bt/jump-out-good-4-race-4/overview,Coleraine,2026-09-28,Coleraine,"{'eventId': '3439695', 'overall': None, 'rating': None, 'surface': 'Turf', '__typename': 'TrackCondition'}",4,Jump Out - Good 4,900,Set Weights,,5,True,RESULTED,2,,Go Gidget,3,Filly,BAY,Microphone,Tennessee Tango,RESULTED,,54,Linda Meech,Tom Dabernig,0:0-0-0,0,0,0,,,22,,,,,,,,,,0,0,,,,5,,0
https://www.racenet.com.au/form-guide/horse-racing/coleraine-20260928-bt/jump-out-good-4-race-4/overview,Coleraine,2026-09-28,Coleraine,"{'eventId': '3439695', 'overall': None, 'rating': None, 'surface': 'Turf', '__typename': 'TrackCondition'}",4,Jump Out - Good 4,900,Set Weights,,5,True,RESULTED,3,,Symphatum,4,Gelding,BROWN OR BLACK,Royal Symphony,Gatum Express,RESULTED,,55,Jack Hill,Symon Wilde,0:0-0-0,0,0,0,,,12,,,,,,,,,,0,0,,,,3,,0
https://www.racenet.com.au/form-guide/horse-racing/coleraine-20260928-bt/jump-out-good-4-race-4/overview,Coleraine,2026-09-28,Coleraine,"{'eventId': '3439695', 'overall': None, 'rating': None, 'surface': 'Turf', '__typename': 'TrackCondition'}",4,Jump Out - Good 4,900,Set Weights,,5,True,RESULTED,4,,The Swordsman,5,Gelding,CHESTNUT,Royal Symphony,Shiny And New,RESULTED,,57,Campbell Rawiller,Symon Wilde,0:0-0-0,0,0,0,,,9,,,,,,,,,,0,0,,,,4,,0
https://www.racenet.com.au/form-guide/horse-racing/coleraine-20260928-bt/jump-out-good-4-race-4/overview,Coleraine,2026-09-28,Coleraine,"{'eventId': '3439695', 'overall': None, 'rating': None, 'surface': 'Turf', '__typename': 'TrackCondition'}",4,Jump Out - Good 4,900,Set Weights,,5,True,RESULTED,5,,Icy Pole,5,Mare,BAY,Frosted,Conceal,RESULTED,,50,Dean Yendall,Matthew Williams,14:3-2-0,21,36,152,8,19,15,108,-0.01,-0.44,-0.5,-0.49,0.98,,,,0,0,,,,1,,1
https://www.racenet.com.au/form-guide/horse-racing/coleraine-20260928-bt/jump-out-good-4-race-5/overview,Coleraine,2026-09-28,Coleraine,"{'eventId': '3439696', 'overall': None, 'rating': None, 'surface': 'Turf', '__typename': 'TrackCondition'}",5,Jump Out - Good 4,900,Set Weights,,5,True,RESULTED,1,,Piccadilly Thunder,4,Gelding,BAY,I Am Immortal,Piccadilly Kate,RESULTED,,,Tom Madden,Aaron Purcell,0:0-0-0,0,0,0,,,10,,,,,,,,,,0,0,,,,6,,0
https://www.racenet.com.au/form-guide/horse-racing/coleraine-20260928-bt/jump-out-good-4-race-5/overview,Coleraine,2026-09-28,Coleraine,"{'eventId': '3439696', 'overall': None, 'rating': None, 'surface': 'Turf', '__typename': 'TrackCondition'}",5,Jump Out - Good 4,900,Set Weights,,5,True,RESULTED,2,,Chardy Lass,4,Mare,BAY,Bivouac,Fiendish,RESULTED,,56,Patrick Bell,Maddie Raymond & Patrick Bell,0:0-0-0,0,0,0,,,0,,,,,,,,,,0,0,,,,1,,1
https://www.racenet.com.au/form-guide/horse-racing/coleraine-20260928-bt/jump-out-good-4-race-5/overview,Coleraine,2026-09-28,Coleraine,"{'eventId': '3439696', 'overall': None, 'rating': None, 'surface': 'Turf', '__typename': 'TrackCondition'}",5,Jump Out - Good 4,900,Set Weights,,5,True,RESULTED,3,,Dukey,5,Gelding,CHESTNUT,Cliff's Edge,Wish List,RESULTED,,57,Campbell Rawiller,Sharni Julian,5:0-0-0,0,0,-100,8,11,8,8,1.59,1.67,2.08,2.08,3.31,o,,,0,0,,,,3,,0
https://www.racenet.com.au/form-guide/horse-racing/coleraine-20260928-bt/jump-out-good-4-race-5/overview,Coleraine,2026-09-28,Coleraine,"{'eventId': '3439696', 'overall': None, 'rating': None, 'surface': 'Turf', '__typename': 'TrackCondition'}",5,Jump Out - Good 4,900,Set Weights,,5,True,RESULTED,4,,Cachink,5,Gelding,BROWN,So You Think,Catena,RESULTED,,50,Dean Yendall,Matthew Williams,20:2-2-3,10,35,-65,5,15,15,108,-0.02,-0.43,-0.81,-1.26,-0.29,,,,0,0,,,,2,,0
https://www.racenet.com.au/form-guide/horse-racing/coleraine-20260928-bt/jump-out-good-4-race-5/overview,Coleraine,2026-09-28,Coleraine,"{'eventId': '3439696', 'overall': None, 'rating': None, 'surface': 'Turf', '__typename': 'TrackCondition'}",5,Jump Out - Good 4,900,Set Weights,,5,True,RESULTED,6,,Bush Deep,3,Filly,GREY-CHESTNUT,Star Turn,Humorous Bet,RESULTED,,55,Jack Hill,Symon Wilde,0:0-0-0,0,0,0,,,12,,,,,,,,,,0,0,,,,4,,0
https://www.racenet.com.au/form-guide/horse-racing/coleraine-20260928-bt/jump-out-good-4-race-6/overview,Coleraine,2026-09-28,Coleraine,"{'eventId': '3439697', 'overall': None, 'rating': None, 'surface': 'Turf', '__typename': 'TrackCondition'}",6,Jump Out - Good 4,900,Set Weights,,5,True,RESULTED,1,,Star Kells,3,Filly,BROWN,Tagaloa,Arousal,RESULTED,,56,Patrick Bell,Maddie Raymond & Patrick Bell,0:0-0-0,0,0,0,,,0,,,,,,,,,,0,0,,,,5,,0
https://www.racenet.com.au/form-guide/horse-racing/coleraine-20260928-bt/jump-out-good-4-race-6/overview,Coleraine,2026-09-28,Coleraine,"{'eventId': '3439697', 'overall': None, 'rating': None, 'surface': 'Turf', '__typename': 'TrackCondition'}",6,Jump Out - Good 4,900,Set Weights,,5,True,RESULTED,2,,Spike Almighty,6,Gelding,BAY,Nostradamus,Marlgeo,RESULTED,,57,Campbell Rawiller,Sharni Julian,9:1-0-2,11,33,44,5,4.8,8,92,0.55,0.67,0.57,0.44,1.6,h,,,0,0,,,,1,,1
https://www.racenet.com.au/form-guide/horse-racing/coleraine-20260928-bt/jump-out-good-4-race-6/overview,Coleraine,2026-09-28,Coleraine,"{'eventId': '3439697', 'overall': None, 'rating': None, 'surface': 'Turf', '__typename': 'TrackCondition'}",6,Jump Out - Good 4,900,Set Weights,,5,True,RESULTED,3,,Norenson,4,Gelding,BAY,Anders,Sonic Deed,RESULTED,,55,Jack Hill,Peter Chow,5:0-0-0,0,0,-100,10,31,14,190,0.77,0.62,0.9,0.81,2.74,o,,,0,0,,,,3,,0
https://www.racenet.com.au/form-guide/horse-racing/coleraine-20260928-bt/jump-out-good-4-race-6/overview,Coleraine,2026-09-28,Coleraine,"{'eventId': '3439697', 'overall': None, 'rating': None, 'surface': 'Turf', '__typename': 'TrackCondition'}",6,Jump Out - Good 4,900,Set Weights,,5,True,RESULTED,4,,Colour Our World,5,Mare,BAY OR BROWN,Blue Point,Colourful Moments,RESULTED,,50,Dean Yendall,Matthew Williams,22:3-5-6,14,64,-73,10,4,15,127,-0.02,-0.63,-0.97,-1.15,0.29,sho,,,0,0,,,,4,,0
https://www.racenet.com.au/form-guide/horse-racing/coleraine-20260928-bt/jump-out-good-4-race-6/overview,Coleraine,2026-09-28,Coleraine,"{'eventId': '3439697', 'overall': None, 'rating': None, 'surface': 'Turf', '__typename': 'TrackCondition'}",6,Jump Out - Good 4,900,Set Weights,,5,True,RESULTED,5,,Positive Image,4,Gelding,CHESTNUT,Yes Yes Yes,Angel Face,RESULTED,,54,Linda Meech,Tom Dabernig,7:1-1-0,14,29,-79,10,51,22,112,0.35,-0.1,-0.38,-0.41,1.07,so,,,0,0,,,,2,,0
https://www.racenet.com.au/form-guide/horse-racing/coleraine-20260928-bt/jump-out-good-4-race-7/overview,Coleraine,2026-09-28,Coleraine,"{'eventId': '3439698', 'overall': None, 'rating': None, 'surface': 'Turf', '__typename': 'TrackCondition'}",7,Jump Out - Good 4,900,Set Weights,,3,True,RESULTED,1,,Native Dance,4,Mare,BAY,Overshare,Jungle Dance,RESULTED,,55,Jack Hill,Symon Wilde,0:0-0-0,0,0,0,,,12,,,,,,,,,,0,0,,,,2,,0
https://www.racenet.com.au/form-guide/horse-racing/coleraine-20260928-bt/jump-out-good-4-race-7/overview,Coleraine,2026-09-28,Coleraine,"{'eventId': '3439698', 'overall': None, 'rating': None, 'surface': 'Turf', '__typename': 'TrackCondition'}",7,Jump Out - Good 4,900,Set Weights,,3,True,RESULTED,3,,All The Way Baby,6,Mare,BAY,Palentino,Finest Sailing,RESULTED,,50,Dean Yendall,Matthew Williams,21:3-5-2,14,48,-66,10,16,15,190,-0.04,-0.65,-0.94,-1.06,0.28,so,,,0,0,,,,1,,1
https://www.racenet.com.au/form-guide/horse-racing/coleraine-20260928-bt/jump-out-good-4-race-7/overview,Coleraine,2026-09-28,Coleraine,"{'eventId': '3439698', 'overall': None, 'rating': None, 'surface': 'Turf', '__typename': 'TrackCondition'}",7,Jump Out - Good 4,900,Set Weights,,3,True,RESULTED,4,,Run Forrest Run,3,Gelding,BROWN,Hanseatic,Ellas,RESULTED,,,Tom Madden,Trudy Cottier,0:0-0-0,0,0,0,,,33,,,,,,,,,,0,0,,,,3,,0
https://www.racenet.com.au/form-guide/horse-racing/coleraine-20260928-bt/jump-out-good-4-race-7/overview,Coleraine,2026-09-28,Coleraine,"{'eventId': '3439698', 'overall': None, 'rating': None, 'surface': 'Turf', '__typename': 'TrackCondition'}",7,Jump Out - Good 4,900,Set Weights,,3,True,SCRATCHED,,,Starseatic,3,Filly,BAY,Hanseatic,Leila's Star,SCRATCHED,,,,Peter Chow,2:0-0-0,0,0,-100,9,41,0,127,-0.07,-0.16,-0.5,0.62,0.94,,,,0,0,,,,-1,,0
https://www.racenet.com.au/form-guide/horse-racing/coleraine-20260928-bt/jump-out-good-4-race-8/overview,Coleraine,2026-09-28,Coleraine,"{'eventId': '3439699', 'overall': None, 'rating': None, 'surface': 'Turf', '__typename': 'TrackCondition'}",8,Jump Out - Good 4,900,Set Weights,,4,True,RESULTED,1,,Empire Fella,3,Gelding,BLACK,Gold Standard,Pavonia,RESULTED,,56,Patrick Bell,Maddie Raymond & Patrick Bell,0:0-0-0,0,0,0,,,0,,,,,,,,,,0,0,,,,3,,0
https://www.racenet.com.au/form-guide/horse-racing/coleraine-20260928-bt/jump-out-good-4-race-8/overview,Coleraine,2026-09-28,Coleraine,"{'eventId': '3439699', 'overall': None, 'rating': None, 'surface': 'Turf', '__typename': 'TrackCondition'}",8,Jump Out - Good 4,900,Set Weights,,4,True,RESULTED,2,,Fammi,3,Gelding,BAY,Lucky Vega,Portside,RESULTED,,54,Linda Meech,Tom Dabernig,0:0-0-0,0,0,0,,,22,,,,,,,,,,0,0,,,,1,,1
https://www.racenet.com.au/form-guide/horse-racing/coleraine-20260928-bt/jump-out-good-4-race-8/overview,Coleraine,2026-09-28,Coleraine,"{'eventId': '3439699', 'overall': None, 'rating': None, 'surface': 'Turf', '__typename': 'TrackCondition'}",8,Jump Out - Good 4,900,Set Weights,,4,True,RESULTED,3,,Almorina,4,Mare,BAY,Almanzor,Dare to Dream,RESULTED,,55,Jack Hill,Symon Wilde,0:0-0-0,0,0,0,,,12,,,,,,,,,,0,0,,,,2,,0
https://www.racenet.com.au/form-guide/horse-racing/coleraine-20260928-bt/jump-out-good-4-race-8/overview,Coleraine,2026-09-28,Coleraine,"{'eventId': '3439699', 'overall': None, 'rating': None, 'surface': 'Turf', '__typename': 'TrackCondition'}",8,Jump Out - Good 4,900,Set Weights,,4,True,RESULTED,4,,Divine Eruption,3,Filly,BAY,Pinatubo,Sacred Snow,RESULTED,,57,Campbell Rawiller,Symon Wilde,1:0-0-1,0,100,-100,3,6,9,146,,,,,,,,,0,0,,,,4,,0
https://www.racenet.com.au/form-guide/horse-racing/coleraine-20260928-bt/jump-out-good-4-race-8/overview,Coleraine,2026-09-28,Coleraine,"{'eventId': '3439699', 'overall': None, 'rating': None, 'surface': 'Turf', '__typename': 'TrackCondition'}",8,Jump Out - Good 4,900,Set Weights,,4,True,SCRATCHED,,,Sold Nige,4,Gelding,GREY-BAY,Strasbourg,My Option,SCRATCHED,,,,Symon Wilde,0:0-0-0,0,0,0,,,0,,,,,,,,,,0,0,,,,-1,,0
https://www.racenet.com.au/form-guide/horse-racing/cranbourne-20260928-bt/jump-out-good-4-race-1/overview,Cranbourne,2026-09-28,Cranbourne,"{'eventId': '3438188', 'overall': None, 'rating': None, 'surface': 'Turf', '__typename': 'TrackCondition'}",1,Jump Out - Good 4,800,Set Weights,,8,False,,,,I'm Foxing,4,Mare,BROWN,I Am Immortal,Fox Two,,,,,Alex Rae,5:4-0-1,80,100,706,1,21,0,93,0.15,-0.34,-0.54,-0.81,-0.12,s(HT),,,0,0,,,,,,
https://www.racenet.com.au/form-guide/horse-racing/cranbourne-20260928-bt/jump-out-good-4-race-1/overview,Cranbourne,2026-09-28,Cranbourne,"{'eventId': '3438188', 'overall': None, 'rating': None, 'surface': 'Turf', '__typename': 'TrackCondition'}",1,Jump Out - Good 4,800,Set Weights,,8,False,,,,Immortal Star,5,Mare,BAY,I Am Immortal,Tuskar Brook,,,,,Ciaron Maher,25:5-4-3,20,48,-12,10,16,0,135,-0.23,-0.63,-0.9,-1.11,-0.21,so,,,0,0,,,,,,
https://www.racenet.com.au/form-guide/horse-racing/cranbourne-20260928-bt/jump-out-good-4-race-1/overview,Cranbourne,2026-09-28,Cranbourne,"{'eventId': '3438188', 'overall': None, 'rating': None, 'surface': 'Turf', '__typename': 'TrackCondition'}",1,Jump Out - Good 4,800,Set Weights,,8,False,,,,Philosopher,7,Gelding,CHESTNUT,Zoustar,Lone,,,,,Enver Jusufovic,35:7-3-3,20,37,-24,10,61,0,2,0.09,-0.21,-0.48,-0.66,-0.03,tso(HT),,,0,0,,,,,,
https://www.racenet.com.au/form-guide/horse-racing/cranbourne-20260928-bt/jump-out-good-4-race-1/overview,Cranbourne,2026-09-28,Cranbourne,"{'eventId': '3438188', 'overall': None, 'rating': None, 'surface': 'Turf', '__typename': 'TrackCondition'}",1,Jump Out - Good 4,800,Set Weights,,8,False,,,,Gentle Steel,5,Mare,BAY,Alabama Express,Calmante,,,,,Julius Sandhu,11:5-0-0,45,45,118,6,31,0,149,-0.17,-0.8,-1.04,-1.1,-0.58,ts(HT),,,0,0,,,,,,
https://www.racenet.com.au/form-guide/horse-racing/cranbourne-20260928-bt/jump-out-good-4-race-1/overview,Cranbourne,2026-09-28,Cranbourne,"{'eventId': '3438188', 'overall': None, 'rating': None, 'surface': 'Turf', '__typename': 'TrackCondition'}",1,Jump Out - Good 4,800,Set Weights,,8,False,,,,Bustling,5,Gelding,GREY-BROWN,Frosted,Busimiss,,,,,Mick Price & Michael Kent Jnr,10:4-2-1,40,70,-9,8,10,0,79,-0.31,-0.89,-0.93,-1.36,-0.9,s,,,0,0,,,,,,
https://www.racenet.com.au/form-guide/horse-racing/cranbourne-20260928-bt/jump-out-good-4-race-1/overview,Cranbourne,2026-09-28,Cranbourne,"{'eventId': '3438188', 'overall': None, 'rating': None, 'surface': 'Turf', '__typename': 'TrackCondition'}",1,Jump Out - Good 4,800,Set Weights,,8,False,,,,Naifah,4,Mare,BAY,I Am Invincible,Najmah,,,,,Mick Price & Michael Kent Jnr,13:3-2-2,23,54,-12,1,4.4,0,100,-0.3,-0.71,-0.8,-0.89,-0.34,s,,,0,0,,,,,,
https://www.racenet.com.au/form-guide/horse-racing/cranbourne-20260928-bt/jump-out-good-4-race-1/overview,Cranbourne,2026-09-28,Cranbourne,"{'eventId': '3438188', 'overall': None, 'rating': None, 'surface': 'Turf', '__typename': 'TrackCondition'}",1,Jump Out - Good 4,800,Set Weights,,8,False,,,,Enxuto,6,Gelding,BAY,Lean Mean Machine,Innocent I Am,,,,,Robbie Griffiths,33:6-4-7,18,52,7,3,151,0,16,-0.44,-1.4,-2.06,-2.43,-1,s(HT),,,0,0,,,,,,
https://www.racenet.com.au/form-guide/horse-racing/cranbourne-20260928-bt/jump-out-good-4-race-1/overview,Cranbourne,2026-09-28,Cranbourne,"{'eventId': '3438188', 'overall': None, 'rating': None, 'surface': 'Turf', '__typename': 'TrackCondition'}",1,Jump Out - Good 4,800,Set Weights,,8,False,,,,Rey Magnerio,7,Gelding,BROWN,Magnus,Luchardo,,,,,Robbie Griffiths,28:10-5-6,36,75,79,2,4.6,0,163,-0.59,-1.25,-1.61,-1.99,-1.09,(HT),,,0,0,,,,,,
https://www.racenet.com.au/form-guide/horse-racing/cranbourne-20260928-bt/jump-out-good-4-race-10/overview,Cranbourne,2026-09-28,Cranbourne,"{'eventId': '3438197', 'overall': None, 'rating': None, 'surface': 'Turf', '__typename': 'TrackCondition'}",10,Jump Out - Good 4,650,Set Weights,,4,False,,,,Amsterdam,2,Colt,BAY OR BROWN,Anamoe,Secret Trail,,,,,Ciaron Maher,0:0-0-0,0,0,0,,,0,,,,,,,,,,0,0,,,,,,
https://www.racenet.com.au/form-guide/horse-racing/cranbourne-20260928-bt/jump-out-good-4-race-10/overview,Cranbourne,2026-09-28,Cranbourne,"{'eventId': '3438197', 'overall': None, 'rating': None, 'surface': 'Turf', '__typename': 'TrackCondition'}",10,Jump Out - Good 4,650,Set Weights,,4,False,,,,Front Cover,2,Colt,BAY,Jacquinot,Bonheur,,,,,Ciaron Maher,0:0-0-0,0,0,0,,,0,,,,,,,,,,0,0,,,,,,
https://www.racenet.com.au/form-guide/horse-racing/cranbourne-20260928-bt/jump-out-good-4-race-10/overview,Cranbourne,2026-09-28,Cranbourne,"{'eventId': '3438197', 'overall': None, 'rating': None, 'surface': 'Turf', '__typename': 'TrackCondition'}",10,Jump Out - Good 4,650,Set Weights,,4,False,,,,Red Sisters,2,Filly,BROWN,Russian Revolution,Putontheredlight,,,,,Cindy Alderson,0:0-0-0,0,0,0,,,0,,,,,,,(HT),,,0,0,,,,,,
https://www.racenet.com.au/form-guide/horse-racing/cranbourne-20260928-bt/jump-out-good-4-race-10/overview,Cranbourne,2026-09-28,Cranbourne,"{'eventId': '3438197', 'overall': None, 'rating': None, 'surface': 'Turf', '__typename': 'TrackCondition'}",10,Jump Out - Good 4,650,Set Weights,,4,False,,,,The Chancer,2,Colt,BAY,Star Witness,Zouper Star,,,,,Clinton McDonald,0:0-0-0,0,0,0,,,0,,,,,,,(HT),,,0,0,,,,,,
https://www.racenet.com.au/form-guide/horse-racing/cranbourne-20260928-bt/jump-out-good-4-race-11/overview,Cranbourne,2026-09-28,Cranbourne,"{'eventId': '3438198', 'overall': None, 'rating': None, 'surface': 'Turf', '__typename': 'TrackCondition'}",11,Jump Out - Good 4,650,Set Weights,,2,False,,,,Labyrinth,2,Filly,CHESTNUT,Street Boss,Demandz,,,,,Cindy Alderson,0:0-0-0,0,0,0,,,0,,,,,,,(HT),,,0,0,,,,,,
https://www.racenet.com.au/form-guide/horse-racing/cranbourne-20260928-bt/jump-out-good-4-race-11/overview,Cranbourne,2026-09-28,Cranbourne,"{'eventId': '3438198', 'overall': None, 'rating': None, 'surface': 'Turf', '__typename': 'TrackCondition'}",11,Jump Out - Good 4,650,Set Weights,,2,False,,,,Skyrouge,2,Colt,BAY,Lord of the Sky,Lonhruge,,,,,Jack Laing,0:0-0-0,0,0,0,,,0,,,,,,,(HT),,,0,0,,,,,,
https://www.racenet.com.au/form-guide/horse-racing/cranbourne-20260928-bt/jump-out-good-4-race-12/overview,Cranbourne,2026-09-28,Cranbourne,"{'eventId': '3438199', 'overall': None, 'rating': None, 'surface': 'Turf', '__typename': 'TrackCondition'}",12,Jump Out - Good 4,1000,Set Weights,,11,False,,,,Small Town Hero,7,Gelding,BAY,Shamexpress,Fjall,,,,,Brett Conlon,15:3-4-0,20,47,36,10,9,0,142,0.23,-0.28,-0.29,-0.66,-0.06,so(HT),,,0,0,,,,,,
https://www.racenet.com.au/form-guide/horse-racing/cranbourne-20260928-bt/jump-out-good-4-race-12/overview,Cranbourne,2026-09-28,Cranbourne,"{'eventId': '3438199', 'overall': None, 'rating': None, 'surface': 'Turf', '__typename': 'TrackCondition'}",12,Jump Out - Good 4,1000,Set Weights,,11,False,,,,Salty Pearl,4,Mare,GREY,Tagaloa,Leaven of Malice,,,,,Ciaron Maher,16:3-2-7,19,75,-21,4,7.5,0,16,-0.46,-1.11,-1.6,-1.94,-0.55,,,,0,0,,,,,,
https://www.racenet.com.au/form-guide/horse-racing/cranbourne-20260928-bt/jump-out-good-4-race-12/overview,Cranbourne,2026-09-28,Cranbourne,"{'eventId': '3438199', 'overall': None, 'rating': None, 'surface': 'Turf', '__typename': 'TrackCondition'}",12,Jump Out - Good 4,1000,Set Weights,,11,False,,,,Unit Five,3,Colt,BAY,Supido,En Aval,,,,,Ciaron Maher,5:2-1-0,40,60,114,7,3.6,0,16,-0.43,-0.92,-1.25,-1.69,-0.69,b,,,0,0,,,,,,
https://www.racenet.com.au/form-guide/horse-racing/cranbourne-20260928-bt/jump-out-good-4-race-12/overview,Cranbourne,2026-09-28,Cranbourne,"{'eventId': '3438199', 'overall': None, 'rating': None, 'surface': 'Turf', '__typename': 'TrackCondition'}",12,Jump Out - Good 4,1000,Set Weights,,11,False,,,,El Soleado,7,Gelding,BAY OR BROWN,Toronado,Sunnyvale,,,,,Jack Laing,27:6-4-5,22,56,63,13,71,0,93,-0.22,-0.94,-1.44,-1.63,-0.19,so(HT),,,0,0,,,,,,
https://www.racenet.com.au/form-guide/horse-racing/cranbourne-20260928-bt/jump-out-good-4-race-12/overview,Cranbourne,2026-09-28,Cranbourne,"{'eventId': '3438199', 'overall': None, 'rating': None, 'surface': 'Turf', '__typename': 'TrackCondition'}",12,Jump Out - Good 4,1000,Set Weights,,11,False,,,,Markdel,5,Gelding,BAY,Snitzel,Princess Noir,,,,,Allan & Jason Williams,16:5-3-2,31,63,126,4,7.5,0,16,-0.44,-1.13,-1.53,-1.75,-0.52,ts(HT),,,0,0,,,,,,
https://www.racenet.com.au/form-guide/horse-racing/cranbourne-20260928-bt/jump-out-good-4-race-12/overview,Cranbourne,2026-09-28,Cranbourne,"{'eventId': '3438199', 'overall': None, 'rating': None, 'surface': 'Turf', '__typename': 'TrackCondition'}",12,Jump Out - Good 4,1000,Set Weights,,11,False,,,,Welwal,8,Gelding,BAY,Shalaa,Cheriearch,,,,,Mick Price & Michael Kent Jnr,31:6-6-3,19,48,79,4,6.5,0,107,-0.47,-1.5,-1.95,-2.06,-1.52,sh,,,0,0,,,,,,
https://www.racenet.com.au/form-guide/horse-racing/cranbourne-20260928-bt/jump-out-good-4-race-12/overview,Cranbourne,2026-09-28,Cranbourne,"{'eventId': '3438199', 'overall': None, 'rating': None, 'surface': 'Turf', '__typename': 'TrackCondition'}",12,Jump Out - Good 4,1000,Set Weights,,11,False,,,,Celsius Star,8,Gelding,BROWN,Zoustar,Celsius,,,,,Shawn Mathrick,56:10-7-11,18,50,5,4,4.8,0,114,-0.07,-0.54,-0.91,-1.02,-0.24,dsb(HT),,,0,0,,,,,,
https://www.racenet.com.au/form-guide/horse-racing/cranbourne-20260928-bt/jump-out-good-4-race-12/overview,Cranbourne,2026-09-28,Cranbourne,"{'eventId': '3438199', 'overall': None, 'rating': None, 'surface': 'Turf', '__typename': 'TrackCondition'}",12,Jump Out - Good 4,1000,Set Weights,,11,False,,,,Unflinching,8,Gelding,BAY,I Am Invincible,Kangarilla Joy,,,,,Shawn Mathrick,25:7-4-3,28,56,8,10,91,0,107,0.15,-0.08,-0.34,-0.57,-0.25,dso(HT),,,0,0,,,,,,
https://www.racenet.com.au/form-guide/horse-racing/cranbourne-20260928-bt/jump-out-good-4-race-12/overview,Cranbourne,2026-09-28,Cranbourne,"{'eventId': '3438199', 'overall': None, 'rating': None, 'surface': 'Turf', '__typename': 'TrackCondition'}",12,Jump Out - Good 4,1000,Set Weights,,11,False,,,,Roulette King,4,Gelding,BAY,Casino Prince,Balmodena,,,,,Trevor Rogers,5:4-0-0,80,80,173,1,5.5,0,191,-0.43,-1.39,-1.9,-2.04,0.06,(HT),,,0,0,,,,,,
https://www.racenet.com.au/form-guide/horse-racing/cranbourne-20260928-bt/jump-out-good-4-race-12/overview,Cranbourne,2026-09-28,Cranbourne,"{'eventId': '3438199', 'overall': None, 'rating': None, 'surface': 'Turf', '__typename': 'TrackCondition'}",12,Jump Out - Good 4,1000,Set Weights,,11,False,,,,The Bantam,5,Gelding,BAY,Hellbent,Spirit Mania,,,,,Brent Stanley,20:1-2-4,5,35,-88,11,9,0,97,-0.04,-0.46,-0.65,-0.65,1.29,o,,,0,0,,,,,,
https://www.racenet.com.au/form-guide/horse-racing/cranbourne-20260928-bt/jump-out-good-4-race-12/overview,Cranbourne,2026-09-28,Cranbourne,"{'eventId': '3438199', 'overall': None, 'rating': None, 'surface': 'Turf', '__typename': 'TrackCondition'}",12,Jump Out - Good 4,1000,Set Weights,,11,False,,,,The Pallet Man,3,Gelding,BAY OR BROWN,Admire Mars,Jennio,,,,,Brent Stanley,1:0-0-0,0,0,-100,11,6.5,0,95,0.48,-0.18,-0.42,-0.63,0.18,o,,,0,0,,,,,,
https://www.racenet.com.au/form-guide/horse-racing/cranbourne-20260928-bt/jump-out-good-4-race-13/overview,Cranbourne,2026-09-28,Cranbourne,"{'eventId': '3438200', 'overall': None, 'rating': None, 'surface': 'Turf', '__typename': 'TrackCondition'}",13,Jump Out - Good 4,1000,Set Weights,,9,False,,,,Decalogue,4,Gelding,BAY,Extreme Choice,Commandment,,,,,Ciaron Maher,12:3-4-0,25,58,-33,4,4,0,65,-0.5,-1.57,-2.11,-2.4,-1.58,sh,,,0,0,,,,,,
https://www.racenet.com.au/form-guide/horse-racing/cranbourne-20260928-bt/jump-out-good-4-race-13/overview,Cranbourne,2026-09-28,Cranbourne,"{'eventId': '3438200', 'overall': None, 'rating': None, 'surface': 'Turf', '__typename': 'TrackCondition'}",13,Jump Out - Good 4,1000,Set Weights,,9,False,,,,Fireball Miss,4,Mare,BAY,Bivouac,Femme Fireball,,,,,Ciaron Maher,7:3-0-1,43,57,246,1,8.5,0,114,-0.64,-1.44,-2.24,-2.49,-1,,,,0,0,,,,,,
https://www.racenet.com.au/form-guide/horse-racing/cranbourne-20260928-bt/jump-out-good-4-race-13/overview,Cranbourne,2026-09-28,Cranbourne,"{'eventId': '3438200', 'overall': None, 'rating': None, 'surface': 'Turf', '__typename': 'TrackCondition'}",13,Jump Out - Good 4,1000,Set Weights,,9,False,,,,Samuel Langhorne,7,Gelding,BAY,Shocking,Nosecondprize,,,,,Eric Musgrove,31:4-2-5,13,35,-42,4,21,0,58,-0.16,-0.86,-1.65,-2.53,0.17,s(HT),,,0,0,,,,,,
https://www.racenet.com.au/form-guide/horse-racing/cranbourne-20260928-bt/jump-out-good-4-race-13/overview,Cranbourne,2026-09-28,Cranbourne,"{'eventId': '3438200', 'overall': None, 'rating': None, 'surface': 'Turf', '__typename': 'TrackCondition'}",13,Jump Out - Good 4,1000,Set Weights,,9,False,,,,Houdini,5,Gelding,BAY,Snitzel,Vergara,,,,,Gavin Bedggood,22:4-4-3,18,50,6,3,2.1,0,117,-0.4,-1.27,-1.65,-1.94,-0.07,sb(HT),,,0,0,,,,,,
https://www.racenet.com.au/form-guide/horse-racing/cranbourne-20260928-bt/jump-out-good-4-race-13/overview,Cranbourne,2026-09-28,Cranbourne,"{'eventId': '3438200', 'overall': None, 'rating': None, 'surface': 'Turf', '__typename': 'TrackCondition'}",13,Jump Out - Good 4,1000,Set Weights,,9,False,,,,Curse It,5,Gelding,BROWN,Swear,Revelation,,,,,Greg Eurell,10:3-1-2,30,60,6,9,12,0,142,-0.37,-1.01,-1.62,-1.62,-0.21,t(HT),,,0,0,,,,,,
https://www.racenet.com.au/form-guide/horse-racing/cranbourne-20260928-bt/jump-out-good-4-race-13/overview,Cranbourne,2026-09-28,Cranbourne,"{'eventId': '3438200', 'overall': None, 'rating': None, 'surface': 'Turf', '__typename': 'TrackCondition'}",13,Jump Out - Good 4,1000,Set Weights,,9,False,,,,Nic's Choice,5,Gelding,CHESTNUT,Nicconi,Poison Ivy,,,,,John Moloney,19:4-6-0,21,53,17,8,19,0,23,-0.27,-0.93,-1.19,-1.31,0.91,s(HT),,,0,0,,,,,,
https://www.racenet.com.au/form-guide/horse-racing/cranbourne-20260928-bt/jump-out-good-4-race-13/overview,Cranbourne,2026-09-28,Cranbourne,"{'eventId': '3438200', 'overall': None, 'rating': None, 'surface': 'Turf', '__typename': 'TrackCondition'}",13,Jump Out - Good 4,1000,Set Weights,,9,False,,,,Chest Of Gold,5,Gelding,BAY,Rich Enuff,Golden Future,,,,,Julius Sandhu,12:3-2-2,25,58,10,13,15,0,89,0.04,-0.34,-0.66,-0.72,0.71,to(HT),,,0,0,,,,,,
https://www.racenet.com.au/form-guide/horse-racing/cranbourne-20260928-bt/jump-out-good-4-race-13/overview,Cranbourne,2026-09-28,Cranbourne,"{'eventId': '3438200', 'overall': None, 'rating': None, 'surface': 'Turf', '__typename': 'TrackCondition'}",13,Jump Out - Good 4,1000,Set Weights,,9,False,,,,Rainsun,4,Gelding,BAY,The Autumn Sun,Raindrops On Roses,,,,,Mark Walker,4:2-1-0,50,75,63,5,6.5,0,86,-0.16,-0.16,-0.57,-1.04,-0.48,tsh(HT),,,0,0,,,,,,
https://www.racenet.com.au/form-guide/horse-racing/cranbourne-20260928-bt/jump-out-good-4-race-13/overview,Cranbourne,2026-09-28,Cranbourne,"{'eventId': '3438200', 'overall': None, 'rating': None, 'surface': 'Turf', '__typename': 'TrackCondition'}",13,Jump Out - Good 4,1000,Set Weights,,9,False,,,,Factcheck,5,Gelding,BAY,Press Statement,Our Affirmative,,,,,Mick Price & Michael Kent Jnr,14:3-3-2,21,57,-9,7,2.4,0,136,-0.15,-0.77,-1.18,-1.22,0.33,sb,,,0,0,,,,,,
https://www.racenet.com.au/form-guide/horse-racing/cranbourne-20260928-bt/jump-out-good-4-race-14/overview,Cranbourne,2026-09-28,Cranbourne,"{'eventId': '3438201', 'overall': None, 'rating': None, 'surface': 'Turf', '__typename': 'TrackCondition'}",14,Jump Out - Good 4,1000,Set Weights,,8,False,,,,Gwendeling,3,Filly,CHESTNUT,Street Boss,Palurien,,,,,Anthony & Sam Freedman,0:0-0-0,0,0,0,,,0,,,,,,,,,,0,0,,,,,,
https://www.racenet.com.au/form-guide/horse-racing/cranbourne-20260928-bt/jump-out-good-4-race-14/overview,Cranbourne,2026-09-28,Cranbourne,"{'eventId': '3438201', 'overall': None, 'rating': None, 'surface': 'Turf', '__typename': 'TrackCondition'}",14,Jump Out - Good 4,1000,Set Weights,,8,False,,,,Julius Maximus,3,Colt,BAY OR BROWN,Brutal,Cabanga,,,,,Ciaron Maher,0:0-0-0,0,0,0,,,0,,,,,,,,,,0,0,,,,,,
https://www.racenet.com.au/form-guide/horse-racing/cranbourne-20260928-bt/jump-out-good-4-race-14/overview,Cranbourne,2026-09-28,Cranbourne,"{'eventId': '3438201', 'overall': None, 'rating': None, 'surface': 'Turf', '__typename': 'TrackCondition'}",14,Jump Out - Good 4,1000,Set Weights,,8,False,,,,Ciphered,3,Gelding,BAY OR BROWN,All Too Hard,Linguist,,,,,Gavin Bedggood,1:0-0-0,0,0,-100,7,5.5,0,143,0.48,0.27,-0.28,-0.01,1.1,(HT),,,0,0,,,,,,
https://www.racenet.com.au/form-guide/horse-racing/cranbourne-20260928-bt/jump-out-good-4-race-14/overview,Cranbourne,2026-09-28,Cranbourne,"{'eventId': '3438201', 'overall': None, 'rating': None, 'surface': 'Turf', '__typename': 'TrackCondition'}",14,Jump Out - Good 4,1000,Set Weights,,8,False,,,,Blue Dream,3,Filly,BAY,Justify,Blue Vapor Trail,,,,,Grahame Begg,0:0-0-0,0,0,0,,,0,,,,,,,(HT),,,0,0,,,,,,
https://www.racenet.com.au/form-guide/horse-racing/cranbourne-20260928-bt/jump-out-good-4-race-14/overview,Cranbourne,2026-09-28,Cranbourne,"{'eventId': '3438201', 'overall': None, 'rating': None, 'surface': 'Turf', '__typename': 'TrackCondition'}",14,Jump Out - Good 4,1000,Set Weights,,8,False,,,,Edge Of Wonder,3,Gelding,BAY,Cliff's Edge,Grump's Wonder,,,,,Greg Eurell,0:0-0-0,0,0,0,,,0,,,,,,,(HT),,,0,0,,,,,,
https://www.racenet.com.au/form-guide/horse-racing/cranbourne-20260928-bt/jump-out-good-4-race-14/overview,Cranbourne,2026-09-28,Cranbourne,"{'eventId': '3438201', 'overall': None, 'rating': None, 'surface': 'Turf', '__typename': 'TrackCondition'}",14,Jump Out - Good 4,1000,Set Weights,,8,False,,,,The Turk,3,Colt,BROWN,North Pacific,Red Typhoon,,,,,Julius Sandhu,0:0-0-0,0,0,0,,,0,,,,,,,(HT),,,0,0,,,,,,
https://www.racenet.com.au/form-guide/horse-racing/cranbourne-20260928-bt/jump-out-good-4-race-14/overview,Cranbourne,2026-09-28,Cranbourne,"{'eventId': '3438201', 'overall': None, 'rating': None, 'surface': 'Turf', '__typename': 'TrackCondition'}",14,Jump Out - Good 4,1000,Set Weights,,8,False,,,,Prestige Lucky,4,Gelding,BAY,Lucky Vega,Melancolia,,,,,Matt Jenkins,0:0-0-0,0,0,0,,,0,,,,,,,(HT),,,0,0,,,,,,
https://www.racenet.com.au/form-guide/horse-racing/cranbourne-20260928-bt/jump-out-good-4-race-14/overview,Cranbourne,2026-09-28,Cranbourne,"{'eventId': '3438201', 'overall': None, 'rating': None, 'surface': 'Turf', '__typename': 'TrackCondition'}",14,Jump Out - Good 4,1000,Set Weights,,8,False,,,,Little Gangster,3,Gelding,BROWN OR BLACK,Supido,Amorita,,,,,Shawn Mathrick,2:0-0-1,0,50,-100,3,5.5,0,23,0.48,0.46,0.84,1.56,2.61,(HT),,,0,0,,,,,,
https://www.racenet.com.au/form-guide/horse-racing/cranbourne-20260928-bt/jump-out-good-4-race-15/overview,Cranbourne,2026-09-28,Cranbourne,"{'eventId': '3438202', 'overall': None, 'rating': None, 'surface': 'Turf', '__typename': 'TrackCondition'}",15,Jump Out - Good 4,1000,Set Weights,,8,False,,,,Rough Enuff,4,Gelding,BAY,Rich Enuff,Fudged,,,,,Cindy Alderson,4:0-0-1,0,25,-100,6,3.5,0,178,-0.24,-0.63,-0.66,-0.45,1.16,o(HT),,,0,0,,,,,,
https://www.racenet.com.au/form-guide/horse-racing/cranbourne-20260928-bt/jump-out-good-4-race-15/overview,Cranbourne,2026-09-28,Cranbourne,"{'eventId': '3438202', 'overall': None, 'rating': None, 'surface': 'Turf', '__typename': 'TrackCondition'}",15,Jump Out - Good 4,1000,Set Weights,,8,False,,,,Shintaro Samurai,6,Gelding,BAY,Real Steel,Berrichon,,,,,Dennis Julius,15:1-3-0,7,27,-85,9,101,0,90,1.1,1.27,1.34,0.99,2.31,(HT),,,0,0,,,,,,
https://www.racenet.com.au/form-guide/horse-racing/cranbourne-20260928-bt/jump-out-good-4-race-15/overview,Cranbourne,2026-09-28,Cranbourne,"{'eventId': '3438202', 'overall': None, 'rating': None, 'surface': 'Turf', '__typename': 'TrackCondition'}",15,Jump Out - Good 4,1000,Set Weights,,8,False,,,,Bel Lupa,4,Mare,BAY,Wolf Cry,Roman Belle,,,,,Greg Eurell,7:1-2-0,14,43,-44,8,9.5,0,131,-0.25,-0.92,-1.2,-1.25,0.17,d(HT),,,0,0,,,,,,
https://www.racenet.com.au/form-guide/horse-racing/cranbourne-20260928-bt/jump-out-good-4-race-15/overview,Cranbourne,2026-09-28,Cranbourne,"{'eventId': '3438202', 'overall': None, 'rating': None, 'surface': 'Turf', '__typename': 'TrackCondition'}",15,Jump Out - Good 4,1000,Set Weights,,8,False,,,,Urban Creed,4,Gelding,BROWN,Street Boss,Bleachers,,,,,Julius Sandhu,3:0-0-2,0,67,-100,3,2.6,0,92,-0.53,-1.27,-2.95,-2.52,2.17,b(HT),,,0,0,,,,,,
https://www.racenet.com.au/form-guide/horse-racing/cranbourne-20260928-bt/jump-out-good-4-race-15/overview,Cranbourne,2026-09-28,Cranbourne,"{'eventId': '3438202', 'overall': None, 'rating': None, 'surface': 'Turf', '__typename': 'TrackCondition'}",15,Jump Out - Good 4,1000,Set Weights,,8,False,,,,Dihheri,4,Mare,BAY,Royal Meeting,Dihhi,,,,,Lloyd Kennewell,4:1-0-1,25,50,-30,6,5.5,0,165,0.64,0.33,0.07,0.01,1.63,o(HT),,,0,0,,,,,,
https://www.racenet.com.au/form-guide/horse-racing/cranbourne-20260928-bt/jump-out-good-4-race-15/overview,Cranbourne,2026-09-28,Cranbourne,"{'eventId': '3438202', 'overall': None, 'rating': None, 'surface': 'Turf', '__typename': 'TrackCondition'}",15,Jump Out - Good 4,1000,Set Weights,,8,False,,,,Lika Mosh,9,Mare,GREY-BAY,Moshe,Theresnothinglycra,,,,,Peter Foster,62:12-9-5,19,42,-27,12,81,0,121,-0.03,-0.19,-0.21,-0.07,1.6,dsho(HT),,,0,0,,,,,,
https://www.racenet.com.au/form-guide/horse-racing/cranbourne-20260928-bt/jump-out-good-4-race-15/overview,Cranbourne,2026-09-28,Cranbourne,"{'eventId': '3438202', 'overall': None, 'rating': None, 'surface': 'Turf', '__typename': 'TrackCondition'}",15,Jump Out - Good 4,1000,Set Weights,,8,False,,,,Alexander Thegreat,4,Gelding,BAY,Maurice,Pink Crystal,,,,,Shawn Mathrick,1:1-0-0,100,100,210,1,3.1,0,387,0.22,0.24,0.68,1.18,0.62,(HT),,,0,0,,,,,,
https://www.racenet.com.au/form-guide/horse-racing/cranbourne-20260928-bt/jump-out-good-4-race-15/overview,Cranbourne,2026-09-28,Cranbourne,"{'eventId': '3438202', 'overall': None, 'rating': None, 'surface': 'Turf', '__typename': 'TrackCondition'}",15,Jump Out - Good 4,1000,Set Weights,,8,False,,,,Diggers Aim,5,Gelding,BROWN,Odyssey Moon,Lassie Mactavish,,,,,Trevor Rogers,10:1-2-2,10,50,-74,3,5,0,201,-0.12,-0.56,-1.01,-1.24,1.6,(HT),,,0,0,,,,,,
https://www.racenet.com.au/form-guide/horse-racing/cranbourne-20260928-bt/jump-out-good-4-race-16/overview,Cranbourne,2026-09-28,Cranbourne,"{'eventId': '3438203', 'overall': None, 'rating': None, 'surface': 'Turf', '__typename': 'TrackCondition'}",16,Jump Out - Good 4,1000,Set Weights,,7,False,,,,Verismo,3,Gelding,BAY,Blue Point,Colombina,,,,,Anthony & Sam Freedman,1:0-0-0,0,0,-100,4,7,0,121,,,,,,,,,0,0,,,,,,
https://www.racenet.com.au/form-guide/horse-racing/cranbourne-20260928-bt/jump-out-good-4-race-16/overview,Cranbourne,2026-09-28,Cranbourne,"{'eventId': '3438203', 'overall': None, 'rating': None, 'surface': 'Turf', '__typename': 'TrackCondition'}",16,Jump Out - Good 4,1000,Set Weights,,7,False,,,,Action Point,3,Gelding,BAY,Blue Point,Fortress Madonna,,,,,Grahame Begg,0:0-0-0,0,0,0,,,0,,,,,,,(HT),,,0,0,,,,,,
https://www.racenet.com.au/form-guide/horse-racing/cranbourne-20260928-bt/jump-out-good-4-race-16/overview,Cranbourne,2026-09-28,Cranbourne,"{'eventId': '3438203', 'overall': None, 'rating': None, 'surface': 'Turf', '__typename': 'TrackCondition'}",16,Jump Out - Good 4,1000,Set Weights,,7,False,,,,Ministry,3,Filly,BROWN,So You Think,Palumbo,,,,,Grahame Begg,0:0-0-0,0,0,0,,,0,,,,,,,(HT),,,0,0,,,,,,
https://www.racenet.com.au/form-guide/horse-racing/cranbourne-20260928-bt/jump-out-good-4-race-16/overview,Cranbourne,2026-09-28,Cranbourne,"{'eventId': '3438203', 'overall': None, 'rating': None, 'surface': 'Turf', '__typename': 'TrackCondition'}",16,Jump Out - Good 4,1000,Set Weights,,7,False,,,,Mr Barlow,3,Colt,BAY OR BROWN,Shamus Award,Mozzie Monster,,,,,Lloyd Kennewell,0:0-0-0,0,0,0,,,0,,,,,,,(HT),,,0,0,,,,,,
https://www.racenet.com.au/form-guide/horse-racing/cranbourne-20260928-bt/jump-out-good-4-race-16/overview,Cranbourne,2026-09-28,Cranbourne,"{'eventId': '3438203', 'overall': None, 'rating': None, 'surface': 'Turf', '__typename': 'TrackCondition'}",16,Jump Out - Good 4,1000,Set Weights,,7,False,,,,Prestige Inside,3,Gelding,BAY,Stay Inside,Imposing Lass,,,,,Matt Jenkins,0:0-0-0,0,0,0,,,0,,,,,,,(HT),,,0,0,,,,,,
https://www.racenet.com.au/form-guide/horse-racing/cranbourne-20260928-bt/jump-out-good-4-race-16/overview,Cranbourne,2026-09-28,Cranbourne,"{'eventId': '3438203', 'overall': None, 'rating': None, 'surface': 'Turf', '__typename': 'TrackCondition'}",16,Jump Out - Good 4,1000,Set Weights,,7,False,,,,Chaville,3,Colt,BAY,So You Think,Pontiana,,,,,Mick Price & Michael Kent Jnr,0:0-0-0,0,0,0,,,0,,,,,,,,,,0,0,,,,,,
https://www.racenet.com.au/form-guide/horse-racing/cranbourne-20260928-bt/jump-out-good-4-race-16/overview,Cranbourne,2026-09-28,Cranbourne,"{'eventId': '3438203', 'overall': None, 'rating': None, 'surface': 'Turf', '__typename': 'TrackCondition'}",16,Jump Out - Good 4,1000,Set Weights,,7,False,,,,High Performance,3,Gelding,BLACK,Grunt,Nutbush,,,,,Shawn Mathrick,0:0-0-0,0,0,0,,,0,,,,,,,(HT),,,0,0,,,,,,
https://www.racenet.com.au/form-guide/horse-racing/cranbourne-20260928-bt/jump-out-good-4-race-17/overview,Cranbourne,2026-09-28,Cranbourne,"{'eventId': '3438204', 'overall': None, 'rating': None, 'surface': 'Turf', '__typename': 'TrackCondition'}",17,Jump Out - Good 4,1000,Set Weights,,7,False,,,,I'm Mim,6,Mare,BAY,Dandino,O'mimic,,,,,Doug Harrison,29:0-0-3,0,10,-100,6,31,0,225,0.09,-0.07,-0.07,-0.05,1.75,(HT),,,0,0,,,,,,
https://www.racenet.com.au/form-guide/horse-racing/cranbourne-20260928-bt/jump-out-good-4-race-17/overview,Cranbourne,2026-09-28,Cranbourne,"{'eventId': '3438204', 'overall': None, 'rating': None, 'surface': 'Turf', '__typename': 'TrackCondition'}",17,Jump Out - Good 4,1000,Set Weights,,7,False,,,,Oda Mae,4,Mare,BAY,Microphone,Tarot,,,,,Jack Laing,2:0-0-0,0,0,-100,6,31,0,476,0.13,-0.48,-0.98,-1,-0.08,(HT),,,0,0,,,,,,
https://www.racenet.com.au/form-guide/horse-racing/cranbourne-20260928-bt/jump-out-good-4-race-17/overview,Cranbourne,2026-09-28,Cranbourne,"{'eventId': '3438204', 'overall': None, 'rating': None, 'surface': 'Turf', '__typename': 'TrackCondition'}",17,Jump Out - Good 4,1000,Set Weights,,7,False,,,,Somethingintheair,5,Gelding,BROWN OR BLACK,Brazen Beau,High Hostess,,,,,Allan & Jason Williams,5:0-0-1,0,20,-100,3,13,0,222,0.35,0.61,0.47,0.55,1.42,(HT),,,0,0,,,,,,
https://www.racenet.com.au/form-guide/horse-racing/cranbourne-20260928-bt/jump-out-good-4-race-17/overview,Cranbourne,2026-09-28,Cranbourne,"{'eventId': '3438204', 'overall': None, 'rating': None, 'surface': 'Turf', '__typename': 'TrackCondition'}",17,Jump Out - Good 4,1000,Set Weights,,7,False,,,,Celestra,4,Mare,BAY,I Am Invincible,Dream in Colour,,,,,Mark Walker,6:0-0-3,0,50,-100,9,8,0,186,0.01,-0.41,-0.67,-0.66,1.81,(HT),,,0,0,,,,,,
https://www.racenet.com.au/form-guide/horse-racing/cranbourne-20260928-bt/jump-out-good-4-race-17/overview,Cranbourne,2026-09-28,Cranbourne,"{'eventId': '3438204', 'overall': None, 'rating': None, 'surface': 'Turf', '__typename': 'TrackCondition'}",17,Jump Out - Good 4,1000,Set Weights,,7,False,,,,Silver Lightning,5,Gelding,GREY,D'argento,Nadawaat,,,,,Peter Foster,8:0-0-1,0,13,-100,4,21,0,131,-0.15,-0.41,-0.46,-0.31,1.48,(HT),,,0,0,,,,,,
https://www.racenet.com.au/form-guide/horse-racing/cranbourne-20260928-bt/jump-out-good-4-race-17/overview,Cranbourne,2026-09-28,Cranbourne,"{'eventId': '3438204', 'overall': None, 'rating': None, 'surface': 'Turf', '__typename': 'TrackCondition'}",17,Jump Out - Good 4,1000,Set Weights,,7,False,,,,Understated,11,Gelding,BROWN,Danesis,Z'vinsky,,,,,Peter Foster,59:9-8-6,15,39,-23,10,6,0,184,0.66,0.58,0.56,0.43,1.78,sho(HT),,,0,0,,,,,,
https://www.racenet.com.au/form-guide/horse-racing/cranbourne-20260928-bt/jump-out-good-4-race-17/overview,Cranbourne,2026-09-28,Cranbourne,"{'eventId': '3438204', 'overall': None, 'rating': None, 'surface': 'Turf', '__typename': 'TrackCondition'}",17,Jump Out - Good 4,1000,Set Weights,,7,False,,,,Sir Riverance,4,Gelding,BAY,Performer,River Dreaming,,,,,Robbie Griffiths,0:0-0-0,0,0,0,,,0,,,,,,,(HT),,,0,0,,,,,,
https://www.racenet.com.au/form-guide/horse-racing/cranbourne-20260928-bt/jump-out-good-4-race-18/overview,Cranbourne,2026-09-28,Cranbourne,"{'eventId': '3438205', 'overall': None, 'rating': None, 'surface': 'Turf', '__typename': 'TrackCondition'}",18,Jump Out - Good 4,1200,Set Weights,,10,False,,,,The Kings Gospel,8,Gelding,CHESTNUT,Animal Kingdom,Readings,,,,,Adrian McGregor,44:6-2-5,14,30,-1,5,5.5,0,141,-0.04,-0.35,-0.79,-1.18,0.78,s(HT),,,0,0,,,,,,
https://www.racenet.com.au/form-guide/horse-racing/cranbourne-20260928-bt/jump-out-good-4-race-18/overview,Cranbourne,2026-09-28,Cranbourne,"{'eventId': '3438205', 'overall': None, 'rating': None, 'surface': 'Turf', '__typename': 'TrackCondition'}",18,Jump Out - Good 4,1200,Set Weights,,10,False,,,,Ichnusa,4,Stallion,GREY,Ghaiyyath,Kansas Sunflower,,,,,Ciaron Maher,2:2-0-0,100,100,395,1,6.5,0,79,-0.82,-2.11,-2.43,-2.19,1.67,s,,,0,0,,,,,,
https://www.racenet.com.au/form-guide/horse-racing/cranbourne-20260928-bt/jump-out-good-4-race-18/overview,Cranbourne,2026-09-28,Cranbourne,"{'eventId': '3438205', 'overall': None, 'rating': None, 'surface': 'Turf', '__typename': 'TrackCondition'}",18,Jump Out - Good 4,1200,Set Weights,,10,False,,,,Shockletz,5,Mare,BAY,Shocking,Zelt,,,,,Ciaron Maher,18:7-2-1,39,56,36,1,2.9,0,16,-0.65,-1.69,-2.48,-2.74,-0.83,s,,,0,0,,,,,,
https://www.racenet.com.au/form-guide/horse-racing/cranbourne-20260928-bt/jump-out-good-4-race-18/overview,Cranbourne,2026-09-28,Cranbourne,"{'eventId': '3438205', 'overall': None, 'rating': None, 'surface': 'Turf', '__typename': 'TrackCondition'}",18,Jump Out - Good 4,1200,Set Weights,,10,False,,,,Cilacap,5,Mare,BAY OR BROWN,Written Tycoon,Falkenberg,,,,,Grahame Begg,12:5-0-2,42,58,98,1,5.5,0,156,-0.39,-1.03,-1.34,-1.64,-0.57,s(HT),,,0,0,,,,,,
https://www.racenet.com.au/form-guide/horse-racing/cranbourne-20260928-bt/jump-out-good-4-race-18/overview,Cranbourne,2026-09-28,Cranbourne,"{'eventId': '3438205', 'overall': None, 'rating': None, 'surface': 'Turf', '__typename': 'TrackCondition'}",18,Jump Out - Good 4,1200,Set Weights,,10,False,,,,Brighthill,4,Gelding,BAY,Eminent,Sognaro,,,,,Jack Laing,2:0-0-0,0,0,-100,5,4.6,0,129,-0.3,-1.43,-1.39,-1.12,1.58,(HT),,,0,0,,,,,,
https://www.racenet.com.au/form-guide/horse-racing/cranbourne-20260928-bt/jump-out-good-4-race-18/overview,Cranbourne,2026-09-28,Cranbourne,"{'eventId': '3438205', 'overall': None, 'rating': None, 'surface': 'Turf', '__typename': 'TrackCondition'}",18,Jump Out - Good 4,1200,Set Weights,,10,False,,,,Aye Aye,3,Gelding,BAY,Dundeel,Fiendish,,,,,Mick Price & Michael Kent Jnr,0:0-0-0,0,0,0,,,0,,,,,,,,,,0,0,,,,,,
https://www.racenet.com.au/form-guide/horse-racing/cranbourne-20260928-bt/jump-out-good-4-race-18/overview,Cranbourne,2026-09-28,Cranbourne,"{'eventId': '3438205', 'overall': None, 'rating': None, 'surface': 'Turf', '__typename': 'TrackCondition'}",18,Jump Out - Good 4,1200,Set Weights,,10,False,,,,Bring Forth,5,Gelding,BAY,Turn Me Loose,Deedee Panache,,,,,Mick Price & Michael Kent Jnr,18:4-8-1,22,72,-33,11,5,0,156,-0.09,-0.78,-1.09,-1.34,0.37,so,,,0,0,,,,,,
https://www.racenet.com.au/form-guide/horse-racing/cranbourne-20260928-bt/jump-out-good-4-race-18/overview,Cranbourne,2026-09-28,Cranbourne,"{'eventId': '3438205', 'overall': None, 'rating': None, 'surface': 'Turf', '__typename': 'TrackCondition'}",18,Jump Out - Good 4,1200,Set Weights,,10,False,,,,Planet Nero,3,Gelding,BROWN,Admire Mars,Lucky Helmet,,,,,Mick Price & Michael Kent Jnr,0:0-0-0,0,0,0,,,0,,,,,,,,,,0,0,,,,,,
https://www.racenet.com.au/form-guide/horse-racing/cranbourne-20260928-bt/jump-out-good-4-race-18/overview,Cranbourne,2026-09-28,Cranbourne,"{'eventId': '3438205', 'overall': None, 'rating': None, 'surface': 'Turf', '__typename': 'TrackCondition'}",18,Jump Out - Good 4,1200,Set Weights,,10,False,,,,Mwamba,6,Mare,BAY OR BROWN,Lord of the Sky,Winger,,,,,Paul Kramer,7:0-1-1,0,29,-100,6,6,0,212,0.57,0.49,0.2,0.24,2.48,,,,0,0,,,,,,
https://www.racenet.com.au/form-guide/horse-racing/cranbourne-20260928-bt/jump-out-good-4-race-18/overview,Cranbourne,2026-09-28,Cranbourne,"{'eventId': '3438205', 'overall': None, 'rating': None, 'surface': 'Turf', '__typename': 'TrackCondition'}",18,Jump Out - Good 4,1200,Set Weights,,10,False,,,,Xtra Rush,6,Gelding,CHESTNUT,Xtravagant,Crusher,,,,,Richard Laming,9:4-2-1,44,78,-2,7,8,0,144,-0.27,-1.03,-1.64,-2.07,-1.51,ts,,,0,0,,,,,,
https://www.racenet.com.au/form-guide/horse-racing/cranbourne-20260928-bt/jump-out-good-4-race-2/overview,Cranbourne,2026-09-28,Cranbourne,"{'eventId': '3438189', 'overall': None, 'rating': None, 'surface': 'Turf', '__typename': 'TrackCondition'}",2,Jump Out - Good 4,800,Set Weights,,8,False,,,,Bangholme,7,Gelding,BAY,Cable Bay,Winston Drive,,,,,Adrian McGregor,31:5-3-3,16,35,49,10,101,0,137,0.28,0.18,0.08,-0.03,0.66,so(HT),,,0,0,,,,,,
https://www.racenet.com.au/form-guide/horse-racing/cranbourne-20260928-bt/jump-out-good-4-race-2/overview,Cranbourne,2026-09-28,Cranbourne,"{'eventId': '3438189', 'overall': None, 'rating': None, 'surface': 'Turf', '__typename': 'TrackCondition'}",2,Jump Out - Good 4,800,Set Weights,,8,False,,,,Zain Blue,6,Gelding,BAY,Blue Point,Affability,,,,,Ciaron Maher,19:3-3-2,16,42,-41,14,5.5,0,149,-0.27,-0.42,-0.97,-0.96,1.06,so,,,0,0,,,,,,
https://www.racenet.com.au/form-guide/horse-racing/cranbourne-20260928-bt/jump-out-good-4-race-2/overview,Cranbourne,2026-09-28,Cranbourne,"{'eventId': '3438189', 'overall': None, 'rating': None, 'surface': 'Turf', '__typename': 'TrackCondition'}",2,Jump Out - Good 4,800,Set Weights,,8,False,,,,Street Conqueror,7,Gelding,CHESTNUT,Street Boss,Spirit of Carbine,,,,,Enver Jusufovic,26:4-0-5,15,35,185,8,4.2,0,180,-0.26,-0.65,-0.84,-0.9,0.08,sb(HT),,,0,0,,,,,,
https://www.racenet.com.au/form-guide/horse-racing/cranbourne-20260928-bt/jump-out-good-4-race-2/overview,Cranbourne,2026-09-28,Cranbourne,"{'eventId': '3438189', 'overall': None, 'rating': None, 'surface': 'Turf', '__typename': 'TrackCondition'}",2,Jump Out - Good 4,800,Set Weights,,8,False,,,,Smashing Ruby,7,Mare,BAY,Rock Hero,Smash Hit,,,,,John Rattle,44:3-4-5,7,27,-18,11,61,0,84,0.47,0.26,0.2,0.11,1.92,so(HT),,,0,0,,,,,,
https://www.racenet.com.au/form-guide/horse-racing/cranbourne-20260928-bt/jump-out-good-4-race-2/overview,Cranbourne,2026-09-28,Cranbourne,"{'eventId': '3438189', 'overall': None, 'rating': None, 'surface': 'Turf', '__typename': 'TrackCondition'}",2,Jump Out - Good 4,800,Set Weights,,8,False,,,,Organised Crime,3,Colt,BAY,I Am Invincible,Sultry Feeling,,,,,Lloyd Kennewell,3:1-1-0,33,67,-22,5,15,0,16,-0.3,-0.68,-1.06,-1.38,-0.7,s(HT),,,0,0,,,,,,
https://www.racenet.com.au/form-guide/horse-racing/cranbourne-20260928-bt/jump-out-good-4-race-2/overview,Cranbourne,2026-09-28,Cranbourne,"{'eventId': '3438189', 'overall': None, 'rating': None, 'surface': 'Turf', '__typename': 'TrackCondition'}",2,Jump Out - Good 4,800,Set Weights,,8,False,,,,Nearing Liberty,6,Gelding,BAY OR BROWN,Impending,Freedom Road,,,,,Matthew Brown,21:3-4-3,14,48,-25,2,6.5,0,64,-0.31,-1.04,-1.47,-1.72,-0.02,s(HT),,,0,0,,,,,,
https://www.racenet.com.au/form-guide/horse-racing/cranbourne-20260928-bt/jump-out-good-4-race-2/overview,Cranbourne,2026-09-28,Cranbourne,"{'eventId': '3438189', 'overall': None, 'rating': None, 'surface': 'Turf', '__typename': 'TrackCondition'}",2,Jump Out - Good 4,800,Set Weights,,8,False,,,,Zourain,5,Gelding,BAY,Zousain,Forget The Weather,,,,,Robbie Griffiths,25:4-1-3,16,32,33,5,4.6,0,18,-0.17,-0.81,-1.04,-1.07,0.44,sh(HT),,,0,0,,,,,,
https://www.racenet.com.au/form-guide/horse-racing/cranbourne-20260928-bt/jump-out-good-4-race-2/overview,Cranbourne,2026-09-28,Cranbourne,"{'eventId': '3438189', 'overall': None, 'rating': None, 'surface': 'Turf', '__typename': 'TrackCondition'}",2,Jump Out - Good 4,800,Set Weights,,8,False,,,,Hola Amigos,7,Gelding,BAY,Toronado,Lost Amigos,,,,,Wendy Kelly,21:3-3-4,14,48,-40,7,5,0,179,-0.39,-1,-1.21,-1.26,0.99,so(HT),,,0,0,,,,,,
https://www.racenet.com.au/form-guide/horse-racing/cranbourne-20260928-bt/jump-out-good-4-race-3/overview,Cranbourne,2026-09-28,Cranbourne,"{'eventId': '3438190', 'overall': None, 'rating': None, 'surface': 'Turf', '__typename': 'TrackCondition'}",3,Jump Out - Good 4,800,Set Weights,,9,False,,,,Angels Fury,3,Filly,BROWN,Harry Angel,Ashra Jahre,,,,,Ciaron Maher,3:2-0-0,67,67,25,1,1.8,0,79,0.02,-0.39,-0.35,-0.27,0.67,s,,,0,0,,,,,,
https://www.racenet.com.au/form-guide/horse-racing/cranbourne-20260928-bt/jump-out-good-4-race-3/overview,Cranbourne,2026-09-28,Cranbourne,"{'eventId': '3438190', 'overall': None, 'rating': None, 'surface': 'Turf', '__typename': 'TrackCondition'}",3,Jump Out - Good 4,800,Set Weights,,9,False,,,,Sound Byte,3,Filly,BAY,Microphone,Sizzleme,,,,,Cindy Alderson,1:0-0-0,0,0,-100,4,8,0,151,-0.02,-0.31,0.01,0.5,1.47,(HT),,,0,0,,,,,,
https://www.racenet.com.au/form-guide/horse-racing/cranbourne-20260928-bt/jump-out-good-4-race-3/overview,Cranbourne,2026-09-28,Cranbourne,"{'eventId': '3438190', 'overall': None, 'rating': None, 'surface': 'Turf', '__typename': 'TrackCondition'}",3,Jump Out - Good 4,800,Set Weights,,9,False,,,,Diamond Heist,3,Filly,BROWN,Written Tycoon,Saltoree,,,,,Clinton McDonald,0:0-0-0,0,0,0,,,0,,,,,,,(HT),,,0,0,,,,,,
https://www.racenet.com.au/form-guide/horse-racing/cranbourne-20260928-bt/jump-out-good-4-race-3/overview,Cranbourne,2026-09-28,Cranbourne,"{'eventId': '3438190', 'overall': None, 'rating': None, 'surface': 'Turf', '__typename': 'TrackCondition'}",3,Jump Out - Good 4,800,Set Weights,,9,False,,,,Fun Party,3,Gelding,BAY OR BROWN,Maurice,Vernier,,,,,Greg Eurell,0:0-0-0,0,0,0,,,0,,,,,,,(HT),,,0,0,,,,,,
https://www.racenet.com.au/form-guide/horse-racing/cranbourne-20260928-bt/jump-out-good-4-race-3/overview,Cranbourne,2026-09-28,Cranbourne,"{'eventId': '3438190', 'overall': None, 'rating': None, 'surface': 'Turf', '__typename': 'TrackCondition'}",3,Jump Out - Good 4,800,Set Weights,,9,False,,,,Alibaba,3,Colt,BAY OR BROWN,Alabama Express,Rowsthorn,,,,,Ken & Kasey Keys,5:1-0-2,20,60,-36,9,17,0,177,-0.14,-0.55,-0.7,-0.89,-0.14,(HT),,,0,0,,,,,,
https://www.racenet.com.au/form-guide/horse-racing/cranbourne-20260928-bt/jump-out-good-4-race-3/overview,Cranbourne,2026-09-28,Cranbourne,"{'eventId': '3438190', 'overall': None, 'rating': None, 'surface': 'Turf', '__typename': 'TrackCondition'}",3,Jump Out - Good 4,800,Set Weights,,9,False,,,,Organised Crime,3,Colt,BAY,I Am Invincible,Sultry Feeling,,,,,Lloyd Kennewell,3:1-1-0,33,67,-22,5,15,0,16,-0.3,-0.68,-1.06,-1.38,-0.7,s(HT),,,0,0,,,,,,
https://www.racenet.com.au/form-guide/horse-racing/cranbourne-20260928-bt/jump-out-good-4-race-3/overview,Cranbourne,2026-09-28,Cranbourne,"{'eventId': '3438190', 'overall': None, 'rating': None, 'surface': 'Turf', '__typename': 'TrackCondition'}",3,Jump Out - Good 4,800,Set Weights,,9,False,,,,Terracotta Warrior,3,Gelding,BAY,Saxon Warrior,Ethereal Miss,,,,,Mick Price & Michael Kent Jnr,1:0-0-0,0,0,-100,6,8,0,136,0.01,-1.13,-1.73,-1.91,-1.36,,,,0,0,,,,,,
https://www.racenet.com.au/form-guide/horse-racing/cranbourne-20260928-bt/jump-out-good-4-race-3/overview,Cranbourne,2026-09-28,Cranbourne,"{'eventId': '3438190', 'overall': None, 'rating': None, 'surface': 'Turf', '__typename': 'TrackCondition'}",3,Jump Out - Good 4,800,Set Weights,,9,False,,,,Relilah,3,Filly,GREY,Reliable Man,De Little Sister,,,,,Robbie Griffiths,0:0-0-0,0,0,0,,,0,,,,,,,(HT),,,0,0,,,,,,
https://www.racenet.com.au/form-guide/horse-racing/cranbourne-20260928-bt/jump-out-good-4-race-3/overview,Cranbourne,2026-09-28,Cranbourne,"{'eventId': '3438190', 'overall': None, 'rating': None, 'surface': 'Turf', '__typename': 'TrackCondition'}",3,Jump Out - Good 4,800,Set Weights,,9,False,,,,Sedotta,3,Filly,BAY OR BROWN,Hello Youmzain,Seduced,,,,,Trent Busuttin & Natalie Young,0:0-0-0,0,0,0,,,0,,,,,,,(HT),,,0,0,,,,,,
https://www.racenet.com.au/form-guide/horse-racing/cranbourne-20260928-bt/jump-out-good-4-race-4/overview,Cranbourne,2026-09-28,Cranbourne,"{'eventId': '3438191', 'overall': None, 'rating': None, 'surface': 'Turf', '__typename': 'TrackCondition'}",4,Jump Out - Good 4,800,Set Weights,,9,False,,,,Castelli In Aria,5,Mare,BAY,Castelvecchio,Believer,,,,,Enver Jusufovic,4:0-2-1,0,75,-100,9,4,0,206,-0.14,-0.69,-0.91,-0.86,0.61,(HT),,,0,0,,,,,,
https://www.racenet.com.au/form-guide/horse-racing/cranbourne-20260928-bt/jump-out-good-4-race-4/overview,Cranbourne,2026-09-28,Cranbourne,"{'eventId': '3438191', 'overall': None, 'rating': None, 'surface': 'Turf', '__typename': 'TrackCondition'}",4,Jump Out - Good 4,800,Set Weights,,9,False,,,,Sky Watcher,4,Mare,BAY,Sandbar,Cosmic View,,,,,Jack Laing,8:2-1-0,25,38,350,4,41,0,72,0.09,-0.43,-0.84,-0.85,0.54,(HT),,,0,0,,,,,,
https://www.racenet.com.au/form-guide/horse-racing/cranbourne-20260928-bt/jump-out-good-4-race-4/overview,Cranbourne,2026-09-28,Cranbourne,"{'eventId': '3438191', 'overall': None, 'rating': None, 'surface': 'Turf', '__typename': 'TrackCondition'}",4,Jump Out - Good 4,800,Set Weights,,9,False,,,,Hustle In Heels,5,Mare,BAY OR BROWN,Bel Esprit,Caniwin,,,,,Julius Sandhu,8:2-1-1,25,50,-15,4,7,0,99,0.34,0.24,0.09,0.03,0.45,t(HT),,,0,0,,,,,,
https://www.racenet.com.au/form-guide/horse-racing/cranbourne-20260928-bt/jump-out-good-4-race-4/overview,Cranbourne,2026-09-28,Cranbourne,"{'eventId': '3438191', 'overall': None, 'rating': None, 'surface': 'Turf', '__typename': 'TrackCondition'}",4,Jump Out - Good 4,800,Set Weights,,9,False,,,,Celestra,4,Mare,BAY,I Am Invincible,Dream in Colour,,,,,Mark Walker,6:0-0-3,0,50,-100,9,8,0,186,0.01,-0.41,-0.67,-0.66,1.81,(HT),,,0,0,,,,,,
https://www.racenet.com.au/form-guide/horse-racing/cranbourne-20260928-bt/jump-out-good-4-race-4/overview,Cranbourne,2026-09-28,Cranbourne,"{'eventId': '3438191', 'overall': None, 'rating': None, 'surface': 'Turf', '__typename': 'TrackCondition'}",4,Jump Out - Good 4,800,Set Weights,,9,False,,,,Light Moves,4,Gelding,BAY,Zoustar,Radiant,,,,,Mick Price & Michael Kent Jnr,4:1-1-0,25,50,-28,5,8,0,194,0.13,-0.43,-0.72,-0.54,1.04,,,,0,0,,,,,,
https://www.racenet.com.au/form-guide/horse-racing/cranbourne-20260928-bt/jump-out-good-4-race-4/overview,Cranbourne,2026-09-28,Cranbourne,"{'eventId': '3438191', 'overall': None, 'rating': None, 'surface': 'Turf', '__typename': 'TrackCondition'}",4,Jump Out - Good 4,800,Set Weights,,9,False,,,,Rapid Cheval,5,Mare,CHESTNUT,Super Seth,Vitesse,,,,,Richard Laming,14:2-1-2,14,36,-71,6,8.5,0,120,-0.02,-0.46,-1.04,-1.2,0.51,,,,0,0,,,,,,
https://www.racenet.com.au/form-guide/horse-racing/cranbourne-20260928-bt/jump-out-good-4-race-4/overview,Cranbourne,2026-09-28,Cranbourne,"{'eventId': '3438191', 'overall': None, 'rating': None, 'surface': 'Turf', '__typename': 'TrackCondition'}",4,Jump Out - Good 4,800,Set Weights,,9,False,,,,Deliberate Ploy,4,Gelding,CHESTNUT,Omaha Beach,Purrpussful,,,,,Robbie Griffiths,6:1-0-1,17,33,42,13,61,0,135,-0.68,-1.49,-1.91,-1.75,0.47,o(HT),,,0,0,,,,,,
https://www.racenet.com.au/form-guide/horse-racing/cranbourne-20260928-bt/jump-out-good-4-race-4/overview,Cranbourne,2026-09-28,Cranbourne,"{'eventId': '3438191', 'overall': None, 'rating': None, 'surface': 'Turf', '__typename': 'TrackCondition'}",4,Jump Out - Good 4,800,Set Weights,,9,False,,,,Mckeyla,5,Mare,BAY,Shamus Award,Cherief's Choice,,,,,Robbie Griffiths,12:2-1-5,17,67,-46,8,7,0,360,-0.3,-0.83,-1.12,-1.26,-0.27,s(HT),,,0,0,,,,,,
https://www.racenet.com.au/form-guide/horse-racing/cranbourne-20260928-bt/jump-out-good-4-race-4/overview,Cranbourne,2026-09-28,Cranbourne,"{'eventId': '3438191', 'overall': None, 'rating': None, 'surface': 'Turf', '__typename': 'TrackCondition'}",4,Jump Out - Good 4,800,Set Weights,,9,False,,,,Ten Warriors,6,Gelding,BAY,Saxon Warrior,Hidden Away,,,,,Trevor Rogers,16:1-7-4,6,75,-83,2,6,0,170,-0.41,-1.05,-1.3,-1.21,0.07,(HT),,,0,0,,,,,,
https://www.racenet.com.au/form-guide/horse-racing/cranbourne-20260928-bt/jump-out-good-4-race-5/overview,Cranbourne,2026-09-28,Cranbourne,"{'eventId': '3438192', 'overall': None, 'rating': None, 'surface': 'Turf', '__typename': 'TrackCondition'}",5,Jump Out - Good 4,800,Set Weights,,9,False,,,,Royal Tea,3,Filly,BAY,Royal Meeting,O' So Hazy,,,,,Alex Rae,0:0-0-0,0,0,0,,,0,,,,,,,(HT),,,0,0,,,,,,
https://www.racenet.com.au/form-guide/horse-racing/cranbourne-20260928-bt/jump-out-good-4-race-5/overview,Cranbourne,2026-09-28,Cranbourne,"{'eventId': '3438192', 'overall': None, 'rating': None, 'surface': 'Turf', '__typename': 'TrackCondition'}",5,Jump Out - Good 4,800,Set Weights,,9,False,,,,Zara's Rose,3,Filly,BAY OR BROWN,Zoustar,Rose Ahead,,,,,Ciaron Maher,0:0-0-0,0,0,0,,,0,,,,,,,,,,0,0,,,,,,
https://www.racenet.com.au/form-guide/horse-racing/cranbourne-20260928-bt/jump-out-good-4-race-5/overview,Cranbourne,2026-09-28,Cranbourne,"{'eventId': '3438192', 'overall': None, 'rating': None, 'surface': 'Turf', '__typename': 'TrackCondition'}",5,Jump Out - Good 4,800,Set Weights,,9,False,,,,Engulf,3,Filly,BAY,Toronado,Firemaid,,,,,Clinton McDonald,0:0-0-0,0,0,0,,,0,,,,,,,(HT),,,0,0,,,,,,
https://www.racenet.com.au/form-guide/horse-racing/cranbourne-20260928-bt/jump-out-good-4-race-5/overview,Cranbourne,2026-09-28,Cranbourne,"{'eventId': '3438192', 'overall': None, 'rating': None, 'surface': 'Turf', '__typename': 'TrackCondition'}",5,Jump Out - Good 4,800,Set Weights,,9,False,,,,Pocket Watch,3,Colt,BAY,Tagaloa,Ting Ting,,,,,Grahame Begg,0:0-0-0,0,0,0,,,0,,,,,,,(HT),,,0,0,,,,,,
https://www.racenet.com.au/form-guide/horse-racing/cranbourne-20260928-bt/jump-out-good-4-race-5/overview,Cranbourne,2026-09-28,Cranbourne,"{'eventId': '3438192', 'overall': None, 'rating': None, 'surface': 'Turf', '__typename': 'TrackCondition'}",5,Jump Out - Good 4,800,Set Weights,,9,False,,,,Theatric Story,3,Gelding,BAY OR BROWN,Captivant,Theatric,,,,,Greg Eurell,0:0-0-0,0,0,0,,,0,,,,,,,(HT),,,0,0,,,,,,
https://www.racenet.com.au/form-guide/horse-racing/cranbourne-20260928-bt/jump-out-good-4-race-5/overview,Cranbourne,2026-09-28,Cranbourne,"{'eventId': '3438192', 'overall': None, 'rating': None, 'surface': 'Turf', '__typename': 'TrackCondition'}",5,Jump Out - Good 4,800,Set Weights,,9,False,,,,The Destroyer,3,Filly,BROWN,Tassort,Demeanour,,,,,Lloyd Kennewell,1:0-0-0,0,0,-100,9,26,0,142,0.43,-0.17,-0.71,-1.09,-0.04,o(HT),,,0,0,,,,,,
https://www.racenet.com.au/form-guide/horse-racing/cranbourne-20260928-bt/jump-out-good-4-race-5/overview,Cranbourne,2026-09-28,Cranbourne,"{'eventId': '3438192', 'overall': None, 'rating': None, 'surface': 'Turf', '__typename': 'TrackCondition'}",5,Jump Out - Good 4,800,Set Weights,,9,False,,,,Rockfall,3,Gelding,BAY,El Roca,Everdeen,,,,,Lucy Yeomans,0:0-0-0,0,0,0,,,0,,,,,,,(HT),,,0,0,,,,,,
https://www.racenet.com.au/form-guide/horse-racing/cranbourne-20260928-bt/jump-out-good-4-race-5/overview,Cranbourne,2026-09-28,Cranbourne,"{'eventId': '3438192', 'overall': None, 'rating': None, 'surface': 'Turf', '__typename': 'TrackCondition'}",5,Jump Out - Good 4,800,Set Weights,,9,False,,,,Bakushin,3,Gelding,BAY OR BROWN,Shamus Award,Kazoku,,,,,Richard Laming,0:0-0-0,0,0,0,,,0,,,,,,,,,,0,0,,,,,,
https://www.racenet.com.au/form-guide/horse-racing/cranbourne-20260928-bt/jump-out-good-4-race-5/overview,Cranbourne,2026-09-28,Cranbourne,"{'eventId': '3438192', 'overall': None, 'rating': None, 'surface': 'Turf', '__typename': 'TrackCondition'}",5,Jump Out - Good 4,800,Set Weights,,9,False,,,,Whiskey Boy,3,Gelding,BROWN OR BLACK,So You Think,Acouplamas,,,,,Robbie Griffiths,0:0-0-0,0,0,0,,,0,,,,,,,(HT),,,0,0,,,,,,
https://www.racenet.com.au/form-guide/horse-racing/cranbourne-20260928-bt/jump-out-good-4-race-6/overview,Cranbourne,2026-09-28,Cranbourne,"{'eventId': '3438193', 'overall': None, 'rating': None, 'surface': 'Turf', '__typename': 'TrackCondition'}",6,Jump Out - Good 4,800,Set Weights,,8,False,,,,Hellica,4,Mare,BAY OR BROWN,Hellbent,Andromache,,,,,Gemma Rielly,2:0-0-0,0,0,-100,8,151,0,164,0.35,0.74,0.95,1,1.9,,,,0,0,,,,,,
https://www.racenet.com.au/form-guide/horse-racing/cranbourne-20260928-bt/jump-out-good-4-race-6/overview,Cranbourne,2026-09-28,Cranbourne,"{'eventId': '3438193', 'overall': None, 'rating': None, 'surface': 'Turf', '__typename': 'TrackCondition'}",6,Jump Out - Good 4,800,Set Weights,,8,False,,,,Expanding Power,4,Mare,BAY,Doubtland,Containment,,,,,Enver Jusufovic,6:0-1-1,0,33,-100,6,2.35,0,99,-0.53,-1.39,-1.54,-1.29,1.08,bo(HT),,,0,0,,,,,,
https://www.racenet.com.au/form-guide/horse-racing/cranbourne-20260928-bt/jump-out-good-4-race-6/overview,Cranbourne,2026-09-28,Cranbourne,"{'eventId': '3438193', 'overall': None, 'rating': None, 'surface': 'Turf', '__typename': 'TrackCondition'}",6,Jump Out - Good 4,800,Set Weights,,8,False,,,,Desmond William,4,Gelding,BAY,Magnus,Written Letter,,,,,Gary Cluning,0:0-0-0,0,0,0,,,0,,,,,,,(HT),,,0,0,,,,,,
https://www.racenet.com.au/form-guide/horse-racing/cranbourne-20260928-bt/jump-out-good-4-race-6/overview,Cranbourne,2026-09-28,Cranbourne,"{'eventId': '3438193', 'overall': None, 'rating': None, 'surface': 'Turf', '__typename': 'TrackCondition'}",6,Jump Out - Good 4,800,Set Weights,,8,False,,,,Welcometodetroit,5,Gelding,BAY,Lean Mean Machine,Missgoblet,,,,,Mark Webb,5:0-0-1,0,20,-100,9,18,0,439,-0.33,-0.44,-0.63,-0.69,1.21,o(HT),,,0,0,,,,,,
https://www.racenet.com.au/form-guide/horse-racing/cranbourne-20260928-bt/jump-out-good-4-race-6/overview,Cranbourne,2026-09-28,Cranbourne,"{'eventId': '3438193', 'overall': None, 'rating': None, 'surface': 'Turf', '__typename': 'TrackCondition'}",6,Jump Out - Good 4,800,Set Weights,,8,False,,,,Everett,7,Mare,BAY,Winning Rupert,Sugar Mummy,,,,,Mick Bell,23:1-3-4,4,35,-88,10,31,0,48,0.1,-0.21,-0.31,-0.39,1.11,so(HT),,,0,0,,,,,,
https://www.racenet.com.au/form-guide/horse-racing/cranbourne-20260928-bt/jump-out-good-4-race-6/overview,Cranbourne,2026-09-28,Cranbourne,"{'eventId': '3438193', 'overall': None, 'rating': None, 'surface': 'Turf', '__typename': 'TrackCondition'}",6,Jump Out - Good 4,800,Set Weights,,8,False,,,,Galagacisco,5,Gelding,CHESTNUT,Dracarys,Belle's A Rebel,,,,,Nevin Eades,10:0-0-1,0,10,-100,8,7,0,27,0.73,0.63,0.79,0.85,1.91,o(HT),,,0,0,,,,,,
https://www.racenet.com.au/form-guide/horse-racing/cranbourne-20260928-bt/jump-out-good-4-race-6/overview,Cranbourne,2026-09-28,Cranbourne,"{'eventId': '3438193', 'overall': None, 'rating': None, 'surface': 'Turf', '__typename': 'TrackCondition'}",6,Jump Out - Good 4,800,Set Weights,,8,False,,,,On The Loose,4,Gelding,BROWN,Turn Me Loose,Loose Goose,,,,,Robbie Griffiths,6:1-1-1,17,50,-45,6,6,0,110,0.1,-0.06,-0.36,-0.48,1.38,s(HT),,,0,0,,,,,,
https://www.racenet.com.au/form-guide/horse-racing/cranbourne-20260928-bt/jump-out-good-4-race-6/overview,Cranbourne,2026-09-28,Cranbourne,"{'eventId': '3438193', 'overall': None, 'rating': None, 'surface': 'Turf', '__typename': 'TrackCondition'}",6,Jump Out - Good 4,800,Set Weights,,8,False,,,,Ulfberht,4,Gelding,CHESTNUT,Anders,En Aval,,,,,Robbie Griffiths,4:1-2-0,25,75,-65,10,19,0,100,-0.2,-0.72,-0.72,-1.04,-0.58,o(HT),,,0,0,,,,,,
https://www.racenet.com.au/form-guide/horse-racing/cranbourne-20260928-bt/jump-out-good-4-race-7/overview,Cranbourne,2026-09-28,Cranbourne,"{'eventId': '3438194', 'overall': None, 'rating': None, 'surface': 'Turf', '__typename': 'TrackCondition'}",7,Jump Out - Good 4,800,Set Weights,,8,False,,,,Bourne Legacy,3,Gelding,BAY,Nicconi,Secret Success,,,,,Anthony & Sam Freedman,3:0-1-0,0,33,-100,2,5,0,102,-0.06,-0.49,-0.55,-0.58,0.84,,,,0,0,,,,,,
https://www.racenet.com.au/form-guide/horse-racing/cranbourne-20260928-bt/jump-out-good-4-race-7/overview,Cranbourne,2026-09-28,Cranbourne,"{'eventId': '3438194', 'overall': None, 'rating': None, 'surface': 'Turf', '__typename': 'TrackCondition'}",7,Jump Out - Good 4,800,Set Weights,,8,False,,,,Banner Headline,3,Gelding,BROWN,Starspangledbanner,Arabian Romance,,,,,Clinton McDonald,0:0-0-0,0,0,0,,,0,,,,,,,(HT),,,0,0,,,,,,
https://www.racenet.com.au/form-guide/horse-racing/cranbourne-20260928-bt/jump-out-good-4-race-7/overview,Cranbourne,2026-09-28,Cranbourne,"{'eventId': '3438194', 'overall': None, 'rating': None, 'surface': 'Turf', '__typename': 'TrackCondition'}",7,Jump Out - Good 4,800,Set Weights,,8,False,,,,Hot Samba,3,Filly,BROWN,Too Darn Hot,Jolie Christine,,,,,Grahame Begg,0:0-0-0,0,0,0,,,0,,,,,,,(HT),,,0,0,,,,,,
https://www.racenet.com.au/form-guide/horse-racing/cranbourne-20260928-bt/jump-out-good-4-race-7/overview,Cranbourne,2026-09-28,Cranbourne,"{'eventId': '3438194', 'overall': None, 'rating': None, 'surface': 'Turf', '__typename': 'TrackCondition'}",7,Jump Out - Good 4,800,Set Weights,,8,False,,,,Tequila's Bro,3,Gelding,BROWN,Fiorente,Pensation,,,,,Greg Eurell,0:0-0-0,0,0,0,,,0,,,,,,,(HT),,,0,0,,,,,,
https://www.racenet.com.au/form-guide/horse-racing/cranbourne-20260928-bt/jump-out-good-4-race-7/overview,Cranbourne,2026-09-28,Cranbourne,"{'eventId': '3438194', 'overall': None, 'rating': None, 'surface': 'Turf', '__typename': 'TrackCondition'}",7,Jump Out - Good 4,800,Set Weights,,8,False,,,,Prestige Valour,3,Colt,GREY,Harry Angel,Spirit of Ecstasy,,,,,Julius Sandhu,0:0-0-0,0,0,0,,,0,,,,,,,(HT),,,0,0,,,,,,
https://www.racenet.com.au/form-guide/horse-racing/cranbourne-20260928-bt/jump-out-good-4-race-7/overview,Cranbourne,2026-09-28,Cranbourne,"{'eventId': '3438194', 'overall': None, 'rating': None, 'surface': 'Turf', '__typename': 'TrackCondition'}",7,Jump Out - Good 4,800,Set Weights,,8,False,,,,Pasatiempo,3,Filly,CHESTNUT,Extreme Choice,Supersay,,,,,Mick Price & Michael Kent Jnr,1:0-0-0,0,0,-100,12,26,0,158,0.38,0.64,0.52,0.9,2.06,o,,,0,0,,,,,,
https://www.racenet.com.au/form-guide/horse-racing/cranbourne-20260928-bt/jump-out-good-4-race-7/overview,Cranbourne,2026-09-28,Cranbourne,"{'eventId': '3438194', 'overall': None, 'rating': None, 'surface': 'Turf', '__typename': 'TrackCondition'}",7,Jump Out - Good 4,800,Set Weights,,8,False,,,,Madiera Drive,3,Filly,GREY,Palace Pier,Deja Blue,,,,,Robbie Griffiths,0:0-0-0,0,0,0,,,0,,,,,,,(HT),,,0,0,,,,,,
https://www.racenet.com.au/form-guide/horse-racing/cranbourne-20260928-bt/jump-out-good-4-race-7/overview,Cranbourne,2026-09-28,Cranbourne,"{'eventId': '3438194', 'overall': None, 'rating': None, 'surface': 'Turf', '__typename': 'TrackCondition'}",7,Jump Out - Good 4,800,Set Weights,,8,False,,,,Love The Farmer,3,Colt,BAY,Dundeel,Deepwood Vale,,,,,Trent Busuttin & Natalie Young,0:0-0-0,0,0,0,,,0,,,,,,,(HT),,,0,0,,,,,,
https://www.racenet.com.au/form-guide/horse-racing/cranbourne-20260928-bt/jump-out-good-4-race-8/overview,Cranbourne,2026-09-28,Cranbourne,"{'eventId': '3438195', 'overall': None, 'rating': None, 'surface': 'Turf', '__typename': 'TrackCondition'}",8,Jump Out - Good 4,800,Set Weights,,8,False,,,,Zeffirelli,4,Gelding,GREY-BAY,Puissance de Lune,Entourage,,,,,Alex Rae,3:0-0-0,0,0,-100,12,12,0,183,-0.06,-0.4,-0.62,0.26,2.18,o(HT),,,0,0,,,,,,
https://www.racenet.com.au/form-guide/horse-racing/cranbourne-20260928-bt/jump-out-good-4-race-8/overview,Cranbourne,2026-09-28,Cranbourne,"{'eventId': '3438195', 'overall': None, 'rating': None, 'surface': 'Turf', '__typename': 'TrackCondition'}",8,Jump Out - Good 4,800,Set Weights,,8,False,,,,Deadly Force,5,Gelding,CHESTNUT,Exceed And Excel,Circe,,,,,Anthony & Sam Freedman,1:0-0-0,0,0,-100,5,1.85,0,106,1.62,1.49,0.55,-0.2,0.35,b,,,0,0,,,,,,
https://www.racenet.com.au/form-guide/horse-racing/cranbourne-20260928-bt/jump-out-good-4-race-8/overview,Cranbourne,2026-09-28,Cranbourne,"{'eventId': '3438195', 'overall': None, 'rating': None, 'surface': 'Turf', '__typename': 'TrackCondition'}",8,Jump Out - Good 4,800,Set Weights,,8,False,,,,Golde 'N' Fire,7,Mare,CHESTNUT,Rich Enuff,Little Fireball,,,,,Mick Price & Michael Kent Jnr,12:0-1-0,0,8,-100,4,8,0,540,0.41,0.3,0.32,0.59,1.86,,,,0,0,,,,,,
https://www.racenet.com.au/form-guide/horse-racing/cranbourne-20260928-bt/jump-out-good-4-race-8/overview,Cranbourne,2026-09-28,Cranbourne,"{'eventId': '3438195', 'overall': None, 'rating': None, 'surface': 'Turf', '__typename': 'TrackCondition'}",8,Jump Out - Good 4,800,Set Weights,,8,False,,,,Guthrie,4,Gelding,BAY,Preferment,Hapuka,,,,,Nevin Eades,5:0-0-0,0,0,-100,10,20,0,43,0.36,0.68,1.03,1.02,2.47,o(HT),,,0,0,,,,,,
https://www.racenet.com.au/form-guide/horse-racing/cranbourne-20260928-bt/jump-out-good-4-race-8/overview,Cranbourne,2026-09-28,Cranbourne,"{'eventId': '3438195', 'overall': None, 'rating': None, 'surface': 'Turf', '__typename': 'TrackCondition'}",8,Jump Out - Good 4,800,Set Weights,,8,False,,,,Anders Sky,4,Mare,BAY,Anders,Missed the Alarm,,,,,Robbie Griffiths,0:0-0-0,0,0,0,,,0,,,,,,,(HT),,,0,0,,,,,,
https://www.racenet.com.au/form-guide/horse-racing/cranbourne-20260928-bt/jump-out-good-4-race-8/overview,Cranbourne,2026-09-28,Cranbourne,"{'eventId': '3438195', 'overall': None, 'rating': None, 'surface': 'Turf', '__typename': 'TrackCondition'}",8,Jump Out - Good 4,800,Set Weights,,8,False,,,,In All Honesty,4,Mare,BAY,Frankel,Thai Noon,,,,,Robbie Griffiths,0:0-0-0,0,0,0,,,0,,,,,,,(HT),,,0,0,,,,,,
https://www.racenet.com.au/form-guide/horse-racing/cranbourne-20260928-bt/jump-out-good-4-race-8/overview,Cranbourne,2026-09-28,Cranbourne,"{'eventId': '3438195', 'overall': None, 'rating': None, 'surface': 'Turf', '__typename': 'TrackCondition'}",8,Jump Out - Good 4,800,Set Weights,,8,False,,,,Plucky Enuff,4,Mare,BROWN,Rich Enuff,Plucky Sienna,,,,,Robbie Griffiths,0:0-0-0,0,0,0,,,0,,,,,,,(HT),,,0,0,,,,,,
https://www.racenet.com.au/form-guide/horse-racing/cranbourne-20260928-bt/jump-out-good-4-race-8/overview,Cranbourne,2026-09-28,Cranbourne,"{'eventId': '3438195', 'overall': None, 'rating': None, 'surface': 'Turf', '__typename': 'TrackCondition'}",8,Jump Out - Good 4,800,Set Weights,,8,False,,,,Belmagna,4,Mare,BAY,Magnus,Our Campana,,,,,Samantha Wynne,0:0-0-0,0,0,0,,,0,,,,,,,,,,0,0,,,,,,
https://www.racenet.com.au/form-guide/horse-racing/cranbourne-20260928-bt/jump-out-good-4-race-9/overview,Cranbourne,2026-09-28,Cranbourne,"{'eventId': '3438196', 'overall': None, 'rating': None, 'surface': 'Turf', '__typename': 'TrackCondition'}",9,Jump Out - Good 4,800,Set Weights,,6,False,,,,Prolific Angel,3,Gelding,BAY,Pinatubo,Stolen Angel,,,,,Anthony & Sam Freedman,1:0-0-0,0,0,-100,5,10,0,121,-0.18,-0.05,-0.04,-0.35,0.71,,,,0,0,,,,,,
https://www.racenet.com.au/form-guide/horse-racing/cranbourne-20260928-bt/jump-out-good-4-race-9/overview,Cranbourne,2026-09-28,Cranbourne,"{'eventId': '3438196', 'overall': None, 'rating': None, 'surface': 'Turf', '__typename': 'TrackCondition'}",9,Jump Out - Good 4,800,Set Weights,,6,False,,,,Smart Step,3,Gelding,BAY,Rubick,Gotta Dance,,,,,Clinton McDonald,0:0-0-0,0,0,0,,,0,,,,,,,(HT),,,0,0,,,,,,
https://www.racenet.com.au/form-guide/horse-racing/cranbourne-20260928-bt/jump-out-good-4-race-9/overview,Cranbourne,2026-09-28,Cranbourne,"{'eventId': '3438196', 'overall': None, 'rating': None, 'surface': 'Turf', '__typename': 'TrackCondition'}",9,Jump Out - Good 4,800,Set Weights,,6,False,,,,Rubicube,3,Filly,BAY,Rubick,Cuban Gold,,,,,Greg Eurell,0:0-0-0,0,0,0,,,0,,,,,,,(HT),,,0,0,,,,,,
https://www.racenet.com.au/form-guide/horse-racing/cranbourne-20260928-bt/jump-out-good-4-race-9/overview,Cranbourne,2026-09-28,Cranbourne,"{'eventId': '3438196', 'overall': None, 'rating': None, 'surface': 'Turf', '__typename': 'TrackCondition'}",9,Jump Out - Good 4,800,Set Weights,,6,False,,,,Prestige Blackjack,3,Gelding,BAY,King's Legacy,Cribbage,,,,,Julius Sandhu,0:0-0-0,0,0,0,,,0,,,,,,,(HT),,,0,0,,,,,,
https://www.racenet.com.au/form-guide/horse-racing/cranbourne-20260928-bt/jump-out-good-4-race-9/overview,Cranbourne,2026-09-28,Cranbourne,"{'eventId': '3438196', 'overall': None, 'rating': None, 'surface': 'Turf', '__typename': 'TrackCondition'}",9,Jump Out - Good 4,800,Set Weights,,6,False,,,,Berardo,3,Gelding,BAY,Hanseatic,Belzella,,,,,Mark Walker,0:0-0-0,0,0,0,,,0,,,,,,,(HT),,,0,0,,,,,,
https://www.racenet.com.au/form-guide/horse-racing/cranbourne-20260928-bt/jump-out-good-4-race-9/overview,Cranbourne,2026-09-28,Cranbourne,"{'eventId': '3438196', 'overall': None, 'rating': None, 'surface': 'Turf', '__typename': 'TrackCondition'}",9,Jump Out - Good 4,800,Set Weights,,6,False,,,,Slugger,3,Gelding,BAY,Rubick,Swing And Boom,,,,,Mick Price & Michael Kent Jnr,0:0-0-0,0,0,0,,,0,,,,,,,,,,0,0,,,,,,
https://www.racenet.com.au/form-guide/horse-racing/craon-fr-20260928/prix-groupama-prix-de-champagne-maiden-stakes-race-1/overview,Craon,2026-09-28,Craon,"{'eventId': '3439529', 'overall': 'Soft', 'rating': None, 'surface': 'Turf', '__typename': 'TrackCondition'}",1,Prix Groupama (Prix De Champagne) Maiden Stakes,1299,"2YO, Maiden",22740,9,False,,1,1,East And West,2,Colt,ch,Territories,Livinginafantasy,,58,,Theo Bachelot,S Wattel,2:0-0-0,0,0,-100,4,17,14,28,,,,,,,,,3,0,,,,,,
https://www.racenet.com.au/form-guide/horse-racing/craon-fr-20260928/prix-groupama-prix-de-champagne-maiden-stakes-race-1/overview,Craon,2026-09-28,Craon,"{'eventId': '3439529', 'overall': 'Soft', 'rating': None, 'surface': 'Turf', '__typename': 'TrackCondition'}",1,Prix Groupama (Prix De Champagne) Maiden Stakes,1299,"2YO, Maiden",22740,9,False,,2,7,Royal Rizzi,2,Filly,ch,Harry Angel,Madame Pandora,,56.25,,Pierre-charles Boudot,A Murphy,3:0-1-1,0,67,-100,2,6,50,26,,,,,,,,,3,0,,,,,,
https://www.racenet.com.au/form-guide/horse-racing/craon-fr-20260928/prix-groupama-prix-de-champagne-maiden-stakes-race-1/overview,Craon,2026-09-28,Craon,"{'eventId': '3439529', 'overall': 'Soft', 'rating': None, 'surface': 'Turf', '__typename': 'TrackCondition'}",1,Prix Groupama (Prix De Champagne) Maiden Stakes,1299,"2YO, Maiden",22740,9,False,,3,2,Alfiya,2,Filly,ch,Golden Horde,Allucination,,56.25,,M Protti,H A Pantall,2:0-1-0,0,50,-100,2,12,13,47,,,,,,,,,3,0,,,,,,
https://www.racenet.com.au/form-guide/horse-racing/craon-fr-20260928/prix-groupama-prix-de-champagne-maiden-stakes-race-1/overview,Craon,2026-09-28,Craon,"{'eventId': '3439529', 'overall': 'Soft', 'rating': None, 'surface': 'Turf', '__typename': 'TrackCondition'}",1,Prix Groupama (Prix De Champagne) Maiden Stakes,1299,"2YO, Maiden",22740,9,False,,4,5,Airlie Beach,2,Filly,b,Sealiway,Avoriaz,,56.25,,P Remoue,P E Dubois,2:0-0-1,0,50,-100,4,7,17,26,,,,,,,,,5,0,,,,,,
https://www.racenet.com.au/form-guide/horse-racing/craon-fr-20260928/prix-groupama-prix-de-champagne-maiden-stakes-race-1/overview,Craon,2026-09-28,Craon,"{'eventId': '3439529', 'overall': 'Soft', 'rating': None, 'surface': 'Turf', '__typename': 'TrackCondition'}",1,Prix Groupama (Prix De Champagne) Maiden Stakes,1299,"2YO, Maiden",22740,9,False,,5,8,Lalou Chope,2,Filly,b,Muhaarar,Laia Chope,,56.25,,C Grosbois,L Gadbin,1:0-0-0,0,0,-100,7,6.5,8,31,,,,,,,,,2,0,,,,,,
https://www.racenet.com.au/form-guide/horse-racing/craon-fr-20260928/prix-groupama-prix-de-champagne-maiden-stakes-race-1/overview,Craon,2026-09-28,Craon,"{'eventId': '3439529', 'overall': 'Soft', 'rating': None, 'surface': 'Turf', '__typename': 'TrackCondition'}",1,Prix Groupama (Prix De Champagne) Maiden Stakes,1299,"2YO, Maiden",22740,9,False,,6,3,Fizzy,2,Filly,b,Caturra,Bubbly,,56.25,,L Brechet,A Murphy,3:0-0-0,0,0,-100,7,7.5,0,16,,,,,,,,,2,0,,,,,,
https://www.racenet.com.au/form-guide/horse-racing/craon-fr-20260928/prix-groupama-prix-de-champagne-maiden-stakes-race-1/overview,Craon,2026-09-28,Craon,"{'eventId': '3439529', 'overall': 'Soft', 'rating': None, 'surface': 'Turf', '__typename': 'TrackCondition'}",1,Prix Groupama (Prix De Champagne) Maiden Stakes,1299,"2YO, Maiden",22740,9,False,,7,4,Herhonour,2,Filly,b,Wooded,Haija,,56.25,,C Lecoeuvre,A Pean,1:0-0-0,0,0,-100,9,34,0,100,,,,,,,,,2,0,,,,,,
https://www.racenet.com.au/form-guide/horse-racing/craon-fr-20260928/prix-groupama-prix-de-champagne-maiden-stakes-race-1/overview,Craon,2026-09-28,Craon,"{'eventId': '3439529', 'overall': 'Soft', 'rating': None, 'surface': 'Turf', '__typename': 'TrackCondition'}",1,Prix Groupama (Prix De Champagne) Maiden Stakes,1299,"2YO, Maiden",22740,9,False,,8,6,Dandyvan Fal,2,Colt,b,Van Beethoven,Dainty Dandy,,55.75,,H Lebouc,A Fouassier,0:0-0-0,0,0,0,,,6,,,,,,,,,,2,0,,,,,,
https://www.racenet.com.au/form-guide/horse-racing/craon-fr-20260928/prix-groupama-prix-de-champagne-maiden-stakes-race-1/overview,Craon,2026-09-28,Craon,"{'eventId': '3439529', 'overall': 'Soft', 'rating': None, 'surface': 'Turf', '__typename': 'TrackCondition'}",1,Prix Groupama (Prix De Champagne) Maiden Stakes,1299,"2YO, Maiden",22740,9,False,,9,9,Sugar Magnolia,2,Filly,ch,Armor,Cassiopea,,54.5,,M Velon,A Botti,0:0-0-0,0,0,0,,,20,,,,,,,,,,2,0,,,,,,
https://www.racenet.com.au/form-guide/horse-racing/craon-fr-20260928/prix-haras-de-la-haie-neuve-prix-onde-amere-stakes-race-4/overview,Craon,2026-09-28,Craon,"{'eventId': '3439531', 'overall': 'Soft', 'rating': None, 'surface': 'Turf', '__typename': 'TrackCondition'}",4,Prix Haras De La Haie Neuve (Prix Onde Amere) Stakes,2999,3YO,15731,16,False,,1,1,Ritano Guapo,3,Gelding,b,Kapgarde,Visby,,63,,H Lebouc,Joel Boisnard,1:0-0-1,0,100,-100,3,9.5,13,23,,,,,,,,,2,0,,,,,,
https://www.racenet.com.au/form-guide/horse-racing/craon-fr-20260928/prix-haras-de-la-haie-neuve-prix-onde-amere-stakes-race-4/overview,Craon,2026-09-28,Craon,"{'eventId': '3439531', 'overall': 'Soft', 'rating': None, 'surface': 'Turf', '__typename': 'TrackCondition'}",4,Prix Haras De La Haie Neuve (Prix Onde Amere) Stakes,2999,3YO,15731,16,False,,2,12,Espoir Nonantais,3,Gelding,b,Nirvana Du Berlais,Samba Nonantaise,,63,,G Roth Le Vaillant,As&d Allard,0:0-0-0,0,0,0,,,0,,,,,,,,,,2,0,,,,,,
https://www.racenet.com.au/form-guide/horse-racing/craon-fr-20260928/prix-haras-de-la-haie-neuve-prix-onde-amere-stakes-race-4/overview,Craon,2026-09-28,Craon,"{'eventId': '3439531', 'overall': 'Soft', 'rating': None, 'surface': 'Turf', '__typename': 'TrackCondition'}",4,Prix Haras De La Haie Neuve (Prix Onde Amere) Stakes,2999,3YO,15731,16,False,,3,13,Finest Cup,3,Filly,g,Choeur Du Nord,Finest Cape,,61.25,,Soufiane Saadi,E D'Andigne,1:0-0-0,0,0,-100,4,8.5,0,23,,,,,,,,,3,0,,,,,,
https://www.racenet.com.au/form-guide/horse-racing/craon-fr-20260928/prix-haras-de-la-haie-neuve-prix-onde-amere-stakes-race-4/overview,Craon,2026-09-28,Craon,"{'eventId': '3439531', 'overall': 'Soft', 'rating': None, 'surface': 'Turf', '__typename': 'TrackCondition'}",4,Prix Haras De La Haie Neuve (Prix Onde Amere) Stakes,2999,3YO,15731,16,False,,4,6,Nestordelabarriere,3,Colt,g,Magneticjim,Campden Hill,,60.75,,O D'Andigne,A Couetil,0:0-0-0,0,0,0,,,15,,,,,,,,,,5,0,,,,,,
https://www.racenet.com.au/form-guide/horse-racing/craon-fr-20260928/prix-haras-de-la-haie-neuve-prix-onde-amere-stakes-race-4/overview,Craon,2026-09-28,Craon,"{'eventId': '3439531', 'overall': 'Soft', 'rating': None, 'surface': 'Turf', '__typename': 'TrackCondition'}",4,Prix Haras De La Haie Neuve (Prix Onde Amere) Stakes,2999,3YO,15731,16,False,,5,16,Nozay,3,Gelding,g,Tin Horse,Annie Newton,,60.75,,Y Rousset,G Fourrier,0:0-0-0,0,0,0,,,27,,,,,,,,,,2,0,,,,,,
https://www.racenet.com.au/form-guide/horse-racing/craon-fr-20260928/prix-haras-de-la-haie-neuve-prix-onde-amere-stakes-race-4/overview,Craon,2026-09-28,Craon,"{'eventId': '3439531', 'overall': 'Soft', 'rating': None, 'surface': 'Turf', '__typename': 'TrackCondition'}",4,Prix Haras De La Haie Neuve (Prix Onde Amere) Stakes,2999,3YO,15731,16,False,,6,7,Mister Paramount,3,Gelding,b,Masked Marvel,Pommbelle,,60.75,,Y Barille,Mlle A S Pacault,0:0-0-0,0,0,0,,,33,,,,,,,,,,2,0,,,,,,
https://www.racenet.com.au/form-guide/horse-racing/craon-fr-20260928/prix-haras-de-la-haie-neuve-prix-onde-amere-stakes-race-4/overview,Craon,2026-09-28,Craon,"{'eventId': '3439531', 'overall': 'Soft', 'rating': None, 'surface': 'Turf', '__typename': 'TrackCondition'}",4,Prix Haras De La Haie Neuve (Prix Onde Amere) Stakes,2999,3YO,15731,16,False,,7,10,Nougaway,3,Gelding,ch,Galiway,Valoise,,60.75,,P Remoue,Gabriel Leenders,0:0-0-0,0,0,0,,,0,,,,,,,,,,2,0,,,,,,
https://www.racenet.com.au/form-guide/horse-racing/craon-fr-20260928/prix-haras-de-la-haie-neuve-prix-onde-amere-stakes-race-4/overview,Craon,2026-09-28,Craon,"{'eventId': '3439531', 'overall': 'Soft', 'rating': None, 'surface': 'Turf', '__typename': 'TrackCondition'}",4,Prix Haras De La Haie Neuve (Prix Onde Amere) Stakes,2999,3YO,15731,16,False,,8,2,Night In Blou,3,Gelding,g,Morandi,Miyona,,60.75,,J Guillochon,J Marion,0:0-0-0,0,0,0,,,0,,,,,,,,,,2,0,,,,,,
https://www.racenet.com.au/form-guide/horse-racing/craon-fr-20260928/prix-haras-de-la-haie-neuve-prix-onde-amere-stakes-race-4/overview,Craon,2026-09-28,Craon,"{'eventId': '3439531', 'overall': 'Soft', 'rating': None, 'surface': 'Turf', '__typename': 'TrackCondition'}",4,Prix Haras De La Haie Neuve (Prix Onde Amere) Stakes,2999,3YO,15731,16,False,,9,3,Nexus,3,Gelding,b,French Fifteen,Bara Bahau,,60.75,,Non Runner,J Merienne,0:0-0-0,0,0,0,,,0,,,,,,,,,,3,0,,,,,,
https://www.racenet.com.au/form-guide/horse-racing/craon-fr-20260928/prix-haras-de-la-haie-neuve-prix-onde-amere-stakes-race-4/overview,Craon,2026-09-28,Craon,"{'eventId': '3439531', 'overall': 'Soft', 'rating': None, 'surface': 'Turf', '__typename': 'TrackCondition'}",4,Prix Haras De La Haie Neuve (Prix Onde Amere) Stakes,2999,3YO,15731,16,False,,10,4,Levantin,3,Gelding,g,Tin Horse,Ivan Street,,60.75,,O Longuet,D Mele,0:0-0-0,0,0,0,,,0,,,,,,,,,,2,0,,,,,,
https://www.racenet.com.au/form-guide/horse-racing/craon-fr-20260928/prix-haras-de-la-haie-neuve-prix-onde-amere-stakes-race-4/overview,Craon,2026-09-28,Craon,"{'eventId': '3439531', 'overall': 'Soft', 'rating': None, 'surface': 'Turf', '__typename': 'TrackCondition'}",4,Prix Haras De La Haie Neuve (Prix Onde Amere) Stakes,2999,3YO,15731,16,False,,11,5,Nautilus Du Banco,3,Gelding,b,Flintshire,Miss Rail Link,,60.75,,L Brechet,D Mele,0:0-0-0,0,0,0,,,20,,,,,,,,,,2,0,,,,,,
https://www.racenet.com.au/form-guide/horse-racing/craon-fr-20260928/prix-haras-de-la-haie-neuve-prix-onde-amere-stakes-race-4/overview,Craon,2026-09-28,Craon,"{'eventId': '3439531', 'overall': 'Soft', 'rating': None, 'surface': 'Turf', '__typename': 'TrackCondition'}",4,Prix Haras De La Haie Neuve (Prix Onde Amere) Stakes,2999,3YO,15731,16,False,,12,11,Natif De Cartigny,3,Gelding,b,Bathyrhon,Voulay,,60.75,,C Thelier-mele,D Mele,1:0-0-0,0,0,-100,11,10,38,16,,,,,,o,,,2,0,,,,,,
https://www.racenet.com.au/form-guide/horse-racing/craon-fr-20260928/prix-haras-de-la-haie-neuve-prix-onde-amere-stakes-race-4/overview,Craon,2026-09-28,Craon,"{'eventId': '3439531', 'overall': 'Soft', 'rating': None, 'surface': 'Turf', '__typename': 'TrackCondition'}",4,Prix Haras De La Haie Neuve (Prix Onde Amere) Stakes,2999,3YO,15731,16,False,,13,14,Night Du Breuil,3,Filly,ch,Gris De Gris,Heroine Du Breuil,,59.5,,J Moutard,E Lecoiffier,0:0-0-0,0,0,0,,,4,,,,,,,,,,2,0,,,,,,
https://www.racenet.com.au/form-guide/horse-racing/craon-fr-20260928/prix-haras-de-la-haie-neuve-prix-onde-amere-stakes-race-4/overview,Craon,2026-09-28,Craon,"{'eventId': '3439531', 'overall': 'Soft', 'rating': None, 'surface': 'Turf', '__typename': 'TrackCondition'}",4,Prix Haras De La Haie Neuve (Prix Onde Amere) Stakes,2999,3YO,15731,16,False,,14,9,Melodie De Vassy,3,Filly,b,Cokoriko,Memoire De Vassy,,59.5,,K Michel,E Allaire,0:0-0-0,0,0,0,,,50,,,,,,,,,,2,0,,,,,,
https://www.racenet.com.au/form-guide/horse-racing/craon-fr-20260928/prix-haras-de-la-haie-neuve-prix-onde-amere-stakes-race-4/overview,Craon,2026-09-28,Craon,"{'eventId': '3439531', 'overall': 'Soft', 'rating': None, 'surface': 'Turf', '__typename': 'TrackCondition'}",4,Prix Haras De La Haie Neuve (Prix Onde Amere) Stakes,2999,3YO,15731,16,False,,15,15,Venizzia,3,Filly,ch,Castle Du Berlais,Infinite,,59.5,,A Bourgeais,Mme M Solignac,0:0-0-0,0,0,0,,,0,,,,,,,,,,2,0,,,,,,
https://www.racenet.com.au/form-guide/horse-racing/craon-fr-20260928/prix-haras-de-la-haie-neuve-prix-onde-amere-stakes-race-4/overview,Craon,2026-09-28,Craon,"{'eventId': '3439531', 'overall': 'Soft', 'rating': None, 'surface': 'Turf', '__typename': 'TrackCondition'}",4,Prix Haras De La Haie Neuve (Prix Onde Amere) Stakes,2999,3YO,15731,16,False,,16,8,Libela Des Bambous,3,Filly,ch,Hunter's Light,Lilie,,59.5,,A Subias,N Paysan,0:0-0-0,0,0,0,,,6,,,,,,,,,,2,0,,,,,,
https://www.racenet.com.au/form-guide/horse-racing/craon-fr-20260928/prix-lesieur-prix-du-chene-handicap-race-8/overview,Craon,2026-09-28,Craon,"{'eventId': '3439533', 'overall': 'Soft', 'rating': None, 'surface': 'Turf', '__typename': 'TrackCondition'}",8,Prix Lesieur (Prix Du Chene) Handicap,2399,"3YO, Handicap",25389,14,False,,1,1,Mickael D'oo,3,Gelding,b,Le Brivido,Lorietta,,63,,M Velon,F R Monfort,5:1-0-1,20,40,580,5,81,3,25,,,,,,,,,2,0,,,,,,
https://www.racenet.com.au/form-guide/horse-racing/craon-fr-20260928/prix-lesieur-prix-du-chene-handicap-race-8/overview,Craon,2026-09-28,Craon,"{'eventId': '3439533', 'overall': 'Soft', 'rating': None, 'surface': 'Turf', '__typename': 'TrackCondition'}",8,Prix Lesieur (Prix Du Chene) Handicap,2399,"3YO, Handicap",25389,14,False,,2,10,Astredargent,3,Colt,g,Kendargent,Yonna,,62.5,,L Roussel,E D Monfort,11:2-0-0,18,18,9,11,26,12,101,,,,,,so,,,2,0,,,,,,
https://www.racenet.com.au/form-guide/horse-racing/craon-fr-20260928/prix-lesieur-prix-du-chene-handicap-race-8/overview,Craon,2026-09-28,Craon,"{'eventId': '3439533', 'overall': 'Soft', 'rating': None, 'surface': 'Turf', '__typename': 'TrackCondition'}",8,Prix Lesieur (Prix Du Chene) Handicap,2399,"3YO, Handicap",25389,14,False,,3,12,My Habitude,3,Gelding,b,Galiway,My Lover,,62.5,,C Collet-vidal,Robert Collet,8:2-0-1,25,38,50,1,8.5,12,17,,,,,,ds,,,3,0,,,,,,
https://www.racenet.com.au/form-guide/horse-racing/craon-fr-20260928/prix-lesieur-prix-du-chene-handicap-race-8/overview,Craon,2026-09-28,Craon,"{'eventId': '3439533', 'overall': 'Soft', 'rating': None, 'surface': 'Turf', '__typename': 'TrackCondition'}",8,Prix Lesieur (Prix Du Chene) Handicap,2399,"3YO, Handicap",25389,14,False,,4,5,Autoroute,3,Filly,b,Gleneagles,Gouville,,61.25,,M Protti,H A Pantall,6:0-2-0,0,33,-100,15,21,13,34,,,,,,o,,,4,0,,,,,,
https://www.racenet.com.au/form-guide/horse-racing/craon-fr-20260928/prix-lesieur-prix-du-chene-handicap-race-8/overview,Craon,2026-09-28,Craon,"{'eventId': '3439533', 'overall': 'Soft', 'rating': None, 'surface': 'Turf', '__typename': 'TrackCondition'}",8,Prix Lesieur (Prix Du Chene) Handicap,2399,"3YO, Handicap",25389,14,False,,5,7,Grey Reign,3,Filly,g,The Grey Gatsby,Wootton Saga,,60.75,,A Baron,A Baron,10:3-2-1,30,60,54,2,4.5,11,16,,,,,,s,,,2,0,,,,,,
https://www.racenet.com.au/form-guide/horse-racing/craon-fr-20260928/prix-lesieur-prix-du-chene-handicap-race-8/overview,Craon,2026-09-28,Craon,"{'eventId': '3439533', 'overall': 'Soft', 'rating': None, 'surface': 'Turf', '__typename': 'TrackCondition'}",8,Prix Lesieur (Prix Du Chene) Handicap,2399,"3YO, Handicap",25389,14,False,,6,11,Rusair Fal,3,Colt,b,Russian Cross,Aerach,,60.25,,C Lecoeuvre,P Groualle,9:0-0-0,0,0,-100,4,9.5,14,39,,,,,,,,,3,0,,,,,,
https://www.racenet.com.au/form-guide/horse-racing/craon-fr-20260928/prix-lesieur-prix-du-chene-handicap-race-8/overview,Craon,2026-09-28,Craon,"{'eventId': '3439533', 'overall': 'Soft', 'rating': None, 'surface': 'Turf', '__typename': 'TrackCondition'}",8,Prix Lesieur (Prix Du Chene) Handicap,2399,"3YO, Handicap",25389,14,False,,7,9,Sainte Sarah,3,Filly,b,Zarak,Soie,,59.75,,C Grosbois,L Baudron,7:1-2-0,14,43,-43,12,7,10,41,,,,,,so,,,3,0,,,,,,
https://www.racenet.com.au/form-guide/horse-racing/craon-fr-20260928/prix-lesieur-prix-du-chene-handicap-race-8/overview,Craon,2026-09-28,Craon,"{'eventId': '3439533', 'overall': 'Soft', 'rating': None, 'surface': 'Turf', '__typename': 'TrackCondition'}",8,Prix Lesieur (Prix Du Chene) Handicap,2399,"3YO, Handicap",25389,14,False,,8,3,Lilly's Light,3,Filly,b,Hunter's Light,Lilly Du Havre,,59.75,,L Brechet,M Brasme,5:1-1-1,20,60,-10,3,8.5,14,17,,,,,,d,,,3,0,,,,,,
https://www.racenet.com.au/form-guide/horse-racing/craon-fr-20260928/prix-lesieur-prix-du-chene-handicap-race-8/overview,Craon,2026-09-28,Craon,"{'eventId': '3439533', 'overall': 'Soft', 'rating': None, 'surface': 'Turf', '__typename': 'TrackCondition'}",8,Prix Lesieur (Prix Du Chene) Handicap,2399,"3YO, Handicap",25389,14,False,,9,13,Le Senonnais,3,Colt,b,Ectot,Jaljalah,,59.5,,Non Runner,K Plisson,12:1-1-2,8,33,-73,5,4.5,0,110,,,,,,dhb,,,2,0,,,,,,
https://www.racenet.com.au/form-guide/horse-racing/craon-fr-20260928/prix-lesieur-prix-du-chene-handicap-race-8/overview,Craon,2026-09-28,Craon,"{'eventId': '3439533', 'overall': 'Soft', 'rating': None, 'surface': 'Turf', '__typename': 'TrackCondition'}",8,Prix Lesieur (Prix Du Chene) Handicap,2399,"3YO, Handicap",25389,14,False,,10,2,Sir Patrick,3,Gelding,ch,City Light,Cressida,,59,,Theo Bachelot,S Wattel,5:0-1-0,0,20,-100,5,6,14,17,,,,,,,,,2,0,,,,,,
https://www.racenet.com.au/form-guide/horse-racing/craon-fr-20260928/prix-lesieur-prix-du-chene-handicap-race-8/overview,Craon,2026-09-28,Craon,"{'eventId': '3439533', 'overall': 'Soft', 'rating': None, 'surface': 'Turf', '__typename': 'TrackCondition'}",8,Prix Lesieur (Prix Du Chene) Handicap,2399,"3YO, Handicap",25389,14,False,,11,4,Padova,3,Filly,b,Time Test,Paratonnerre,,59,,Pierre-charles Boudot,M Blancpain,5:0-0-0,0,0,-100,6,5.5,0,17,,,,,,,,,3,0,,,,,,
https://www.racenet.com.au/form-guide/horse-racing/craon-fr-20260928/prix-lesieur-prix-du-chene-handicap-race-8/overview,Craon,2026-09-28,Craon,"{'eventId': '3439533', 'overall': 'Soft', 'rating': None, 'surface': 'Turf', '__typename': 'TrackCondition'}",8,Prix Lesieur (Prix Du Chene) Handicap,2399,"3YO, Handicap",25389,14,False,,12,6,Pray United,3,Gelding,ch,Ultra,Per Perdes,,56.75,,P Remoue,C Corduan,3:0-0-0,0,0,-100,7,23,0,31,,,,,,,,,2,0,,,,,,
https://www.racenet.com.au/form-guide/horse-racing/craon-fr-20260928/prix-lesieur-prix-du-chene-handicap-race-8/overview,Craon,2026-09-28,Craon,"{'eventId': '3439533', 'overall': 'Soft', 'rating': None, 'surface': 'Turf', '__typename': 'TrackCondition'}",8,Prix Lesieur (Prix Du Chene) Handicap,2399,"3YO, Handicap",25389,14,False,,13,14,Adventura,3,Filly,ch,Almanzor,Rapid Transaction,,55.75,,Non Runner,Jean Dubois,14:0-0-3,0,21,-100,4,9,0,17,,,,,,,,,2,0,,,,,,
https://www.racenet.com.au/form-guide/horse-racing/craon-fr-20260928/prix-lesieur-prix-du-chene-handicap-race-8/overview,Craon,2026-09-28,Craon,"{'eventId': '3439533', 'overall': 'Soft', 'rating': None, 'surface': 'Turf', '__typename': 'TrackCondition'}",8,Prix Lesieur (Prix Du Chene) Handicap,2399,"3YO, Handicap",25389,14,False,,14,8,Johnny Drive,3,Gelding,b,Johnny Barnes,First Drive,,55,,H Lebouc,M Drean,15:2-0-2,13,27,-38,9,34,0,56,,,,,,ds,,,3,0,,,,,,
https://www.racenet.com.au/form-guide/horse-racing/craon-fr-20260928/prix-pigeon-tp-loire-anjou-prix-yves-lalleman-maiden-stakes-race-6/overview,Craon,2026-09-28,Craon,"{'eventId': '3439532', 'overall': 'Soft', 'rating': None, 'surface': 'Turf', '__typename': 'TrackCondition'}",6,Prix Pigeon Tp Loire Anjou (Prix  Yves Lalleman) Maiden Stakes,2399,"3YO, Maiden",24296,13,False,,1,7,Horage,3,Gelding,ch,Van Beethoven,For Ever Fun,,58,,C Grosbois,L Gadbin,5:0-0-1,0,20,-100,13,4.5,8,111,,,,,,o,,,2,0,,,,,,
https://www.racenet.com.au/form-guide/horse-racing/craon-fr-20260928/prix-pigeon-tp-loire-anjou-prix-yves-lalleman-maiden-stakes-race-6/overview,Craon,2026-09-28,Craon,"{'eventId': '3439532', 'overall': 'Soft', 'rating': None, 'surface': 'Turf', '__typename': 'TrackCondition'}",6,Prix Pigeon Tp Loire Anjou (Prix  Yves Lalleman) Maiden Stakes,2399,"3YO, Maiden",24296,13,False,,2,4,Haya Gold,3,Colt,b,Anodin,Haya City,,58,,H Lebouc,A Fouassier,6:0-0-0,0,0,-100,11,26,6,28,,,,,,o,,,2,0,,,,,,
https://www.racenet.com.au/form-guide/horse-racing/craon-fr-20260928/prix-pigeon-tp-loire-anjou-prix-yves-lalleman-maiden-stakes-race-6/overview,Craon,2026-09-28,Craon,"{'eventId': '3439532', 'overall': 'Soft', 'rating': None, 'surface': 'Turf', '__typename': 'TrackCondition'}",6,Prix Pigeon Tp Loire Anjou (Prix  Yves Lalleman) Maiden Stakes,2399,"3YO, Maiden",24296,13,False,,3,6,Pacific Sky,3,Gelding,b,Toronado,Painted Girl,,58,,C Collet-vidal,Robert Collet,1:0-0-0,0,0,-100,4,51,12,13,,,,,,,,,4,0,,,,,,
https://www.racenet.com.au/form-guide/horse-racing/craon-fr-20260928/prix-pigeon-tp-loire-anjou-prix-yves-lalleman-maiden-stakes-race-6/overview,Craon,2026-09-28,Craon,"{'eventId': '3439532', 'overall': 'Soft', 'rating': None, 'surface': 'Turf', '__typename': 'TrackCondition'}",6,Prix Pigeon Tp Loire Anjou (Prix  Yves Lalleman) Maiden Stakes,2399,"3YO, Maiden",24296,13,False,,4,12,Zanzare's,3,Gelding,ch,Soft Light,Kapfortuna,,58,,Pierre-charles Boudot,M Seror,1:0-0-0,0,0,-100,5,10,16,21,,,,,,,,,3,0,,,,,,
https://www.racenet.com.au/form-guide/horse-racing/craon-fr-20260928/prix-pigeon-tp-loire-anjou-prix-yves-lalleman-maiden-stakes-race-6/overview,Craon,2026-09-28,Craon,"{'eventId': '3439532', 'overall': 'Soft', 'rating': None, 'surface': 'Turf', '__typename': 'TrackCondition'}",6,Prix Pigeon Tp Loire Anjou (Prix  Yves Lalleman) Maiden Stakes,2399,"3YO, Maiden",24296,13,False,,5,9,Qerdie Des Roses,3,Gelding,b,Madhmoon,Lemon River,,58,,Soufiane Saadi,N Leenders,4:0-1-1,0,50,-100,2,8,0,31,,,,,,,,,3,0,,,,,,
https://www.racenet.com.au/form-guide/horse-racing/craon-fr-20260928/prix-pigeon-tp-loire-anjou-prix-yves-lalleman-maiden-stakes-race-6/overview,Craon,2026-09-28,Craon,"{'eventId': '3439532', 'overall': 'Soft', 'rating': None, 'surface': 'Turf', '__typename': 'TrackCondition'}",6,Prix Pigeon Tp Loire Anjou (Prix  Yves Lalleman) Maiden Stakes,2399,"3YO, Maiden",24296,13,False,,6,2,Epokedeux,3,Gelding,g,Roman Candle,Apokalypsine D'oo,,58,,P Remoue,G Juillet,1:0-0-0,0,0,-100,13,81,0,23,,,,,,o,,,2,0,,,,,,
https://www.racenet.com.au/form-guide/horse-racing/craon-fr-20260928/prix-pigeon-tp-loire-anjou-prix-yves-lalleman-maiden-stakes-race-6/overview,Craon,2026-09-28,Craon,"{'eventId': '3439532', 'overall': 'Soft', 'rating': None, 'surface': 'Turf', '__typename': 'TrackCondition'}",6,Prix Pigeon Tp Loire Anjou (Prix  Yves Lalleman) Maiden Stakes,2399,"3YO, Maiden",24296,13,False,,7,11,Kipchogua,3,Filly,ch,Anodin,Dora Bruder,,56.25,,A Subias,A Nail,2:0-0-0,0,0,-100,7,67,0,24,,,,,,,,,2,0,,,,,,
https://www.racenet.com.au/form-guide/horse-racing/craon-fr-20260928/prix-pigeon-tp-loire-anjou-prix-yves-lalleman-maiden-stakes-race-6/overview,Craon,2026-09-28,Craon,"{'eventId': '3439532', 'overall': 'Soft', 'rating': None, 'surface': 'Turf', '__typename': 'TrackCondition'}",6,Prix Pigeon Tp Loire Anjou (Prix  Yves Lalleman) Maiden Stakes,2399,"3YO, Maiden",24296,13,False,,8,1,Rubis Dreams,3,Filly,ch,Olympic Glory,Rubis Queen,,56.25,,R Juteau,P Confrere,1:0-0-0,0,0,-100,12,41,0,186,,,,,,o,,,2,0,,,,,,
https://www.racenet.com.au/form-guide/horse-racing/craon-fr-20260928/prix-pigeon-tp-loire-anjou-prix-yves-lalleman-maiden-stakes-race-6/overview,Craon,2026-09-28,Craon,"{'eventId': '3439532', 'overall': 'Soft', 'rating': None, 'surface': 'Turf', '__typename': 'TrackCondition'}",6,Prix Pigeon Tp Loire Anjou (Prix  Yves Lalleman) Maiden Stakes,2399,"3YO, Maiden",24296,13,False,,9,13,Pastille Bam's,3,Filly,ch,Anodin,Vauquoise,,56.25,,J Moutard,E Lecoiffier,1:0-0-0,0,0,-100,6,26,4,49,,,,,,,,,2,0,,,,,,
https://www.racenet.com.au/form-guide/horse-racing/craon-fr-20260928/prix-pigeon-tp-loire-anjou-prix-yves-lalleman-maiden-stakes-race-6/overview,Craon,2026-09-28,Craon,"{'eventId': '3439532', 'overall': 'Soft', 'rating': None, 'surface': 'Turf', '__typename': 'TrackCondition'}",6,Prix Pigeon Tp Loire Anjou (Prix  Yves Lalleman) Maiden Stakes,2399,"3YO, Maiden",24296,13,False,,10,3,Malena,3,Filly,b,Madhmoon,Kiora,,56.25,,M Justum,M Justum,8:0-1-0,0,13,-100,5,5,3,39,,,,,,,,,2,0,,,,,,
https://www.racenet.com.au/form-guide/horse-racing/craon-fr-20260928/prix-pigeon-tp-loire-anjou-prix-yves-lalleman-maiden-stakes-race-6/overview,Craon,2026-09-28,Craon,"{'eventId': '3439532', 'overall': 'Soft', 'rating': None, 'surface': 'Turf', '__typename': 'TrackCondition'}",6,Prix Pigeon Tp Loire Anjou (Prix  Yves Lalleman) Maiden Stakes,2399,"3YO, Maiden",24296,13,False,,11,8,New Bede,3,Filly,ch,Tiger Groom,New Glass,,56.25,,C Thelier-mele,D Mele,1:0-1-0,0,100,-100,2,4,38,59,,,,,,,,,2,0,,,,,,
https://www.racenet.com.au/form-guide/horse-racing/craon-fr-20260928/prix-pigeon-tp-loire-anjou-prix-yves-lalleman-maiden-stakes-race-6/overview,Craon,2026-09-28,Craon,"{'eventId': '3439532', 'overall': 'Soft', 'rating': None, 'surface': 'Turf', '__typename': 'TrackCondition'}",6,Prix Pigeon Tp Loire Anjou (Prix  Yves Lalleman) Maiden Stakes,2399,"3YO, Maiden",24296,13,False,,12,10,Val Sun,3,Colt,b,Flintshire,Visinova,,55.75,,O D'Andigne,A Couetil,0:0-0-0,0,0,0,,,15,,,,,,,,,,2,0,,,,,,
https://www.racenet.com.au/form-guide/horse-racing/craon-fr-20260928/prix-pigeon-tp-loire-anjou-prix-yves-lalleman-maiden-stakes-race-6/overview,Craon,2026-09-28,Craon,"{'eventId': '3439532', 'overall': 'Soft', 'rating': None, 'surface': 'Turf', '__typename': 'TrackCondition'}",6,Prix Pigeon Tp Loire Anjou (Prix  Yves Lalleman) Maiden Stakes,2399,"3YO, Maiden",24296,13,False,,13,5,Brivida Flore,3,Filly,ch,Le Brivido,Caprice Flore,,54.5,,L Roussel,E D Monfort,0:0-0-0,0,0,0,,,12,,,,,,,,,,2,0,,,,,,
https://www.racenet.com.au/form-guide/horse-racing/craon-fr-20260928/prix-spie-prix-claude-de-langle-stakes-race-2/overview,Craon,2026-09-28,Craon,"{'eventId': '3439530', 'overall': 'Soft', 'rating': None, 'surface': 'Turf', '__typename': 'TrackCondition'}",2,Prix Spie (Prix Claude De Langle) Stakes,2999,"4YO+, Class 2, Class 2",31302,7,False,,1,5,Princesse D'amour,4,Filly,b,Martinborough,Elusive Action,,56.25,,Pierre-charles Boudot,Jean Dubois,17:4-3-2,24,53,67,2,3.5,23,22,,,,,,dsb,,,2,0,,,,,,
https://www.racenet.com.au/form-guide/horse-racing/craon-fr-20260928/prix-spie-prix-claude-de-langle-stakes-race-2/overview,Craon,2026-09-28,Craon,"{'eventId': '3439530', 'overall': 'Soft', 'rating': None, 'surface': 'Turf', '__typename': 'TrackCondition'}",2,Prix Spie (Prix Claude De Langle) Stakes,2999,"4YO+, Class 2, Class 2",31302,7,False,,2,4,Zarflight,6,Gelding,b,Zarak,Chutney Flight,,55.75,,L Brechet,Gabriel Leenders,17:3-3-2,18,47,-62,7,12,19,112,,,,,,sh,,,3,0,,,,,,
https://www.racenet.com.au/form-guide/horse-racing/craon-fr-20260928/prix-spie-prix-claude-de-langle-stakes-race-2/overview,Craon,2026-09-28,Craon,"{'eventId': '3439530', 'overall': 'Soft', 'rating': None, 'surface': 'Turf', '__typename': 'TrackCondition'}",2,Prix Spie (Prix Claude De Langle) Stakes,2999,"4YO+, Class 2, Class 2",31302,7,False,,3,7,Allure,4,Gelding,g,Persian King,Aniysa,,55.75,,A Baron,A Baron,16:2-2-3,13,44,-77,4,2.75,11,13,,,,,,dshb,,,3,0,,,,,,
https://www.racenet.com.au/form-guide/horse-racing/craon-fr-20260928/prix-spie-prix-claude-de-langle-stakes-race-2/overview,Craon,2026-09-28,Craon,"{'eventId': '3439530', 'overall': 'Soft', 'rating': None, 'surface': 'Turf', '__typename': 'TrackCondition'}",2,Prix Spie (Prix Claude De Langle) Stakes,2999,"4YO+, Class 2, Class 2",31302,7,False,,4,6,Step Morning,8,Gelding,b,Sidestep,By Chaparral,,55.75,,J Moutard,Mme L Veyrinas,28:7-3-5,25,54,192,8,51,7,13,,,,,,ds,,,3,0,,,,,,
https://www.racenet.com.au/form-guide/horse-racing/craon-fr-20260928/prix-spie-prix-claude-de-langle-stakes-race-2/overview,Craon,2026-09-28,Craon,"{'eventId': '3439530', 'overall': 'Soft', 'rating': None, 'surface': 'Turf', '__typename': 'TrackCondition'}",2,Prix Spie (Prix Claude De Langle) Stakes,2999,"4YO+, Class 2, Class 2",31302,7,False,,5,3,The Good Man,9,Stallion,b,Manduro,So Good,,55.75,,Theo Bachelot,S Wattel,49:7-12-11,14,61,-38,8,17,14,34,,,,,,dsh,,,3,0,,,,,,
https://www.racenet.com.au/form-guide/horse-racing/craon-fr-20260928/prix-spie-prix-claude-de-langle-stakes-race-2/overview,Craon,2026-09-28,Craon,"{'eventId': '3439530', 'overall': 'Soft', 'rating': None, 'surface': 'Turf', '__typename': 'TrackCondition'}",2,Prix Spie (Prix Claude De Langle) Stakes,2999,"4YO+, Class 2, Class 2",31302,7,False,,6,2,Flamingway,6,Gelding,ch,Galiway,Becquasana,,55.75,,H Lebouc,N Paysan,18:3-1-2,17,33,-21,1,3,9,103,,,,,,tcds,,,2,0,,,,,,
https://www.racenet.com.au/form-guide/horse-racing/craon-fr-20260928/prix-spie-prix-claude-de-langle-stakes-race-2/overview,Craon,2026-09-28,Craon,"{'eventId': '3439530', 'overall': 'Soft', 'rating': None, 'surface': 'Turf', '__typename': 'TrackCondition'}",2,Prix Spie (Prix Claude De Langle) Stakes,2999,"4YO+, Class 2, Class 2",31302,7,False,,7,1,Cristabel,4,Filly,ch,No Risk At All,Shakman,,54.5,,O D'Andigne,A Couetil,8:2-0-1,25,38,100,6,11,15,22,,,,,,ds,,,2,0,,,,,,
https://www.racenet.com.au/form-guide/horse-racing/curragh-ire-20260927/army-equitation-centenary-irish-european-breeders-fund-maiden-race-1/overview,Curragh,2026-09-27,Curragh,"{'eventId': '3438554', 'overall': 'Soft', 'rating': None, 'surface': 'Turf', '__typename': 'TrackCondition'}",1,Army Equitation Centenary Irish European Breeders Fund Maiden,1408,"2YO, Maiden",35689,16,True,RESULTED,1,3,Activity,2,Gelding,b,Gleneagles,Punakha,RESULTED,60.25,,Nathan Crosse,J Harrington,1:0-0-0,0,0,-100,8,15,7,51,,,,,,,101.0,,19,23,34,41,20.6,6,,0
https://www.racenet.com.au/form-guide/horse-racing/curragh-ire-20260927/army-equitation-centenary-irish-european-breeders-fund-maiden-race-1/overview,Curragh,2026-09-27,Curragh,"{'eventId': '3438554', 'overall': 'Soft', 'rating': None, 'surface': 'Turf', '__typename': 'TrackCondition'}",1,Army Equitation Centenary Irish European Breeders Fund Maiden,1408,"2YO, Maiden",35689,16,True,RESULTED,2,10,Ah Sure Look,2,Gelding,b,Saxon Warrior,Minnie Haha,RESULTED,60.25,,J M Sheridan,M Hassett,0:0-0-0,0,0,0,,,0,,,,,,,,101.0,,19,22,61,51,-16.4,10,,0
https://www.racenet.com.au/form-guide/horse-racing/curragh-ire-20260927/army-equitation-centenary-irish-european-breeders-fund-maiden-race-1/overview,Curragh,2026-09-27,Curragh,"{'eventId': '3438554', 'overall': 'Soft', 'rating': None, 'surface': 'Turf', '__typename': 'TrackCondition'}",1,Army Equitation Centenary Irish European Breeders Fund Maiden,1408,"2YO, Maiden",35689,16,True,RESULTED,3,9,Golden Idol,2,Colt,ch,No Nay Never,Jeremy's Legacy,RESULTED,60.25,,Billy Lee,H De Bromhead,0:0-0-0,0,0,0,,,15,,,,,,,,10.0,,19,32,8,8,0.0,3,,0
https://www.racenet.com.au/form-guide/horse-racing/curragh-ire-20260927/army-equitation-centenary-irish-european-breeders-fund-maiden-race-1/overview,Curragh,2026-09-27,Curragh,"{'eventId': '3438554', 'overall': 'Soft', 'rating': None, 'surface': 'Turf', '__typename': 'TrackCondition'}",1,Army Equitation Centenary Irish European Breeders Fund Maiden,1408,"2YO, Maiden",35689,16,True,,4,15,Hmas Perth,2,Colt,b,Justify,Stars At Night,,60.25,,Wayne Lordan,A P O'Brien,2:0-1-1,0,100,-100,2,5,16,15,,,,,,,1.95,,18,11,2,1.7,-15.0,,,
https://www.racenet.com.au/form-guide/horse-racing/curragh-ire-20260927/army-equitation-centenary-irish-european-breeders-fund-maiden-race-1/overview,Curragh,2026-09-27,Curragh,"{'eventId': '3438554', 'overall': 'Soft', 'rating': None, 'surface': 'Turf', '__typename': 'TrackCondition'}",1,Army Equitation Centenary Irish European Breeders Fund Maiden,1408,"2YO, Maiden",35689,16,True,RESULTED,5,5,Johntom,2,Gelding,b,Cracksman,Caprella,RESULTED,60.25,,Gary Carroll,G P Cromwell,1:0-0-0,0,0,-100,8,34,9,10,,,,,,,201.0,,19,23,51,71,39.2,12,,0
https://www.racenet.com.au/form-guide/horse-racing/curragh-ire-20260927/army-equitation-centenary-irish-european-breeders-fund-maiden-race-1/overview,Curragh,2026-09-27,Curragh,"{'eventId': '3438554', 'overall': 'Soft', 'rating': None, 'surface': 'Turf', '__typename': 'TrackCondition'}",1,Army Equitation Centenary Irish European Breeders Fund Maiden,1408,"2YO, Maiden",35689,16,True,RESULTED,6,1,Maximilien Luce,2,Colt,b,St Mark's Basilica,Sweet Molly Malone,RESULTED,60.25,,Wayne Lordan,A P O'Brien,0:0-0-0,0,0,0,,,16,,,,,,,,7.5,,19,38,13,5,-61.5,11,,0
https://www.racenet.com.au/form-guide/horse-racing/curragh-ire-20260927/army-equitation-centenary-irish-european-breeders-fund-maiden-race-1/overview,Curragh,2026-09-27,Curragh,"{'eventId': '3438554', 'overall': 'Soft', 'rating': None, 'surface': 'Turf', '__typename': 'TrackCondition'}",1,Army Equitation Centenary Irish European Breeders Fund Maiden,1408,"2YO, Maiden",35689,16,True,,7,13,Muscogee Nation,2,Colt,g,Golden Pal,Tulsa,,60.25,,Colin Keane,M O'Callaghan,1:0-0-0,0,0,-100,7,5.5,22,66,,,,,,,11.0,,15,14,13,9.5,-26.9,,,
https://www.racenet.com.au/form-guide/horse-racing/curragh-ire-20260927/army-equitation-centenary-irish-european-breeders-fund-maiden-race-1/overview,Curragh,2026-09-27,Curragh,"{'eventId': '3438554', 'overall': 'Soft', 'rating': None, 'surface': 'Turf', '__typename': 'TrackCondition'}",1,Army Equitation Centenary Irish European Breeders Fund Maiden,1408,"2YO, Maiden",35689,16,True,RESULTED,8,16,Normanton,2,Gelding,b,Ghaiyyath,Allez Sophia,RESULTED,60.25,,Luke McAteer,D Marnane,0:0-0-0,0,0,0,,,12,,,,,,,,16.0,,19,24,26,12,-53.8,4,,0
https://www.racenet.com.au/form-guide/horse-racing/curragh-ire-20260927/army-equitation-centenary-irish-european-breeders-fund-maiden-race-1/overview,Curragh,2026-09-27,Curragh,"{'eventId': '3438554', 'overall': 'Soft', 'rating': None, 'surface': 'Turf', '__typename': 'TrackCondition'}",1,Army Equitation Centenary Irish European Breeders Fund Maiden,1408,"2YO, Maiden",35689,16,True,RESULTED,9,11,One Flash,2,Colt,ch,Mehmas,Taawfan,RESULTED,60.25,,Wesley Joyce,A Sexton,0:0-0-0,0,0,0,,,0,,,,,,,,61.0,,19,37,101,41,-59.4,8,,0
https://www.racenet.com.au/form-guide/horse-racing/curragh-ire-20260927/army-equitation-centenary-irish-european-breeders-fund-maiden-race-1/overview,Curragh,2026-09-27,Curragh,"{'eventId': '3438554', 'overall': 'Soft', 'rating': None, 'surface': 'Turf', '__typename': 'TrackCondition'}",1,Army Equitation Centenary Irish European Breeders Fund Maiden,1408,"2YO, Maiden",35689,16,True,RESULTED,10,14,Overhead Drive,2,Colt,ch,Ghaiyyath,Parisienne Ways,RESULTED,60.25,,Seamie Heffernan,J J Murphy,0:0-0-0,0,0,0,,,7,,,,,,,,18.0,,19,27,51,13,-74.5,2,,0
https://www.racenet.com.au/form-guide/horse-racing/curragh-ire-20260927/army-equitation-centenary-irish-european-breeders-fund-maiden-race-1/overview,Curragh,2026-09-27,Curragh,"{'eventId': '3438554', 'overall': 'Soft', 'rating': None, 'surface': 'Turf', '__typename': 'TrackCondition'}",1,Army Equitation Centenary Irish European Breeders Fund Maiden,1408,"2YO, Maiden",35689,16,True,RESULTED,11,6,Raging Bull,2,Colt,b,Wootton Bassett,Way To My Heart,RESULTED,60.25,,R L Moore,A P O'Brien,1:0-0-0,0,0,-100,7,19,27,49,,,,,,,1.5,,19,38,3,1.32,-56.0,1,,1
https://www.racenet.com.au/form-guide/horse-racing/curragh-ire-20260927/army-equitation-centenary-irish-european-breeders-fund-maiden-race-1/overview,Curragh,2026-09-27,Curragh,"{'eventId': '3438554', 'overall': 'Soft', 'rating': None, 'surface': 'Turf', '__typename': 'TrackCondition'}",1,Army Equitation Centenary Irish European Breeders Fund Maiden,1408,"2YO, Maiden",35689,16,True,RESULTED,12,2,Silk Twist,2,Colt,b,Churchill,Black Silk,RESULTED,60.25,,Scott McCullagh,T Mullins,1:0-0-0,0,0,-100,13,26,0,10,,,,,,o,301.0,,19,29,151,126,-16.6,7,,0
https://www.racenet.com.au/form-guide/horse-racing/curragh-ire-20260927/army-equitation-centenary-irish-european-breeders-fund-maiden-race-1/overview,Curragh,2026-09-27,Curragh,"{'eventId': '3438554', 'overall': 'Soft', 'rating': None, 'surface': 'Turf', '__typename': 'TrackCondition'}",1,Army Equitation Centenary Irish European Breeders Fund Maiden,1408,"2YO, Maiden",35689,16,True,RESULTED,13,7,Soho Dragon,2,Colt,b,Showcasing,Dansky,RESULTED,60.25,,D W O'connor,J J Murphy,0:0-0-0,0,0,0,,,0,,,,,,,,151.0,,19,28,61,91,49.2,13,,0
https://www.racenet.com.au/form-guide/horse-racing/curragh-ire-20260927/army-equitation-centenary-irish-european-breeders-fund-maiden-race-1/overview,Curragh,2026-09-27,Curragh,"{'eventId': '3438554', 'overall': 'Soft', 'rating': None, 'surface': 'Turf', '__typename': 'TrackCondition'}",1,Army Equitation Centenary Irish European Breeders Fund Maiden,1408,"2YO, Maiden",35689,16,True,RESULTED,14,8,Tsali,2,Colt,b,Lucky Vega,Highest Praise,RESULTED,60.25,,Chris Hayes,Kevin Coleman,0:0-0-0,0,0,0,,,0,,,,,,,,41.0,,19,26,17,26,52.9,9,,0
https://www.racenet.com.au/form-guide/horse-racing/curragh-ire-20260927/army-equitation-centenary-irish-european-breeders-fund-maiden-race-1/overview,Curragh,2026-09-27,Curragh,"{'eventId': '3438554', 'overall': 'Soft', 'rating': None, 'surface': 'Turf', '__typename': 'TrackCondition'}",1,Army Equitation Centenary Irish European Breeders Fund Maiden,1408,"2YO, Maiden",35689,16,True,RESULTED,15,12,Yellow Sky,2,Colt,b,Night Of Thunder,Hoorreya,RESULTED,60.25,,Ben Coen,J P Murtagh,2:0-0-0,0,0,-100,6,9.5,13,61,,,,,,,8.5,,19,28,13,6.5,-50.0,5,,0
https://www.racenet.com.au/form-guide/horse-racing/curragh-ire-20260927/army-equitation-centenary-irish-european-breeders-fund-maiden-race-1/overview,Curragh,2026-09-27,Curragh,"{'eventId': '3438554', 'overall': 'Soft', 'rating': None, 'surface': 'Turf', '__typename': 'TrackCondition'}",1,Army Equitation Centenary Irish European Breeders Fund Maiden,1408,"2YO, Maiden",35689,16,True,,16,4,Alpha Betty,2,Filly,b,Nando Parrado,Alphabetique,,58,,Rory Cleary,C W J Farrell,0:0-0-0,0,0,0,,,5,,,,,,,(D/A),41.0,,18,12,101,27,-73.3,,,
https://www.racenet.com.au/form-guide/horse-racing/curragh-ire-20260927/celebrating-county-kildare-and-lexington-twinning-maiden-race-4/overview,Curragh,2026-09-27,Curragh,"{'eventId': '3438557', 'overall': 'Soft', 'rating': None, 'surface': 'Turf', '__typename': 'TrackCondition'}",4,Celebrating County Kildare And Lexington Twinning Maiden,1207,"3YO+, Maiden",32446,14,True,RESULTED,1,14,Upper West Side,5,Gelding,b,Raven's Pass,Sindjara,RESULTED,61.75,,James Ryan,E Lynam,1:0-0-0,0,0,-100,18,201,9,0,,,,,,o,401.0,,19,8,201,126,-37.3,11,,0
https://www.racenet.com.au/form-guide/horse-racing/curragh-ire-20260927/celebrating-county-kildare-and-lexington-twinning-maiden-race-4/overview,Curragh,2026-09-27,Curragh,"{'eventId': '3438557', 'overall': 'Soft', 'rating': None, 'surface': 'Turf', '__typename': 'TrackCondition'}",4,Celebrating County Kildare And Lexington Twinning Maiden,1207,"3YO+, Maiden",32446,14,True,RESULTED,2,1,A Good Yarn,3,Gelding,b,Calyx,Music To My Ears,RESULTED,60.75,,Wayne Lordan,A A Howard,1:0-0-0,0,0,-100,6,4.5,20,0,,,,,,,4.8,,19,46,5,3.9,-22.0,3,,0
https://www.racenet.com.au/form-guide/horse-racing/curragh-ire-20260927/celebrating-county-kildare-and-lexington-twinning-maiden-race-4/overview,Curragh,2026-09-27,Curragh,"{'eventId': '3438557', 'overall': 'Soft', 'rating': None, 'surface': 'Turf', '__typename': 'TrackCondition'}",4,Celebrating County Kildare And Lexington Twinning Maiden,1207,"3YO+, Maiden",32446,14,True,RESULTED,3,7,Port Arthur,3,Gelding,br,Australia,Vestavia,RESULTED,60.75,,Robbie Colgan,M C Grassick,5:0-0-2,0,40,-100,11,26,3,0,,,,,,o,41.0,,19,29,15,21,40.0,2,,0
https://www.racenet.com.au/form-guide/horse-racing/curragh-ire-20260927/celebrating-county-kildare-and-lexington-twinning-maiden-race-4/overview,Curragh,2026-09-27,Curragh,"{'eventId': '3438557', 'overall': 'Soft', 'rating': None, 'surface': 'Turf', '__typename': 'TrackCondition'}",4,Celebrating County Kildare And Lexington Twinning Maiden,1207,"3YO+, Maiden",32446,14,True,RESULTED,4,3,Spider Star,3,Gelding,baybrown,Starman,Leala,RESULTED,60.75,,Adam Browne-souza,D H Kelly,1:0-0-0,0,0,-100,14,151,0,0,,,,,,o,401.0,,19,22,151,126,-16.6,5,,0
https://www.racenet.com.au/form-guide/horse-racing/curragh-ire-20260927/celebrating-county-kildare-and-lexington-twinning-maiden-race-4/overview,Curragh,2026-09-27,Curragh,"{'eventId': '3438557', 'overall': 'Soft', 'rating': None, 'surface': 'Turf', '__typename': 'TrackCondition'}",4,Celebrating County Kildare And Lexington Twinning Maiden,1207,"3YO+, Maiden",32446,14,True,RESULTED,5,11,Valentino Eclipse,3,Colt,b,Gleneagles,Emirate Jewel,RESULTED,60.75,,Seamie Heffernan,J A Stack,2:0-1-0,0,50,-100,4,1.4,13,0,,,,,,,1.4,,19,26,2.25,1.08,-52.0,1,,1
https://www.racenet.com.au/form-guide/horse-racing/curragh-ire-20260927/celebrating-county-kildare-and-lexington-twinning-maiden-race-4/overview,Curragh,2026-09-27,Curragh,"{'eventId': '3438557', 'overall': 'Soft', 'rating': None, 'surface': 'Turf', '__typename': 'TrackCondition'}",4,Celebrating County Kildare And Lexington Twinning Maiden,1207,"3YO+, Maiden",32446,14,True,,6,8,Petticoat Pilot,5,Mare,br,Mehmas,Too Close,,59.5,,Darragh O'Sullivan,D E Finn,1:0-0-0,0,0,-100,-9,67,0,792,,,,,,,401.0,,19,9,151,126,-16.6,,,
https://www.racenet.com.au/form-guide/horse-racing/curragh-ire-20260927/celebrating-county-kildare-and-lexington-twinning-maiden-race-4/overview,Curragh,2026-09-27,Curragh,"{'eventId': '3438557', 'overall': 'Soft', 'rating': None, 'surface': 'Turf', '__typename': 'TrackCondition'}",4,Celebrating County Kildare And Lexington Twinning Maiden,1207,"3YO+, Maiden",32446,14,True,RESULTED,7,2,Caislean Ni Cuan,3,Filly,b,Mehmas,Caislean,RESULTED,58.5,,N G McCullagh,T Mullins,5:0-0-0,0,0,-100,16,21,6,0,,,,,,o,46.0,,19,34,51,21,-58.8,4,,0
https://www.racenet.com.au/form-guide/horse-racing/curragh-ire-20260927/celebrating-county-kildare-and-lexington-twinning-maiden-race-4/overview,Curragh,2026-09-27,Curragh,"{'eventId': '3438557', 'overall': 'Soft', 'rating': None, 'surface': 'Turf', '__typename': 'TrackCondition'}",4,Celebrating County Kildare And Lexington Twinning Maiden,1207,"3YO+, Maiden",32446,14,True,RESULTED,8,10,Gaineamh Min,3,Filly,b,Profitable,A Step Too Far,RESULTED,58.5,,Wesley Joyce,S Byrne,2:0-0-0,0,0,-100,7,126,0,0,,,,,,,351.0,,19,23,61,101,65.6,10,,0
https://www.racenet.com.au/form-guide/horse-racing/curragh-ire-20260927/celebrating-county-kildare-and-lexington-twinning-maiden-race-4/overview,Curragh,2026-09-27,Curragh,"{'eventId': '3438557', 'overall': 'Soft', 'rating': None, 'surface': 'Turf', '__typename': 'TrackCondition'}",4,Celebrating County Kildare And Lexington Twinning Maiden,1207,"3YO+, Maiden",32446,14,True,,9,9,Lilli's Angel,3,Filly,ch,Sioux Nation,Flower Of May,,58.5,,Ben Coen,Daniel McLoughlin,3:0-0-0,0,0,-100,4,13,11,28,,,,,,,9.0,,14,11,11,8,-27.3,,,
https://www.racenet.com.au/form-guide/horse-racing/curragh-ire-20260927/celebrating-county-kildare-and-lexington-twinning-maiden-race-4/overview,Curragh,2026-09-27,Curragh,"{'eventId': '3438557', 'overall': 'Soft', 'rating': None, 'surface': 'Turf', '__typename': 'TrackCondition'}",4,Celebrating County Kildare And Lexington Twinning Maiden,1207,"3YO+, Maiden",32446,14,True,,10,5,Otsana,3,Filly,b,Cotai Glory,Pivotal Era,,58.5,,Billy Lee,P Twomey,2:0-0-1,0,50,-100,3,3,27,22,,,,,,,3.7,,16,8,3,3,0.0,,,
https://www.racenet.com.au/form-guide/horse-racing/curragh-ire-20260927/celebrating-county-kildare-and-lexington-twinning-maiden-race-4/overview,Curragh,2026-09-27,Curragh,"{'eventId': '3438557', 'overall': 'Soft', 'rating': None, 'surface': 'Turf', '__typename': 'TrackCondition'}",4,Celebrating County Kildare And Lexington Twinning Maiden,1207,"3YO+, Maiden",32446,14,True,RESULTED,11,6,Saga Lucia,3,Filly,ch,Cotai Glory,Saga's Legacy,RESULTED,58.5,,Reese Holohan,M O'Callaghan,4:0-0-0,0,0,-100,9,19,25,0,,,,,,,20.0,,19,33,17,15,-11.8,7,,0
https://www.racenet.com.au/form-guide/horse-racing/curragh-ire-20260927/celebrating-county-kildare-and-lexington-twinning-maiden-race-4/overview,Curragh,2026-09-27,Curragh,"{'eventId': '3438557', 'overall': 'Soft', 'rating': None, 'surface': 'Turf', '__typename': 'TrackCondition'}",4,Celebrating County Kildare And Lexington Twinning Maiden,1207,"3YO+, Maiden",32446,14,True,RESULTED,12,13,The Hidden Garden,3,Filly,ch,Australia,Iveagh Gardens,RESULTED,58.5,,Declan McDonogh,E & P Harty,0:0-0-0,0,0,0,,,7,,,,,,,,31.0,,19,33,51,23,-54.9,9,,0
https://www.racenet.com.au/form-guide/horse-racing/curragh-ire-20260927/celebrating-county-kildare-and-lexington-twinning-maiden-race-4/overview,Curragh,2026-09-27,Curragh,"{'eventId': '3438557', 'overall': 'Soft', 'rating': None, 'surface': 'Turf', '__typename': 'TrackCondition'}",4,Celebrating County Kildare And Lexington Twinning Maiden,1207,"3YO+, Maiden",32446,14,True,RESULTED,13,12,Tourin,3,Filly,b,Mehmas,Tecla,RESULTED,58.5,,Gavin Ryan,J A Stack,2:0-0-1,0,50,-100,6,10,7,0,,,,,,,12.0,,19,29,13,9,-30.8,8,,0
https://www.racenet.com.au/form-guide/horse-racing/curragh-ire-20260927/celebrating-county-kildare-and-lexington-twinning-maiden-race-4/overview,Curragh,2026-09-27,Curragh,"{'eventId': '3438557', 'overall': 'Soft', 'rating': None, 'surface': 'Turf', '__typename': 'TrackCondition'}",4,Celebrating County Kildare And Lexington Twinning Maiden,1207,"3YO+, Maiden",32446,14,True,RESULTED,14,4,Tribal Belle,3,Filly,b,Sioux Nation,Falabelle,RESULTED,58.5,,Chris Hayes,Gerard O'Leary,1:0-0-0,0,0,-100,10,67,0,0,,,,,,o,101.0,,19,29,51,61,19.6,6,,0
https://www.racenet.com.au/form-guide/horse-racing/curragh-ire-20260927/darley-fillies-stakes-group-3-race-5/overview,Curragh,2026-09-27,Curragh,"{'eventId': '3438558', 'overall': 'Soft', 'rating': None, 'surface': 'Turf', '__typename': 'TrackCondition'}",5,Darley Fillies Stakes (Group 3),1408,"2YO, Fillies, Class 1, Class 1",113564,8,True,RESULTED,1,6,Alpine Wedding,2,Filly,ch,Sioux Nation,Wedding Dress,RESULTED,58,,Billy Lee,P Twomey,5:1-0-1,20,40,-13,1,4.5,27,0,,,,,,dn,5.0,,19,50,7,4.2,-40.0,2,,0
https://www.racenet.com.au/form-guide/horse-racing/curragh-ire-20260927/darley-fillies-stakes-group-3-race-5/overview,Curragh,2026-09-27,Curragh,"{'eventId': '3438558', 'overall': 'Soft', 'rating': None, 'surface': 'Turf', '__typename': 'TrackCondition'}",5,Darley Fillies Stakes (Group 3),1408,"2YO, Fillies, Class 1, Class 1",113564,8,True,RESULTED,2,8,Curracloe,2,Filly,b,Baaeed,Sassy Little Lila,RESULTED,58,,Ben Coen,J P Murtagh,1:1-0-0,100,100,2200,1,2.63,13,0,,,,,,dsn,2.62,,19,33,2.8,2.4,-14.3,1,,1
https://www.racenet.com.au/form-guide/horse-racing/curragh-ire-20260927/darley-fillies-stakes-group-3-race-5/overview,Curragh,2026-09-27,Curragh,"{'eventId': '3438558', 'overall': 'Soft', 'rating': None, 'surface': 'Turf', '__typename': 'TrackCondition'}",5,Darley Fillies Stakes (Group 3),1408,"2YO, Fillies, Class 1, Class 1",113564,8,True,RESULTED,3,5,Damsel In Distress,2,Filly,b,Minzaal,Shenoya,RESULTED,58,,Colin Keane,Daniel McLoughlin,4:1-0-1,25,50,200,3,2.63,0,0,,,,,,n,2.62,,19,50,4.5,2.5,-44.4,3,,0
https://www.racenet.com.au/form-guide/horse-racing/curragh-ire-20260927/darley-fillies-stakes-group-3-race-5/overview,Curragh,2026-09-27,Curragh,"{'eventId': '3438558', 'overall': 'Soft', 'rating': None, 'surface': 'Turf', '__typename': 'TrackCondition'}",5,Darley Fillies Stakes (Group 3),1408,"2YO, Fillies, Class 1, Class 1",113564,8,True,RESULTED,4,3,Film Set,2,Filly,b,Siyouni,History,RESULTED,58,,R L Moore,A P O'Brien,2:0-1-0,0,50,-100,2,12,27,0,,,,,,,13.0,,19,49,7,10,42.9,5,,0
https://www.racenet.com.au/form-guide/horse-racing/curragh-ire-20260927/darley-fillies-stakes-group-3-race-5/overview,Curragh,2026-09-27,Curragh,"{'eventId': '3438558', 'overall': 'Soft', 'rating': None, 'surface': 'Turf', '__typename': 'TrackCondition'}",5,Darley Fillies Stakes (Group 3),1408,"2YO, Fillies, Class 1, Class 1",113564,8,True,RESULTED,5,2,Fine Line,2,Filly,ch,Sioux Nation,Shelter,RESULTED,58,,Robbie Colgan,D Hogan,7:0-1-0,0,14,-100,2,101,0,0,,,,,,(D/A),151.0,,19,40,51,91,78.4,7,,0
https://www.racenet.com.au/form-guide/horse-racing/curragh-ire-20260927/darley-fillies-stakes-group-3-race-5/overview,Curragh,2026-09-27,Curragh,"{'eventId': '3438558', 'overall': 'Soft', 'rating': None, 'surface': 'Turf', '__typename': 'TrackCondition'}",5,Darley Fillies Stakes (Group 3),1408,"2YO, Fillies, Class 1, Class 1",113564,8,True,RESULTED,6,7,Lady Patrona,2,Filly,ch,Cotai Glory,Presiding Officer,RESULTED,58,,Keithen Kennedy,J Harrington,6:1-1-1,17,50,-67,7,41,9,0,,,,,,sn,61.0,,19,38,51,41,-19.6,4,,0
https://www.racenet.com.au/form-guide/horse-racing/curragh-ire-20260927/darley-fillies-stakes-group-3-race-5/overview,Curragh,2026-09-27,Curragh,"{'eventId': '3438558', 'overall': 'Soft', 'rating': None, 'surface': 'Turf', '__typename': 'TrackCondition'}",5,Darley Fillies Stakes (Group 3),1408,"2YO, Fillies, Class 1, Class 1",113564,8,True,RESULTED,7,1,Tosca No Candis,2,Filly,b,Blue Point,Honeymead,RESULTED,58,,D W O'connor,Robson Aguiar,5:1-0-0,20,20,-13,7,41,14,0,,,,,,n,51.0,,19,34,21,34,61.9,6,,0
https://www.racenet.com.au/form-guide/horse-racing/curragh-ire-20260927/darley-fillies-stakes-group-3-race-5/overview,Curragh,2026-09-27,Curragh,"{'eventId': '3438558', 'overall': 'Soft', 'rating': None, 'surface': 'Turf', '__typename': 'TrackCondition'}",5,Darley Fillies Stakes (Group 3),1408,"2YO, Fillies, Class 1, Class 1",113564,8,True,RESULTED,8,4,Value Pending,2,Filly,b,Harry Angel,Everkyllachy,RESULTED,58,,J M Sheridan,J P O'Brien,1:1-0-0,100,100,1200,1,21,18,0,,,,,,n,21.0,,19,50,3.6,16,344.4,8,,0
https://www.racenet.com.au/form-guide/horse-racing/curragh-ire-20260927/friends-of-the-curragh-irish-cesarewitch-0-110-premier-handicap-race-6/overview,Curragh,2026-09-27,Curragh,"{'eventId': '3438559', 'overall': 'Soft', 'rating': None, 'surface': 'Turf', '__typename': 'TrackCondition'}",6,Friends Of The Curragh Irish Cesarewitch (0-110) (Premier Handicap),3374,"3YO+, Handicap",782758,33,True,RESULTED,1,21,Chally Chute,8,Gelding,ch,Fast Company,Edith Somerville,RESULTED,64.5,,Sam Coen,R O'Sullivan,24:6-3-2,25,46,519,5,6,0,88,,,,,,tdshn,21.0,,15,29,29,16,-44.8,1,,1
https://www.racenet.com.au/form-guide/horse-racing/curragh-ire-20260927/friends-of-the-curragh-irish-cesarewitch-0-110-premier-handicap-race-6/overview,Curragh,2026-09-27,Curragh,"{'eventId': '3438559', 'overall': 'Soft', 'rating': None, 'surface': 'Turf', '__typename': 'TrackCondition'}",6,Friends Of The Curragh Irish Cesarewitch (0-110) (Premier Handicap),3374,"3YO+, Handicap",782758,33,True,RESULTED,2,8,Absurde,8,Gelding,b,Fastnet Rock,Incroyable,RESULTED,63.5,,Daniel King,W P Mullins,33:7-8-6,21,64,-88,7,41,15,148,-0.01,-0.51,-1.01,-1.81,-3.98,dshon,71.0,,15,4,8.5,31,264.7,25,,0
https://www.racenet.com.au/form-guide/horse-racing/curragh-ire-20260927/friends-of-the-curragh-irish-cesarewitch-0-110-premier-handicap-race-6/overview,Curragh,2026-09-27,Curragh,"{'eventId': '3438559', 'overall': 'Soft', 'rating': None, 'surface': 'Turf', '__typename': 'TrackCondition'}",6,Friends Of The Curragh Irish Cesarewitch (0-110) (Premier Handicap),3374,"3YO+, Handicap",782758,33,True,RESULTED,3,33,Tennessee Stud,4,Colt,b,Wootton Bassett,In My Dreams,RESULTED,63.5,,Hugh Horgan,J P O'Brien,15:3-1-5,20,60,-72,7,41,11,14,,,,,,shon,61.0,,15,3,20,23,15.0,11,,0
https://www.racenet.com.au/form-guide/horse-racing/curragh-ire-20260927/friends-of-the-curragh-irish-cesarewitch-0-110-premier-handicap-race-6/overview,Curragh,2026-09-27,Curragh,"{'eventId': '3438559', 'overall': 'Soft', 'rating': None, 'surface': 'Turf', '__typename': 'TrackCondition'}",6,Friends Of The Curragh Irish Cesarewitch (0-110) (Premier Handicap),3374,"3YO+, Handicap",782758,33,True,RESULTED,4,4,Leinster,5,Gelding,b,Camelot,Black Envy,RESULTED,62.5,,Seamie Heffernan,J P O'Brien,13:3-0-2,23,38,13,5,101,15,14,,,,,,tsn,26.0,,15,3,20,23,15.0,15,,0
https://www.racenet.com.au/form-guide/horse-racing/curragh-ire-20260927/friends-of-the-curragh-irish-cesarewitch-0-110-premier-handicap-race-6/overview,Curragh,2026-09-27,Curragh,"{'eventId': '3438559', 'overall': 'Soft', 'rating': None, 'surface': 'Turf', '__typename': 'TrackCondition'}",6,Friends Of The Curragh Irish Cesarewitch (0-110) (Premier Handicap),3374,"3YO+, Handicap",782758,33,True,RESULTED,5,1,A Piece Of Heaven,8,Gelding,b,Jukebox Jury,Activa,RESULTED,62.25,,Luke McAteer,J P O'Brien,16:4-3-2,25,56,8,6,6,0,99,,,,,,n,31.0,,15,11,16,19,18.8,27,,0
https://www.racenet.com.au/form-guide/horse-racing/curragh-ire-20260927/friends-of-the-curragh-irish-cesarewitch-0-110-premier-handicap-race-6/overview,Curragh,2026-09-27,Curragh,"{'eventId': '3438559', 'overall': 'Soft', 'rating': None, 'surface': 'Turf', '__typename': 'TrackCondition'}",6,Friends Of The Curragh Irish Cesarewitch (0-110) (Premier Handicap),3374,"3YO+, Handicap",782758,33,True,RESULTED,6,18,The Reverend,5,Gelding,b,Lope De Vega,Burning Rules,RESULTED,61.75,,Billy Lee,W P Mullins,11:5-2-0,45,64,63,4,15,6,15,,,,,,dshn,6.25,,15,35,6.5,5,-23.1,18,,0
https://www.racenet.com.au/form-guide/horse-racing/curragh-ire-20260927/friends-of-the-curragh-irish-cesarewitch-0-110-premier-handicap-race-6/overview,Curragh,2026-09-27,Curragh,"{'eventId': '3438559', 'overall': 'Soft', 'rating': None, 'surface': 'Turf', '__typename': 'TrackCondition'}",6,Friends Of The Curragh Irish Cesarewitch (0-110) (Premier Handicap),3374,"3YO+, Handicap",782758,33,True,,7,17,Uxmal,7,Gelding,b,Galileo,Only Mine,,61.25,,Scott McCullagh,J P O'Brien,12:3-3-1,25,58,-30,4,2.5,6,57,,,,,,sbn,81.0,,15,9,34,41,20.6,,,
https://www.racenet.com.au/form-guide/horse-racing/curragh-ire-20260927/friends-of-the-curragh-irish-cesarewitch-0-110-premier-handicap-race-6/overview,Curragh,2026-09-27,Curragh,"{'eventId': '3438559', 'overall': 'Soft', 'rating': None, 'surface': 'Turf', '__typename': 'TrackCondition'}",6,Friends Of The Curragh Irish Cesarewitch (0-110) (Premier Handicap),3374,"3YO+, Handicap",782758,33,True,RESULTED,8,28,Holy See,5,Gelding,b,Night Of Thunder,Lady Of The Lamp,RESULTED,60.75,,Jamie Orr,W Durkan,16:3-3-2,19,50,63,10,5.5,14,15,,,,,,son,101.0,,15,38,46,71,54.3,29,,0
https://www.racenet.com.au/form-guide/horse-racing/curragh-ire-20260927/friends-of-the-curragh-irish-cesarewitch-0-110-premier-handicap-race-6/overview,Curragh,2026-09-27,Curragh,"{'eventId': '3438559', 'overall': 'Soft', 'rating': None, 'surface': 'Turf', '__typename': 'TrackCondition'}",6,Friends Of The Curragh Irish Cesarewitch (0-110) (Premier Handicap),3374,"3YO+, Handicap",782758,33,True,RESULTED,9,32,Comfort Zone,7,Gelding,b,Churchill,Iveagh Gardens,RESULTED,59.5,,Julian Pietropaolo,J P O'Brien,32:6-3-6,19,47,8,9,41,9,15,,,,,,dsn,34.0,,15,46,31,13,-58.1,9,,0
https://www.racenet.com.au/form-guide/horse-racing/curragh-ire-20260927/friends-of-the-curragh-irish-cesarewitch-0-110-premier-handicap-race-6/overview,Curragh,2026-09-27,Curragh,"{'eventId': '3438559', 'overall': 'Soft', 'rating': None, 'surface': 'Turf', '__typename': 'TrackCondition'}",6,Friends Of The Curragh Irish Cesarewitch (0-110) (Premier Handicap),3374,"3YO+, Handicap",782758,33,True,RESULTED,10,5,Valiancy,4,Gelding,b,Cracksman,Dromana,RESULTED,59,,James Doyle,W J Haggas,9:3-2-1,33,67,-7,9,4,23,58,,,,,,n,12.0,,15,25,10,10,0.0,28,,0
https://www.racenet.com.au/form-guide/horse-racing/curragh-ire-20260927/friends-of-the-curragh-irish-cesarewitch-0-110-premier-handicap-race-6/overview,Curragh,2026-09-27,Curragh,"{'eventId': '3438559', 'overall': 'Soft', 'rating': None, 'surface': 'Turf', '__typename': 'TrackCondition'}",6,Friends Of The Curragh Irish Cesarewitch (0-110) (Premier Handicap),3374,"3YO+, Handicap",782758,33,True,RESULTED,11,24,Bunting,6,Gelding,b,Bathyrhon,That's Crazy,RESULTED,58.5,,Ben Coen,W P Mullins,20:3-1-2,15,30,-83,1,1.91,24,33,,,,,,shn,21.0,,15,38,35,19,-45.7,7,,0
https://www.racenet.com.au/form-guide/horse-racing/curragh-ire-20260927/friends-of-the-curragh-irish-cesarewitch-0-110-premier-handicap-race-6/overview,Curragh,2026-09-27,Curragh,"{'eventId': '3438559', 'overall': 'Soft', 'rating': None, 'surface': 'Turf', '__typename': 'TrackCondition'}",6,Friends Of The Curragh Irish Cesarewitch (0-110) (Premier Handicap),3374,"3YO+, Handicap",782758,33,True,RESULTED,12,13,Blake,5,Gelding,b,Zoffany,Love's Secret,RESULTED,57.5,,Colin Keane,N Meade,16:4-5-2,25,69,126,2,9.5,13,152,,,,,,dsn,11.0,,15,19,19,9,-52.6,8,,0
https://www.racenet.com.au/form-guide/horse-racing/curragh-ire-20260927/friends-of-the-curragh-irish-cesarewitch-0-110-premier-handicap-race-6/overview,Curragh,2026-09-27,Curragh,"{'eventId': '3438559', 'overall': 'Soft', 'rating': None, 'surface': 'Turf', '__typename': 'TrackCondition'}",6,Friends Of The Curragh Irish Cesarewitch (0-110) (Premier Handicap),3374,"3YO+, Handicap",782758,33,True,RESULTED,13,12,Tim Toe,5,Gelding,b,Joshua Tree,Kilbarry Rose,RESULTED,57.5,,Ronan Whelan,H De Bromhead,7:3-1-2,43,86,293,3,9,12,103,,,,,,sn,11.0,,15,9,6.5,9,38.5,16,,0
https://www.racenet.com.au/form-guide/horse-racing/curragh-ire-20260927/friends-of-the-curragh-irish-cesarewitch-0-110-premier-handicap-race-6/overview,Curragh,2026-09-27,Curragh,"{'eventId': '3438559', 'overall': 'Soft', 'rating': None, 'surface': 'Turf', '__typename': 'TrackCondition'}",6,Friends Of The Curragh Irish Cesarewitch (0-110) (Premier Handicap),3374,"3YO+, Handicap",782758,33,True,RESULTED,14,31,Immutable,6,Gelding,b,Muhaarar,Rosie Scot,RESULTED,57.25,,Gary Carroll,J G Murphy,21:5-7-1,24,62,108,1,26,10,15,,,,,,dshn,31.0,,15,6,14,17,21.4,20,,0
https://www.racenet.com.au/form-guide/horse-racing/curragh-ire-20260927/friends-of-the-curragh-irish-cesarewitch-0-110-premier-handicap-race-6/overview,Curragh,2026-09-27,Curragh,"{'eventId': '3438559', 'overall': 'Soft', 'rating': None, 'surface': 'Turf', '__typename': 'TrackCondition'}",6,Friends Of The Curragh Irish Cesarewitch (0-110) (Premier Handicap),3374,"3YO+, Handicap",782758,33,True,RESULTED,15,2,Sky Captain,5,Gelding,b,Fracas,Saoire,RESULTED,57.25,,J M Sheridan,J P O'Brien,5:1-3-0,20,80,-20,6,9,18,14,,,,,,sn,7.0,,15,25,6.5,4.8,-26.2,6,,0
https://www.racenet.com.au/form-guide/horse-racing/curragh-ire-20260927/friends-of-the-curragh-irish-cesarewitch-0-110-premier-handicap-race-6/overview,Curragh,2026-09-27,Curragh,"{'eventId': '3438559', 'overall': 'Soft', 'rating': None, 'surface': 'Turf', '__typename': 'TrackCondition'}",6,Friends Of The Curragh Irish Cesarewitch (0-110) (Premier Handicap),3374,"3YO+, Handicap",782758,33,True,RESULTED,16,11,Eagle Fang,6,Gelding,b,Free Eagle,Scatina,RESULTED,56.75,,S Tormey,W Durkan,23:4-6-3,17,57,61,8,4,0,36,,,,,,shbn,34.0,,15,5,20,23,15.0,12,,0
https://www.racenet.com.au/form-guide/horse-racing/curragh-ire-20260927/friends-of-the-curragh-irish-cesarewitch-0-110-premier-handicap-race-6/overview,Curragh,2026-09-27,Curragh,"{'eventId': '3438559', 'overall': 'Soft', 'rating': None, 'surface': 'Turf', '__typename': 'TrackCondition'}",6,Friends Of The Curragh Irish Cesarewitch (0-110) (Premier Handicap),3374,"3YO+, Handicap",782758,33,True,RESULTED,17,29,Galileo Dame,5,Mare,ch,Galileo Gold,Two For Tea,RESULTED,56.75,,Chris Hayes,J P O'Brien,24:2-8-2,8,50,-82,3,19,13,18,,,,,,hn,34.0,,15,39,31,26,-16.1,3,,0
https://www.racenet.com.au/form-guide/horse-racing/curragh-ire-20260927/friends-of-the-curragh-irish-cesarewitch-0-110-premier-handicap-race-6/overview,Curragh,2026-09-27,Curragh,"{'eventId': '3438559', 'overall': 'Soft', 'rating': None, 'surface': 'Turf', '__typename': 'TrackCondition'}",6,Friends Of The Curragh Irish Cesarewitch (0-110) (Premier Handicap),3374,"3YO+, Handicap",782758,33,True,RESULTED,18,16,Glenroyal,4,Gelding,ch,Australia,Reine De Coeur,RESULTED,56.75,,Keithen Kennedy,J P O'Brien,14:3-1-1,21,36,-46,18,41,0,15,,,,,,son,101.0,,15,32,61,71,16.4,21,,0
https://www.racenet.com.au/form-guide/horse-racing/curragh-ire-20260927/friends-of-the-curragh-irish-cesarewitch-0-110-premier-handicap-race-6/overview,Curragh,2026-09-27,Curragh,"{'eventId': '3438559', 'overall': 'Soft', 'rating': None, 'surface': 'Turf', '__typename': 'TrackCondition'}",6,Friends Of The Curragh Irish Cesarewitch (0-110) (Premier Handicap),3374,"3YO+, Handicap",782758,33,True,RESULTED,19,9,Granite Bay,5,Gelding,b,Time Test,Indira,RESULTED,56.75,,Reese Holohan,J P Fahey,17:3-4-1,18,47,58,2,6.5,10,15,,,,,,sn,31.0,,15,3,12,14,16.7,24,,0
https://www.racenet.com.au/form-guide/horse-racing/curragh-ire-20260927/friends-of-the-curragh-irish-cesarewitch-0-110-premier-handicap-race-6/overview,Curragh,2026-09-27,Curragh,"{'eventId': '3438559', 'overall': 'Soft', 'rating': None, 'surface': 'Turf', '__typename': 'TrackCondition'}",6,Friends Of The Curragh Irish Cesarewitch (0-110) (Premier Handicap),3374,"3YO+, Handicap",782758,33,True,RESULTED,20,6,Port Of Spain,3,Colt,b,St Mark's Basilica,Alive Alive Oh,RESULTED,56.75,,R L Moore,A P O'Brien,10:1-1-2,10,40,-78,2,7.5,27,35,,,,,,n,12.0,,15,22,10,9,-10.0,17,,0
https://www.racenet.com.au/form-guide/horse-racing/curragh-ire-20260927/friends-of-the-curragh-irish-cesarewitch-0-110-premier-handicap-race-6/overview,Curragh,2026-09-27,Curragh,"{'eventId': '3438559', 'overall': 'Soft', 'rating': None, 'surface': 'Turf', '__typename': 'TrackCondition'}",6,Friends Of The Curragh Irish Cesarewitch (0-110) (Premier Handicap),3374,"3YO+, Handicap",782758,33,True,,21,26,Puturhandstogether,5,Gelding,b,Caravaggio,Round Of Applause,,56.25,,N G McCullagh,J P O'Brien,23:4-3-4,17,48,13,18,17,12,59,,,,,,tcdson,34.0,,13,7,23,15,-34.8,,,
https://www.racenet.com.au/form-guide/horse-racing/curragh-ire-20260927/friends-of-the-curragh-irish-cesarewitch-0-110-premier-handicap-race-6/overview,Curragh,2026-09-27,Curragh,"{'eventId': '3438559', 'overall': 'Soft', 'rating': None, 'surface': 'Turf', '__typename': 'TrackCondition'}",6,Friends Of The Curragh Irish Cesarewitch (0-110) (Premier Handicap),3374,"3YO+, Handicap",782758,33,True,,22,30,Truth Be Told,4,Gelding,b,Too Darn Hot,Princess Highway,,56.25,,Robbie Colgan,M C Grassick,12:2-1-1,17,33,50,6,11,3,15,,,,,,sn,26.0,,13,7,16,19,18.8,,,
https://www.racenet.com.au/form-guide/horse-racing/curragh-ire-20260927/friends-of-the-curragh-irish-cesarewitch-0-110-premier-handicap-race-6/overview,Curragh,2026-09-27,Curragh,"{'eventId': '3438559', 'overall': 'Soft', 'rating': None, 'surface': 'Turf', '__typename': 'TrackCondition'}",6,Friends Of The Curragh Irish Cesarewitch (0-110) (Premier Handicap),3374,"3YO+, Handicap",782758,33,True,RESULTED,23,23,Sirius,7,Mare,br,Ectot,Across The Sky,RESULTED,55.75,,Andrew Slattery,W P Mullins,18:6-2-1,33,50,304,11,19,0,61,,,,,,tdshon,34.0,,15,41,61,29,-52.5,2,,0
https://www.racenet.com.au/form-guide/horse-racing/curragh-ire-20260927/friends-of-the-curragh-irish-cesarewitch-0-110-premier-handicap-race-6/overview,Curragh,2026-09-27,Curragh,"{'eventId': '3438559', 'overall': 'Soft', 'rating': None, 'surface': 'Turf', '__typename': 'TrackCondition'}",6,Friends Of The Curragh Irish Cesarewitch (0-110) (Premier Handicap),3374,"3YO+, Handicap",782758,33,True,RESULTED,24,7,Cornelienne,5,Mare,baybrown,Golden Horn,Australienne,RESULTED,55.25,,Jamie Powell,J P O'Brien,11:2-4-1,18,64,-25,5,8.5,0,52,,,,,,hn,81.0,,15,32,61,51,-16.4,26,,0
https://www.racenet.com.au/form-guide/horse-racing/curragh-ire-20260927/friends-of-the-curragh-irish-cesarewitch-0-110-premier-handicap-race-6/overview,Curragh,2026-09-27,Curragh,"{'eventId': '3438559', 'overall': 'Soft', 'rating': None, 'surface': 'Turf', '__typename': 'TrackCondition'}",6,Friends Of The Curragh Irish Cesarewitch (0-110) (Premier Handicap),3374,"3YO+, Handicap",782758,33,True,RESULTED,25,27,Kingstonian,4,Gelding,b,Study Of Man,Kinetica,RESULTED,55.25,,Nathan Crosse,J P O'Brien,10:1-2-2,10,50,-79,3,2.88,4,36,,,,,,bn,34.0,,15,31,23,17,-26.1,10,,0
https://www.racenet.com.au/form-guide/horse-racing/curragh-ire-20260927/friends-of-the-curragh-irish-cesarewitch-0-110-premier-handicap-race-6/overview,Curragh,2026-09-27,Curragh,"{'eventId': '3438559', 'overall': 'Soft', 'rating': None, 'surface': 'Turf', '__typename': 'TrackCondition'}",6,Friends Of The Curragh Irish Cesarewitch (0-110) (Premier Handicap),3374,"3YO+, Handicap",782758,33,True,RESULTED,26,20,Light Up The Dark,5,Mare,b,Camelot,Tiptree,RESULTED,55.25,,Declan McDonogh,J P O'Brien,11:4-1-1,36,55,12,2,4,10,36,,,,,,shbn,19.0,,15,43,14,13,-7.1,19,,0
https://www.racenet.com.au/form-guide/horse-racing/curragh-ire-20260927/friends-of-the-curragh-irish-cesarewitch-0-110-premier-handicap-race-6/overview,Curragh,2026-09-27,Curragh,"{'eventId': '3438559', 'overall': 'Soft', 'rating': None, 'surface': 'Turf', '__typename': 'TrackCondition'}",6,Friends Of The Curragh Irish Cesarewitch (0-110) (Premier Handicap),3374,"3YO+, Handicap",782758,33,True,RESULTED,27,15,Shosholoza,3,Colt,b,Australia,Ecosse,RESULTED,55.25,,Wayne Lordan,J P O'Brien,5:1-0-0,20,20,120,6,9.5,12,99,,,,,,hn,46.0,,15,40,31,34,9.7,14,,0
https://www.racenet.com.au/form-guide/horse-racing/curragh-ire-20260927/friends-of-the-curragh-irish-cesarewitch-0-110-premier-handicap-race-6/overview,Curragh,2026-09-27,Curragh,"{'eventId': '3438559', 'overall': 'Soft', 'rating': None, 'surface': 'Turf', '__typename': 'TrackCondition'}",6,Friends Of The Curragh Irish Cesarewitch (0-110) (Premier Handicap),3374,"3YO+, Handicap",782758,33,True,RESULTED,28,10,Zanndabad,7,Gelding,b,Iffraaj,Zanoubiya,RESULTED,55.25,,James Ryan,A J Martin,34:6-4-4,18,41,-80,14,11,13,37,,,,,,son,71.0,,15,37,46,41,-10.9,22,,0
https://www.racenet.com.au/form-guide/horse-racing/curragh-ire-20260927/friends-of-the-curragh-irish-cesarewitch-0-110-premier-handicap-race-6/overview,Curragh,2026-09-27,Curragh,"{'eventId': '3438559', 'overall': 'Soft', 'rating': None, 'surface': 'Turf', '__typename': 'TrackCondition'}",6,Friends Of The Curragh Irish Cesarewitch (0-110) (Premier Handicap),3374,"3YO+, Handicap",782758,33,True,RESULTED,29,3,Shoda,5,Mare,b,Nathaniel,Que Pasa,RESULTED,55,,Shay Wallace,J P O'Brien,16:3-2-5,19,63,-40,1,1.8,8,49,,,,,,dsn,34.0,,15,17,31,26,-16.1,5,,0
https://www.racenet.com.au/form-guide/horse-racing/curragh-ire-20260927/friends-of-the-curragh-irish-cesarewitch-0-110-premier-handicap-race-6/overview,Curragh,2026-09-27,Curragh,"{'eventId': '3438559', 'overall': 'Soft', 'rating': None, 'surface': 'Turf', '__typename': 'TrackCondition'}",6,Friends Of The Curragh Irish Cesarewitch (0-110) (Premier Handicap),3374,"3YO+, Handicap",782758,33,True,RESULTED,30,14,Madbadanddangerous,3,Gelding,b,Coulsty,Bonnefio,RESULTED,54.5,,Gavin Ryan,N Meade,9:3-2-1,33,67,222,20,26,7,15,,,,,,son,91.0,,15,28,46,67,45.7,4,,0
https://www.racenet.com.au/form-guide/horse-racing/curragh-ire-20260927/friends-of-the-curragh-irish-cesarewitch-0-110-premier-handicap-race-6/overview,Curragh,2026-09-27,Curragh,"{'eventId': '3438559', 'overall': 'Soft', 'rating': None, 'surface': 'Turf', '__typename': 'TrackCondition'}",6,Friends Of The Curragh Irish Cesarewitch (0-110) (Premier Handicap),3374,"3YO+, Handicap",782758,33,True,RESULTED,31,19,Too Bossy For Us,5,Gelding,b,Golden Horn,Above The Clouds,RESULTED,55,,N G McCullagh,W P Mullins,22:2-2-4,9,36,-60,3,12,0,15,,,,,,h,71.0,,15,4,12,31,158.3,23,,0
https://www.racenet.com.au/form-guide/horse-racing/curragh-ire-20260927/friends-of-the-curragh-irish-cesarewitch-0-110-premier-handicap-race-6/overview,Curragh,2026-09-27,Curragh,"{'eventId': '3438559', 'overall': 'Soft', 'rating': None, 'surface': 'Turf', '__typename': 'TrackCondition'}",6,Friends Of The Curragh Irish Cesarewitch (0-110) (Premier Handicap),3374,"3YO+, Handicap",782758,33,True,RESULTED,32,22,Alphonse Le Grande,7,Gelding,b,Sea The Stars,Dolce Strega,RESULTED,54.5,,Rory Cleary,A J Martin,42:6-1-3,14,24,49,4,11,0,58,,,,,,sn,51.0,,15,17,16,31,93.8,13,,0
https://www.racenet.com.au/form-guide/horse-racing/curragh-ire-20260927/friends-of-the-curragh-irish-cesarewitch-0-110-premier-handicap-race-6/overview,Curragh,2026-09-27,Curragh,"{'eventId': '3438559', 'overall': 'Soft', 'rating': None, 'surface': 'Turf', '__typename': 'TrackCondition'}",6,Friends Of The Curragh Irish Cesarewitch (0-110) (Premier Handicap),3374,"3YO+, Handicap",782758,33,True,,33,25,Michonne,4,Filly,b,Cracksman,Best Regards,,54,,Reserve 3,J Harrington,8:1-1-0,13,25,-50,11,12,0,10,,,,,,o,101.0,,14,8,46,41,-10.9,,,
https://www.racenet.com.au/form-guide/horse-racing/curragh-ire-20260927/izuzu-ireland-irish-european-breeders-fund-maiden-race-2/overview,Curragh,2026-09-27,Curragh,"{'eventId': '3438555', 'overall': 'Soft', 'rating': None, 'surface': 'Turf', '__typename': 'TrackCondition'}",2,Izuzu Ireland Irish European Breeders Fund Maiden,1811,"2YO, Maiden",35689,12,True,RESULTED,1,9,Alone All Alone,2,Colt,b,Ten Sovereigns,Dubai Cyclone,RESULTED,60.25,,Ronan Whelan,Eoghan O'Neill,1:0-0-0,0,0,-100,15,201,0,0,,,,,,o,301.0,,19,28,151,126,-16.6,9,,0
https://www.racenet.com.au/form-guide/horse-racing/curragh-ire-20260927/izuzu-ireland-irish-european-breeders-fund-maiden-race-2/overview,Curragh,2026-09-27,Curragh,"{'eventId': '3438555', 'overall': 'Soft', 'rating': None, 'surface': 'Turf', '__typename': 'TrackCondition'}",2,Izuzu Ireland Irish European Breeders Fund Maiden,1811,"2YO, Maiden",35689,12,True,,2,8,Breath Of Paradise,2,Colt,b,Blackbeard,Valeurette,,60.25,,Chris Hayes,J Harrington,2:0-0-1,0,50,-100,3,26,6,42,,,,,,,8.5,,15,11,6,7.5,25.0,,,
https://www.racenet.com.au/form-guide/horse-racing/curragh-ire-20260927/izuzu-ireland-irish-european-breeders-fund-maiden-race-2/overview,Curragh,2026-09-27,Curragh,"{'eventId': '3438555', 'overall': 'Soft', 'rating': None, 'surface': 'Turf', '__typename': 'TrackCondition'}",2,Izuzu Ireland Irish European Breeders Fund Maiden,1811,"2YO, Maiden",35689,12,True,RESULTED,3,1,Capability Brown,2,Colt,ch,Dubawi,Maybe,RESULTED,60.25,,Wayne Lordan,A P O'Brien,2:0-0-1,0,50,-100,3,5,16,0,,,,,,,5.75,,19,39,8,5,-37.5,1,,1
https://www.racenet.com.au/form-guide/horse-racing/curragh-ire-20260927/izuzu-ireland-irish-european-breeders-fund-maiden-race-2/overview,Curragh,2026-09-27,Curragh,"{'eventId': '3438555', 'overall': 'Soft', 'rating': None, 'surface': 'Turf', '__typename': 'TrackCondition'}",2,Izuzu Ireland Irish European Breeders Fund Maiden,1811,"2YO, Maiden",35689,12,True,RESULTED,4,6,Cluster,2,Colt,b,Frankel,Shoal,RESULTED,60.25,,Colin Keane,J P O'Brien,1:0-0-1,0,100,-100,3,3,8,0,,,,,,,3.0,,19,49,2.6,2.9,11.5,2,,0
https://www.racenet.com.au/form-guide/horse-racing/curragh-ire-20260927/izuzu-ireland-irish-european-breeders-fund-maiden-race-2/overview,Curragh,2026-09-27,Curragh,"{'eventId': '3438555', 'overall': 'Soft', 'rating': None, 'surface': 'Turf', '__typename': 'TrackCondition'}",2,Izuzu Ireland Irish European Breeders Fund Maiden,1811,"2YO, Maiden",35689,12,True,,5,4,Come On Noddy,2,Gelding,b,Profitable,Gullible,,60.25,,Wesley Joyce,M Mulvany,2:0-0-0,0,0,-100,10,251,8,10,,,,,,o,301.0,,17,8,201,151,-24.9,,,
https://www.racenet.com.au/form-guide/horse-racing/curragh-ire-20260927/izuzu-ireland-irish-european-breeders-fund-maiden-race-2/overview,Curragh,2026-09-27,Curragh,"{'eventId': '3438555', 'overall': 'Soft', 'rating': None, 'surface': 'Turf', '__typename': 'TrackCondition'}",2,Izuzu Ireland Irish European Breeders Fund Maiden,1811,"2YO, Maiden",35689,12,True,RESULTED,6,5,Darivan,2,Colt,b,Zarak,Dariyma,RESULTED,60.25,,Ben Coen,J P Murtagh,1:0-0-0,0,0,-100,6,21,13,0,,,,,,,26.0,,19,42,13,20,53.8,5,,0
https://www.racenet.com.au/form-guide/horse-racing/curragh-ire-20260927/izuzu-ireland-irish-european-breeders-fund-maiden-race-2/overview,Curragh,2026-09-27,Curragh,"{'eventId': '3438555', 'overall': 'Soft', 'rating': None, 'surface': 'Turf', '__typename': 'TrackCondition'}",2,Izuzu Ireland Irish European Breeders Fund Maiden,1811,"2YO, Maiden",35689,12,True,RESULTED,7,10,Greatest Knight,2,Colt,b,Camelot,Beautiful Illusion,RESULTED,60.25,,Jack Cleary,A P O'Brien,0:0-0-0,0,0,0,,,15,,,,,,,,41.0,,19,41,13,29,123.1,6,,0
https://www.racenet.com.au/form-guide/horse-racing/curragh-ire-20260927/izuzu-ireland-irish-european-breeders-fund-maiden-race-2/overview,Curragh,2026-09-27,Curragh,"{'eventId': '3438555', 'overall': 'Soft', 'rating': None, 'surface': 'Turf', '__typename': 'TrackCondition'}",2,Izuzu Ireland Irish European Breeders Fund Maiden,1811,"2YO, Maiden",35689,12,True,RESULTED,8,12,Kingdom Of Camelot,2,Colt,b,Camelot,Peinture Secrete,RESULTED,60.25,,R L Moore,A P O'Brien,1:0-0-0,0,0,-100,4,1.83,27,0,,,,,,,1.83,,19,47,2.7,1.75,-35.2,4,,0
https://www.racenet.com.au/form-guide/horse-racing/curragh-ire-20260927/izuzu-ireland-irish-european-breeders-fund-maiden-race-2/overview,Curragh,2026-09-27,Curragh,"{'eventId': '3438555', 'overall': 'Soft', 'rating': None, 'surface': 'Turf', '__typename': 'TrackCondition'}",2,Izuzu Ireland Irish European Breeders Fund Maiden,1811,"2YO, Maiden",35689,12,True,RESULTED,9,3,Lumierebleu,2,Colt,b,Blue Point,Faradays Law,RESULTED,60.25,,Seamie Heffernan,J P Murtagh,1:0-0-0,0,0,-100,12,151,4,0,,,,,,o,351.0,,19,19,201,126,-37.3,8,,0
https://www.racenet.com.au/form-guide/horse-racing/curragh-ire-20260927/izuzu-ireland-irish-european-breeders-fund-maiden-race-2/overview,Curragh,2026-09-27,Curragh,"{'eventId': '3438555', 'overall': 'Soft', 'rating': None, 'surface': 'Turf', '__typename': 'TrackCondition'}",2,Izuzu Ireland Irish European Breeders Fund Maiden,1811,"2YO, Maiden",35689,12,True,RESULTED,10,2,Silent Kingdom,2,Colt,b,No Nay Never,Vadariya,RESULTED,60.25,,Billy Lee,D Dias,0:0-0-0,0,0,0,,,0,,,,,,,,41.0,,19,34,21,29,38.1,7,,0
https://www.racenet.com.au/form-guide/horse-racing/curragh-ire-20260927/izuzu-ireland-irish-european-breeders-fund-maiden-race-2/overview,Curragh,2026-09-27,Curragh,"{'eventId': '3438555', 'overall': 'Soft', 'rating': None, 'surface': 'Turf', '__typename': 'TrackCondition'}",2,Izuzu Ireland Irish European Breeders Fund Maiden,1811,"2YO, Maiden",35689,12,True,,11,7,Too Too Much,2,Colt,b,Too Darn Hot,Astronomy's Choice,,60.25,,Jamie Powell,M O'Callaghan,0:0-0-0,0,0,0,,,9,,,,,,,,34.0,,17,14,21,26,23.8,,,
https://www.racenet.com.au/form-guide/horse-racing/curragh-ire-20260927/izuzu-ireland-irish-european-breeders-fund-maiden-race-2/overview,Curragh,2026-09-27,Curragh,"{'eventId': '3438555', 'overall': 'Soft', 'rating': None, 'surface': 'Turf', '__typename': 'TrackCondition'}",2,Izuzu Ireland Irish European Breeders Fund Maiden,1811,"2YO, Maiden",35689,12,True,RESULTED,12,11,Warrawood,2,Colt,b,Space Blues,Albamara,RESULTED,60.25,,Scott McCullagh,Daniel McLoughlin,0:0-0-0,0,0,0,,,7,,,,,,,,81.0,,19,34,34,61,79.4,3,,0
https://www.racenet.com.au/form-guide/horse-racing/curragh-ire-20260927/kwiff-more-bang-for-your-bet-nursery-handicap-race-7/overview,Curragh,2026-09-27,Curragh,"{'eventId': '3438560', 'overall': 'Soft', 'rating': None, 'surface': 'Turf', '__typename': 'TrackCondition'}",7,Kwiff More Bang For Your Bet Nursery Handicap,1408,"2YO, Handicap",34070,12,True,RESULTED,1,2,Our Boy Bailey,2,Gelding,b,Bayside Boy,Zaafran,RESULTED,62.5,,Keithen Kennedy,J Harrington,4:0-1-0,0,25,-100,4,9.5,9,10,,,,,,,10.0,,19,35,8.5,8,-5.9,8,,0
https://www.racenet.com.au/form-guide/horse-racing/curragh-ire-20260927/kwiff-more-bang-for-your-bet-nursery-handicap-race-7/overview,Curragh,2026-09-27,Curragh,"{'eventId': '3438560', 'overall': 'Soft', 'rating': None, 'surface': 'Turf', '__typename': 'TrackCondition'}",7,Kwiff More Bang For Your Bet Nursery Handicap,1408,"2YO, Handicap",34070,12,True,RESULTED,2,3,Moon Sand,2,Colt,g,Sea The Moon,Laylana,RESULTED,61.25,,J M Sheridan,J P O'Brien,3:0-0-0,0,0,-100,6,67,18,10,,,,,,,3.8,,19,50,6.5,3.25,-50.0,1,,1
https://www.racenet.com.au/form-guide/horse-racing/curragh-ire-20260927/kwiff-more-bang-for-your-bet-nursery-handicap-race-7/overview,Curragh,2026-09-27,Curragh,"{'eventId': '3438560', 'overall': 'Soft', 'rating': None, 'surface': 'Turf', '__typename': 'TrackCondition'}",7,Kwiff More Bang For Your Bet Nursery Handicap,1408,"2YO, Handicap",34070,12,True,RESULTED,3,10,Romance,2,Filly,g,Kendargent,Romance Story,RESULTED,60.75,,Andrew Slattery,J Halley,5:1-1-0,20,40,60,2,7.5,6,5,,,,,,dn,3.9,,19,33,3.5,3.7,5.7,2,,0
https://www.racenet.com.au/form-guide/horse-racing/curragh-ire-20260927/kwiff-more-bang-for-your-bet-nursery-handicap-race-7/overview,Curragh,2026-09-27,Curragh,"{'eventId': '3438560', 'overall': 'Soft', 'rating': None, 'surface': 'Turf', '__typename': 'TrackCondition'}",7,Kwiff More Bang For Your Bet Nursery Handicap,1408,"2YO, Handicap",34070,12,True,,4,1,Margot Mae,2,Filly,ch,Starspangledbanner,Moody Blue,,60.25,,Scott McCullagh,J Harrington,5:0-0-1,0,20,-100,5,11,8,5,,,,,,,23.0,,17,9,10,19,90.0,,,
https://www.racenet.com.au/form-guide/horse-racing/curragh-ire-20260927/kwiff-more-bang-for-your-bet-nursery-handicap-race-7/overview,Curragh,2026-09-27,Curragh,"{'eventId': '3438560', 'overall': 'Soft', 'rating': None, 'surface': 'Turf', '__typename': 'TrackCondition'}",7,Kwiff More Bang For Your Bet Nursery Handicap,1408,"2YO, Handicap",34070,12,True,RESULTED,5,7,Gabby Hayes,2,Gelding,b,Space Traveller,Poker Hospital,RESULTED,58,,Colin Keane,N Meade,3:0-0-0,0,0,-100,6,51,13,22,,,,,,,23.0,,19,28,8.5,19,123.5,3,,0
https://www.racenet.com.au/form-guide/horse-racing/curragh-ire-20260927/kwiff-more-bang-for-your-bet-nursery-handicap-race-7/overview,Curragh,2026-09-27,Curragh,"{'eventId': '3438560', 'overall': 'Soft', 'rating': None, 'surface': 'Turf', '__typename': 'TrackCondition'}",7,Kwiff More Bang For Your Bet Nursery Handicap,1408,"2YO, Handicap",34070,12,True,RESULTED,6,8,Closefield Beau,2,Gelding,b,Nando Parrado,Dawaa,RESULTED,57.5,,Ben Coen,Daniel McLoughlin,3:0-0-0,0,0,-100,8,301,11,26,,,,,,,13.0,,19,38,12,10,-16.7,4,,0
https://www.racenet.com.au/form-guide/horse-racing/curragh-ire-20260927/kwiff-more-bang-for-your-bet-nursery-handicap-race-7/overview,Curragh,2026-09-27,Curragh,"{'eventId': '3438560', 'overall': 'Soft', 'rating': None, 'surface': 'Turf', '__typename': 'TrackCondition'}",7,Kwiff More Bang For Your Bet Nursery Handicap,1408,"2YO, Handicap",34070,12,True,RESULTED,7,12,Matavai Bay,2,Filly,b,Dandy Man,Westfalica,RESULTED,56.75,,Chris Hayes,Kevin Coleman,3:0-0-0,0,0,-100,5,126,0,39,,,,,,,21.0,,19,33,15,17,13.3,7,,0
https://www.racenet.com.au/form-guide/horse-racing/curragh-ire-20260927/kwiff-more-bang-for-your-bet-nursery-handicap-race-7/overview,Curragh,2026-09-27,Curragh,"{'eventId': '3438560', 'overall': 'Soft', 'rating': None, 'surface': 'Turf', '__typename': 'TrackCondition'}",7,Kwiff More Bang For Your Bet Nursery Handicap,1408,"2YO, Handicap",34070,12,True,RESULTED,8,11,Exchange Student,2,Filly,b,Extreme Choice,Sweet Strike,RESULTED,56.25,,Julian Pietropaolo,J A Stack,5:1-0-0,20,20,100,1,10,50,29,,,,,,tcdn,3.6,,19,44,5,3.3,-34.0,6,,0
https://www.racenet.com.au/form-guide/horse-racing/curragh-ire-20260927/kwiff-more-bang-for-your-bet-nursery-handicap-race-7/overview,Curragh,2026-09-27,Curragh,"{'eventId': '3438560', 'overall': 'Soft', 'rating': None, 'surface': 'Turf', '__typename': 'TrackCondition'}",7,Kwiff More Bang For Your Bet Nursery Handicap,1408,"2YO, Handicap",34070,12,True,,9,9,Scarlet Dream,2,Filly,b,Ardad,True Scarlet,,56.25,,Adam Caffrey,A McGuinness,4:0-0-0,0,0,-100,5,15,10,5,,,,,,,34.0,,17,12,17,26,52.9,,,
https://www.racenet.com.au/form-guide/horse-racing/curragh-ire-20260927/kwiff-more-bang-for-your-bet-nursery-handicap-race-7/overview,Curragh,2026-09-27,Curragh,"{'eventId': '3438560', 'overall': 'Soft', 'rating': None, 'surface': 'Turf', '__typename': 'TrackCondition'}",7,Kwiff More Bang For Your Bet Nursery Handicap,1408,"2YO, Handicap",34070,12,True,RESULTED,10,4,Two Brigade,2,Colt,br,Invincible Army,Faithful Duchess,RESULTED,55.75,,Reese Holohan,M O'Callaghan,6:0-1-0,0,17,-100,2,11,25,10,,,,,,,31.0,,19,34,7.5,23,206.7,9,,0
https://www.racenet.com.au/form-guide/horse-racing/curragh-ire-20260927/kwiff-more-bang-for-your-bet-nursery-handicap-race-7/overview,Curragh,2026-09-27,Curragh,"{'eventId': '3438560', 'overall': 'Soft', 'rating': None, 'surface': 'Turf', '__typename': 'TrackCondition'}",7,Kwiff More Bang For Your Bet Nursery Handicap,1408,"2YO, Handicap",34070,12,True,RESULTED,11,5,Supreme Act,2,Gelding,b,Supremacy,Rosa Albertine,RESULTED,54.5,,Jimmy Dalton,A Slattery,4:0-0-0,0,0,-100,8,13,5,10,,,,,,,23.0,,19,34,15,19,26.7,5,,0
https://www.racenet.com.au/form-guide/horse-racing/curragh-ire-20260927/kwiff-more-bang-for-your-bet-nursery-handicap-race-7/overview,Curragh,2026-09-27,Curragh,"{'eventId': '3438560', 'overall': 'Soft', 'rating': None, 'surface': 'Turf', '__typename': 'TrackCondition'}",7,Kwiff More Bang For Your Bet Nursery Handicap,1408,"2YO, Handicap",34070,12,True,RESULTED,12,6,Somethingaboutlove,2,Filly,b,Soldier's Call,Le Freak,RESULTED,54,,Rory Cleary,C W J Farrell,3:0-0-0,0,0,-100,4,41,5,5,,,,,,,151.0,,19,22,51,101,98.0,10,,0
https://www.racenet.com.au/form-guide/horse-racing/curragh-ire-20260927/kwiff-supercharged-betting-qr-handicap-race-8/overview,Curragh,2026-09-27,Curragh,"{'eventId': '3438561', 'overall': 'Soft', 'rating': None, 'surface': 'Turf', '__typename': 'TrackCondition'}",8,Kwiff Supercharged Betting (Q.r.) Handicap,2012,"3YO+, Handicap",29203,24,True,RESULTED,1,9,Kimy,6,Mare,b,Barastraight,Minimiss,RESULTED,78,,C Mullins,T Mullins,28:1-4-3,4,29,-86,6,17,6,44,,,,,,n,81.0,,19,19,26,51,96.2,15,,0
https://www.racenet.com.au/form-guide/horse-racing/curragh-ire-20260927/kwiff-supercharged-betting-qr-handicap-race-8/overview,Curragh,2026-09-27,Curragh,"{'eventId': '3438561', 'overall': 'Soft', 'rating': None, 'surface': 'Turf', '__typename': 'TrackCondition'}",8,Kwiff Supercharged Betting (Q.r.) Handicap,2012,"3YO+, Handicap",29203,24,True,RESULTED,2,7,Justenzia,4,Filly,b,Ghaiyyath,Renzia,RESULTED,77.5,,H C Swan,D Hogan,17:1-4-0,6,29,-71,2,9,8,28,,,,,,sn,5.5,,19,30,9,4.8,-46.7,2,,0
https://www.racenet.com.au/form-guide/horse-racing/curragh-ire-20260927/kwiff-supercharged-betting-qr-handicap-race-8/overview,Curragh,2026-09-27,Curragh,"{'eventId': '3438561', 'overall': 'Soft', 'rating': None, 'surface': 'Turf', '__typename': 'TrackCondition'}",8,Kwiff Supercharged Betting (Q.r.) Handicap,2012,"3YO+, Handicap",29203,24,True,RESULTED,3,23,No More Porter,8,Gelding,b,Elzaam,Zaziyra,RESULTED,77,,J Dunne,A McGuinness,66:3-10-10,5,35,-70,5,10,0,12,,,,,,tsn,12.0,,19,39,13,9,-30.8,7,,0
https://www.racenet.com.au/form-guide/horse-racing/curragh-ire-20260927/kwiff-supercharged-betting-qr-handicap-race-8/overview,Curragh,2026-09-27,Curragh,"{'eventId': '3438561', 'overall': 'Soft', 'rating': None, 'surface': 'Turf', '__typename': 'TrackCondition'}",8,Kwiff Supercharged Betting (Q.r.) Handicap,2012,"3YO+, Handicap",29203,24,True,RESULTED,4,10,Alfalfa,8,Gelding,b,Sir Prancealot,Mrs Popple,RESULTED,75.25,,D Doyle,T Doyle,26:2-2-3,8,27,-60,21,13,3,340,,,,,,tson,41.0,,19,47,19,31,63.2,6,,0
https://www.racenet.com.au/form-guide/horse-racing/curragh-ire-20260927/kwiff-supercharged-betting-qr-handicap-race-8/overview,Curragh,2026-09-27,Curragh,"{'eventId': '3438561', 'overall': 'Soft', 'rating': None, 'surface': 'Turf', '__typename': 'TrackCondition'}",8,Kwiff Supercharged Betting (Q.r.) Handicap,2012,"3YO+, Handicap",29203,24,True,RESULTED,5,21,Chipsrdown,4,Filly,b,Kodi Bear,Casino Girl,RESULTED,75.25,,A P Ryan,A Slattery,9:2-1-2,22,56,-14,1,3.25,18,8,,,,,,sn,5.75,,19,34,4.2,4.6,9.5,13,,0
https://www.racenet.com.au/form-guide/horse-racing/curragh-ire-20260927/kwiff-supercharged-betting-qr-handicap-race-8/overview,Curragh,2026-09-27,Curragh,"{'eventId': '3438561', 'overall': 'Soft', 'rating': None, 'surface': 'Turf', '__typename': 'TrackCondition'}",8,Kwiff Supercharged Betting (Q.r.) Handicap,2012,"3YO+, Handicap",29203,24,True,,6,2,Double Indian,4,Colt,ch,Indian Haven,Silkenveil,,74.5,,L Whitty,J Harrington,5:0-0-0,0,0,-100,13,51,0,39,,,,,,o,71.0,,15,14,41,51,24.4,,,
https://www.racenet.com.au/form-guide/horse-racing/curragh-ire-20260927/kwiff-supercharged-betting-qr-handicap-race-8/overview,Curragh,2026-09-27,Curragh,"{'eventId': '3438561', 'overall': 'Soft', 'rating': None, 'surface': 'Turf', '__typename': 'TrackCondition'}",8,Kwiff Supercharged Betting (Q.r.) Handicap,2012,"3YO+, Handicap",29203,24,True,RESULTED,7,16,It's Good To Talk,5,Gelding,g,Caravaggio,Hikari,RESULTED,74.5,,O M Queally,E Mullins,6:0-1-0,0,17,-100,17,101,0,22,,,,,,o,41.0,,19,28,19,31,63.2,8,,0
https://www.racenet.com.au/form-guide/horse-racing/curragh-ire-20260927/kwiff-supercharged-betting-qr-handicap-race-8/overview,Curragh,2026-09-27,Curragh,"{'eventId': '3438561', 'overall': 'Soft', 'rating': None, 'surface': 'Turf', '__typename': 'TrackCondition'}",8,Kwiff Supercharged Betting (Q.r.) Handicap,2012,"3YO+, Handicap",29203,24,True,RESULTED,8,3,Dark Summit,4,Gelding,grey,Dark Angel,Icespire,RESULTED,73.5,,J L Gleeson,P W Flynn,13:1-0-1,8,15,-78,3,8,0,52,,,,,,sn,9.0,,19,43,12,7,-41.7,16,,0
https://www.racenet.com.au/form-guide/horse-racing/curragh-ire-20260927/kwiff-supercharged-betting-qr-handicap-race-8/overview,Curragh,2026-09-27,Curragh,"{'eventId': '3438561', 'overall': 'Soft', 'rating': None, 'surface': 'Turf', '__typename': 'TrackCondition'}",8,Kwiff Supercharged Betting (Q.r.) Handicap,2012,"3YO+, Handicap",29203,24,True,,9,14,Elusive Duke,4,Gelding,g,Elzaam,Elusive Duchess,,73.5,,E C Costello,M A Molloy,18:1-4-1,6,33,-72,11,7,0,17,,,,,,on,21.0,,16,12,19,14,-26.3,,,
https://www.racenet.com.au/form-guide/horse-racing/curragh-ire-20260927/kwiff-supercharged-betting-qr-handicap-race-8/overview,Curragh,2026-09-27,Curragh,"{'eventId': '3438561', 'overall': 'Soft', 'rating': None, 'surface': 'Turf', '__typename': 'TrackCondition'}",8,Kwiff Supercharged Betting (Q.r.) Handicap,2012,"3YO+, Handicap",29203,24,True,RESULTED,10,17,Fianna,5,Mare,b,Belardo,Diva,RESULTED,73.5,,O McGill,A A Howard,10:1-0-1,10,20,50,1,15,0,39,,,,,,n,5.0,,19,41,6.5,4.4,-32.3,1,,1
https://www.racenet.com.au/form-guide/horse-racing/curragh-ire-20260927/kwiff-supercharged-betting-qr-handicap-race-8/overview,Curragh,2026-09-27,Curragh,"{'eventId': '3438561', 'overall': 'Soft', 'rating': None, 'surface': 'Turf', '__typename': 'TrackCondition'}",8,Kwiff Supercharged Betting (Q.r.) Handicap,2012,"3YO+, Handicap",29203,24,True,,11,11,Sherekiya,3,Filly,b,Camelot,Shehreen,,73.5,,Finian Maguire,D K Weld,6:0-0-1,0,17,-100,8,6,29,17,,,,,,,9.0,,16,13,7,7.5,7.1,,,
https://www.racenet.com.au/form-guide/horse-racing/curragh-ire-20260927/kwiff-supercharged-betting-qr-handicap-race-8/overview,Curragh,2026-09-27,Curragh,"{'eventId': '3438561', 'overall': 'Soft', 'rating': None, 'surface': 'Turf', '__typename': 'TrackCondition'}",8,Kwiff Supercharged Betting (Q.r.) Handicap,2012,"3YO+, Handicap",29203,24,True,RESULTED,12,15,Timandi,4,Filly,b,Camacho,La Divina,RESULTED,73,,B T Stone,J M Barrett,17:1-1-0,6,12,-79,7,4.33,0,52,,,,,,n,16.0,,19,40,17,13,-23.5,3,,0
https://www.racenet.com.au/form-guide/horse-racing/curragh-ire-20260927/kwiff-supercharged-betting-qr-handicap-race-8/overview,Curragh,2026-09-27,Curragh,"{'eventId': '3438561', 'overall': 'Soft', 'rating': None, 'surface': 'Turf', '__typename': 'TrackCondition'}",8,Kwiff Supercharged Betting (Q.r.) Handicap,2012,"3YO+, Handicap",29203,24,True,RESULTED,13,20,Casheldale Lass,4,Filly,b,Raven's Pass,Owega Dale,RESULTED,72.5,,J C Barry,A Kinirons,13:2-1-1,15,31,173,3,15,5,50,,,,,,n,21.0,,19,47,23,17,-26.1,14,,0
https://www.racenet.com.au/form-guide/horse-racing/curragh-ire-20260927/kwiff-supercharged-betting-qr-handicap-race-8/overview,Curragh,2026-09-27,Curragh,"{'eventId': '3438561', 'overall': 'Soft', 'rating': None, 'surface': 'Turf', '__typename': 'TrackCondition'}",8,Kwiff Supercharged Betting (Q.r.) Handicap,2012,"3YO+, Handicap",29203,24,True,RESULTED,14,12,Out On Friday,10,Gelding,b,Masterofthehorse,Macsteps,RESULTED,72.5,,B P Leahy,P Byrne,88:8-8-2,9,20,-31,18,34,0,28,,,,,,shon,126.0,,19,32,51,81,58.8,17,,0
https://www.racenet.com.au/form-guide/horse-racing/curragh-ire-20260927/kwiff-supercharged-betting-qr-handicap-race-8/overview,Curragh,2026-09-27,Curragh,"{'eventId': '3438561', 'overall': 'Soft', 'rating': None, 'surface': 'Turf', '__typename': 'TrackCondition'}",8,Kwiff Supercharged Betting (Q.r.) Handicap,2012,"3YO+, Handicap",29203,24,True,RESULTED,15,5,Lamberella,3,Filly,ch,Gleneagles,Lambari,RESULTED,72,,T B Merrigan,D Marnane,7:0-0-0,0,0,-100,11,19,0,42,,,,,,o,61.0,,19,14,26,41,57.7,11,,0
https://www.racenet.com.au/form-guide/horse-racing/curragh-ire-20260927/kwiff-supercharged-betting-qr-handicap-race-8/overview,Curragh,2026-09-27,Curragh,"{'eventId': '3438561', 'overall': 'Soft', 'rating': None, 'surface': 'Turf', '__typename': 'TrackCondition'}",8,Kwiff Supercharged Betting (Q.r.) Handicap,2012,"3YO+, Handicap",29203,24,True,RESULTED,16,18,Rocket Robyn,4,Filly,ch,Harry Angel,Glee Club,RESULTED,71.75,,P A King,M Hassett,11:0-2-0,0,18,-100,5,15,24,8,,,,,,,15.0,,19,21,17,12,-29.4,10,,0
https://www.racenet.com.au/form-guide/horse-racing/curragh-ire-20260927/kwiff-supercharged-betting-qr-handicap-race-8/overview,Curragh,2026-09-27,Curragh,"{'eventId': '3438561', 'overall': 'Soft', 'rating': None, 'surface': 'Turf', '__typename': 'TrackCondition'}",8,Kwiff Supercharged Betting (Q.r.) Handicap,2012,"3YO+, Handicap",29203,24,True,,17,8,Dont Get Me Wrong,3,Gelding,b,Due Diligence,Fine Judgment,,71.25,,B M Coonan,Gerard O'Leary,7:1-1-0,14,29,7,2,9.5,100,43,,,,,,n,17.0,,16,11,10,12,20.0,,,
https://www.racenet.com.au/form-guide/horse-racing/curragh-ire-20260927/kwiff-supercharged-betting-qr-handicap-race-8/overview,Curragh,2026-09-27,Curragh,"{'eventId': '3438561', 'overall': 'Soft', 'rating': None, 'surface': 'Turf', '__typename': 'TrackCondition'}",8,Kwiff Supercharged Betting (Q.r.) Handicap,2012,"3YO+, Handicap",29203,24,True,RESULTED,18,4,Lamar Valley,3,Filly,b,Mohaather,Pamushana,RESULTED,71.25,,D G Lavery,Kevin Coleman,3:0-0-0,0,0,-100,8,101,0,24,,,,,,,29.0,,19,26,17,21,23.5,4,,0
https://www.racenet.com.au/form-guide/horse-racing/curragh-ire-20260927/kwiff-supercharged-betting-qr-handicap-race-8/overview,Curragh,2026-09-27,Curragh,"{'eventId': '3438561', 'overall': 'Soft', 'rating': None, 'surface': 'Turf', '__typename': 'TrackCondition'}",8,Kwiff Supercharged Betting (Q.r.) Handicap,2012,"3YO+, Handicap",29203,24,True,RESULTED,19,13,Belle Nuit,3,Filly,b,Elzaam,Kitlyn,RESULTED,70.75,,S Cotter,P Nolan,6:0-0-0,0,0,-100,9,11,0,18,,,,,,,41.0,,19,29,23,26,13.0,9,,0
https://www.racenet.com.au/form-guide/horse-racing/curragh-ire-20260927/kwiff-supercharged-betting-qr-handicap-race-8/overview,Curragh,2026-09-27,Curragh,"{'eventId': '3438561', 'overall': 'Soft', 'rating': None, 'surface': 'Turf', '__typename': 'TrackCondition'}",8,Kwiff Supercharged Betting (Q.r.) Handicap,2012,"3YO+, Handicap",29203,24,True,RESULTED,20,1,If Not For Grace,4,Gelding,b,Elzaam,Docklands Grace,RESULTED,70.75,,S Joubert,L P Cusack,4:0-0-0,0,0,-100,8,301,0,22,,,,,,,71.0,,19,26,41,51,24.4,5,,0
https://www.racenet.com.au/form-guide/horse-racing/curragh-ire-20260927/kwiff-supercharged-betting-qr-handicap-race-8/overview,Curragh,2026-09-27,Curragh,"{'eventId': '3438561', 'overall': 'Soft', 'rating': None, 'surface': 'Turf', '__typename': 'TrackCondition'}",8,Kwiff Supercharged Betting (Q.r.) Handicap,2012,"3YO+, Handicap",29203,24,True,RESULTED,21,22,Palace Tyne,3,Gelding,b,Palace Pier,Crystal Starlet,RESULTED,69,,A B O'Connor,P Roche,5:0-0-1,0,20,-100,12,10,13,180,,,,,,o,51.0,,19,25,21,34,61.9,18,,0
https://www.racenet.com.au/form-guide/horse-racing/curragh-ire-20260927/kwiff-supercharged-betting-qr-handicap-race-8/overview,Curragh,2026-09-27,Curragh,"{'eventId': '3438561', 'overall': 'Soft', 'rating': None, 'surface': 'Turf', '__typename': 'TrackCondition'}",8,Kwiff Supercharged Betting (Q.r.) Handicap,2012,"3YO+, Handicap",29203,24,True,RESULTED,22,19,Bhean Saibhre,5,Mare,b,Decorated Knight,Island Odyssey,RESULTED,67.5,,L P Shanahan,A A Howard,24:2-4-2,8,33,-34,6,12,0,1,,,,,,n,6.5,,19,43,11,5.5,-50.0,12,,0
https://www.racenet.com.au/form-guide/horse-racing/curragh-ire-20260927/kwiff-supercharged-betting-qr-handicap-race-8/overview,Curragh,2026-09-27,Curragh,"{'eventId': '3438561', 'overall': 'Soft', 'rating': None, 'surface': 'Turf', '__typename': 'TrackCondition'}",8,Kwiff Supercharged Betting (Q.r.) Handicap,2012,"3YO+, Handicap",29203,24,True,,23,6,Chain Of Destiny,7,Gelding,b,Churchill,Always Special,,67.25,,Non Runner,D E Finn,22:3-3-1,14,32,-100,12,401,0,74,,,,,,don,101.0,,5,1,101,101,0.0,,,
https://www.racenet.com.au/form-guide/horse-racing/curragh-ire-20260927/kwiff-supercharged-betting-qr-handicap-race-8/overview,Curragh,2026-09-27,Curragh,"{'eventId': '3438561', 'overall': 'Soft', 'rating': None, 'surface': 'Turf', '__typename': 'TrackCondition'}",8,Kwiff Supercharged Betting (Q.r.) Handicap,2012,"3YO+, Handicap",29203,24,True,,24,24,Cleopatra's Needle,8,Mare,ch,Helmet,Philae,,66.75,,M Walsh,H Rogers,43:3-6-2,7,26,23,12,11,0,46,,,,,,dson(D/A),31.0,,16,11,51,26,-49.0,,,
https://www.racenet.com.au/form-guide/horse-racing/curragh-ire-20260927/qatar-racing-and-equestrian-club-renaissance-stakes-group-3-race-3/overview,Curragh,2026-09-27,Curragh,"{'eventId': '3438556', 'overall': 'Soft', 'rating': None, 'surface': 'Turf', '__typename': 'TrackCondition'}",3,Qatar Racing And Equestrian Club Renaissance Stakes (Group 3),1207,"3YO+, Class 1, Class 1",113564,9,True,RESULTED,1,8,Power Blue,3,Colt,b,Space Blues,Visions,RESULTED,61.75,,Billy Lee,Robson Aguiar,12:3-2-2,25,58,38,12,34,14,36,,,,,,tcdson,3.5,,19,50,2.7,3.1,14.8,3,,0
https://www.racenet.com.au/form-guide/horse-racing/curragh-ire-20260927/qatar-racing-and-equestrian-club-renaissance-stakes-group-3-race-3/overview,Curragh,2026-09-27,Curragh,"{'eventId': '3438556', 'overall': 'Soft', 'rating': None, 'surface': 'Turf', '__typename': 'TrackCondition'}",3,Qatar Racing And Equestrian Club Renaissance Stakes (Group 3),1207,"3YO+, Class 1, Class 1",113564,9,True,RESULTED,2,1,Big Gossey,9,Gelding,g,Gutaifan,Toy Show,RESULTED,60.25,,Robert Whearty,C O'Brien,93:12-17-8,13,40,49,10,41,14,14,,,,,,tcdshon,15.0,,19,48,9,12,33.3,2,,0
https://www.racenet.com.au/form-guide/horse-racing/curragh-ire-20260927/qatar-racing-and-equestrian-club-renaissance-stakes-group-3-race-3/overview,Curragh,2026-09-27,Curragh,"{'eventId': '3438556', 'overall': 'Soft', 'rating': None, 'surface': 'Turf', '__typename': 'TrackCondition'}",3,Qatar Racing And Equestrian Club Renaissance Stakes (Group 3),1207,"3YO+, Class 1, Class 1",113564,9,True,RESULTED,3,6,East Hampton,4,Gelding,b,Cracksman,Sitar,RESULTED,60.25,,Robbie Colgan,D Marnane,16:2-2-1,13,31,-22,6,29,5,36,,,,,,tcdshn,23.0,,19,50,34,19,-44.1,6,,0
https://www.racenet.com.au/form-guide/horse-racing/curragh-ire-20260927/qatar-racing-and-equestrian-club-renaissance-stakes-group-3-race-3/overview,Curragh,2026-09-27,Curragh,"{'eventId': '3438556', 'overall': 'Soft', 'rating': None, 'surface': 'Turf', '__typename': 'TrackCondition'}",3,Qatar Racing And Equestrian Club Renaissance Stakes (Group 3),1207,"3YO+, Class 1, Class 1",113564,9,True,RESULTED,4,3,Tango Flare,7,Gelding,b,Fulbright,Magadar,RESULTED,60.25,,Luke McAteer,P T Foley,30:5-4-2,17,37,144,9,34,9,14,,,,,,tcdsn,51.0,,19,37,41,31,-24.4,7,,0
https://www.racenet.com.au/form-guide/horse-racing/curragh-ire-20260927/qatar-racing-and-equestrian-club-renaissance-stakes-group-3-race-3/overview,Curragh,2026-09-27,Curragh,"{'eventId': '3438556', 'overall': 'Soft', 'rating': None, 'surface': 'Turf', '__typename': 'TrackCondition'}",3,Qatar Racing And Equestrian Club Renaissance Stakes (Group 3),1207,"3YO+, Class 1, Class 1",113564,9,True,RESULTED,5,2,Brussels,3,Colt,b,Wootton Bassett,Fond Words,RESULTED,59.5,,R L Moore,A P O'Brien,14:1-4-0,7,36,-73,7,81,27,14,,,,,,tcdn,6.5,,19,16,6.5,5,-23.1,5,,0
https://www.racenet.com.au/form-guide/horse-racing/curragh-ire-20260927/qatar-racing-and-equestrian-club-renaissance-stakes-group-3-race-3/overview,Curragh,2026-09-27,Curragh,"{'eventId': '3438556', 'overall': 'Soft', 'rating': None, 'surface': 'Turf', '__typename': 'TrackCondition'}",3,Qatar Racing And Equestrian Club Renaissance Stakes (Group 3),1207,"3YO+, Class 1, Class 1",113564,9,True,,6,4,Charles Darwin,3,Colt,b,No Nay Never,Muirin,,59.5,,Wayne Lordan,A P O'Brien,8:4-0-0,50,50,-28,10,13,16,71,,,,,,dson,29.0,,19,40,26,23,-11.5,,,
https://www.racenet.com.au/form-guide/horse-racing/curragh-ire-20260927/qatar-racing-and-equestrian-club-renaissance-stakes-group-3-race-3/overview,Curragh,2026-09-27,Curragh,"{'eventId': '3438556', 'overall': 'Soft', 'rating': None, 'surface': 'Turf', '__typename': 'TrackCondition'}",3,Qatar Racing And Equestrian Club Renaissance Stakes (Group 3),1207,"3YO+, Class 1, Class 1",113564,9,True,,7,5,Fregada,4,Filly,b,Kodiac,Violet's Gift,,59,,J M Sheridan,J Feane,9:1-1-1,11,33,44,3,11,7,66,,,,,,tcdsn,41.0,,18,11,41,34,-17.1,,,
https://www.racenet.com.au/form-guide/horse-racing/curragh-ire-20260927/qatar-racing-and-equestrian-club-renaissance-stakes-group-3-race-3/overview,Curragh,2026-09-27,Curragh,"{'eventId': '3438556', 'overall': 'Soft', 'rating': None, 'surface': 'Turf', '__typename': 'TrackCondition'}",3,Qatar Racing And Equestrian Club Renaissance Stakes (Group 3),1207,"3YO+, Class 1, Class 1",113564,9,True,RESULTED,8,7,Royal Bay Cen,3,Filly,ch,New Bay,Royal Razalma,RESULTED,58,,Ben Coen,J P Murtagh,9:3-0-0,33,33,47,4,8,13,133,,,,,,dsn,4.6,,19,50,7,3.7,-47.1,4,,0
https://www.racenet.com.au/form-guide/horse-racing/curragh-ire-20260927/qatar-racing-and-equestrian-club-renaissance-stakes-group-3-race-3/overview,Curragh,2026-09-27,Curragh,"{'eventId': '3438556', 'overall': 'Soft', 'rating': None, 'surface': 'Turf', '__typename': 'TrackCondition'}",3,Qatar Racing And Equestrian Club Renaissance Stakes (Group 3),1207,"3YO+, Class 1, Class 1",113564,9,True,RESULTED,9,9,Soul Love,3,Filly,ch,Starman,Lambeth Walk,RESULTED,58,,Pierre-louis Jamin,K R Burke,7:4-1-1,57,86,181,2,3.25,18,35,,,,,,dn,3.5,,19,31,3,2.6,-13.3,1,,1
https://www.racenet.com.au/form-guide/horse-racing/down-royal-uk-20260928/coors-fillies-handicap-race-2/overview,Down Royal,2026-09-28,Down Royal,"{'eventId': '3439183', 'overall': 'Good', 'rating': None, 'surface': 'Turf', '__typename': 'TrackCondition'}",2,Coors Fillies Handicap,2591,"3YO+, Fillies, Handicap",32446,10,False,,1,10,Ankara,4,Filly,b,Siyouni,Al Anqa,,63.5,,Shay Wallace,J P O'Brien,8:2-0-1,25,38,-30,12,21,8,19,,,,,,sho,18.0,,13,6,16,16,0.0,,,
https://www.racenet.com.au/form-guide/horse-racing/down-royal-uk-20260928/coors-fillies-handicap-race-2/overview,Down Royal,2026-09-28,Down Royal,"{'eventId': '3439183', 'overall': 'Good', 'rating': None, 'surface': 'Turf', '__typename': 'TrackCondition'}",2,Coors Fillies Handicap,2591,"3YO+, Fillies, Handicap",32446,10,False,,2,3,Denim And Diamonds,4,Filly,b,Camelot,Lustrous,,62.5,,J M Sheridan,J P O'Brien,12:1-0-0,8,8,-76,7,17,18,37,,,,,,n,14.0,,13,5,12,12,0.0,,,
https://www.racenet.com.au/form-guide/horse-racing/down-royal-uk-20260928/coors-fillies-handicap-race-2/overview,Down Royal,2026-09-28,Down Royal,"{'eventId': '3439183', 'overall': 'Good', 'rating': None, 'surface': 'Turf', '__typename': 'TrackCondition'}",2,Coors Fillies Handicap,2591,"3YO+, Fillies, Handicap",32446,10,False,,3,2,Navy Waters,5,Mare,g,U S Navy Flag,Grey Waters,,62.5,,Billy Lee,W McCreery,16:2-2-5,13,56,-40,10,6.5,12,19,,,,,,tcdon,4.6,,14,1,4.4,4.4,0.0,,,
https://www.racenet.com.au/form-guide/horse-racing/down-royal-uk-20260928/coors-fillies-handicap-race-2/overview,Down Royal,2026-09-28,Down Royal,"{'eventId': '3439183', 'overall': 'Good', 'rating': None, 'surface': 'Turf', '__typename': 'TrackCondition'}",2,Coors Fillies Handicap,2591,"3YO+, Fillies, Handicap",32446,10,False,,4,6,Narlita,7,Mare,b,Guiliani,Nadine,,62.25,,Sam Coen,H Rogers,33:2-6-6,6,42,-74,13,26,0,7,,,,,,shon,19.0,,14,5,20,17,-15.0,,,
https://www.racenet.com.au/form-guide/horse-racing/down-royal-uk-20260928/coors-fillies-handicap-race-2/overview,Down Royal,2026-09-28,Down Royal,"{'eventId': '3439183', 'overall': 'Good', 'rating': None, 'surface': 'Turf', '__typename': 'TrackCondition'}",2,Coors Fillies Handicap,2591,"3YO+, Fillies, Handicap",32446,10,False,,5,8,Just Keep Flying,4,Filly,ch,Justify,Visage,,59.75,,Keithen Kennedy,J Harrington,6:1-1-2,17,67,67,3,12,9,107,,,,,,,10.0,,13,4,9,9.5,5.6,,,
https://www.racenet.com.au/form-guide/horse-racing/down-royal-uk-20260928/coors-fillies-handicap-race-2/overview,Down Royal,2026-09-28,Down Royal,"{'eventId': '3439183', 'overall': 'Good', 'rating': None, 'surface': 'Turf', '__typename': 'TrackCondition'}",2,Coors Fillies Handicap,2591,"3YO+, Fillies, Handicap",32446,10,False,,6,1,Vanir,3,Filly,b,Teofilo,Shurooq,,59.5,,Ben Coen,J P Murtagh,5:1-1-1,20,60,-58,8,6.5,13,37,,,,,,n,6.75,,13,1,6.5,6.5,0.0,,,
https://www.racenet.com.au/form-guide/horse-racing/down-royal-uk-20260928/coors-fillies-handicap-race-2/overview,Down Royal,2026-09-28,Down Royal,"{'eventId': '3439183', 'overall': 'Good', 'rating': None, 'surface': 'Turf', '__typename': 'TrackCondition'}",2,Coors Fillies Handicap,2591,"3YO+, Fillies, Handicap",32446,10,False,,7,5,Nellcote,3,Filly,ch,Sottsass,My Generation,,58.5,,Declan McDonogh,J P O'Brien,3:1-1-0,33,67,17,2,15,10,37,,,,,,n,3.8,,13,3,3.7,3.7,0.0,,,
https://www.racenet.com.au/form-guide/horse-racing/down-royal-uk-20260928/coors-fillies-handicap-race-2/overview,Down Royal,2026-09-28,Down Royal,"{'eventId': '3439183', 'overall': 'Good', 'rating': None, 'surface': 'Turf', '__typename': 'TrackCondition'}",2,Coors Fillies Handicap,2591,"3YO+, Fillies, Handicap",32446,10,False,,8,9,Lady Plimsoll,4,Filly,b,Le Brivido,Miss Plimsoll,,57.25,,Reese Holohan,M O'Callaghan,15:1-6-2,7,60,-78,2,4.33,21,11,,,,,,bn,6.5,,13,4,8,4.6,-42.5,,,
https://www.racenet.com.au/form-guide/horse-racing/down-royal-uk-20260928/coors-fillies-handicap-race-2/overview,Down Royal,2026-09-28,Down Royal,"{'eventId': '3439183', 'overall': 'Good', 'rating': None, 'surface': 'Turf', '__typename': 'TrackCondition'}",2,Coors Fillies Handicap,2591,"3YO+, Fillies, Handicap",32446,10,False,,9,7,Stellar Moment,3,Filly,b,Ulysses,In The Present,,57.25,,Ronan Whelan,John O'Donoghue,5:1-2-1,20,80,20,2,8,10,27,,,,,,sn,6.25,,14,1,6,6,0.0,,,
https://www.racenet.com.au/form-guide/horse-racing/down-royal-uk-20260928/coors-fillies-handicap-race-2/overview,Down Royal,2026-09-28,Down Royal,"{'eventId': '3439183', 'overall': 'Good', 'rating': None, 'surface': 'Turf', '__typename': 'TrackCondition'}",2,Coors Fillies Handicap,2591,"3YO+, Fillies, Handicap",32446,10,False,,10,4,Tatum,5,Mare,b,Postponed,Double Diamond,,55.75,,Chris Hayes,N Meade,18:3-3-4,17,56,-24,15,11,6,58,,,,,,don,18.0,,14,6,14,17,21.4,,,
https://www.racenet.com.au/form-guide/horse-racing/down-royal-uk-20260928/irish-ebf-auction-series-fillies-maiden-race-3/overview,Down Royal,2026-09-28,Down Royal,"{'eventId': '3439184', 'overall': 'Good', 'rating': None, 'surface': 'Turf', '__typename': 'TrackCondition'}",3,Irish Ebf Auction Series Fillies Maiden,1432,"2YO, Fillies, Maiden",40558,10,False,,1,8,Hip Hop Chrissy,2,Filly,b,Showcasing,Fauvette,,57.25,,Gavin Ryan,Donnacha O'Brien,3:0-0-2,0,67,-100,3,6.5,13,44,,,,,,,6.0,,13,1,5.5,5.5,0.0,,,
https://www.racenet.com.au/form-guide/horse-racing/down-royal-uk-20260928/irish-ebf-auction-series-fillies-maiden-race-3/overview,Down Royal,2026-09-28,Down Royal,"{'eventId': '3439184', 'overall': 'Good', 'rating': None, 'surface': 'Turf', '__typename': 'TrackCondition'}",3,Irish Ebf Auction Series Fillies Maiden,1432,"2YO, Fillies, Maiden",40558,10,False,,2,5,Spectrolyte,2,Filly,b,State Of Rest,Click And Roll,,57.25,,Andrew Slattery,A Slattery,1:0-0-0,0,0,-100,9,3,9,65,,,,,,,6.75,,14,4,8,6,-25.0,,,
https://www.racenet.com.au/form-guide/horse-racing/down-royal-uk-20260928/irish-ebf-auction-series-fillies-maiden-race-3/overview,Down Royal,2026-09-28,Down Royal,"{'eventId': '3439184', 'overall': 'Good', 'rating': None, 'surface': 'Turf', '__typename': 'TrackCondition'}",3,Irish Ebf Auction Series Fillies Maiden,1432,"2YO, Fillies, Maiden",40558,10,False,,3,9,Ladrona,2,Filly,ch,Cracksman,Spirited Charm,,56.25,,Billy Lee,P Twomey,0:0-0-0,0,0,0,,,27,,,,,,,,6.0,,14,7,5,5,0.0,,,
https://www.racenet.com.au/form-guide/horse-racing/down-royal-uk-20260928/irish-ebf-auction-series-fillies-maiden-race-3/overview,Down Royal,2026-09-28,Down Royal,"{'eventId': '3439184', 'overall': 'Good', 'rating': None, 'surface': 'Turf', '__typename': 'TrackCondition'}",3,Irish Ebf Auction Series Fillies Maiden,1432,"2YO, Fillies, Maiden",40558,10,False,,4,7,Little Scotch,2,Filly,b,Kodi Bear,Three D Alexander,,56.25,,Gary Carroll,G P Cromwell,0:0-0-0,0,0,0,,,9,,,,,,,,16.0,,14,5,17,15,-11.8,,,
https://www.racenet.com.au/form-guide/horse-racing/down-royal-uk-20260928/irish-ebf-auction-series-fillies-maiden-race-3/overview,Down Royal,2026-09-28,Down Royal,"{'eventId': '3439184', 'overall': 'Good', 'rating': None, 'surface': 'Turf', '__typename': 'TrackCondition'}",3,Irish Ebf Auction Series Fillies Maiden,1432,"2YO, Fillies, Maiden",40558,10,False,,5,4,Star Glory,2,Filly,ch,Cotai Glory,Mrs King,,56.25,,Chris Hayes,N Meade,4:0-2-0,0,50,-100,2,12,6,36,,,,,,,2.55,,13,5,2.7,2.5,-7.4,,,
https://www.racenet.com.au/form-guide/horse-racing/down-royal-uk-20260928/irish-ebf-auction-series-fillies-maiden-race-3/overview,Down Royal,2026-09-28,Down Royal,"{'eventId': '3439184', 'overall': 'Good', 'rating': None, 'surface': 'Turf', '__typename': 'TrackCondition'}",3,Irish Ebf Auction Series Fillies Maiden,1432,"2YO, Fillies, Maiden",40558,10,False,,6,1,Handsoffshesmine,2,Filly,b,Saxon Warrior,Espere,,55.25,,Jimmy Dalton,A Slattery,0:0-0-0,0,0,0,,,5,,,,,,,,51.0,,13,2,51,41,-19.6,,,
https://www.racenet.com.au/form-guide/horse-racing/down-royal-uk-20260928/irish-ebf-auction-series-fillies-maiden-race-3/overview,Down Royal,2026-09-28,Down Royal,"{'eventId': '3439184', 'overall': 'Good', 'rating': None, 'surface': 'Turf', '__typename': 'TrackCondition'}",3,Irish Ebf Auction Series Fillies Maiden,1432,"2YO, Fillies, Maiden",40558,10,False,,7,6,Leap Of Light,2,Filly,b,Starman,Wild Impala,,55.25,,Keithen Kennedy,J Harrington,1:0-0-0,0,0,-100,8,7,9,11,,,,,,(D/A),15.0,,14,1,13,13,0.0,,,
https://www.racenet.com.au/form-guide/horse-racing/down-royal-uk-20260928/irish-ebf-auction-series-fillies-maiden-race-3/overview,Down Royal,2026-09-28,Down Royal,"{'eventId': '3439184', 'overall': 'Good', 'rating': None, 'surface': 'Turf', '__typename': 'TrackCondition'}",3,Irish Ebf Auction Series Fillies Maiden,1432,"2YO, Fillies, Maiden",40558,10,False,,8,2,Alpha Betty,2,Filly,b,Nando Parrado,Alphabetique,,54.5,,Rory Cleary,C W J Farrell,0:0-0-0,0,0,0,,,5,,,,,,,,27.0,,15,1,26,26,0.0,,,
https://www.racenet.com.au/form-guide/horse-racing/down-royal-uk-20260928/irish-ebf-auction-series-fillies-maiden-race-3/overview,Down Royal,2026-09-28,Down Royal,"{'eventId': '3439184', 'overall': 'Good', 'rating': None, 'surface': 'Turf', '__typename': 'TrackCondition'}",3,Irish Ebf Auction Series Fillies Maiden,1432,"2YO, Fillies, Maiden",40558,10,False,,9,3,Essence Of Time,2,Filly,b,Palace Pier,Flowrider,,54.5,,Wayne Lordan,A Oliver,2:0-1-0,0,50,-100,2,5.5,8,23,,,,,,,5.25,,13,3,4.4,5,13.6,,,
https://www.racenet.com.au/form-guide/horse-racing/down-royal-uk-20260928/irish-ebf-auction-series-fillies-maiden-race-3/overview,Down Royal,2026-09-28,Down Royal,"{'eventId': '3439184', 'overall': 'Good', 'rating': None, 'surface': 'Turf', '__typename': 'TrackCondition'}",3,Irish Ebf Auction Series Fillies Maiden,1432,"2YO, Fillies, Maiden",40558,10,False,,10,10,Shadowbelle,2,Filly,b,Dark Angel,Spring Of Love,,54.5,,Reese Holohan,A Oliver,1:0-0-0,0,0,-100,7,81,0,11,,,,,,,35.0,,14,1,34,34,0.0,,,
https://www.racenet.com.au/form-guide/horse-racing/down-royal-uk-20260928/madri-excepcional-maiden-race-4/overview,Down Royal,2026-09-28,Down Royal,"{'eventId': '3439185', 'overall': 'Good', 'rating': None, 'surface': 'Turf', '__typename': 'TrackCondition'}",4,Madri Excepcional Maiden,1432,"3YO+, Maiden",19468,10,False,,1,9,Caption This,3,Gelding,br,Sands Of Mali,Daddies Girl,,60.75,,Robbie Colgan,J Nash,2:0-0-0,0,0,-100,17,251,0,18,,,,,,o,151.0,,13,6,151,101,-33.1,,,
https://www.racenet.com.au/form-guide/horse-racing/down-royal-uk-20260928/madri-excepcional-maiden-race-4/overview,Down Royal,2026-09-28,Down Royal,"{'eventId': '3439185', 'overall': 'Good', 'rating': None, 'surface': 'Turf', '__typename': 'TrackCondition'}",4,Madri Excepcional Maiden,1432,"3YO+, Maiden",19468,10,False,,2,2,Daring Heart,3,Colt,b,Kodi Bear,Clenaghcastle Lady,,60.75,,Gary Carroll,G M Lyons,2:0-1-0,0,50,-100,2,4,11,135,,,,,,,2.35,,13,5,2.25,2.25,0.0,,,
https://www.racenet.com.au/form-guide/horse-racing/down-royal-uk-20260928/madri-excepcional-maiden-race-4/overview,Down Royal,2026-09-28,Down Royal,"{'eventId': '3439185', 'overall': 'Good', 'rating': None, 'surface': 'Turf', '__typename': 'TrackCondition'}",4,Madri Excepcional Maiden,1432,"3YO+, Maiden",19468,10,False,,3,8,Keogie,3,Gelding,b,Sergei Prokofiev,Kozmina Bay,,60.75,,Adam Caffrey,N Meade,7:0-2-1,0,43,-100,4,4,8,7,,,,,,,5.25,,14,1,5,5,0.0,,,
https://www.racenet.com.au/form-guide/horse-racing/down-royal-uk-20260928/madri-excepcional-maiden-race-4/overview,Down Royal,2026-09-28,Down Royal,"{'eventId': '3439185', 'overall': 'Good', 'rating': None, 'surface': 'Turf', '__typename': 'TrackCondition'}",4,Madri Excepcional Maiden,1432,"3YO+, Maiden",19468,10,False,,4,6,Mac An Luais,3,Gelding,b,Gleneagles,Bay Tripper,,60.75,,Luke McAteer,P T Foley,1:0-0-0,0,0,-100,7,17,9,100,,,,,,,29.0,,14,1,26,26,0.0,,,
https://www.racenet.com.au/form-guide/horse-racing/down-royal-uk-20260928/madri-excepcional-maiden-race-4/overview,Down Royal,2026-09-28,Down Royal,"{'eventId': '3439185', 'overall': 'Good', 'rating': None, 'surface': 'Turf', '__typename': 'TrackCondition'}",4,Madri Excepcional Maiden,1432,"3YO+, Maiden",19468,10,False,,5,1,Monmouth,3,Colt,b,Kingman,Blissful,,60.75,,Wayne Lordan,A P O'Brien,3:0-0-1,0,33,-100,3,8.5,16,100,,,,,,,3.7,,14,1,3.5,3.5,0.0,,,
https://www.racenet.com.au/form-guide/horse-racing/down-royal-uk-20260928/madri-excepcional-maiden-race-4/overview,Down Royal,2026-09-28,Down Royal,"{'eventId': '3439185', 'overall': 'Good', 'rating': None, 'surface': 'Turf', '__typename': 'TrackCondition'}",4,Madri Excepcional Maiden,1432,"3YO+, Maiden",19468,10,False,,6,3,Monty Bear,3,Gelding,b,Unfortunately,Allez Allez Allez,,60.75,,Reese Holohan,M Fahey,3:0-0-0,0,0,-100,12,251,4,282,,,,,,o,151.0,,13,6,151,101,-33.1,,,
https://www.racenet.com.au/form-guide/horse-racing/down-royal-uk-20260928/madri-excepcional-maiden-race-4/overview,Down Royal,2026-09-28,Down Royal,"{'eventId': '3439185', 'overall': 'Good', 'rating': None, 'surface': 'Turf', '__typename': 'TrackCondition'}",4,Madri Excepcional Maiden,1432,"3YO+, Maiden",19468,10,False,,7,5,Notahairoutofplace,3,Gelding,b,Belardo,Saltwater,,60.75,,James Ryan,R K Watson,1:0-0-0,0,0,-100,14,401,0,73,,,,,,,151.0,,13,6,151,101,-33.1,,,
https://www.racenet.com.au/form-guide/horse-racing/down-royal-uk-20260928/madri-excepcional-maiden-race-4/overview,Down Royal,2026-09-28,Down Royal,"{'eventId': '3439185', 'overall': 'Good', 'rating': None, 'surface': 'Turf', '__typename': 'TrackCondition'}",4,Madri Excepcional Maiden,1432,"3YO+, Maiden",19468,10,False,,8,10,Blooming Rose,3,Filly,b,Blue Point,Bloomfield,,58.5,,J M Sheridan,J P O'Brien,1:0-0-1,0,100,-100,3,3.75,18,108,,,,,,,4.2,,14,8,4.2,3.7,-11.9,,,
https://www.racenet.com.au/form-guide/horse-racing/down-royal-uk-20260928/madri-excepcional-maiden-race-4/overview,Down Royal,2026-09-28,Down Royal,"{'eventId': '3439185', 'overall': 'Good', 'rating': None, 'surface': 'Turf', '__typename': 'TrackCondition'}",4,Madri Excepcional Maiden,1432,"3YO+, Maiden",19468,10,False,,9,7,Freddiesadienray,3,Filly,b,Coulsty,Freedom Reigns,,58.5,,N Burns,G Keane,1:0-0-0,0,0,-100,15,201,13,6,,,,,,o,151.0,,13,6,151,101,-33.1,,,
https://www.racenet.com.au/form-guide/horse-racing/down-royal-uk-20260928/madri-excepcional-maiden-race-4/overview,Down Royal,2026-09-28,Down Royal,"{'eventId': '3439185', 'overall': 'Good', 'rating': None, 'surface': 'Turf', '__typename': 'TrackCondition'}",4,Madri Excepcional Maiden,1432,"3YO+, Maiden",19468,10,False,,10,4,Orellana,3,Filly,b,Bungle Inthejungle,Paloise,,58.5,,Siobhan Rutledge,H Rogers,3:0-1-0,0,33,-100,2,126,9,6,,,,,,,11.0,,13,6,11,9.5,-13.6,,,
https://www.racenet.com.au/form-guide/horse-racing/down-royal-uk-20260928/molson-coors-beverage-company-handicap-race-5/overview,Down Royal,2026-09-28,Down Royal,"{'eventId': '3439186', 'overall': 'Good', 'rating': None, 'surface': 'Turf', '__typename': 'TrackCondition'}",5,Molson Coors Beverage Company Handicap,1432,"3YO+, Handicap",19468,16,False,,1,7,Send Harry,4,Gelding,b,Harry Angel,Send Up,,63.5,,Jimmy Dalton,E McCutcheon,21:1-3-5,5,43,-76,2,4.33,0,9,,,,,,dbn,6.25,,14,5,4.8,5.5,14.6,,,
https://www.racenet.com.au/form-guide/horse-racing/down-royal-uk-20260928/molson-coors-beverage-company-handicap-race-5/overview,Down Royal,2026-09-28,Down Royal,"{'eventId': '3439186', 'overall': 'Good', 'rating': None, 'surface': 'Turf', '__typename': 'TrackCondition'}",5,Molson Coors Beverage Company Handicap,1432,"3YO+, Handicap",19468,16,False,,2,9,Faoladh,4,Gelding,b,Kodi Bear,Lumiere Astrale,,62.5,,Sam Coen,A Slattery,23:3-1-1,13,22,46,4,21,14,7,,,,,,tcdn,7.0,,13,3,5,6,20.0,,,
https://www.racenet.com.au/form-guide/horse-racing/down-royal-uk-20260928/molson-coors-beverage-company-handicap-race-5/overview,Down Royal,2026-09-28,Down Royal,"{'eventId': '3439186', 'overall': 'Good', 'rating': None, 'surface': 'Turf', '__typename': 'TrackCondition'}",5,Molson Coors Beverage Company Handicap,1432,"3YO+, Handicap",19468,16,False,,3,15,Greek Flower,7,Mare,b,Australia,Timeless Call,,61.75,,Jamie Powell,J Feane,34:2-6-5,6,38,-64,14,11,7,18,,,,,,shon,12.0,,14,6,10,9.5,-5.0,,,
https://www.racenet.com.au/form-guide/horse-racing/down-royal-uk-20260928/molson-coors-beverage-company-handicap-race-5/overview,Down Royal,2026-09-28,Down Royal,"{'eventId': '3439186', 'overall': 'Good', 'rating': None, 'surface': 'Turf', '__typename': 'TrackCondition'}",5,Molson Coors Beverage Company Handicap,1432,"3YO+, Handicap",19468,16,False,,4,12,Minaun View,4,Filly,ch,Bated Breath,Vote Often,,61.25,,Patrick McGettigan,A McGuinness,27:3-3-2,11,30,-52,6,8.5,30,15,,,,,,n,14.0,,14,3,11,11,0.0,,,
https://www.racenet.com.au/form-guide/horse-racing/down-royal-uk-20260928/molson-coors-beverage-company-handicap-race-5/overview,Down Royal,2026-09-28,Down Royal,"{'eventId': '3439186', 'overall': 'Good', 'rating': None, 'surface': 'Turf', '__typename': 'TrackCondition'}",5,Molson Coors Beverage Company Handicap,1432,"3YO+, Handicap",19468,16,False,,5,11,Thaloria,4,Filly,b,Zoustar,Ethaara,,61.25,,Kian McNally,N Lupini,10:1-1-0,10,20,310,14,19,0,9,,,,,,don,41.0,,13,5,31,31,0.0,,,
https://www.racenet.com.au/form-guide/horse-racing/down-royal-uk-20260928/molson-coors-beverage-company-handicap-race-5/overview,Down Royal,2026-09-28,Down Royal,"{'eventId': '3439186', 'overall': 'Good', 'rating': None, 'surface': 'Turf', '__typename': 'TrackCondition'}",5,Molson Coors Beverage Company Handicap,1432,"3YO+, Handicap",19468,16,False,,6,13,Thru And Thru,4,Filly,rn,Starspangledbanner,Aussie Opera,,60.75,,Rory Mulligan,Rory Devine,9:0-2-1,0,33,-100,10,10,0,6,,,,,,o,19.0,,14,6,14,15,7.1,,,
https://www.racenet.com.au/form-guide/horse-racing/down-royal-uk-20260928/molson-coors-beverage-company-handicap-race-5/overview,Down Royal,2026-09-28,Down Royal,"{'eventId': '3439186', 'overall': 'Good', 'rating': None, 'surface': 'Turf', '__typename': 'TrackCondition'}",5,Molson Coors Beverage Company Handicap,1432,"3YO+, Handicap",19468,16,False,,7,6,Venetian Star,3,Gelding,b,Starman,Mistress Of Venice,,60.75,,Reese Holohan,P T Foley,14:0-2-2,0,29,-100,17,11,0,18,,,,,,o,16.0,,13,5,12,12,0.0,,,
https://www.racenet.com.au/form-guide/horse-racing/down-royal-uk-20260928/molson-coors-beverage-company-handicap-race-5/overview,Down Royal,2026-09-28,Down Royal,"{'eventId': '3439186', 'overall': 'Good', 'rating': None, 'surface': 'Turf', '__typename': 'TrackCondition'}",5,Molson Coors Beverage Company Handicap,1432,"3YO+, Handicap",19468,16,False,,8,14,Una Matata,5,Mare,b,Mehmas,Toolentidhaar,,59.75,,Jack Kearney,A McGuinness,32:5-2-4,16,34,16,5,6,12,9,,,,,,dn,8.0,,13,3,6,7,16.7,,,
https://www.racenet.com.au/form-guide/horse-racing/down-royal-uk-20260928/molson-coors-beverage-company-handicap-race-5/overview,Down Royal,2026-09-28,Down Royal,"{'eventId': '3439186', 'overall': 'Good', 'rating': None, 'surface': 'Turf', '__typename': 'TrackCondition'}",5,Molson Coors Beverage Company Handicap,1432,"3YO+, Handicap",19468,16,False,,9,3,Alex Belardo,5,Gelding,ch,Belardo,Silver Tide,,59,,N Burns,J C McConnell,28:2-3-7,7,43,-25,6,8.5,0,19,,,,,,tcdsn,11.0,,13,6,8.5,8,-5.9,,,
https://www.racenet.com.au/form-guide/horse-racing/down-royal-uk-20260928/molson-coors-beverage-company-handicap-race-5/overview,Down Royal,2026-09-28,Down Royal,"{'eventId': '3439186', 'overall': 'Good', 'rating': None, 'surface': 'Turf', '__typename': 'TrackCondition'}",5,Molson Coors Beverage Company Handicap,1432,"3YO+, Handicap",19468,16,False,,10,5,Go Out,4,Gelding,b,Hello Youmzain,Gracefully,,59,,Terry Casey,Daniel Murphy,16:0-3-2,0,31,-100,10,10,7,6,,,,,,o,14.0,,13,6,12,11,-8.3,,,
https://www.racenet.com.au/form-guide/horse-racing/down-royal-uk-20260928/molson-coors-beverage-company-handicap-race-5/overview,Down Royal,2026-09-28,Down Royal,"{'eventId': '3439186', 'overall': 'Good', 'rating': None, 'surface': 'Turf', '__typename': 'TrackCondition'}",5,Molson Coors Beverage Company Handicap,1432,"3YO+, Handicap",19468,16,False,,11,4,In The Gloaming,3,Gelding,b,Coulsty,Not After Midnight,,59,,James Ryan,A Oliver,7:0-0-0,0,0,-100,5,5,0,2,,,,,,,19.0,,13,6,14,15,7.1,,,
https://www.racenet.com.au/form-guide/horse-racing/down-royal-uk-20260928/molson-coors-beverage-company-handicap-race-5/overview,Down Royal,2026-09-28,Down Royal,"{'eventId': '3439186', 'overall': 'Good', 'rating': None, 'surface': 'Turf', '__typename': 'TrackCondition'}",5,Molson Coors Beverage Company Handicap,1432,"3YO+, Handicap",19468,16,False,,12,16,Zheleznaya Dama,3,Filly,ch,Saxon Warrior,Star Of Bristol,,59,,Rory Cleary,B W Duke,9:1-1-1,11,33,44,12,8.5,4,38,,,,,,don,6.25,,13,5,9,5,-44.4,,,
https://www.racenet.com.au/form-guide/horse-racing/down-royal-uk-20260928/molson-coors-beverage-company-handicap-race-5/overview,Down Royal,2026-09-28,Down Royal,"{'eventId': '3439186', 'overall': 'Good', 'rating': None, 'surface': 'Turf', '__typename': 'TrackCondition'}",5,Molson Coors Beverage Company Handicap,1432,"3YO+, Handicap",19468,16,False,,13,10,Fortuity,3,Filly,g,Dark Angel,Lucky Clio,,58.5,,Keithen Kennedy,J Harrington,9:1-1-0,11,22,-39,6,17,9,51,,,,,,dn,7.5,,13,2,6,6.5,8.3,,,
https://www.racenet.com.au/form-guide/horse-racing/down-royal-uk-20260928/molson-coors-beverage-company-handicap-race-5/overview,Down Royal,2026-09-28,Down Royal,"{'eventId': '3439186', 'overall': 'Good', 'rating': None, 'surface': 'Turf', '__typename': 'TrackCondition'}",5,Molson Coors Beverage Company Handicap,1432,"3YO+, Handicap",19468,16,False,,14,8,King Of Eze,3,Gelding,ch,Bated Breath,Punting,,58.5,,Robert Whearty,A Oliver,3:0-0-0,0,0,-100,11,34,9,38,,,,,,o,31.0,,13,2,23,26,13.0,,,
https://www.racenet.com.au/form-guide/horse-racing/down-royal-uk-20260928/molson-coors-beverage-company-handicap-race-5/overview,Down Royal,2026-09-28,Down Royal,"{'eventId': '3439186', 'overall': 'Good', 'rating': None, 'surface': 'Turf', '__typename': 'TrackCondition'}",5,Molson Coors Beverage Company Handicap,1432,"3YO+, Handicap",19468,16,False,,15,2,Barbapapa,7,Gelding,ch,Starspangledbanner,Eloge,,65.25,,Reserve 1,H De Bromhead,24:4-4-5,17,54,12,3,11,0,67,,,,,,dn,17.0,,14,5,12,12,0.0,,,
https://www.racenet.com.au/form-guide/horse-racing/down-royal-uk-20260928/molson-coors-beverage-company-handicap-race-5/overview,Down Royal,2026-09-28,Down Royal,"{'eventId': '3439186', 'overall': 'Good', 'rating': None, 'surface': 'Turf', '__typename': 'TrackCondition'}",5,Molson Coors Beverage Company Handicap,1432,"3YO+, Handicap",19468,16,False,,16,1,Lar Na Coille,3,Filly,br,Vocalised,Cre Na Coille,,54,,Reserve 2,J S Bolger,4:0-0-0,0,0,-100,10,26,0,108,,,,,,o,31.0,,13,3,23,23,0.0,,,
https://www.racenet.com.au/form-guide/horse-racing/down-royal-uk-20260928/molson-coors-beverage-company-nursery-handicap-race-1/overview,Down Royal,2026-09-28,Down Royal,"{'eventId': '3439182', 'overall': 'Good', 'rating': None, 'surface': 'Turf', '__typename': 'TrackCondition'}",1,Molson Coors Beverage Company Nursery Handicap,1006,"2YO, Handicap",19468,8,False,,1,2,Premier View,2,Gelding,b,Invincible Army,Romantic View,,64.5,,Conor Cusack,H De Bromhead,2:1-0-0,50,50,550,1,13,16,23,,,,,,tcdn,1.8,,13,4,1.8,1.75,-2.8,,,
https://www.racenet.com.au/form-guide/horse-racing/down-royal-uk-20260928/molson-coors-beverage-company-nursery-handicap-race-1/overview,Down Royal,2026-09-28,Down Royal,"{'eventId': '3439182', 'overall': 'Good', 'rating': None, 'surface': 'Turf', '__typename': 'TrackCondition'}",1,Molson Coors Beverage Company Nursery Handicap,1006,"2YO, Handicap",19468,8,False,,2,7,Annie Tips,2,Filly,ch,Soldier's Call,Round Four,,61.25,,Luke McAteer,James Dowling,3:0-0-0,0,0,-100,15,201,0,36,,,,,,o,41.0,,13,9,34,34,0.0,,,
https://www.racenet.com.au/form-guide/horse-racing/down-royal-uk-20260928/molson-coors-beverage-company-nursery-handicap-race-1/overview,Down Royal,2026-09-28,Down Royal,"{'eventId': '3439182', 'overall': 'Good', 'rating': None, 'surface': 'Turf', '__typename': 'TrackCondition'}",1,Molson Coors Beverage Company Nursery Handicap,1006,"2YO, Handicap",19468,8,False,,3,8,The Drambling Man,2,Gelding,b,Soldier's Call,Young Special,,59.75,,Julian Pietropaolo,Kevin Coleman,6:0-0-1,0,17,-100,3,21,13,11,,,,,,,5.75,,16,4,5.5,5,-9.1,,,
https://www.racenet.com.au/form-guide/horse-racing/down-royal-uk-20260928/molson-coors-beverage-company-nursery-handicap-race-1/overview,Down Royal,2026-09-28,Down Royal,"{'eventId': '3439182', 'overall': 'Good', 'rating': None, 'surface': 'Turf', '__typename': 'TrackCondition'}",1,Molson Coors Beverage Company Nursery Handicap,1006,"2YO, Handicap",19468,8,False,,4,1,Invincible Irish,2,Gelding,b,Invincible Army,Briseuse De Coeur,,58.5,,Ben Coen,Daniel McLoughlin,4:0-0-0,0,0,-100,4,21,11,11,,,,,,,7.5,,16,6,7,6,-14.3,,,
https://www.racenet.com.au/form-guide/horse-racing/down-royal-uk-20260928/molson-coors-beverage-company-nursery-handicap-race-1/overview,Down Royal,2026-09-28,Down Royal,"{'eventId': '3439182', 'overall': 'Good', 'rating': None, 'surface': 'Turf', '__typename': 'TrackCondition'}",1,Molson Coors Beverage Company Nursery Handicap,1006,"2YO, Handicap",19468,8,False,,5,4,Santo Parvenue,2,Gelding,br,Soldier's Call,Royal Highness,,57.5,,Billy Lee,E & P Harty,4:1-0-0,25,25,75,1,7,0,11,,,,,,dsn,4.2,,13,8,3.7,3.6,-2.7,,,
https://www.racenet.com.au/form-guide/horse-racing/down-royal-uk-20260928/molson-coors-beverage-company-nursery-handicap-race-1/overview,Down Royal,2026-09-28,Down Royal,"{'eventId': '3439182', 'overall': 'Good', 'rating': None, 'surface': 'Turf', '__typename': 'TrackCondition'}",1,Molson Coors Beverage Company Nursery Handicap,1006,"2YO, Handicap",19468,8,False,,6,5,Syrah,2,Filly,br,Invincible Army,Wow,,57.25,,Rory Mulligan,C Weld,3:0-0-0,0,0,-100,5,251,6,11,,,,,,,26.0,,13,6,20,21,5.0,,,
https://www.racenet.com.au/form-guide/horse-racing/down-royal-uk-20260928/molson-coors-beverage-company-nursery-handicap-race-1/overview,Down Royal,2026-09-28,Down Royal,"{'eventId': '3439182', 'overall': 'Good', 'rating': None, 'surface': 'Turf', '__typename': 'TrackCondition'}",1,Molson Coors Beverage Company Nursery Handicap,1006,"2YO, Handicap",19468,8,False,,7,3,Stellar Path,2,Filly,ch,Naval Crown,Sirya Star,,54,,Rory Cleary,K P Cotter,6:0-0-0,0,0,-100,8,19,3,11,,,,,,,41.0,,13,12,41,17,-58.5,,,
https://www.racenet.com.au/form-guide/horse-racing/down-royal-uk-20260928/molson-coors-beverage-company-nursery-handicap-race-1/overview,Down Royal,2026-09-28,Down Royal,"{'eventId': '3439182', 'overall': 'Good', 'rating': None, 'surface': 'Turf', '__typename': 'TrackCondition'}",1,Molson Coors Beverage Company Nursery Handicap,1006,"2YO, Handicap",19468,8,False,,8,6,Rathbran Lady,2,Filly,ch,Arizona,Ammolite,,54,,Wesley Joyce,M Mulvany,5:0-0-0,0,0,-100,10,17,8,11,,,,,,o,41.0,,13,11,41,17,-58.5,,,
https://www.racenet.com.au/form-guide/horse-racing/down-royal-uk-20260928/molson-coors-beverage-handicap-race-8/overview,Down Royal,2026-09-28,Down Royal,"{'eventId': '3439189', 'overall': 'Good', 'rating': None, 'surface': 'Turf', '__typename': 'TrackCondition'}",8,Molson Coors Beverage Handicap,2591,"3YO+, Handicap",24335,17,False,,1,11,Sea Eagle,6,Gelding,br,Time Test,Vassaria,,63.5,,Danny O'Leary,Gerard O'Leary,21:3-2-1,14,29,-24,2,4.33,0,51,,,,,,shn,26.0,,13,6,19,17,-10.5,,,
https://www.racenet.com.au/form-guide/horse-racing/down-royal-uk-20260928/molson-coors-beverage-handicap-race-8/overview,Down Royal,2026-09-28,Down Royal,"{'eventId': '3439189', 'overall': 'Good', 'rating': None, 'surface': 'Turf', '__typename': 'TrackCondition'}",8,Molson Coors Beverage Handicap,2591,"3YO+, Handicap",24335,17,False,,2,1,Rock Of Ireland,5,Gelding,b,Rock Of Gibraltar,Shes An Art,,63,,Rory Mulligan,Rory Devine,21:1-3-0,5,19,-62,5,19,0,7,,,,,,sn,11.0,,13,1,8,8,0.0,,,
https://www.racenet.com.au/form-guide/horse-racing/down-royal-uk-20260928/molson-coors-beverage-handicap-race-8/overview,Down Royal,2026-09-28,Down Royal,"{'eventId': '3439189', 'overall': 'Good', 'rating': None, 'surface': 'Turf', '__typename': 'TrackCondition'}",8,Molson Coors Beverage Handicap,2591,"3YO+, Handicap",24335,17,False,,3,8,Neptunes Staircase,6,Gelding,b,Lope De Vega,My Rosie,,62.5,,James Ryan,G M Lyons,10:1-3-0,10,40,-74,13,17,9,27,,,,,,on,41.0,,13,3,23,23,0.0,,,
https://www.racenet.com.au/form-guide/horse-racing/down-royal-uk-20260928/molson-coors-beverage-handicap-race-8/overview,Down Royal,2026-09-28,Down Royal,"{'eventId': '3439189', 'overall': 'Good', 'rating': None, 'surface': 'Turf', '__typename': 'TrackCondition'}",8,Molson Coors Beverage Handicap,2591,"3YO+, Handicap",24335,17,False,,4,15,Open Secret,5,Gelding,b,Cracksman,Pulcinella,,62.25,,Nina Doherty,G Elliott,22:2-5-3,9,45,-36,12,17,0,176,,,,,,son,26.0,,13,7,18,18,0.0,,,
https://www.racenet.com.au/form-guide/horse-racing/down-royal-uk-20260928/molson-coors-beverage-handicap-race-8/overview,Down Royal,2026-09-28,Down Royal,"{'eventId': '3439189', 'overall': 'Good', 'rating': None, 'surface': 'Turf', '__typename': 'TrackCondition'}",8,Molson Coors Beverage Handicap,2591,"3YO+, Handicap",24335,17,False,,5,2,Ephesus,5,Gelding,ch,Galileo,Muwakaba,,61.75,,J M Sheridan,D Hogan,30:3-2-3,10,27,-42,11,13,8,4,,,,,,son,41.0,,13,1,26,26,0.0,,,
https://www.racenet.com.au/form-guide/horse-racing/down-royal-uk-20260928/molson-coors-beverage-handicap-race-8/overview,Down Royal,2026-09-28,Down Royal,"{'eventId': '3439189', 'overall': 'Good', 'rating': None, 'surface': 'Turf', '__typename': 'TrackCondition'}",8,Molson Coors Beverage Handicap,2591,"3YO+, Handicap",24335,17,False,,6,10,Genoah,5,Gelding,b,U S Navy Flag,Barnet,,61.25,,Reese Holohan,M O'Callaghan,18:4-2-0,22,33,0,7,21,21,44,,,,,,n,13.0,,13,2,10,9.5,-5.0,,,
https://www.racenet.com.au/form-guide/horse-racing/down-royal-uk-20260928/molson-coors-beverage-handicap-race-8/overview,Down Royal,2026-09-28,Down Royal,"{'eventId': '3439189', 'overall': 'Good', 'rating': None, 'surface': 'Turf', '__typename': 'TrackCondition'}",8,Molson Coors Beverage Handicap,2591,"3YO+, Handicap",24335,17,False,,7,16,Rakki,5,Gelding,ch,Sea The Stars,Waldmark,,61.25,,Ben Coen,W P Mullins,20:2-2-4,10,40,-70,1,4.5,22,43,,,,,,sn,3.6,,13,1,3,3,0.0,,,
https://www.racenet.com.au/form-guide/horse-racing/down-royal-uk-20260928/molson-coors-beverage-handicap-race-8/overview,Down Royal,2026-09-28,Down Royal,"{'eventId': '3439189', 'overall': 'Good', 'rating': None, 'surface': 'Turf', '__typename': 'TrackCondition'}",8,Molson Coors Beverage Handicap,2591,"3YO+, Handicap",24335,17,False,,8,6,Sarangpur,4,Gelding,br,Arizona,Falcon Cliffs,,61.25,,Rory Cleary,Paul Mulligan,12:4-1-2,33,58,-22,3,1.91,0,53,,,,,,bn,8.5,,13,1,6.5,6.5,0.0,,,
https://www.racenet.com.au/form-guide/horse-racing/down-royal-uk-20260928/molson-coors-beverage-handicap-race-8/overview,Down Royal,2026-09-28,Down Royal,"{'eventId': '3439189', 'overall': 'Good', 'rating': None, 'surface': 'Turf', '__typename': 'TrackCondition'}",8,Molson Coors Beverage Handicap,2591,"3YO+, Handicap",24335,17,False,,9,17,Earthsong,4,Filly,b,Camelot,Celestial Beast,,60.75,,Billy Lee,W McCreery,9:1-0-1,11,22,-39,8,15,12,97,,,,,,on,16.0,,13,1,11,11,0.0,,,
https://www.racenet.com.au/form-guide/horse-racing/down-royal-uk-20260928/molson-coors-beverage-handicap-race-8/overview,Down Royal,2026-09-28,Down Royal,"{'eventId': '3439189', 'overall': 'Good', 'rating': None, 'surface': 'Turf', '__typename': 'TrackCondition'}",8,Molson Coors Beverage Handicap,2591,"3YO+, Handicap",24335,17,False,,10,5,Flying Fortress,4,Gelding,b,Churchill,Lady Poppy,,60.75,,Robert Whearty,G P Cromwell,20:2-4-1,10,35,-40,4,23,7,27,,,,,,hn,9.5,,13,1,7,7,0.0,,,
https://www.racenet.com.au/form-guide/horse-racing/down-royal-uk-20260928/molson-coors-beverage-handicap-race-8/overview,Down Royal,2026-09-28,Down Royal,"{'eventId': '3439189', 'overall': 'Good', 'rating': None, 'surface': 'Turf', '__typename': 'TrackCondition'}",8,Molson Coors Beverage Handicap,2591,"3YO+, Handicap",24335,17,False,,11,4,Youcansaythatagain,3,Colt,b,Ghaiyyath,Daring Diva,,60.75,,Gary Carroll,A Oliver,4:1-0-0,25,25,-44,9,6,6,27,,,,,,tn,11.0,,13,6,9,7.5,-16.7,,,
https://www.racenet.com.au/form-guide/horse-racing/down-royal-uk-20260928/molson-coors-beverage-handicap-race-8/overview,Down Royal,2026-09-28,Down Royal,"{'eventId': '3439189', 'overall': 'Good', 'rating': None, 'surface': 'Turf', '__typename': 'TrackCondition'}",8,Molson Coors Beverage Handicap,2591,"3YO+, Handicap",24335,17,False,,12,14,Faro Island,4,Gelding,ch,Ulysses,Boost,,59.75,,Ronan Whelan,A Oliver,13:3-0-1,23,31,92,7,4.33,9,19,,,,,,tsbn,26.0,,13,4,15,16,6.7,,,
https://www.racenet.com.au/form-guide/horse-racing/down-royal-uk-20260928/molson-coors-beverage-handicap-race-8/overview,Down Royal,2026-09-28,Down Royal,"{'eventId': '3439189', 'overall': 'Good', 'rating': None, 'surface': 'Turf', '__typename': 'TrackCondition'}",8,Molson Coors Beverage Handicap,2591,"3YO+, Handicap",24335,17,False,,13,3,Michinaga,3,Gelding,b,Rey De Oro,Ria Olivia,,59,,Luke McAteer,C Weld,3:0-0-0,0,0,-100,9,151,0,23,,,,,,,41.0,,13,3,26,26,0.0,,,
https://www.racenet.com.au/form-guide/horse-racing/down-royal-uk-20260928/molson-coors-beverage-handicap-race-8/overview,Down Royal,2026-09-28,Down Royal,"{'eventId': '3439189', 'overall': 'Good', 'rating': None, 'surface': 'Turf', '__typename': 'TrackCondition'}",8,Molson Coors Beverage Handicap,2591,"3YO+, Handicap",24335,17,False,,14,7,Nod Of Approval,3,Gelding,b,Ten Sovereigns,Round Of Applause,,58,,Wayne Lordan,J Harrington,11:0-2-0,0,18,-100,2,6.5,13,30,,,,,,,11.0,,13,6,10,8.5,-15.0,,,
https://www.racenet.com.au/form-guide/horse-racing/down-royal-uk-20260928/molson-coors-beverage-handicap-race-8/overview,Down Royal,2026-09-28,Down Royal,"{'eventId': '3439189', 'overall': 'Good', 'rating': None, 'surface': 'Turf', '__typename': 'TrackCondition'}",8,Molson Coors Beverage Handicap,2591,"3YO+, Handicap",24335,17,False,,15,9,Pillar Of Hope,8,Gelding,b,Awtaad,Great Hope,,59.75,,Reserve 1,P Sweeney,44:6-2-0,14,18,27,8,23,0,13,,,,,,sn,26.0,,13,2,17,16,-5.9,,,
https://www.racenet.com.au/form-guide/horse-racing/down-royal-uk-20260928/molson-coors-beverage-handicap-race-8/overview,Down Royal,2026-09-28,Down Royal,"{'eventId': '3439189', 'overall': 'Good', 'rating': None, 'surface': 'Turf', '__typename': 'TrackCondition'}",8,Molson Coors Beverage Handicap,2591,"3YO+, Handicap",24335,17,False,,16,12,Cooley's Mist,4,Gelding,b,Churchill,Lady Scathach,,59,,Reserve 2,H Rogers,12:1-1-3,8,42,-67,3,6.5,0,7,,,,,,dn,7.5,,13,2,6,5.5,-8.3,,,
https://www.racenet.com.au/form-guide/horse-racing/down-royal-uk-20260928/molson-coors-beverage-handicap-race-8/overview,Down Royal,2026-09-28,Down Royal,"{'eventId': '3439189', 'overall': 'Good', 'rating': None, 'surface': 'Turf', '__typename': 'TrackCondition'}",8,Molson Coors Beverage Handicap,2591,"3YO+, Handicap",24335,17,False,,17,13,Neo Smart,5,Mare,b,Belardo,Neophilia,,58,,Reserve 3,J S Bolger,40:3-5-2,8,25,-39,2,8.5,0,13,,,,,,n,7.5,,13,2,7,6.5,-7.1,,,
https://www.racenet.com.au/form-guide/horse-racing/down-royal-uk-20260928/pravha-handicap-0-60-div-1-race-6/overview,Down Royal,2026-09-28,Down Royal,"{'eventId': '3439187', 'overall': 'Good', 'rating': None, 'surface': 'Turf', '__typename': 'TrackCondition'}",6,Pravha Handicap (0-60) (Div 1),2222,"3YO+, Handicap",16221,14,False,,1,7,Tassarolo,5,Gelding,b,Farhh,Alessandra,,63.5,,Mel Sheridan,D Hogan,26:3-1-3,12,27,-37,4,10,2,23,,,,,,sn,5.0,,13,3,4.8,4.8,0.0,,,
https://www.racenet.com.au/form-guide/horse-racing/down-royal-uk-20260928/pravha-handicap-0-60-div-1-race-6/overview,Down Royal,2026-09-28,Down Royal,"{'eventId': '3439187', 'overall': 'Good', 'rating': None, 'surface': 'Turf', '__typename': 'TrackCondition'}",6,Pravha Handicap (0-60) (Div 1),2222,"3YO+, Handicap",16221,14,False,,2,13,No More Hiding,3,Filly,b,Time Test,Eastern Destiny,,60.75,,Billy Lee,A Oliver,8:0-1-0,0,13,-100,2,4.5,15,23,,,,,,,4.0,,13,3,3.7,3.7,0.0,,,
https://www.racenet.com.au/form-guide/horse-racing/down-royal-uk-20260928/pravha-handicap-0-60-div-1-race-6/overview,Down Royal,2026-09-28,Down Royal,"{'eventId': '3439187', 'overall': 'Good', 'rating': None, 'surface': 'Turf', '__typename': 'TrackCondition'}",6,Pravha Handicap (0-60) (Div 1),2222,"3YO+, Handicap",16221,14,False,,3,9,Chapel Island,3,Colt,br,Kodi Bear,Limoncino,,59.5,,Wesley Joyce,A Oliver,12:0-0-1,0,8,-100,7,8,0,2,,,,,,,7.5,,14,4,7,6.5,-7.1,,,
https://www.racenet.com.au/form-guide/horse-racing/down-royal-uk-20260928/pravha-handicap-0-60-div-1-race-6/overview,Down Royal,2026-09-28,Down Royal,"{'eventId': '3439187', 'overall': 'Good', 'rating': None, 'surface': 'Turf', '__typename': 'TrackCondition'}",6,Pravha Handicap (0-60) (Div 1),2222,"3YO+, Handicap",16221,14,False,,4,6,Chloe's Boy,3,Gelding,b,Sottsass,Flying Fairies,,59,,Siobhan Rutledge,H Rogers,7:1-0-0,14,14,143,1,17,9,13,,,,,,n,5.0,,14,1,4.4,4.4,0.0,,,
https://www.racenet.com.au/form-guide/horse-racing/down-royal-uk-20260928/pravha-handicap-0-60-div-1-race-6/overview,Down Royal,2026-09-28,Down Royal,"{'eventId': '3439187', 'overall': 'Good', 'rating': None, 'surface': 'Turf', '__typename': 'TrackCondition'}",6,Pravha Handicap (0-60) (Div 1),2222,"3YO+, Handicap",16221,14,False,,5,12,All Is Bright,3,Filly,ch,Dawn Approach,Mother Vincent,,58.5,,Declan McDonogh,J S Bolger,3:0-0-0,0,0,-100,11,51,9,282,,,,,,o,26.0,,14,3,20,20,0.0,,,
https://www.racenet.com.au/form-guide/horse-racing/down-royal-uk-20260928/pravha-handicap-0-60-div-1-race-6/overview,Down Royal,2026-09-28,Down Royal,"{'eventId': '3439187', 'overall': 'Good', 'rating': None, 'surface': 'Turf', '__typename': 'TrackCondition'}",6,Pravha Handicap (0-60) (Div 1),2222,"3YO+, Handicap",16221,14,False,,6,8,Limestone Red,6,Gelding,ch,Cotai Glory,Kocna,,58,,Ronan Whelan,T Collins,32:2-3-2,6,22,-63,5,10,8,23,,,,,,n,8.5,,13,6,7,7.5,7.1,,,
https://www.racenet.com.au/form-guide/horse-racing/down-royal-uk-20260928/pravha-handicap-0-60-div-1-race-6/overview,Down Royal,2026-09-28,Down Royal,"{'eventId': '3439187', 'overall': 'Good', 'rating': None, 'surface': 'Turf', '__typename': 'TrackCondition'}",6,Pravha Handicap (0-60) (Div 1),2222,"3YO+, Handicap",16221,14,False,,7,2,Aiteall,3,Gelding,b,Wootton Bassett,Dramatically,,57.5,,J M Sheridan,J P O'Brien,5:0-0-0,0,0,-100,8,11,18,9,,,,,,,8.0,,13,2,6.5,7,7.7,,,
https://www.racenet.com.au/form-guide/horse-racing/down-royal-uk-20260928/pravha-handicap-0-60-div-1-race-6/overview,Down Royal,2026-09-28,Down Royal,"{'eventId': '3439187', 'overall': 'Good', 'rating': None, 'surface': 'Turf', '__typename': 'TrackCondition'}",6,Pravha Handicap (0-60) (Div 1),2222,"3YO+, Handicap",16221,14,False,,8,4,Ellens Bay,3,Filly,b,Galileo Gold,Semper Fi,,57.25,,Reese Holohan,Ciaran Murphy,5:0-0-1,0,20,-100,16,19,0,27,,,,,,o,27.0,,14,2,23,26,13.0,,,
https://www.racenet.com.au/form-guide/horse-racing/down-royal-uk-20260928/pravha-handicap-0-60-div-1-race-6/overview,Down Royal,2026-09-28,Down Royal,"{'eventId': '3439187', 'overall': 'Good', 'rating': None, 'surface': 'Turf', '__typename': 'TrackCondition'}",6,Pravha Handicap (0-60) (Div 1),2222,"3YO+, Handicap",16221,14,False,,9,10,Pettus Bridge,4,Gelding,b,Postponed,Private Cashier,,57.25,,Patrick McGettigan,D Foster,4:0-0-0,0,0,-100,6,41,14,25,,,,,,,26.0,,13,3,20,20,0.0,,,
https://www.racenet.com.au/form-guide/horse-racing/down-royal-uk-20260928/pravha-handicap-0-60-div-1-race-6/overview,Down Royal,2026-09-28,Down Royal,"{'eventId': '3439187', 'overall': 'Good', 'rating': None, 'surface': 'Turf', '__typename': 'TrackCondition'}",6,Pravha Handicap (0-60) (Div 1),2222,"3YO+, Handicap",16221,14,False,,10,1,The Monday Club,3,Gelding,b,Invincible Army,Night Approaching,,56.25,,Rory Cleary,B W Duke,4:0-0-0,0,0,-100,9,41,4,13,,,,,,,19.0,,13,7,31,15,-51.6,,,
https://www.racenet.com.au/form-guide/horse-racing/down-royal-uk-20260928/pravha-handicap-0-60-div-1-race-6/overview,Down Royal,2026-09-28,Down Royal,"{'eventId': '3439187', 'overall': 'Good', 'rating': None, 'surface': 'Turf', '__typename': 'TrackCondition'}",6,Pravha Handicap (0-60) (Div 1),2222,"3YO+, Handicap",16221,14,False,,11,14,Annacroft,5,Mare,b,Berkshire,Miss Noble,,55.25,,Chris Hayes,J C McConnell,4:0-0-0,0,0,-100,13,67,4,13,,,,,,o,71.0,,13,4,41,51,24.4,,,
https://www.racenet.com.au/form-guide/horse-racing/down-royal-uk-20260928/pravha-handicap-0-60-div-1-race-6/overview,Down Royal,2026-09-28,Down Royal,"{'eventId': '3439187', 'overall': 'Good', 'rating': None, 'surface': 'Turf', '__typename': 'TrackCondition'}",6,Pravha Handicap (0-60) (Div 1),2222,"3YO+, Handicap",16221,14,False,,12,3,Autocrat,6,Gelding,b,No Nay Never,Crystal Diamond,,55.25,,Julian Pietropaolo,P Sweeney,54:6-2-2,11,19,-23,6,11,0,13,,,,,,n,18.0,,13,8,14,15,7.1,,,
https://www.racenet.com.au/form-guide/horse-racing/down-royal-uk-20260928/pravha-handicap-0-60-div-1-race-6/overview,Down Royal,2026-09-28,Down Royal,"{'eventId': '3439187', 'overall': 'Good', 'rating': None, 'surface': 'Turf', '__typename': 'TrackCondition'}",6,Pravha Handicap (0-60) (Div 1),2222,"3YO+, Handicap",16221,14,False,,13,11,Idomything,4,Filly,b,Sottsass,Havant,,55.25,,Jack Cleary,T Cleary,21:1-0-0,5,5,0,8,11,0,19,,,,,,sn,26.0,,13,2,20,21,5.0,,,
https://www.racenet.com.au/form-guide/horse-racing/down-royal-uk-20260928/pravha-handicap-0-60-div-1-race-6/overview,Down Royal,2026-09-28,Down Royal,"{'eventId': '3439187', 'overall': 'Good', 'rating': None, 'surface': 'Turf', '__typename': 'TrackCondition'}",6,Pravha Handicap (0-60) (Div 1),2222,"3YO+, Handicap",16221,14,False,,14,5,Jazz Dreamers,8,Gelding,b,Red Jazz,Regal Ribbon,,55.25,,Keithen Kennedy,S Fahey,46:3-4-4,7,24,-18,7,51,7,11,,,,,,sn(D/A),27.0,,13,2,23,26,13.0,,,
https://www.racenet.com.au/form-guide/horse-racing/down-royal-uk-20260928/pravha-handicap-0-60-div-2-race-7/overview,Down Royal,2026-09-28,Down Royal,"{'eventId': '3439188', 'overall': 'Good', 'rating': None, 'surface': 'Turf', '__typename': 'TrackCondition'}",7,Pravha Handicap (0-60) (Div 2),2222,"3YO+, Handicap",16221,15,False,,1,10,Flagstone Lady,3,Filly,g,U S Navy Flag,Petits Potins,,63.5,,Reese Holohan,M O'Callaghan,7:1-0-1,14,29,-50,1,3.5,21,23,,,,,,tn,3.4,,13,2,3.2,3.1,-3.1,,,
https://www.racenet.com.au/form-guide/horse-racing/down-royal-uk-20260928/pravha-handicap-0-60-div-2-race-7/overview,Down Royal,2026-09-28,Down Royal,"{'eventId': '3439188', 'overall': 'Good', 'rating': None, 'surface': 'Turf', '__typename': 'TrackCondition'}",7,Pravha Handicap (0-60) (Div 2),2222,"3YO+, Handicap",16221,15,False,,2,2,Ballaghkeen,3,Filly,b,Teofilo,Bealach Nua,,63,,Ronan Whelan,J S Bolger,5:0-0-0,0,0,-100,6,12,8,23,,,,,,,7.0,,13,5,6,6,0.0,,,
https://www.racenet.com.au/form-guide/horse-racing/down-royal-uk-20260928/pravha-handicap-0-60-div-2-race-7/overview,Down Royal,2026-09-28,Down Royal,"{'eventId': '3439188', 'overall': 'Good', 'rating': None, 'surface': 'Turf', '__typename': 'TrackCondition'}",7,Pravha Handicap (0-60) (Div 2),2222,"3YO+, Handicap",16221,15,False,,3,1,Shay's Dream,3,Gelding,ch,New Bay,Double Lady,,63,,J M Sheridan,J P O'Brien,6:0-0-0,0,0,-100,14,41,18,19,,,,,,o,31.0,,14,6,26,23,-11.5,,,
https://www.racenet.com.au/form-guide/horse-racing/down-royal-uk-20260928/pravha-handicap-0-60-div-2-race-7/overview,Down Royal,2026-09-28,Down Royal,"{'eventId': '3439188', 'overall': 'Good', 'rating': None, 'surface': 'Turf', '__typename': 'TrackCondition'}",7,Pravha Handicap (0-60) (Div 2),2222,"3YO+, Handicap",16221,15,False,,4,13,Connecteo,3,Gelding,ch,Teofilo,Reunite,,62.5,,Ben Coen,A Oliver,9:0-2-0,0,22,-100,13,4,5,2,,,,,,bo,8.0,,14,5,8,7,-12.5,,,
https://www.racenet.com.au/form-guide/horse-racing/down-royal-uk-20260928/pravha-handicap-0-60-div-2-race-7/overview,Down Royal,2026-09-28,Down Royal,"{'eventId': '3439188', 'overall': 'Good', 'rating': None, 'surface': 'Turf', '__typename': 'TrackCondition'}",7,Pravha Handicap (0-60) (Div 2),2222,"3YO+, Handicap",16221,15,False,,5,14,Big Bill,3,Gelding,b,Wooded,Manadream,,61.75,,Patrick McGettigan,Aidan Melia,4:0-0-0,0,0,-100,10,26,0,336,,,,,,o,23.0,,13,2,19,21,10.5,,,
https://www.racenet.com.au/form-guide/horse-racing/down-royal-uk-20260928/pravha-handicap-0-60-div-2-race-7/overview,Down Royal,2026-09-28,Down Royal,"{'eventId': '3439188', 'overall': 'Good', 'rating': None, 'surface': 'Turf', '__typename': 'TrackCondition'}",7,Pravha Handicap (0-60) (Div 2),2222,"3YO+, Handicap",16221,15,False,,6,3,Sweetie Too,3,Filly,ch,Dawn Approach,In Somno,,60.75,,Rory Cleary,B W Duke,5:0-0-0,0,0,-100,10,13,4,11,,,,,,o,10.0,,13,8,13,8,-38.5,,,
https://www.racenet.com.au/form-guide/horse-racing/down-royal-uk-20260928/pravha-handicap-0-60-div-2-race-7/overview,Down Royal,2026-09-28,Down Royal,"{'eventId': '3439188', 'overall': 'Good', 'rating': None, 'surface': 'Turf', '__typename': 'TrackCondition'}",7,Pravha Handicap (0-60) (Div 2),2222,"3YO+, Handicap",16221,15,False,,7,8,Strike De Vega,3,Colt,ch,Lope De Vega,Fresh Strike,,60.25,,Gary Carroll,A Oliver,5:0-0-0,0,0,-100,18,67,6,23,,,,,,o,51.0,,13,1,41,41,0.0,,,
https://www.racenet.com.au/form-guide/horse-racing/down-royal-uk-20260928/pravha-handicap-0-60-div-2-race-7/overview,Down Royal,2026-09-28,Down Royal,"{'eventId': '3439188', 'overall': 'Good', 'rating': None, 'surface': 'Turf', '__typename': 'TrackCondition'}",7,Pravha Handicap (0-60) (Div 2),2222,"3YO+, Handicap",16221,15,False,,8,7,Trishuli River,6,Mare,b,Poet's Word,Trishuli Rock,,59.5,,Jack Cleary,S Crawley,32:4-3-4,13,34,11,6,23,0,9,,,,,,n,19.0,,13,5,14,14,0.0,,,
https://www.racenet.com.au/form-guide/horse-racing/down-royal-uk-20260928/pravha-handicap-0-60-div-2-race-7/overview,Down Royal,2026-09-28,Down Royal,"{'eventId': '3439188', 'overall': 'Good', 'rating': None, 'surface': 'Turf', '__typename': 'TrackCondition'}",7,Pravha Handicap (0-60) (Div 2),2222,"3YO+, Handicap",16221,15,False,,9,4,Augusta Rock,3,Gelding,ch,Australia,Double Fantasy,,59,,Declan McDonogh,J P O'Brien,7:0-1-0,0,14,-100,5,7.5,10,27,,,,,,,4.6,,13,1,4.2,4.2,0.0,,,
https://www.racenet.com.au/form-guide/horse-racing/down-royal-uk-20260928/pravha-handicap-0-60-div-2-race-7/overview,Down Royal,2026-09-28,Down Royal,"{'eventId': '3439188', 'overall': 'Good', 'rating': None, 'surface': 'Turf', '__typename': 'TrackCondition'}",7,Pravha Handicap (0-60) (Div 2),2222,"3YO+, Handicap",16221,15,False,,10,5,Thegooseiscooked,9,Mare,b,Footstepsinthesand,Silly Goose,,59,,Jack Kearney,G Keane,29:1-2-3,3,21,-86,4,29,4,23,,,,,,n,10.0,,13,1,9,9,0.0,,,
https://www.racenet.com.au/form-guide/horse-racing/down-royal-uk-20260928/pravha-handicap-0-60-div-2-race-7/overview,Down Royal,2026-09-28,Down Royal,"{'eventId': '3439188', 'overall': 'Good', 'rating': None, 'surface': 'Turf', '__typename': 'TrackCondition'}",7,Pravha Handicap (0-60) (Div 2),2222,"3YO+, Handicap",16221,15,False,,11,11,Folk Warrior,4,Gelding,ch,Shaman,Grand Ole Opry,,57.5,,Billy Lee,J Nash,13:0-0-0,0,0,-100,6,23,0,32,,,,,,,9.5,,14,1,8.5,8.5,0.0,,,
https://www.racenet.com.au/form-guide/horse-racing/down-royal-uk-20260928/pravha-handicap-0-60-div-2-race-7/overview,Down Royal,2026-09-28,Down Royal,"{'eventId': '3439188', 'overall': 'Good', 'rating': None, 'surface': 'Turf', '__typename': 'TrackCondition'}",7,Pravha Handicap (0-60) (Div 2),2222,"3YO+, Handicap",16221,15,False,,12,9,Haeret In Pectore,5,Gelding,b,Sioux Nation,Beyond Dance,,57.25,,Robbie Colgan,A J Martin,14:1-2-0,7,21,-100,21,26,7,23,,,,,,so,26.0,,13,1,21,21,0.0,,,
https://www.racenet.com.au/form-guide/horse-racing/down-royal-uk-20260928/pravha-handicap-0-60-div-2-race-7/overview,Down Royal,2026-09-28,Down Royal,"{'eventId': '3439188', 'overall': 'Good', 'rating': None, 'surface': 'Turf', '__typename': 'TrackCondition'}",7,Pravha Handicap (0-60) (Div 2),2222,"3YO+, Handicap",16221,15,False,,13,12,Kartayaz,9,Gelding,b,Iffraaj,Karamaya,,57.25,,Zoe McMullan,G A Kingston,66:5-3-7,8,23,42,13,29,6,132,,,,,,tson,41.0,,13,2,34,31,-8.8,,,
https://www.racenet.com.au/form-guide/horse-racing/down-royal-uk-20260928/pravha-handicap-0-60-div-2-race-7/overview,Down Royal,2026-09-28,Down Royal,"{'eventId': '3439188', 'overall': 'Good', 'rating': None, 'surface': 'Turf', '__typename': 'TrackCondition'}",7,Pravha Handicap (0-60) (Div 2),2222,"3YO+, Handicap",16221,15,False,,14,15,Curious Jane,3,Filly,b,Kuroshio,Jane Austen,,54.5,,Rory Mulligan,Ciaran Murphy,7:0-0-0,0,0,-100,9,34,25,27,,,,,,,31.0,,13,1,26,26,0.0,,,
https://www.racenet.com.au/form-guide/horse-racing/down-royal-uk-20260928/pravha-handicap-0-60-div-2-race-7/overview,Down Royal,2026-09-28,Down Royal,"{'eventId': '3439188', 'overall': 'Good', 'rating': None, 'surface': 'Turf', '__typename': 'TrackCondition'}",7,Pravha Handicap (0-60) (Div 2),2222,"3YO+, Handicap",16221,15,False,,15,6,Cleopatra's Needle,8,Mare,ch,Helmet,Philae,,60.25,,Reserve 1,H Rogers,43:3-6-2,7,26,23,12,11,0,47,,,,,,son,19.0,,14,4,17,15,-11.8,,,
https://www.racenet.com.au/form-guide/horse-racing/epsom-downs-uk-20260927/betfred-bet-builder-handicap-gbbplus-race-race-5/overview,Epsom Downs,2026-09-27,Epsom Downs,"{'eventId': '3438543', 'overall': 'Good', 'rating': None, 'surface': 'Turf', '__typename': 'TrackCondition'}",5,Betfred 'Bet Builder' Handicap (Gbbplus Race),2027,"3YO+, Class 3, Handicap, Class 3, Handicap",37117,5,True,RESULTED,1,2,Matins,3,Colt,b,Frankel,Sacre Caroline,RESULTED,62.25,,Cieren Fallon,W J Haggas,2:2-0-0,100,100,77,1,1.03,23,44,,,,,,n,1.6,,19,28,1.8,1.52,-15.6,1,,1
https://www.racenet.com.au/form-guide/horse-racing/epsom-downs-uk-20260927/betfred-bet-builder-handicap-gbbplus-race-race-5/overview,Epsom Downs,2026-09-27,Epsom Downs,"{'eventId': '3438543', 'overall': 'Good', 'rating': None, 'surface': 'Turf', '__typename': 'TrackCondition'}",5,Betfred 'Bet Builder' Handicap (Gbbplus Race),2027,"3YO+, Class 3, Handicap, Class 3, Handicap",37117,5,True,RESULTED,2,3,Rajeko,4,Gelding,b,Kameko,Rajar,RESULTED,59.75,,Hector Crouch,M L W Bell,12:2-2-0,17,33,6,9,9,21,22,,,,,,n,18.0,,19,19,23,15,-34.8,5,,0
https://www.racenet.com.au/form-guide/horse-racing/epsom-downs-uk-20260927/betfred-bet-builder-handicap-gbbplus-race-race-5/overview,Epsom Downs,2026-09-27,Epsom Downs,"{'eventId': '3438543', 'overall': 'Good', 'rating': None, 'surface': 'Turf', '__typename': 'TrackCondition'}",5,Betfred 'Bet Builder' Handicap (Gbbplus Race),2027,"3YO+, Class 3, Handicap, Class 3, Handicap",37117,5,True,RESULTED,3,4,Cogitate,5,Gelding,b,Churchill,Damaniyat Girl,RESULTED,58.5,,Charles Bishop,Eve Johnson Houghton,24:2-4-1,8,29,-29,4,4.5,12,45,,,,,,n,9.0,,19,16,5.5,7.5,36.4,4,,0
https://www.racenet.com.au/form-guide/horse-racing/epsom-downs-uk-20260927/betfred-bet-builder-handicap-gbbplus-race-race-5/overview,Epsom Downs,2026-09-27,Epsom Downs,"{'eventId': '3438543', 'overall': 'Good', 'rating': None, 'surface': 'Turf', '__typename': 'TrackCondition'}",5,Betfred 'Bet Builder' Handicap (Gbbplus Race),2027,"3YO+, Class 3, Handicap, Class 3, Handicap",37117,5,True,RESULTED,4,5,Echalar,4,Gelding,b,Too Darn Hot,Rocana,RESULTED,56.75,,Billy Loughnane,Ian Williams,19:2-1-3,11,32,-16,2,6,19,12,,,,,,dn,6.0,,19,19,4.5,5.5,22.2,3,,0
https://www.racenet.com.au/form-guide/horse-racing/epsom-downs-uk-20260927/betfred-bet-builder-handicap-gbbplus-race-race-5/overview,Epsom Downs,2026-09-27,Epsom Downs,"{'eventId': '3438543', 'overall': 'Good', 'rating': None, 'surface': 'Turf', '__typename': 'TrackCondition'}",5,Betfred 'Bet Builder' Handicap (Gbbplus Race),2027,"3YO+, Class 3, Handicap, Class 3, Handicap",37117,5,True,RESULTED,5,1,Carnival Day,5,Gelding,b,Invincible Spirit,Mardie Gras,RESULTED,56.25,,Patrick Cosgrave,J R Boyle,31:6-3-7,19,52,-34,1,3.5,11,17,,,,,,tcdsn,7.0,,19,12,5,6,20.0,2,,0
https://www.racenet.com.au/form-guide/horse-racing/epsom-downs-uk-20260927/betfred-derby-wild-card-ebf-conditions-stakes-gbbgbbplus-race-race-2/overview,Epsom Downs,2026-09-27,Epsom Downs,"{'eventId': '3438540', 'overall': 'Good', 'rating': None, 'surface': 'Turf', '__typename': 'TrackCondition'}",2,Betfred Derby 'Wild Card' Ebf Conditions Stakes (Gbb/gbbplus Race),1713,"2YO, Class 2, Class 2",37117,5,True,RESULTED,1,2,Sword Salute,2,Colt,ch,Masar,Victory Wave,RESULTED,59.5,,Rowan Scott,C Johnston,8:3-0-2,38,63,416,7,12,25,0,,,,,,n,14.0,,19,42,5,12,140.0,2,,0
https://www.racenet.com.au/form-guide/horse-racing/epsom-downs-uk-20260927/betfred-derby-wild-card-ebf-conditions-stakes-gbbgbbplus-race-race-2/overview,Epsom Downs,2026-09-27,Epsom Downs,"{'eventId': '3438540', 'overall': 'Good', 'rating': None, 'surface': 'Turf', '__typename': 'TrackCondition'}",2,Betfred Derby 'Wild Card' Ebf Conditions Stakes (Gbb/gbbplus Race),1713,"2YO, Class 2, Class 2",37117,5,True,RESULTED,2,4,Al Wathba,2,Colt,b,Wootton Bassett,Hidden Breeze,RESULTED,58.5,,Billy Loughnane,C Appleby,4:1-2-0,25,75,-61,4,4.5,41,0,,,,,,bn,4.5,,19,32,3.9,4,2.6,3,,0
https://www.racenet.com.au/form-guide/horse-racing/epsom-downs-uk-20260927/betfred-derby-wild-card-ebf-conditions-stakes-gbbgbbplus-race-race-2/overview,Epsom Downs,2026-09-27,Epsom Downs,"{'eventId': '3438540', 'overall': 'Good', 'rating': None, 'surface': 'Turf', '__typename': 'TrackCondition'}",2,Betfred Derby 'Wild Card' Ebf Conditions Stakes (Gbb/gbbplus Race),1713,"2YO, Class 2, Class 2",37117,5,True,RESULTED,3,3,Bincimbal,2,Colt,br,Too Darn Hot,Silk Romance,RESULTED,58.5,,Lewis Edmunds,Harry Charlton,5:3-0-1,60,80,485,1,19,17,0,,,,,,tn,19.0,,19,29,7,15,114.3,5,,0
https://www.racenet.com.au/form-guide/horse-racing/epsom-downs-uk-20260927/betfred-derby-wild-card-ebf-conditions-stakes-gbbgbbplus-race-race-2/overview,Epsom Downs,2026-09-27,Epsom Downs,"{'eventId': '3438540', 'overall': 'Good', 'rating': None, 'surface': 'Turf', '__typename': 'TrackCondition'}",2,Betfred Derby 'Wild Card' Ebf Conditions Stakes (Gbb/gbbplus Race),1713,"2YO, Class 2, Class 2",37117,5,True,RESULTED,4,1,Quite Cheeky,2,Colt,b,Teofilo,Examinee,RESULTED,58.5,,Cieren Fallon,W J Haggas,2:2-0-0,100,100,700,1,4.5,23,0,,,,,,tsn,4.5,,19,25,3.9,4.2,7.7,1,,1
https://www.racenet.com.au/form-guide/horse-racing/epsom-downs-uk-20260927/betfred-derby-wild-card-ebf-conditions-stakes-gbbgbbplus-race-race-2/overview,Epsom Downs,2026-09-27,Epsom Downs,"{'eventId': '3438540', 'overall': 'Good', 'rating': None, 'surface': 'Turf', '__typename': 'TrackCondition'}",2,Betfred Derby 'Wild Card' Ebf Conditions Stakes (Gbb/gbbplus Race),1713,"2YO, Class 2, Class 2",37117,5,True,RESULTED,5,5,Rose Moon,2,Colt,b,Sea The Moon,Rosenart,RESULTED,58.5,,Rossa Ryan,R M Beckett,1:1-0-0,100,100,250,1,1.83,21,0,,,,,,n,1.9,,19,42,2.9,1.8,-37.9,4,,0
https://www.racenet.com.au/form-guide/horse-racing/epsom-downs-uk-20260927/betfred-follow-us-on-x-handicap-race-7/overview,Epsom Downs,2026-09-27,Epsom Downs,"{'eventId': '3438546', 'overall': 'Good', 'rating': None, 'surface': 'Turf', '__typename': 'TrackCondition'}",7,Betfred 'Follow Us On X' Handicap,1411,"3YO+, Class 4, Handicap, Class 4, Handicap",24126,10,True,RESULTED,1,1,Musical Angel,4,Filly,b,Dark Angel,Gift Of Music,RESULTED,63.5,,Harry Davies,S Dow,20:3-4-5,15,60,-8,2,11,13,17,,,,,,tcdsn,4.8,,19,29,3.1,4.2,35.5,8,,0
https://www.racenet.com.au/form-guide/horse-racing/epsom-downs-uk-20260927/betfred-follow-us-on-x-handicap-race-7/overview,Epsom Downs,2026-09-27,Epsom Downs,"{'eventId': '3438546', 'overall': 'Good', 'rating': None, 'surface': 'Turf', '__typename': 'TrackCondition'}",7,Betfred 'Follow Us On X' Handicap,1411,"3YO+, Class 4, Handicap, Class 4, Handicap",24126,10,True,RESULTED,2,3,Bridget's View,4,Filly,ch,Sergei Prokofiev,Samasana,RESULTED,63,,Rossa Ryan,S C Williams,13:2-1-0,15,23,-6,5,11,15,31,,,,,,dn,12.0,,19,13,8,9.5,18.8,4,,0
https://www.racenet.com.au/form-guide/horse-racing/epsom-downs-uk-20260927/betfred-follow-us-on-x-handicap-race-7/overview,Epsom Downs,2026-09-27,Epsom Downs,"{'eventId': '3438546', 'overall': 'Good', 'rating': None, 'surface': 'Turf', '__typename': 'TrackCondition'}",7,Betfred 'Follow Us On X' Handicap,1411,"3YO+, Class 4, Handicap, Class 4, Handicap",24126,10,True,RESULTED,3,9,Wreck It Ryley,6,Gelding,gr,Gutaifan,Bucks Frizz,RESULTED,61.75,,Hector Crouch,A D Brown,53:6-8-8,11,42,-34,11,34,100,22,,,,,,dson,10.0,,19,18,23,8.5,-63.0,7,,0
https://www.racenet.com.au/form-guide/horse-racing/epsom-downs-uk-20260927/betfred-follow-us-on-x-handicap-race-7/overview,Epsom Downs,2026-09-27,Epsom Downs,"{'eventId': '3438546', 'overall': 'Good', 'rating': None, 'surface': 'Turf', '__typename': 'TrackCondition'}",7,Betfred 'Follow Us On X' Handicap,1411,"3YO+, Class 4, Handicap, Class 4, Handicap",24126,10,True,RESULTED,4,5,Silver Trumpet,5,Gelding,gr,Advertise,Cherubic,RESULTED,61.75,,Charles Bishop,Eve Johnson Houghton,37:7-6-3,19,43,-6,5,4,12,17,,,,,,tcdn,5.0,,19,35,5,4.8,-4.0,2,,0
https://www.racenet.com.au/form-guide/horse-racing/epsom-downs-uk-20260927/betfred-follow-us-on-x-handicap-race-7/overview,Epsom Downs,2026-09-27,Epsom Downs,"{'eventId': '3438546', 'overall': 'Good', 'rating': None, 'surface': 'Turf', '__typename': 'TrackCondition'}",7,Betfred 'Follow Us On X' Handicap,1411,"3YO+, Class 4, Handicap, Class 4, Handicap",24126,10,True,RESULTED,5,10,Velvet Rhythm,3,Filly,b,Awtaad,Tea Dancing,RESULTED,60.25,,Rowan Scott,C Johnston,15:4-0-5,27,60,75,3,8.5,25,8,,,,,,dsn,7.5,,19,23,3.7,6.5,75.7,5,,0
https://www.racenet.com.au/form-guide/horse-racing/epsom-downs-uk-20260927/betfred-follow-us-on-x-handicap-race-7/overview,Epsom Downs,2026-09-27,Epsom Downs,"{'eventId': '3438546', 'overall': 'Good', 'rating': None, 'surface': 'Turf', '__typename': 'TrackCondition'}",7,Betfred 'Follow Us On X' Handicap,1411,"3YO+, Class 4, Handicap, Class 4, Handicap",24126,10,True,RESULTED,6,8,Havana Smile,3,Gelding,b,Havana Grey,Abundant Moon,RESULTED,59.75,,Toby Moore,G & J Moore,10:1-1-1,10,30,50,3,7.5,0,16,,,,,,n,8.5,,19,21,8,6.75,-15.6,3,,0
https://www.racenet.com.au/form-guide/horse-racing/epsom-downs-uk-20260927/betfred-follow-us-on-x-handicap-race-7/overview,Epsom Downs,2026-09-27,Epsom Downs,"{'eventId': '3438546', 'overall': 'Good', 'rating': None, 'surface': 'Turf', '__typename': 'TrackCondition'}",7,Betfred 'Follow Us On X' Handicap,1411,"3YO+, Class 4, Handicap, Class 4, Handicap",24126,10,True,RESULTED,7,6,Eazy On The Eye,4,Filly,b,Expert Eye,Yaa Mous,RESULTED,59.5,,George Wood,H Main,21:2-3-2,10,33,233,7,8,9,23,,,,,,n,4.5,,19,21,7,4.2,-40.0,1,,1
https://www.racenet.com.au/form-guide/horse-racing/epsom-downs-uk-20260927/betfred-follow-us-on-x-handicap-race-7/overview,Epsom Downs,2026-09-27,Epsom Downs,"{'eventId': '3438546', 'overall': 'Good', 'rating': None, 'surface': 'Turf', '__typename': 'TrackCondition'}",7,Betfred 'Follow Us On X' Handicap,1411,"3YO+, Class 4, Handicap, Class 4, Handicap",24126,10,True,RESULTED,8,7,Fresh Fade,3,Gelding,ch,Cotai Glory,Julienne,RESULTED,58,,Kieren Fox,M J Attwater,17:1-1-3,6,29,-75,5,19,6,27,,,,,,n,29.0,,19,23,19,23,21.1,6,,0
https://www.racenet.com.au/form-guide/horse-racing/epsom-downs-uk-20260927/betfred-follow-us-on-x-handicap-race-7/overview,Epsom Downs,2026-09-27,Epsom Downs,"{'eventId': '3438546', 'overall': 'Good', 'rating': None, 'surface': 'Turf', '__typename': 'TrackCondition'}",7,Betfred 'Follow Us On X' Handicap,1411,"3YO+, Class 4, Handicap, Class 4, Handicap",24126,10,True,RESULTED,9,4,Our Guy,3,Gelding,b,Zoustar,Felissa,RESULTED,56.75,,George Bass,D J Coakley,5:1-0-0,20,20,580,9,19,11,86,,,,,,n,101.0,,19,32,29,71,144.8,10,,0
https://www.racenet.com.au/form-guide/horse-racing/epsom-downs-uk-20260927/betfred-follow-us-on-x-handicap-race-7/overview,Epsom Downs,2026-09-27,Epsom Downs,"{'eventId': '3438546', 'overall': 'Good', 'rating': None, 'surface': 'Turf', '__typename': 'TrackCondition'}",7,Betfred 'Follow Us On X' Handicap,1411,"3YO+, Class 4, Handicap, Class 4, Handicap",24126,10,True,RESULTED,10,2,Middleton View,4,Gelding,b,Bated Breath,Tested,RESULTED,55.75,,S M Levey,S C Williams,13:1-1-0,8,15,-62,8,34,13,10,,,,,,n,26.0,,19,21,19,17,-10.5,9,,0
https://www.racenet.com.au/form-guide/horse-racing/epsom-downs-uk-20260927/betfred-nifty-50-jump-jockeys-derby-handicap-professional-jump-jockeys-gbbplus-race-race-4/overview,Epsom Downs,2026-09-27,Epsom Downs,"{'eventId': '3438542', 'overall': 'Good', 'rating': None, 'surface': 'Turf', '__typename': 'TrackCondition'}",4,Betfred 'Nifty 50' Jump Jockeys Derby Handicap (Professional Jump Jockeys) (Gbbplus Race),2420,"4YO+, Class 4, Handicap, Class 4, Handicap",37117,13,True,RESULTED,1,10,Marnier,4,Gelding,b,Saxon Warrior,Manzanilla,RESULTED,74.75,,Caoilin Quinn,G & J Moore,13:2-3-2,15,54,-53,6,21,18,28,,,,,,dn,10.0,,19,24,11,9,-18.2,11,,0
https://www.racenet.com.au/form-guide/horse-racing/epsom-downs-uk-20260927/betfred-nifty-50-jump-jockeys-derby-handicap-professional-jump-jockeys-gbbplus-race-race-4/overview,Epsom Downs,2026-09-27,Epsom Downs,"{'eventId': '3438542', 'overall': 'Good', 'rating': None, 'surface': 'Turf', '__typename': 'TrackCondition'}",4,Betfred 'Nifty 50' Jump Jockeys Derby Handicap (Professional Jump Jockeys) (Gbbplus Race),2420,"4YO+, Class 4, Handicap, Class 4, Handicap",37117,13,True,RESULTED,2,8,Tiger,4,Gelding,b,Wooded,Edya,RESULTED,74,,Harry Cobden,Ian Williams,14:2-2-1,14,36,0,8,4.33,0,28,,,,,,n,6.0,,19,19,7.5,5.5,-26.7,12,,0
https://www.racenet.com.au/form-guide/horse-racing/epsom-downs-uk-20260927/betfred-nifty-50-jump-jockeys-derby-handicap-professional-jump-jockeys-gbbplus-race-race-4/overview,Epsom Downs,2026-09-27,Epsom Downs,"{'eventId': '3438542', 'overall': 'Good', 'rating': None, 'surface': 'Turf', '__typename': 'TrackCondition'}",4,Betfred 'Nifty 50' Jump Jockeys Derby Handicap (Professional Jump Jockeys) (Gbbplus Race),2420,"4YO+, Class 4, Handicap, Class 4, Handicap",37117,13,True,RESULTED,3,5,Gordon Grey,6,Gelding,gr,Australia,Lady Aquitaine,RESULTED,73.5,,Tom Cannon,George Baker,41:9-6-2,22,41,-8,4,8,27,17,,,,,,tcdn,15.0,,19,12,10,13,30.0,10,,0
https://www.racenet.com.au/form-guide/horse-racing/epsom-downs-uk-20260927/betfred-nifty-50-jump-jockeys-derby-handicap-professional-jump-jockeys-gbbplus-race-race-4/overview,Epsom Downs,2026-09-27,Epsom Downs,"{'eventId': '3438542', 'overall': 'Good', 'rating': None, 'surface': 'Turf', '__typename': 'TrackCondition'}",4,Betfred 'Nifty 50' Jump Jockeys Derby Handicap (Professional Jump Jockeys) (Gbbplus Race),2420,"4YO+, Class 4, Handicap, Class 4, Handicap",37117,13,True,RESULTED,4,6,Oneforthegutter,7,Gelding,b,Muhaarar,Rainbow Springs,RESULTED,73,,C J Todd,Ian Williams,43:4-5-4,9,30,49,7,15,11,8,,,,,,dsn,7.0,,19,29,12,6.5,-45.8,2,,0
https://www.racenet.com.au/form-guide/horse-racing/epsom-downs-uk-20260927/betfred-nifty-50-jump-jockeys-derby-handicap-professional-jump-jockeys-gbbplus-race-race-4/overview,Epsom Downs,2026-09-27,Epsom Downs,"{'eventId': '3438542', 'overall': 'Good', 'rating': None, 'surface': 'Turf', '__typename': 'TrackCondition'}",4,Betfred 'Nifty 50' Jump Jockeys Derby Handicap (Professional Jump Jockeys) (Gbbplus Race),2420,"4YO+, Class 4, Handicap, Class 4, Handicap",37117,13,True,RESULTED,5,12,Fox Avatar,5,Gelding,b,Frankel,Come On Leicester,RESULTED,72.5,,Brendan Powell,R Varian,12:3-0-2,25,42,-26,4,7.5,0,18,,,,,,dn,8.5,,19,17,6.5,6.5,0.0,13,,0
https://www.racenet.com.au/form-guide/horse-racing/epsom-downs-uk-20260927/betfred-nifty-50-jump-jockeys-derby-handicap-professional-jump-jockeys-gbbplus-race-race-4/overview,Epsom Downs,2026-09-27,Epsom Downs,"{'eventId': '3438542', 'overall': 'Good', 'rating': None, 'surface': 'Turf', '__typename': 'TrackCondition'}",4,Betfred 'Nifty 50' Jump Jockeys Derby Handicap (Professional Jump Jockeys) (Gbbplus Race),2420,"4YO+, Class 4, Handicap, Class 4, Handicap",37117,13,True,RESULTED,6,2,Hengest,4,Gelding,b,Night Of Thunder,Contribution,RESULTED,71.75,,Lee Edwards,Dylan Cunha,15:3-0-2,20,33,-37,7,15,14,8,,,,,,n,26.0,,19,50,16,21,31.2,5,,0
https://www.racenet.com.au/form-guide/horse-racing/epsom-downs-uk-20260927/betfred-nifty-50-jump-jockeys-derby-handicap-professional-jump-jockeys-gbbplus-race-race-4/overview,Epsom Downs,2026-09-27,Epsom Downs,"{'eventId': '3438542', 'overall': 'Good', 'rating': None, 'surface': 'Turf', '__typename': 'TrackCondition'}",4,Betfred 'Nifty 50' Jump Jockeys Derby Handicap (Professional Jump Jockeys) (Gbbplus Race),2420,"4YO+, Class 4, Handicap, Class 4, Handicap",37117,13,True,RESULTED,7,3,Nibras Gold,8,Gelding,b,Golden Horn,Whipped,RESULTED,71.75,,J J Burke,James Owen,37:8-13-4,22,68,-11,1,3.75,25,15,,,,,,dsn,11.0,,19,24,5.5,10,81.8,6,,0
https://www.racenet.com.au/form-guide/horse-racing/epsom-downs-uk-20260927/betfred-nifty-50-jump-jockeys-derby-handicap-professional-jump-jockeys-gbbplus-race-race-4/overview,Epsom Downs,2026-09-27,Epsom Downs,"{'eventId': '3438542', 'overall': 'Good', 'rating': None, 'surface': 'Turf', '__typename': 'TrackCondition'}",4,Betfred 'Nifty 50' Jump Jockeys Derby Handicap (Professional Jump Jockeys) (Gbbplus Race),2420,"4YO+, Class 4, Handicap, Class 4, Handicap",37117,13,True,RESULTED,8,4,Flash Man,4,Gelding,b,The Grey Gatsby,Dubai Empress,RESULTED,71.25,,K Brogan,T Lawes,19:3-3-5,16,58,-47,3,3.2,15,126,,,,,,dsn,101.0,,19,19,23,61,165.2,4,,0
https://www.racenet.com.au/form-guide/horse-racing/epsom-downs-uk-20260927/betfred-nifty-50-jump-jockeys-derby-handicap-professional-jump-jockeys-gbbplus-race-race-4/overview,Epsom Downs,2026-09-27,Epsom Downs,"{'eventId': '3438542', 'overall': 'Good', 'rating': None, 'surface': 'Turf', '__typename': 'TrackCondition'}",4,Betfred 'Nifty 50' Jump Jockeys Derby Handicap (Professional Jump Jockeys) (Gbbplus Race),2420,"4YO+, Class 4, Handicap, Class 4, Handicap",37117,13,True,RESULTED,9,9,Damascus Steel,6,Gelding,gr,Mastercraftsman,Shanjia,RESULTED,70.75,,B S Hughes,Gihan Arnolda,54:10-10-3,19,43,76,6,6.5,0,15,,,,,,tcdsn,10.0,,19,17,14,9,-35.7,9,,0
https://www.racenet.com.au/form-guide/horse-racing/epsom-downs-uk-20260927/betfred-nifty-50-jump-jockeys-derby-handicap-professional-jump-jockeys-gbbplus-race-race-4/overview,Epsom Downs,2026-09-27,Epsom Downs,"{'eventId': '3438542', 'overall': 'Good', 'rating': None, 'surface': 'Turf', '__typename': 'TrackCondition'}",4,Betfred 'Nifty 50' Jump Jockeys Derby Handicap (Professional Jump Jockeys) (Gbbplus Race),2420,"4YO+, Class 4, Handicap, Class 4, Handicap",37117,13,True,RESULTED,10,11,Seeking Charles,5,Gelding,ch,Olympic Glory,Marie Cuddy,RESULTED,69.75,,James Davies,M D I Usher,13:2-2-2,15,46,100,1,13,7,27,,,,,,tcdsn,4.2,,19,31,4.8,3.9,-18.8,7,,0
https://www.racenet.com.au/form-guide/horse-racing/epsom-downs-uk-20260927/betfred-nifty-50-jump-jockeys-derby-handicap-professional-jump-jockeys-gbbplus-race-race-4/overview,Epsom Downs,2026-09-27,Epsom Downs,"{'eventId': '3438542', 'overall': 'Good', 'rating': None, 'surface': 'Turf', '__typename': 'TrackCondition'}",4,Betfred 'Nifty 50' Jump Jockeys Derby Handicap (Professional Jump Jockeys) (Gbbplus Race),2420,"4YO+, Class 4, Handicap, Class 4, Handicap",37117,13,True,RESULTED,11,1,Taritino,6,Gelding,b,Buratino,Archange,RESULTED,69.75,,Taylor Fisher,J Tickle,55:9-7-3,16,35,-25,4,12,12,14,,,,,,dsn,23.0,,19,20,9,19,111.1,8,,0
https://www.racenet.com.au/form-guide/horse-racing/epsom-downs-uk-20260927/betfred-nifty-50-jump-jockeys-derby-handicap-professional-jump-jockeys-gbbplus-race-race-4/overview,Epsom Downs,2026-09-27,Epsom Downs,"{'eventId': '3438542', 'overall': 'Good', 'rating': None, 'surface': 'Turf', '__typename': 'TrackCondition'}",4,Betfred 'Nifty 50' Jump Jockeys Derby Handicap (Professional Jump Jockeys) (Gbbplus Race),2420,"4YO+, Class 4, Handicap, Class 4, Handicap",37117,13,True,RESULTED,12,7,Zarakerjack,4,Gelding,b,Zarak,Villanelle,RESULTED,67.5,,Freddie Mitchell,G & J Moore,13:1-3-3,8,54,-23,4,34,12,13,,,,,,n,15.0,,19,21,11,13,18.2,1,,1
https://www.racenet.com.au/form-guide/horse-racing/epsom-downs-uk-20260927/betfred-nifty-50-jump-jockeys-derby-handicap-professional-jump-jockeys-gbbplus-race-race-4/overview,Epsom Downs,2026-09-27,Epsom Downs,"{'eventId': '3438542', 'overall': 'Good', 'rating': None, 'surface': 'Turf', '__typename': 'TrackCondition'}",4,Betfred 'Nifty 50' Jump Jockeys Derby Handicap (Professional Jump Jockeys) (Gbbplus Race),2420,"4YO+, Class 4, Handicap, Class 4, Handicap",37117,13,True,RESULTED,13,13,Oasis Sunrise,4,Filly,br,Bated Breath,Sunrise Rose,RESULTED,66.75,,Joe Anderson,G Harris,38:4-6-4,11,37,-20,5,5.5,22,19,,,,,,dsn,51.0,,19,17,16,31,93.8,3,,0
https://www.racenet.com.au/form-guide/horse-racing/epsom-downs-uk-20260927/betfred-the-classic-bookmaker-handicap-race-6/overview,Epsom Downs,2026-09-27,Epsom Downs,"{'eventId': '3438544', 'overall': 'Good', 'rating': None, 'surface': 'Turf', '__typename': 'TrackCondition'}",6,Betfred 'The Classic Bookmaker' Handicap,1713,"3YO+, Class 4, Handicap, Class 4, Handicap",22269,9,True,RESULTED,1,4,Dr Strangelove,4,Gelding,b,Mohaather,Cheap Thrills,RESULTED,64,,Oisin Murphy,Oliver Cole,12:2-4-1,17,58,258,11,17,0,22,,,,,,on,13.0,,19,8,7.5,11,46.7,7,,0
https://www.racenet.com.au/form-guide/horse-racing/epsom-downs-uk-20260927/betfred-the-classic-bookmaker-handicap-race-6/overview,Epsom Downs,2026-09-27,Epsom Downs,"{'eventId': '3438544', 'overall': 'Good', 'rating': None, 'surface': 'Turf', '__typename': 'TrackCondition'}",6,Betfred 'The Classic Bookmaker' Handicap,1713,"3YO+, Class 4, Handicap, Class 4, Handicap",22269,9,True,RESULTED,2,7,Swiped,3,Gelding,b,Too Darn Hot,Give And Take,RESULTED,61.75,,Rossa Ryan,R M Beckett,10:4-2-0,40,60,34,8,3.75,21,43,,,,,,tcdn,4.33,,19,31,4.8,3.9,-18.8,1,,1
https://www.racenet.com.au/form-guide/horse-racing/epsom-downs-uk-20260927/betfred-the-classic-bookmaker-handicap-race-6/overview,Epsom Downs,2026-09-27,Epsom Downs,"{'eventId': '3438544', 'overall': 'Good', 'rating': None, 'surface': 'Turf', '__typename': 'TrackCondition'}",6,Betfred 'The Classic Bookmaker' Handicap,1713,"3YO+, Class 4, Handicap, Class 4, Handicap",22269,9,True,RESULTED,3,8,Jungle Ruler,3,Gelding,b,Lucky Vega,Lilli Milena,RESULTED,61.75,,Jason Watson,M Appleby,10:2-1-1,20,40,128,7,12,13,22,,,,,,n,6.5,,19,24,9.5,5.5,-42.1,6,,0
https://www.racenet.com.au/form-guide/horse-racing/epsom-downs-uk-20260927/betfred-the-classic-bookmaker-handicap-race-6/overview,Epsom Downs,2026-09-27,Epsom Downs,"{'eventId': '3438544', 'overall': 'Good', 'rating': None, 'surface': 'Turf', '__typename': 'TrackCondition'}",6,Betfred 'The Classic Bookmaker' Handicap,1713,"3YO+, Class 4, Handicap, Class 4, Handicap",22269,9,True,RESULTED,4,2,Thanos,3,Gelding,br,Lope Y Fernandez,Reedanjas,RESULTED,60.75,,Lewis Edmunds,Harry Charlton,10:3-3-1,30,70,14,1,6,17,27,,,,,,sn,5.0,,19,28,3.8,4.6,21.1,2,,0
https://www.racenet.com.au/form-guide/horse-racing/epsom-downs-uk-20260927/betfred-the-classic-bookmaker-handicap-race-6/overview,Epsom Downs,2026-09-27,Epsom Downs,"{'eventId': '3438544', 'overall': 'Good', 'rating': None, 'surface': 'Turf', '__typename': 'TrackCondition'}",6,Betfred 'The Classic Bookmaker' Handicap,1713,"3YO+, Class 4, Handicap, Class 4, Handicap",22269,9,True,RESULTED,5,3,Bubbles Wonky,5,Gelding,b,Lope De Vega,Belle Josephine,RESULTED,60.75,,Kieren Fox,M Pattinson,25:3-3-4,12,40,-29,3,4,0,28,,,,,,sbn,19.0,,19,19,11,15,36.4,4,,0
https://www.racenet.com.au/form-guide/horse-racing/epsom-downs-uk-20260927/betfred-the-classic-bookmaker-handicap-race-6/overview,Epsom Downs,2026-09-27,Epsom Downs,"{'eventId': '3438544', 'overall': 'Good', 'rating': None, 'surface': 'Turf', '__typename': 'TrackCondition'}",6,Betfred 'The Classic Bookmaker' Handicap,1713,"3YO+, Class 4, Handicap, Class 4, Handicap",22269,9,True,RESULTED,6,1,Crown Office,3,Gelding,b,No Nay Never,Antonia De Vega,RESULTED,60.75,,Cieren Fallon,W J Haggas,8:1-2-0,13,38,-81,5,2.1,23,22,,,,,,sbn,3.5,,19,22,3.5,3.3,-5.7,5,,0
https://www.racenet.com.au/form-guide/horse-racing/epsom-downs-uk-20260927/betfred-the-classic-bookmaker-handicap-race-6/overview,Epsom Downs,2026-09-27,Epsom Downs,"{'eventId': '3438544', 'overall': 'Good', 'rating': None, 'surface': 'Turf', '__typename': 'TrackCondition'}",6,Betfred 'The Classic Bookmaker' Handicap,1713,"3YO+, Class 4, Handicap, Class 4, Handicap",22269,9,True,RESULTED,7,5,Likeness,3,Filly,b,Blue Point,Tayybah,RESULTED,57.5,,George Bass,J Channon,10:2-3-2,20,70,420,1,26,15,17,,,,,,tcdsn,9.0,,19,21,7.5,8,6.7,3,,0
https://www.racenet.com.au/form-guide/horse-racing/epsom-downs-uk-20260927/betfred-the-classic-bookmaker-handicap-race-6/overview,Epsom Downs,2026-09-27,Epsom Downs,"{'eventId': '3438544', 'overall': 'Good', 'rating': None, 'surface': 'Turf', '__typename': 'TrackCondition'}",6,Betfred 'The Classic Bookmaker' Handicap,1713,"3YO+, Class 4, Handicap, Class 4, Handicap",22269,9,True,,8,9,Galileo Island,3,Gelding,b,Galileo Gold,Puffin Island,,57.25,,S M Levey,T Ward,14:3-2-4,21,64,-41,9,23,10,17,,,,,,ton,34.0,,19,11,26,31,19.2,,,
https://www.racenet.com.au/form-guide/horse-racing/epsom-downs-uk-20260927/betfred-the-classic-bookmaker-handicap-race-6/overview,Epsom Downs,2026-09-27,Epsom Downs,"{'eventId': '3438544', 'overall': 'Good', 'rating': None, 'surface': 'Turf', '__typename': 'TrackCondition'}",6,Betfred 'The Classic Bookmaker' Handicap,1713,"3YO+, Class 4, Handicap, Class 4, Handicap",22269,9,True,RESULTED,9,6,Play Me,4,Gelding,b,Too Darn Hot,Initially,RESULTED,55.75,,D Murphy,J R Boyle,33:5-3-9,15,52,86,3,7,14,17,,,,,,tcdn,29.0,,19,11,13,23,76.9,8,,0
https://www.racenet.com.au/form-guide/horse-racing/epsom-downs-uk-20260927/betfred-turbo-boost-nursery-race-1/overview,Epsom Downs,2026-09-27,Epsom Downs,"{'eventId': '3438539', 'overall': 'Good', 'rating': None, 'surface': 'Turf', '__typename': 'TrackCondition'}",1,Betfred 'Turbo Boost' Nursery,1411,"2YO, Class 4, Class 4",22269,9,True,RESULTED,1,9,The Ginger Kid,2,Colt,ch,Mehmas,Bella De Medici,RESULTED,61.25,,Ashley Lewis,E Walker,6:1-2-0,17,50,250,6,13,19,38,,,,,,n,3.9,,19,36,4.2,3.1,-26.2,2,,0
https://www.racenet.com.au/form-guide/horse-racing/epsom-downs-uk-20260927/betfred-turbo-boost-nursery-race-1/overview,Epsom Downs,2026-09-27,Epsom Downs,"{'eventId': '3438539', 'overall': 'Good', 'rating': None, 'surface': 'Turf', '__typename': 'TrackCondition'}",1,Betfred 'Turbo Boost' Nursery,1411,"2YO, Class 4, Class 4",22269,9,True,RESULTED,2,8,Telegraphic,2,Colt,b,Kameko,Roubles,RESULTED,59.75,,Billy Loughnane,C Johnston,4:1-1-0,25,50,13,17,26,11,38,,,,,,don,9.5,,19,17,10,3.5,-65.0,7,,0
https://www.racenet.com.au/form-guide/horse-racing/epsom-downs-uk-20260927/betfred-turbo-boost-nursery-race-1/overview,Epsom Downs,2026-09-27,Epsom Downs,"{'eventId': '3438539', 'overall': 'Good', 'rating': None, 'surface': 'Turf', '__typename': 'TrackCondition'}",1,Betfred 'Turbo Boost' Nursery,1411,"2YO, Class 4, Class 4",22269,9,True,RESULTED,3,5,Rogue Imperial,2,Colt,b,Too Darn Hot,Celestial Queen,RESULTED,59,,Rossa Ryan,A Watson,5:1-1-1,20,60,-42,1,2.88,20,34,,,,,,,11.0,,19,42,6,8.5,41.7,1,,1
https://www.racenet.com.au/form-guide/horse-racing/epsom-downs-uk-20260927/betfred-turbo-boost-nursery-race-1/overview,Epsom Downs,2026-09-27,Epsom Downs,"{'eventId': '3438539', 'overall': 'Good', 'rating': None, 'surface': 'Turf', '__typename': 'TrackCondition'}",1,Betfred 'Turbo Boost' Nursery,1411,"2YO, Class 4, Class 4",22269,9,True,RESULTED,4,1,Clive The Writer,2,Gelding,b,Calyx,Ruminyahui,RESULTED,59,,Hector Crouch,W Muir & C Grassick,3:1-0-0,33,33,-4,6,6,0,16,,,,,,dn,11.0,,19,36,9.5,7.5,-21.1,6,,0
https://www.racenet.com.au/form-guide/horse-racing/epsom-downs-uk-20260927/betfred-turbo-boost-nursery-race-1/overview,Epsom Downs,2026-09-27,Epsom Downs,"{'eventId': '3438539', 'overall': 'Good', 'rating': None, 'surface': 'Turf', '__typename': 'TrackCondition'}",1,Betfred 'Turbo Boost' Nursery,1411,"2YO, Class 4, Class 4",22269,9,True,RESULTED,5,3,Give Hand,2,Colt,b,Mohaather,Montalcino,RESULTED,58,,Lewis Edmunds,Harry Charlton,3:0-0-3,0,100,-100,3,8.5,17,17,,,,,,,3.5,,19,28,4.4,2.7,-38.6,5,,0
https://www.racenet.com.au/form-guide/horse-racing/epsom-downs-uk-20260927/betfred-turbo-boost-nursery-race-1/overview,Epsom Downs,2026-09-27,Epsom Downs,"{'eventId': '3438539', 'overall': 'Good', 'rating': None, 'surface': 'Turf', '__typename': 'TrackCondition'}",1,Betfred 'Turbo Boost' Nursery,1411,"2YO, Class 4, Class 4",22269,9,True,,6,7,Regal Tiger,2,Colt,b,Kingman,Tiger Eye,,56.75,,Oisin Murphy,H Palmer,3:0-2-0,0,67,-100,2,2.75,25,68,,,,,,b,5.5,,19,30,3.1,4.4,41.9,,,
https://www.racenet.com.au/form-guide/horse-racing/epsom-downs-uk-20260927/betfred-turbo-boost-nursery-race-1/overview,Epsom Downs,2026-09-27,Epsom Downs,"{'eventId': '3438539', 'overall': 'Good', 'rating': None, 'surface': 'Turf', '__typename': 'TrackCondition'}",1,Betfred 'Turbo Boost' Nursery,1411,"2YO, Class 4, Class 4",22269,9,True,RESULTED,7,2,Leucothea,2,Filly,b,Soldier's Call,Maine Island,RESULTED,55.75,,S M Levey,R Hannon,7:0-3-1,0,57,-100,10,21,13,17,,,,,,o,26.0,,19,30,20,19,-5.0,3,,0
https://www.racenet.com.au/form-guide/horse-racing/epsom-downs-uk-20260927/betfred-turbo-boost-nursery-race-1/overview,Epsom Downs,2026-09-27,Epsom Downs,"{'eventId': '3438539', 'overall': 'Good', 'rating': None, 'surface': 'Turf', '__typename': 'TrackCondition'}",1,Betfred 'Turbo Boost' Nursery,1411,"2YO, Class 4, Class 4",22269,9,True,RESULTED,8,6,Angel Of Desire,2,Filly,b,Harry Angel,Whims Of Desire,RESULTED,55.75,,Cieren Fallon,A J Perrett,3:0-0-2,0,67,-100,3,6.5,11,27,,,,,,,13.0,,19,19,9,10,11.1,4,,0
https://www.racenet.com.au/form-guide/horse-racing/epsom-downs-uk-20260927/betfred-turbo-boost-nursery-race-1/overview,Epsom Downs,2026-09-27,Epsom Downs,"{'eventId': '3438539', 'overall': 'Good', 'rating': None, 'surface': 'Turf', '__typename': 'TrackCondition'}",1,Betfred 'Turbo Boost' Nursery,1411,"2YO, Class 4, Class 4",22269,9,True,,9,4,Foscarini,2,Colt,b,Without Parole,Daring Destiny,,54,,Non Runner,Eve Johnson Houghton,5:0-1-0,0,20,-100,9,29,0,31,,,,,,,,,2,0,,,,,,
https://www.racenet.com.au/form-guide/horse-racing/epsom-downs-uk-20260927/hunt-family-fund-novice-stakes-sponsored-by-betfred-gbb-race-race-3/overview,Epsom Downs,2026-09-27,Epsom Downs,"{'eventId': '3438541', 'overall': 'Good', 'rating': None, 'surface': 'Turf', '__typename': 'TrackCondition'}",3,Hunt Family Fund Novice Stakes (Sponsored By Betfred) (Gbb Race),2027,"3YO to 4YO, Class 3, Class 3, Novice, NHF",22271,6,True,RESULTED,1,5,Maestro Del Mar,4,Colt,b,Grendisar,Aldara,RESULTED,61.25,,Billy Loughnane,I Mohammed & J Santos,7:0-1-1,0,29,-100,4,17,0,23,,,,,,,5.5,,19,50,4.6,4.6,0.0,3,,0
https://www.racenet.com.au/form-guide/horse-racing/epsom-downs-uk-20260927/hunt-family-fund-novice-stakes-sponsored-by-betfred-gbb-race-race-3/overview,Epsom Downs,2026-09-27,Epsom Downs,"{'eventId': '3438541', 'overall': 'Good', 'rating': None, 'surface': 'Turf', '__typename': 'TrackCondition'}",3,Hunt Family Fund Novice Stakes (Sponsored By Betfred) (Gbb Race),2027,"3YO to 4YO, Class 3, Class 3, Novice, NHF",22271,6,True,RESULTED,2,4,Red Red,3,Gelding,ch,Rerouted,Miss Wedge,RESULTED,59,,Hector Crouch,G & J Moore,0:0-0-0,0,0,0,,,11,,,,,,,,41.0,,19,34,19,26,36.8,6,,0
https://www.racenet.com.au/form-guide/horse-racing/epsom-downs-uk-20260927/hunt-family-fund-novice-stakes-sponsored-by-betfred-gbb-race-race-3/overview,Epsom Downs,2026-09-27,Epsom Downs,"{'eventId': '3438541', 'overall': 'Good', 'rating': None, 'surface': 'Turf', '__typename': 'TrackCondition'}",3,Hunt Family Fund Novice Stakes (Sponsored By Betfred) (Gbb Race),2027,"3YO to 4YO, Class 3, Class 3, Novice, NHF",22271,6,True,RESULTED,3,3,Rowlf,3,Gelding,b,Golden Horn,Buildmeupbuttercup,RESULTED,59,,Cieren Fallon,W J Haggas,0:0-0-0,0,0,0,,,23,,,,,,,,2.5,,19,50,3.6,2.3,-36.1,4,,0
https://www.racenet.com.au/form-guide/horse-racing/epsom-downs-uk-20260927/hunt-family-fund-novice-stakes-sponsored-by-betfred-gbb-race-race-3/overview,Epsom Downs,2026-09-27,Epsom Downs,"{'eventId': '3438541', 'overall': 'Good', 'rating': None, 'surface': 'Turf', '__typename': 'TrackCondition'}",3,Hunt Family Fund Novice Stakes (Sponsored By Betfred) (Gbb Race),2027,"3YO to 4YO, Class 3, Class 3, Novice, NHF",22271,6,True,RESULTED,4,2,Blue Noon,3,Filly,b,Blue Point,Moon Shaddow,RESULTED,56.75,,S M Levey,R Hannon,8:0-2-2,0,50,-100,5,7,13,29,,,,,,,2.62,,19,36,2.25,2.5,11.1,1,,1
https://www.racenet.com.au/form-guide/horse-racing/epsom-downs-uk-20260927/hunt-family-fund-novice-stakes-sponsored-by-betfred-gbb-race-race-3/overview,Epsom Downs,2026-09-27,Epsom Downs,"{'eventId': '3438541', 'overall': 'Good', 'rating': None, 'surface': 'Turf', '__typename': 'TrackCondition'}",3,Hunt Family Fund Novice Stakes (Sponsored By Betfred) (Gbb Race),2027,"3YO to 4YO, Class 3, Class 3, Novice, NHF",22271,6,True,RESULTED,5,1,Paraone,3,Filly,ch,Raven's Pass,Pom Pom Pom,RESULTED,56.75,,George Wood,H Main,2:0-0-0,0,0,-100,7,301,9,13,,,,,,o,501.0,,19,8,101,126,24.8,5,,0
https://www.racenet.com.au/form-guide/horse-racing/epsom-downs-uk-20260927/hunt-family-fund-novice-stakes-sponsored-by-betfred-gbb-race-race-3/overview,Epsom Downs,2026-09-27,Epsom Downs,"{'eventId': '3438541', 'overall': 'Good', 'rating': None, 'surface': 'Turf', '__typename': 'TrackCondition'}",3,Hunt Family Fund Novice Stakes (Sponsored By Betfred) (Gbb Race),2027,"3YO to 4YO, Class 3, Class 3, Novice, NHF",22271,6,True,RESULTED,6,6,Seacole,3,Filly,b,Sea The Stars,Crimean Queen,RESULTED,56.75,,Rossa Ryan,R M Beckett,5:0-2-1,0,60,-100,3,9.5,21,13,,,,,,,9.5,,19,26,3.5,8,128.6,2,,0
https://www.racenet.com.au/form-guide/horse-racing/ffos-las-uk-20260927/alex-and-salvo-welcome-you-to-the-bridge-handicap-race-1/overview,Ffos Las,2026-09-27,Ffos Las,"{'eventId': '3438545', 'overall': 'Soft', 'rating': None, 'surface': 'Turf', '__typename': 'TrackCondition'}",1,Alex And Salvo Welcome You To The Bridge Handicap,1207,"3YO+, Class 6, Handicap, Class 6, Handicap",13359,12,True,RESULTED,1,4,The Bear Of Saints,4,Gelding,b,Yafta,Aalsmeer,RESULTED,61.25,,William Carson,J G M O'Shea,7:0-1-1,0,29,-100,7,29,9,33,,,,,,,11.0,,19,45,11,9.5,-13.6,3,,0
https://www.racenet.com.au/form-guide/horse-racing/ffos-las-uk-20260927/alex-and-salvo-welcome-you-to-the-bridge-handicap-race-1/overview,Ffos Las,2026-09-27,Ffos Las,"{'eventId': '3438545', 'overall': 'Soft', 'rating': None, 'surface': 'Turf', '__typename': 'TrackCondition'}",1,Alex And Salvo Welcome You To The Bridge Handicap,1207,"3YO+, Class 6, Handicap, Class 6, Handicap",13359,12,True,RESULTED,2,6,Up The Anti,4,Filly,b,Holy Roman Emperor,Katiywa,RESULTED,60.75,,Myla Coppins,A W Carroll,22:3-2-1,14,27,176,9,5,20,25,,,,,,dson,8.5,,19,32,12,8,-33.3,2,,0
https://www.racenet.com.au/form-guide/horse-racing/ffos-las-uk-20260927/alex-and-salvo-welcome-you-to-the-bridge-handicap-race-1/overview,Ffos Las,2026-09-27,Ffos Las,"{'eventId': '3438545', 'overall': 'Soft', 'rating': None, 'surface': 'Turf', '__typename': 'TrackCondition'}",1,Alex And Salvo Welcome You To The Bridge Handicap,1207,"3YO+, Class 6, Handicap, Class 6, Handicap",13359,12,True,RESULTED,3,9,Sub Thirteen,5,Gelding,b,Territories,So Refined,RESULTED,60.75,,Callum Hutchinson,J Scott,32:4-3-4,13,34,-27,3,8,0,14,,,,,,dsn,3.5,,19,39,2.2,3.2,45.5,4,,0
https://www.racenet.com.au/form-guide/horse-racing/ffos-las-uk-20260927/alex-and-salvo-welcome-you-to-the-bridge-handicap-race-1/overview,Ffos Las,2026-09-27,Ffos Las,"{'eventId': '3438545', 'overall': 'Soft', 'rating': None, 'surface': 'Turf', '__typename': 'TrackCondition'}",1,Alex And Salvo Welcome You To The Bridge Handicap,1207,"3YO+, Class 6, Handicap, Class 6, Handicap",13359,12,True,RESULTED,4,8,Macarone,5,Gelding,b,Havana Grey,Multi Quest,RESULTED,60.25,,Ben Ffrench-davis,G Harris,32:6-3-1,19,31,-9,1,7,22,15,,,,,,tcdn,4.0,,19,50,2.8,3.6,28.6,1,,1
https://www.racenet.com.au/form-guide/horse-racing/ffos-las-uk-20260927/alex-and-salvo-welcome-you-to-the-bridge-handicap-race-1/overview,Ffos Las,2026-09-27,Ffos Las,"{'eventId': '3438545', 'overall': 'Soft', 'rating': None, 'surface': 'Turf', '__typename': 'TrackCondition'}",1,Alex And Salvo Welcome You To The Bridge Handicap,1207,"3YO+, Class 6, Handicap, Class 6, Handicap",13359,12,True,RESULTED,5,1,Shush A Minute,3,Filly,b,Mayson,Jeany,RESULTED,58.5,,Paddy Bradley,J Ryan,4:0-0-0,0,0,-100,5,21,0,305,,,,,,,11.0,,19,22,7,8,14.3,9,,0
https://www.racenet.com.au/form-guide/horse-racing/ffos-las-uk-20260927/alex-and-salvo-welcome-you-to-the-bridge-handicap-race-1/overview,Ffos Las,2026-09-27,Ffos Las,"{'eventId': '3438545', 'overall': 'Soft', 'rating': None, 'surface': 'Turf', '__typename': 'TrackCondition'}",1,Alex And Salvo Welcome You To The Bridge Handicap,1207,"3YO+, Class 6, Handicap, Class 6, Handicap",13359,12,True,,6,3,Great Success,3,Gelding,b,Iffraaj,Beautiful News,,58.5,,K T O'Neill,S Dixon,10:0-0-1,0,10,-100,11,26,9,27,,,,,,o,21.0,,15,27,34,20,-41.2,,,
https://www.racenet.com.au/form-guide/horse-racing/ffos-las-uk-20260927/alex-and-salvo-welcome-you-to-the-bridge-handicap-race-1/overview,Ffos Las,2026-09-27,Ffos Las,"{'eventId': '3438545', 'overall': 'Soft', 'rating': None, 'surface': 'Turf', '__typename': 'TrackCondition'}",1,Alex And Salvo Welcome You To The Bridge Handicap,1207,"3YO+, Class 6, Handicap, Class 6, Handicap",13359,12,True,RESULTED,7,7,Blue Point Express,4,Filly,b,Blue Point,Miss Fay,RESULTED,57.25,,Finley Marsh,A Wintle,17:1-0-2,6,18,-71,3,17,12,27,,,,,,sn,5.5,,19,24,5,5,0.0,7,,0
https://www.racenet.com.au/form-guide/horse-racing/ffos-las-uk-20260927/alex-and-salvo-welcome-you-to-the-bridge-handicap-race-1/overview,Ffos Las,2026-09-27,Ffos Las,"{'eventId': '3438545', 'overall': 'Soft', 'rating': None, 'surface': 'Turf', '__typename': 'TrackCondition'}",1,Alex And Salvo Welcome You To The Bridge Handicap,1207,"3YO+, Class 6, Handicap, Class 6, Handicap",13359,12,True,RESULTED,8,11,Pacific Prince,5,Gelding,ch,Australia,Vasilia,RESULTED,57.25,,Laura Coughlan,J Bennett,11:0-0-0,0,0,-100,8,51,2,20,,,,,,,51.0,,19,22,34,34,0.0,5,,0
https://www.racenet.com.au/form-guide/horse-racing/ffos-las-uk-20260927/alex-and-salvo-welcome-you-to-the-bridge-handicap-race-1/overview,Ffos Las,2026-09-27,Ffos Las,"{'eventId': '3438545', 'overall': 'Soft', 'rating': None, 'surface': 'Turf', '__typename': 'TrackCondition'}",1,Alex And Salvo Welcome You To The Bridge Handicap,1207,"3YO+, Class 6, Handicap, Class 6, Handicap",13359,12,True,RESULTED,9,10,Lochaber,5,Gelding,b,Havana Grey,Yolo Star,RESULTED,57.25,,K T O'Neill,S Dixon,29:1-3-0,3,14,-95,13,41,9,14,,,,,,on,71.0,,19,21,41,51,24.4,11,,0
https://www.racenet.com.au/form-guide/horse-racing/ffos-las-uk-20260927/alex-and-salvo-welcome-you-to-the-bridge-handicap-race-1/overview,Ffos Las,2026-09-27,Ffos Las,"{'eventId': '3438545', 'overall': 'Soft', 'rating': None, 'surface': 'Turf', '__typename': 'TrackCondition'}",1,Alex And Salvo Welcome You To The Bridge Handicap,1207,"3YO+, Class 6, Handicap, Class 6, Handicap",13359,12,True,RESULTED,10,12,Savvi Row,3,Gelding,b,Tasleet,Kindia,RESULTED,56.25,,Tyler Heard,B R Millman,5:0-0-0,0,0,-100,14,41,0,15,,,,,,o,51.0,,19,29,41,34,-17.1,10,,0
https://www.racenet.com.au/form-guide/horse-racing/ffos-las-uk-20260927/alex-and-salvo-welcome-you-to-the-bridge-handicap-race-1/overview,Ffos Las,2026-09-27,Ffos Las,"{'eventId': '3438545', 'overall': 'Soft', 'rating': None, 'surface': 'Turf', '__typename': 'TrackCondition'}",1,Alex And Salvo Welcome You To The Bridge Handicap,1207,"3YO+, Class 6, Handicap, Class 6, Handicap",13359,12,True,RESULTED,11,5,Music And Song,3,Filly,b,Space Blues,Music And Dance,RESULTED,56.25,,David Probert,D Flood,11:0-0-0,0,0,-100,6,81,9,4,,,,,,(D/A),9.5,,19,44,15,8.5,-43.3,6,,0
https://www.racenet.com.au/form-guide/horse-racing/ffos-las-uk-20260927/alex-and-salvo-welcome-you-to-the-bridge-handicap-race-1/overview,Ffos Las,2026-09-27,Ffos Las,"{'eventId': '3438545', 'overall': 'Soft', 'rating': None, 'surface': 'Turf', '__typename': 'TrackCondition'}",1,Alex And Salvo Welcome You To The Bridge Handicap,1207,"3YO+, Class 6, Handicap, Class 6, Handicap",13359,12,True,RESULTED,12,2,Miss Gold,3,Filly,b,Havana Gold,Mrs Ivy,RESULTED,56.25,,Benoit D L Sayette,D Flood,5:0-0-0,0,0,-100,8,201,0,45,,,,,,,251.0,,19,29,61,101,65.6,8,,0
https://www.racenet.com.au/form-guide/horse-racing/ffos-las-uk-20260927/bridge-family-run-and-proud-handicap-race-3/overview,Ffos Las,2026-09-27,Ffos Las,"{'eventId': '3438548', 'overall': 'Soft', 'rating': None, 'surface': 'Turf', '__typename': 'TrackCondition'}",3,"Bridge, Family Run And Proud Handicap",1006,"3YO+, Class 6, Handicap, Class 6, Handicap",13359,5,True,RESULTED,1,5,Call Time,5,Gelding,b,Soldier's Call,Broken Time,RESULTED,63.5,,Millie Wonnacott,J S Moore,31:3-6-4,10,42,-78,1,3,13,6,,,,,,tdshn,1.45,,19,15,2.05,1.35,-34.1,1,,1
https://www.racenet.com.au/form-guide/horse-racing/ffos-las-uk-20260927/bridge-family-run-and-proud-handicap-race-3/overview,Ffos Las,2026-09-27,Ffos Las,"{'eventId': '3438548', 'overall': 'Soft', 'rating': None, 'surface': 'Turf', '__typename': 'TrackCondition'}",3,"Bridge, Family Run And Proud Handicap",1006,"3YO+, Class 6, Handicap, Class 6, Handicap",13359,5,True,RESULTED,2,1,Some Nightmare,9,Gelding,b,Dream Ahead,Isolde's Return,RESULTED,60.75,,William Carson,J G M O'Shea,77:9-7-17,12,43,-48,3,3.75,9,15,,,,,,tcdsn,4.4,,19,35,3.6,4,11.1,4,,0
https://www.racenet.com.au/form-guide/horse-racing/ffos-las-uk-20260927/bridge-family-run-and-proud-handicap-race-3/overview,Ffos Las,2026-09-27,Ffos Las,"{'eventId': '3438548', 'overall': 'Soft', 'rating': None, 'surface': 'Turf', '__typename': 'TrackCondition'}",3,"Bridge, Family Run And Proud Handicap",1006,"3YO+, Class 6, Handicap, Class 6, Handicap",13359,5,True,,3,3,Outer Edge,5,Gelding,b,Due Diligence,Edged Out,,60.25,,Gina Mangan,C Mason,26:2-3-1,8,23,-40,4,4.5,18,14,,,,,,dbn,4.2,,16,10,3.5,3.9,11.4,,,
https://www.racenet.com.au/form-guide/horse-racing/ffos-las-uk-20260927/bridge-family-run-and-proud-handicap-race-3/overview,Ffos Las,2026-09-27,Ffos Las,"{'eventId': '3438548', 'overall': 'Soft', 'rating': None, 'surface': 'Turf', '__typename': 'TrackCondition'}",3,"Bridge, Family Run And Proud Handicap",1006,"3YO+, Class 6, Handicap, Class 6, Handicap",13359,5,True,RESULTED,4,4,Bama Lama,8,Mare,ch,Equiano,Kindia,RESULTED,59,,Saffie Osborne,B R Millman,66:7-7-10,11,36,-44,6,34,19,6,,,,,,tcdshn,7.0,,19,21,6,6,0.0,2,,0
https://www.racenet.com.au/form-guide/horse-racing/ffos-las-uk-20260927/bridge-family-run-and-proud-handicap-race-3/overview,Ffos Las,2026-09-27,Ffos Las,"{'eventId': '3438548', 'overall': 'Soft', 'rating': None, 'surface': 'Turf', '__typename': 'TrackCondition'}",3,"Bridge, Family Run And Proud Handicap",1006,"3YO+, Class 6, Handicap, Class 6, Handicap",13359,5,True,RESULTED,5,2,Snow Day,3,Filly,b,Aclaim,Neige D'antan,RESULTED,58.5,,Jack Doughty,A W Carroll,7:0-0-0,0,0,-100,9,81,13,27,,,,,,,51.0,,19,21,29,31,6.9,3,,0
https://www.racenet.com.au/form-guide/horse-racing/ffos-las-uk-20260927/bridge-for-all-family-occasions-handicap-div-1-race-6/overview,Ffos Las,2026-09-27,Ffos Las,"{'eventId': '3438551', 'overall': 'Soft', 'rating': None, 'surface': 'Turf', '__typename': 'TrackCondition'}",6,"Bridge, For All Family Occasions Handicap (Div 1)",1609,"3YO+, Class 6, Handicap, Class 6, Handicap",13359,10,True,RESULTED,1,6,Rosemary's Rose,4,Filly,b,Belardo,Escallonia,RESULTED,61.25,,Saffie Osborne,B R Millman,22:2-3-5,9,45,-60,5,4,19,28,,,,,,dn,3.3,,19,29,5,3,-40.0,2,,0
https://www.racenet.com.au/form-guide/horse-racing/ffos-las-uk-20260927/bridge-for-all-family-occasions-handicap-div-1-race-6/overview,Ffos Las,2026-09-27,Ffos Las,"{'eventId': '3438551', 'overall': 'Soft', 'rating': None, 'surface': 'Turf', '__typename': 'TrackCondition'}",6,"Bridge, For All Family Occasions Handicap (Div 1)",1609,"3YO+, Class 6, Handicap, Class 6, Handicap",13359,10,True,RESULTED,2,1,Prince Ali,8,Gelding,br,Twilight Son,Desert Liaison,RESULTED,60.75,,Zoe Lewis,T Faulkner,55:8-7-7,15,40,110,1,11,12,27,,,,,,dsn,11.0,,19,26,4.2,9,114.3,4,,0
https://www.racenet.com.au/form-guide/horse-racing/ffos-las-uk-20260927/bridge-for-all-family-occasions-handicap-div-1-race-6/overview,Ffos Las,2026-09-27,Ffos Las,"{'eventId': '3438551', 'overall': 'Soft', 'rating': None, 'surface': 'Turf', '__typename': 'TrackCondition'}",6,"Bridge, For All Family Occasions Handicap (Div 1)",1609,"3YO+, Class 6, Handicap, Class 6, Handicap",13359,10,True,RESULTED,3,10,Thestral,3,Gelding,b,Dream Ahead,Vasilia,RESULTED,60.25,,Myla Coppins,A W Carroll,8:1-1-1,13,38,13,5,15,20,54,,,,,,n,29.0,,19,19,10,21,110.0,9,,0
https://www.racenet.com.au/form-guide/horse-racing/ffos-las-uk-20260927/bridge-for-all-family-occasions-handicap-div-1-race-6/overview,Ffos Las,2026-09-27,Ffos Las,"{'eventId': '3438551', 'overall': 'Soft', 'rating': None, 'surface': 'Turf', '__typename': 'TrackCondition'}",6,"Bridge, For All Family Occasions Handicap (Div 1)",1609,"3YO+, Class 6, Handicap, Class 6, Handicap",13359,10,True,RESULTED,4,7,Homeland,4,Gelding,b,Land Force,Karen's Caper,RESULTED,60.25,,Finley Marsh,T Faulkner,20:2-1-4,10,35,-74,5,34,10,27,,,,,,tn,6.0,,19,19,3.8,5,31.6,8,,0
https://www.racenet.com.au/form-guide/horse-racing/ffos-las-uk-20260927/bridge-for-all-family-occasions-handicap-div-1-race-6/overview,Ffos Las,2026-09-27,Ffos Las,"{'eventId': '3438551', 'overall': 'Soft', 'rating': None, 'surface': 'Turf', '__typename': 'TrackCondition'}",6,"Bridge, For All Family Occasions Handicap (Div 1)",1609,"3YO+, Class 6, Handicap, Class 6, Handicap",13359,10,True,RESULTED,5,3,Scarfo,5,Gelding,ch,Soldier's Call,Midsummer Breeze,RESULTED,59.75,,Charlie Tucker,B J Llewellyn,40:2-3-6,5,28,-68,4,4.5,6,6,,,,,,dn,6.0,,19,22,6,5.25,-12.5,5,,0
https://www.racenet.com.au/form-guide/horse-racing/ffos-las-uk-20260927/bridge-for-all-family-occasions-handicap-div-1-race-6/overview,Ffos Las,2026-09-27,Ffos Las,"{'eventId': '3438551', 'overall': 'Soft', 'rating': None, 'surface': 'Turf', '__typename': 'TrackCondition'}",6,"Bridge, For All Family Occasions Handicap (Div 1)",1609,"3YO+, Class 6, Handicap, Class 6, Handicap",13359,10,True,RESULTED,6,9,Cosmic Girl,3,Filly,b,Wootton Bassett,Waldnah,RESULTED,59.5,,Callum Hutchinson,A M Balding,3:0-0-1,0,33,-100,5,12,16,17,,,,,,,7.0,,19,26,8,6,-25.0,3,,0
https://www.racenet.com.au/form-guide/horse-racing/ffos-las-uk-20260927/bridge-for-all-family-occasions-handicap-div-1-race-6/overview,Ffos Las,2026-09-27,Ffos Las,"{'eventId': '3438551', 'overall': 'Soft', 'rating': None, 'surface': 'Turf', '__typename': 'TrackCondition'}",6,"Bridge, For All Family Occasions Handicap (Div 1)",1609,"3YO+, Class 6, Handicap, Class 6, Handicap",13359,10,True,,7,5,Uniter,3,Gelding,b,Oasis Dream,Regent,,59,,Rob Hornby,D J Coakley,11:0-0-2,0,18,-100,4,15,9,27,,,,,,,12.0,,16,11,10,10,0.0,,,
https://www.racenet.com.au/form-guide/horse-racing/ffos-las-uk-20260927/bridge-for-all-family-occasions-handicap-div-1-race-6/overview,Ffos Las,2026-09-27,Ffos Las,"{'eventId': '3438551', 'overall': 'Soft', 'rating': None, 'surface': 'Turf', '__typename': 'TrackCondition'}",6,"Bridge, For All Family Occasions Handicap (Div 1)",1609,"3YO+, Class 6, Handicap, Class 6, Handicap",13359,10,True,RESULTED,8,8,A Rose Adaay,4,Filly,b,Adaay,La Donacella,RESULTED,57.5,,Ben Ffrench-davis,G Harris,14:1-0-4,7,36,-75,8,13,22,15,,,,,,sn,17.0,,19,24,17,14,-17.6,6,,0
https://www.racenet.com.au/form-guide/horse-racing/ffos-las-uk-20260927/bridge-for-all-family-occasions-handicap-div-1-race-6/overview,Ffos Las,2026-09-27,Ffos Las,"{'eventId': '3438551', 'overall': 'Soft', 'rating': None, 'surface': 'Turf', '__typename': 'TrackCondition'}",6,"Bridge, For All Family Occasions Handicap (Div 1)",1609,"3YO+, Class 6, Handicap, Class 6, Handicap",13359,10,True,RESULTED,9,4,Grand Vista,3,Colt,b,Far Above,Very Nice,RESULTED,57.25,,Paddy Bradley,W Muir & C Grassick,9:0-0-2,0,22,-100,8,13,0,32,,,,,,,11.0,,19,21,18,8.5,-52.8,7,,0
https://www.racenet.com.au/form-guide/horse-racing/ffos-las-uk-20260927/bridge-for-all-family-occasions-handicap-div-1-race-6/overview,Ffos Las,2026-09-27,Ffos Las,"{'eventId': '3438551', 'overall': 'Soft', 'rating': None, 'surface': 'Turf', '__typename': 'TrackCondition'}",6,"Bridge, For All Family Occasions Handicap (Div 1)",1609,"3YO+, Class 6, Handicap, Class 6, Handicap",13359,10,True,RESULTED,10,2,Pebble Dash,4,Gelding,b,Kodi Bear,Zippy Rock,RESULTED,55.75,,K T O'Neill,B J Llewellyn,21:0-1-2,0,14,-100,3,34,0,6,,,,,,,13.0,,19,14,11,10,-9.1,1,,1
https://www.racenet.com.au/form-guide/horse-racing/ffos-las-uk-20260927/bridge-for-all-family-occasions-handicap-div-2-race-7/overview,Ffos Las,2026-09-27,Ffos Las,"{'eventId': '3438552', 'overall': 'Soft', 'rating': None, 'surface': 'Turf', '__typename': 'TrackCondition'}",7,"Bridge, For All Family Occasions Handicap (Div 2)",1609,"3YO+, Class 6, Handicap, Class 6, Handicap",13359,10,True,RESULTED,1,9,Kaleidoscope Eyes,4,Filly,b,No Nay Never,Fantasy In Blue,RESULTED,61.25,,Charlie Tucker,B J Llewellyn,26:3-4-3,12,38,8,2,7.5,6,28,,,,,,tsn,5.0,,19,23,6.5,4.6,-29.2,1,,1
https://www.racenet.com.au/form-guide/horse-racing/ffos-las-uk-20260927/bridge-for-all-family-occasions-handicap-div-2-race-7/overview,Ffos Las,2026-09-27,Ffos Las,"{'eventId': '3438552', 'overall': 'Soft', 'rating': None, 'surface': 'Turf', '__typename': 'TrackCondition'}",7,"Bridge, For All Family Occasions Handicap (Div 2)",1609,"3YO+, Class 6, Handicap, Class 6, Handicap",13359,10,True,RESULTED,2,3,Naval Ensign,4,Filly,b,Golden Horde,Stylos Ecossais,RESULTED,60.75,,Ben Ffrench-davis,N S Evans,17:1-1-0,6,12,-62,6,51,0,87,,,,,,,91.0,,19,17,41,51,24.4,9,,0
https://www.racenet.com.au/form-guide/horse-racing/ffos-las-uk-20260927/bridge-for-all-family-occasions-handicap-div-2-race-7/overview,Ffos Las,2026-09-27,Ffos Las,"{'eventId': '3438552', 'overall': 'Soft', 'rating': None, 'surface': 'Turf', '__typename': 'TrackCondition'}",7,"Bridge, For All Family Occasions Handicap (Div 2)",1609,"3YO+, Class 6, Handicap, Class 6, Handicap",13359,10,True,RESULTED,3,2,Revich,10,Gelding,br,Requinto,Kathleen Rafferty,RESULTED,60.25,,Finley Marsh,A Wintle,79:7-4-17,9,35,-39,6,6,12,15,,,,,,dsn,19.0,,19,32,13,16,23.1,5,,0
https://www.racenet.com.au/form-guide/horse-racing/ffos-las-uk-20260927/bridge-for-all-family-occasions-handicap-div-2-race-7/overview,Ffos Las,2026-09-27,Ffos Las,"{'eventId': '3438552', 'overall': 'Soft', 'rating': None, 'surface': 'Turf', '__typename': 'TrackCondition'}",7,"Bridge, For All Family Occasions Handicap (Div 2)",1609,"3YO+, Class 6, Handicap, Class 6, Handicap",13359,10,True,,4,6,Benavente,8,Gelding,b,Twilight Son,Galapagar,,60.25,,Nicola Currie,G Brown,59:7-9-5,12,36,-2,9,151,6,19,,,,,,dn,201.0,,19,17,67,71,6.0,,,
https://www.racenet.com.au/form-guide/horse-racing/ffos-las-uk-20260927/bridge-for-all-family-occasions-handicap-div-2-race-7/overview,Ffos Las,2026-09-27,Ffos Las,"{'eventId': '3438552', 'overall': 'Soft', 'rating': None, 'surface': 'Turf', '__typename': 'TrackCondition'}",7,"Bridge, For All Family Occasions Handicap (Div 2)",1609,"3YO+, Class 6, Handicap, Class 6, Handicap",13359,10,True,RESULTED,5,10,Desiderata,6,Gelding,b,Vadamos,Seven Even,RESULTED,59.75,,Zoe Lewis,T Faulkner,23:3-3-3,13,39,228,5,6,12,32,,,,,,n,12.0,,19,15,7.5,11,46.7,7,,0
https://www.racenet.com.au/form-guide/horse-racing/ffos-las-uk-20260927/bridge-for-all-family-occasions-handicap-div-2-race-7/overview,Ffos Las,2026-09-27,Ffos Las,"{'eventId': '3438552', 'overall': 'Soft', 'rating': None, 'surface': 'Turf', '__typename': 'TrackCondition'}",7,"Bridge, For All Family Occasions Handicap (Div 2)",1609,"3YO+, Class 6, Handicap, Class 6, Handicap",13359,10,True,RESULTED,6,8,King Of The Dance,7,Gelding,b,Havana Gold,Figurante,RESULTED,59.5,,David Probert,B J Llewellyn,49:4-7-8,8,39,-28,1,10,14,6,,,,,,tcdhn,7.5,,19,24,5,6.5,30.0,3,,0
https://www.racenet.com.au/form-guide/horse-racing/ffos-las-uk-20260927/bridge-for-all-family-occasions-handicap-div-2-race-7/overview,Ffos Las,2026-09-27,Ffos Las,"{'eventId': '3438552', 'overall': 'Soft', 'rating': None, 'surface': 'Turf', '__typename': 'TrackCondition'}",7,"Bridge, For All Family Occasions Handicap (Div 2)",1609,"3YO+, Class 6, Handicap, Class 6, Handicap",13359,10,True,RESULTED,7,1,Yoko,3,Filly,b,Saxon Warrior,Our Greta,RESULTED,58.5,,Jack Doughty,D Loughnane,7:0-1-0,0,14,-100,4,21,0,28,,,,,,,41.0,,19,13,9.5,26,173.7,6,,0
https://www.racenet.com.au/form-guide/horse-racing/ffos-las-uk-20260927/bridge-for-all-family-occasions-handicap-div-2-race-7/overview,Ffos Las,2026-09-27,Ffos Las,"{'eventId': '3438552', 'overall': 'Soft', 'rating': None, 'surface': 'Turf', '__typename': 'TrackCondition'}",7,"Bridge, For All Family Occasions Handicap (Div 2)",1609,"3YO+, Class 6, Handicap, Class 6, Handicap",13359,10,True,RESULTED,8,4,Marisitta,6,Mare,b,Intello,Nessita,RESULTED,57.5,,William Carson,J G M O'Shea,28:1-3-0,4,14,-32,2,10,9,27,,,,,,n,61.0,,19,18,7.5,41,446.7,8,,0
https://www.racenet.com.au/form-guide/horse-racing/ffos-las-uk-20260927/bridge-for-all-family-occasions-handicap-div-2-race-7/overview,Ffos Las,2026-09-27,Ffos Las,"{'eventId': '3438552', 'overall': 'Soft', 'rating': None, 'surface': 'Turf', '__typename': 'TrackCondition'}",7,"Bridge, For All Family Occasions Handicap (Div 2)",1609,"3YO+, Class 6, Handicap, Class 6, Handicap",13359,10,True,RESULTED,9,7,Freedom Bay,4,Filly,b,Muhaarar,Dilgura,RESULTED,56.75,,Callum Hutchinson,Zoe Hawkins,17:1-2-2,6,29,100,2,5.5,20,15,,,,,,dn,7.5,,19,18,9.5,6.5,-31.6,4,,0
https://www.racenet.com.au/form-guide/horse-racing/ffos-las-uk-20260927/bridge-for-all-family-occasions-handicap-div-2-race-7/overview,Ffos Las,2026-09-27,Ffos Las,"{'eventId': '3438552', 'overall': 'Soft', 'rating': None, 'surface': 'Turf', '__typename': 'TrackCondition'}",7,"Bridge, For All Family Occasions Handicap (Div 2)",1609,"3YO+, Class 6, Handicap, Class 6, Handicap",13359,10,True,RESULTED,10,5,Arvana Belle,3,Filly,b,Kodi Bear,Israfel,RESULTED,54.5,,Saffie Osborne,B R Millman,15:1-3-2,7,40,-84,2,4,19,6,,,,,,n,1.9,,19,27,2.3,1.75,-23.9,2,,0
https://www.racenet.com.au/form-guide/horse-racing/ffos-las-uk-20260927/bridge-llangennech-open-daily-amateur-jockeys-handicap-race-8/overview,Ffos Las,2026-09-27,Ffos Las,"{'eventId': '3438553', 'overall': 'Soft', 'rating': None, 'surface': 'Turf', '__typename': 'TrackCondition'}",8,Bridge Llangennech Open Daily Amateur Jockeys' Handicap,2012,"3YO+, Class 6, Handicap, Class 6, Handicap",13074,6,True,RESULTED,1,5,Wellwhatshappenin,4,Gelding,b,Smooth Daddy,Bird Of Light,RESULTED,72,,Louise Chance,D Flood,14:1-2-1,7,29,7,2,5,14,6,,,,,,n,3.25,,19,22,2.1,3.1,47.6,1,,1
https://www.racenet.com.au/form-guide/horse-racing/ffos-las-uk-20260927/bridge-llangennech-open-daily-amateur-jockeys-handicap-race-8/overview,Ffos Las,2026-09-27,Ffos Las,"{'eventId': '3438553', 'overall': 'Soft', 'rating': None, 'surface': 'Turf', '__typename': 'TrackCondition'}",8,Bridge Llangennech Open Daily Amateur Jockeys' Handicap,2012,"3YO+, Class 6, Handicap, Class 6, Handicap",13074,6,True,RESULTED,2,1,Georg Zhukov,4,Gelding,b,Smooth Daddy,Moulane Lady,RESULTED,71.25,,Amy Milburn,B J Llewellyn,25:1-2-1,4,16,-82,4,4.5,0,6,,,,,,n,4.2,,19,28,2.8,3.7,32.1,2,,0
https://www.racenet.com.au/form-guide/horse-racing/ffos-las-uk-20260927/bridge-llangennech-open-daily-amateur-jockeys-handicap-race-8/overview,Ffos Las,2026-09-27,Ffos Las,"{'eventId': '3438553', 'overall': 'Soft', 'rating': None, 'surface': 'Turf', '__typename': 'TrackCondition'}",8,Bridge Llangennech Open Daily Amateur Jockeys' Handicap,2012,"3YO+, Class 6, Handicap, Class 6, Handicap",13074,6,True,RESULTED,3,6,Someone's Wish,6,Gelding,b,Buratino,Crystal Mountain,RESULTED,71.25,,Jack Loughnane,P Morris,39:4-5-3,10,31,-41,9,5.5,0,32,,,,,,dsn,12.0,,19,33,8.5,10,17.6,4,,0
https://www.racenet.com.au/form-guide/horse-racing/ffos-las-uk-20260927/bridge-llangennech-open-daily-amateur-jockeys-handicap-race-8/overview,Ffos Las,2026-09-27,Ffos Las,"{'eventId': '3438553', 'overall': 'Soft', 'rating': None, 'surface': 'Turf', '__typename': 'TrackCondition'}",8,Bridge Llangennech Open Daily Amateur Jockeys' Handicap,2012,"3YO+, Class 6, Handicap, Class 6, Handicap",13074,6,True,RESULTED,4,3,Pride Eye,4,Filly,b,Expert Eye,Marsh Pride,RESULTED,70.25,,Harry Rimell,M G Rimell,13:1-1-0,8,15,415,5,6.5,0,7,,,,,,n,2.9,,19,46,6.5,2.7,-58.5,5,,0
https://www.racenet.com.au/form-guide/horse-racing/ffos-las-uk-20260927/bridge-llangennech-open-daily-amateur-jockeys-handicap-race-8/overview,Ffos Las,2026-09-27,Ffos Las,"{'eventId': '3438553', 'overall': 'Soft', 'rating': None, 'surface': 'Turf', '__typename': 'TrackCondition'}",8,Bridge Llangennech Open Daily Amateur Jockeys' Handicap,2012,"3YO+, Class 6, Handicap, Class 6, Handicap",13074,6,True,RESULTED,5,2,The Ormer Gatherer,7,Gelding,gr,Outstrip,Camp Fire,RESULTED,70.25,,James Hills,Faye Bramley,22:1-1-0,5,9,268,7,51,0,15,,,,,,dn,8.0,,19,35,9.5,6,-36.8,3,,0
https://www.racenet.com.au/form-guide/horse-racing/ffos-las-uk-20260927/bridge-llangennech-open-daily-amateur-jockeys-handicap-race-8/overview,Ffos Las,2026-09-27,Ffos Las,"{'eventId': '3438553', 'overall': 'Soft', 'rating': None, 'surface': 'Turf', '__typename': 'TrackCondition'}",8,Bridge Llangennech Open Daily Amateur Jockeys' Handicap,2012,"3YO+, Class 6, Handicap, Class 6, Handicap",13074,6,True,,6,4,Dash Of Class,3,Filly,b,Earthlight,Very Dashing,,69.5,,James Murray,Dr R Newland,11:0-1-2,0,27,-100,9,13,0,5,,,,,,,11.0,,15,7,11,9.5,-13.6,,,
https://www.racenet.com.au/form-guide/horse-racing/ffos-las-uk-20260927/bridge-the-home-of-the-carvery-nursery-race-2/overview,Ffos Las,2026-09-27,Ffos Las,"{'eventId': '3438547', 'overall': 'Soft', 'rating': None, 'surface': 'Turf', '__typename': 'TrackCondition'}",2,"Bridge, The Home Of The Carvery Nursery",1006,"2YO, Class 5, Class 5",15591,8,True,RESULTED,1,4,Rhodes Runner,2,Filly,b,Minzaal,Sunniyra,RESULTED,61.25,,Rhys Clutterbuck,R M Beckett,8:1-2-1,13,50,-25,1,6,27,8,,,,,,sn,3.25,,19,19,2.9,3,3.4,1,,1
https://www.racenet.com.au/form-guide/horse-racing/ffos-las-uk-20260927/bridge-the-home-of-the-carvery-nursery-race-2/overview,Ffos Las,2026-09-27,Ffos Las,"{'eventId': '3438547', 'overall': 'Soft', 'rating': None, 'surface': 'Turf', '__typename': 'TrackCondition'}",2,"Bridge, The Home Of The Carvery Nursery",1006,"2YO, Class 5, Class 5",15591,8,True,RESULTED,2,5,Blondie Larry,2,Colt,b,Showcasing,Isle Of May,RESULTED,60.25,,William Carver,J A Osborne,3:0-2-0,0,67,-100,2,1.83,9,73,,,,,,b,8.0,,19,20,4.8,7,45.8,6,,0
https://www.racenet.com.au/form-guide/horse-racing/ffos-las-uk-20260927/bridge-the-home-of-the-carvery-nursery-race-2/overview,Ffos Las,2026-09-27,Ffos Las,"{'eventId': '3438547', 'overall': 'Soft', 'rating': None, 'surface': 'Turf', '__typename': 'TrackCondition'}",2,"Bridge, The Home Of The Carvery Nursery",1006,"2YO, Class 5, Class 5",15591,8,True,RESULTED,3,7,Knock Three Times,2,Filly,b,Supremacy,White Daffodil,RESULTED,60.25,,Saffie Osborne,J A Osborne,6:1-2-0,17,50,-8,4,7,12,15,,,,,,n,6.0,,19,33,5.5,5.5,0.0,5,,0
https://www.racenet.com.au/form-guide/horse-racing/ffos-las-uk-20260927/bridge-the-home-of-the-carvery-nursery-race-2/overview,Ffos Las,2026-09-27,Ffos Las,"{'eventId': '3438547', 'overall': 'Soft', 'rating': None, 'surface': 'Turf', '__typename': 'TrackCondition'}",2,"Bridge, The Home Of The Carvery Nursery",1006,"2YO, Class 5, Class 5",15591,8,True,RESULTED,4,6,Niewiadoma,2,Filly,b,Cotai Glory,Virginia Plane,RESULTED,60.25,,Gina Mangan,A Watson,6:1-0-0,17,17,17,4,6,22,12,,,,,,dn,23.0,,19,31,11,18,63.6,8,,0
https://www.racenet.com.au/form-guide/horse-racing/ffos-las-uk-20260927/bridge-the-home-of-the-carvery-nursery-race-2/overview,Ffos Las,2026-09-27,Ffos Las,"{'eventId': '3438547', 'overall': 'Soft', 'rating': None, 'surface': 'Turf', '__typename': 'TrackCondition'}",2,"Bridge, The Home Of The Carvery Nursery",1006,"2YO, Class 5, Class 5",15591,8,True,RESULTED,5,8,Perigord Noir,2,Gelding,b,Invincible Army,Sweet Dragon Fly,RESULTED,59.5,,Benoit D L Sayette,George Baker,6:0-1-2,0,50,-100,3,6,13,15,,,,,,,4.5,,19,26,5,4.2,-16.0,3,,0
https://www.racenet.com.au/form-guide/horse-racing/ffos-las-uk-20260927/bridge-the-home-of-the-carvery-nursery-race-2/overview,Ffos Las,2026-09-27,Ffos Las,"{'eventId': '3438547', 'overall': 'Soft', 'rating': None, 'surface': 'Turf', '__typename': 'TrackCondition'}",2,"Bridge, The Home Of The Carvery Nursery",1006,"2YO, Class 5, Class 5",15591,8,True,RESULTED,6,1,Wolf's Gallop,2,Gelding,ch,Sergei Prokofiev,Sky Blue Pink,RESULTED,58,,K T O'Neill,T Lacey,5:0-0-2,0,40,-100,8,6.5,0,44,,,,,,,11.0,,19,17,6.5,7.5,15.4,2,,0
https://www.racenet.com.au/form-guide/horse-racing/ffos-las-uk-20260927/bridge-the-home-of-the-carvery-nursery-race-2/overview,Ffos Las,2026-09-27,Ffos Las,"{'eventId': '3438547', 'overall': 'Soft', 'rating': None, 'surface': 'Turf', '__typename': 'TrackCondition'}",2,"Bridge, The Home Of The Carvery Nursery",1006,"2YO, Class 5, Class 5",15591,8,True,RESULTED,7,2,Naval Cop,2,Filly,b,Naval Crown,Fair Cop,RESULTED,56.75,,Callum Hutchinson,A M Balding,5:1-0-1,20,40,140,3,9,16,15,,,,,,dn,6.0,,19,25,5,5.5,10.0,7,,0
https://www.racenet.com.au/form-guide/horse-racing/ffos-las-uk-20260927/bridge-the-home-of-the-carvery-nursery-race-2/overview,Ffos Las,2026-09-27,Ffos Las,"{'eventId': '3438547', 'overall': 'Soft', 'rating': None, 'surface': 'Turf', '__typename': 'TrackCondition'}",2,"Bridge, The Home Of The Carvery Nursery",1006,"2YO, Class 5, Class 5",15591,8,True,RESULTED,8,3,Defiant Dream,2,Filly,b,Dream Ahead,Incorrigible,RESULTED,51.75,,Tyler Heard,M D I Usher,5:0-1-0,0,20,-100,11,67,9,9,,,,,,o,29.0,,19,29,41,21,-48.8,4,,0
https://www.racenet.com.au/form-guide/horse-racing/ffos-las-uk-20260927/celebrate-in-style-at-the-bridge-novice-stakes-gbb-race-race-5/overview,Ffos Las,2026-09-27,Ffos Las,"{'eventId': '3438550', 'overall': 'Soft', 'rating': None, 'surface': 'Turf', '__typename': 'TrackCondition'}",5,Celebrate In Style At The Bridge Novice Stakes (Gbb Race),1481,"2YO, Class 3, Class 3, Novice",22271,6,True,RESULTED,1,1,Fourth Crusade,2,Colt,b,St Mark's Basilica,Balakera,RESULTED,60.25,,Jack Gilligan,Sir Mark Prescott,2:0-0-0,0,0,-100,9,19,17,17,,,,,,,81.0,,19,22,29,34,17.2,5,,0
https://www.racenet.com.au/form-guide/horse-racing/ffos-las-uk-20260927/celebrate-in-style-at-the-bridge-novice-stakes-gbb-race-race-5/overview,Ffos Las,2026-09-27,Ffos Las,"{'eventId': '3438550', 'overall': 'Soft', 'rating': None, 'surface': 'Turf', '__typename': 'TrackCondition'}",5,Celebrate In Style At The Bridge Novice Stakes (Gbb Race),1481,"2YO, Class 3, Class 3, Novice",22271,6,True,RESULTED,2,5,Ghost Raider,2,Colt,b,Invincible Spirit,Lustown Baba,RESULTED,60.25,,Rhys Clutterbuck,R M Beckett,2:0-1-0,0,50,-100,4,9.5,27,21,,,,,,,4.4,,19,18,2.9,4,37.9,1,,1
https://www.racenet.com.au/form-guide/horse-racing/ffos-las-uk-20260927/celebrate-in-style-at-the-bridge-novice-stakes-gbb-race-race-5/overview,Ffos Las,2026-09-27,Ffos Las,"{'eventId': '3438550', 'overall': 'Soft', 'rating': None, 'surface': 'Turf', '__typename': 'TrackCondition'}",5,Celebrate In Style At The Bridge Novice Stakes (Gbb Race),1481,"2YO, Class 3, Class 3, Novice",22271,6,True,RESULTED,3,3,Naval Empire,2,Colt,b,Naval Crown,Preobrajenska,RESULTED,60.25,,Jack Doughty,S C Williams,0:0-0-0,0,0,0,,,14,,,,,,,,16.0,,19,30,11,12,9.1,3,,0
https://www.racenet.com.au/form-guide/horse-racing/ffos-las-uk-20260927/celebrate-in-style-at-the-bridge-novice-stakes-gbb-race-race-5/overview,Ffos Las,2026-09-27,Ffos Las,"{'eventId': '3438550', 'overall': 'Soft', 'rating': None, 'surface': 'Turf', '__typename': 'TrackCondition'}",5,Celebrate In Style At The Bridge Novice Stakes (Gbb Race),1481,"2YO, Class 3, Class 3, Novice",22271,6,True,,4,6,Romanza,2,Gelding,b,Frankel,Con Te Partiro,,60.25,,Non Runner,C Fellowes,5:0-1-1,0,40,-100,4,9.5,0,22,,,,,,,,,3,0,,,,,,
https://www.racenet.com.au/form-guide/horse-racing/ffos-las-uk-20260927/celebrate-in-style-at-the-bridge-novice-stakes-gbb-race-race-5/overview,Ffos Las,2026-09-27,Ffos Las,"{'eventId': '3438550', 'overall': 'Soft', 'rating': None, 'surface': 'Turf', '__typename': 'TrackCondition'}",5,Celebrate In Style At The Bridge Novice Stakes (Gbb Race),1481,"2YO, Class 3, Class 3, Novice",22271,6,True,RESULTED,5,2,Silent Force,2,Colt,ch,No Nay Never,October Queen,RESULTED,60.25,,Callum Hutchinson,A M Balding,1:0-0-1,0,100,-100,3,9.5,16,43,,,,,,,1.3,,19,27,1.5,1.24,-17.3,2,,0
https://www.racenet.com.au/form-guide/horse-racing/ffos-las-uk-20260927/celebrate-in-style-at-the-bridge-novice-stakes-gbb-race-race-5/overview,Ffos Las,2026-09-27,Ffos Las,"{'eventId': '3438550', 'overall': 'Soft', 'rating': None, 'surface': 'Turf', '__typename': 'TrackCondition'}",5,Celebrate In Style At The Bridge Novice Stakes (Gbb Race),1481,"2YO, Class 3, Class 3, Novice",22271,6,True,RESULTED,6,4,Time Glory,2,Filly,ch,Cotai Glory,Sea True,RESULTED,58,,David Probert,B J Llewellyn,5:0-1-1,0,40,-100,2,17,14,28,,,,,,,51.0,,19,20,13,26,100.0,4,,0
https://www.racenet.com.au/form-guide/horse-racing/ffos-las-uk-20260927/happy-birthday-alex-from-the-bridge-handicap-race-4/overview,Ffos Las,2026-09-27,Ffos Las,"{'eventId': '3438549', 'overall': 'Soft', 'rating': None, 'surface': 'Turf', '__typename': 'TrackCondition'}",4,"Happy Birthday Alex, From The Bridge Handicap",3219,"3YO+, Class 5, Handicap, Class 5, Handicap",15591,5,True,RESULTED,1,2,Carthusian,4,Gelding,b,Lope De Vega,Chartreuse,RESULTED,64.5,,Liam Wright,J Candlish,12:1-1-1,8,25,-17,1,10,100,8,,,,,,sn,3.4,,19,40,2.5,3.1,24.0,1,,1
https://www.racenet.com.au/form-guide/horse-racing/ffos-las-uk-20260927/happy-birthday-alex-from-the-bridge-handicap-race-4/overview,Ffos Las,2026-09-27,Ffos Las,"{'eventId': '3438549', 'overall': 'Soft', 'rating': None, 'surface': 'Turf', '__typename': 'TrackCondition'}",4,"Happy Birthday Alex, From The Bridge Handicap",3219,"3YO+, Class 5, Handicap, Class 5, Handicap",15591,5,True,RESULTED,2,3,Campeona,3,Filly,b,Study Of Man,Cubanita,RESULTED,59.75,,Jack Gilligan,Sir Mark Prescott,9:3-2-1,33,67,-55,3,3.75,17,22,,,,,,dn,3.1,,19,31,3.2,2.6,-18.8,2,,0
https://www.racenet.com.au/form-guide/horse-racing/ffos-las-uk-20260927/happy-birthday-alex-from-the-bridge-handicap-race-4/overview,Ffos Las,2026-09-27,Ffos Las,"{'eventId': '3438549', 'overall': 'Soft', 'rating': None, 'surface': 'Turf', '__typename': 'TrackCondition'}",4,"Happy Birthday Alex, From The Bridge Handicap",3219,"3YO+, Class 5, Handicap, Class 5, Handicap",15591,5,True,RESULTED,3,4,No Ordinary Joe,10,Gelding,b,Getaway,Shadow Dearg,RESULTED,59.75,,Finley Marsh,R Stephens,33:5-1-2,15,24,-27,4,23,0,15,,,,,,dsn,13.0,,19,27,8,10,25.0,4,,0
https://www.racenet.com.au/form-guide/horse-racing/ffos-las-uk-20260927/happy-birthday-alex-from-the-bridge-handicap-race-4/overview,Ffos Las,2026-09-27,Ffos Las,"{'eventId': '3438549', 'overall': 'Soft', 'rating': None, 'surface': 'Turf', '__typename': 'TrackCondition'}",4,"Happy Birthday Alex, From The Bridge Handicap",3219,"3YO+, Class 5, Handicap, Class 5, Handicap",15591,5,True,RESULTED,4,1,Queenie St Clair,6,Mare,b,Fast Company,Marmalade Cat,RESULTED,57.5,,Millie Wonnacott,Nick Scholfield,32:4-0-4,13,25,39,6,13,0,162,,,,,,dshn,3.2,,19,50,3.7,2.9,-21.6,3,,0
https://www.racenet.com.au/form-guide/horse-racing/ffos-las-uk-20260927/happy-birthday-alex-from-the-bridge-handicap-race-4/overview,Ffos Las,2026-09-27,Ffos Las,"{'eventId': '3438549', 'overall': 'Soft', 'rating': None, 'surface': 'Turf', '__typename': 'TrackCondition'}",4,"Happy Birthday Alex, From The Bridge Handicap",3219,"3YO+, Class 5, Handicap, Class 5, Handicap",15591,5,True,RESULTED,5,5,A Daughters Love,3,Filly,b,Mohaather,Loving Touch,RESULTED,55,,David Probert,D Flood,19:3-1-2,16,32,-15,6,17,9,6,,,,,,tn,18.0,,19,27,14,13,-7.1,5,,0
https://www.racenet.com.au/form-guide/horse-racing/funabashi-jp-20260928/race-1-c3-race-1/overview,Funabashi,2026-09-28,Funabashi,"{'eventId': '3439482', 'overall': 'Soft', 'rating': None, 'surface': 'Dirt', '__typename': 'TrackCondition'}",1,Race 1 (C3),1200,4YO+,13683,12,False,,1,1,Princess Dark,8,Mare,b,Sound Volcano,Y S Hakusan,,54,,Kentaro Usui,Kazuhiro Hakodate,66:2-2-6,3,15,-95,8,67,3,32,,,,,,,,,3,0,,,,,,
https://www.racenet.com.au/form-guide/horse-racing/funabashi-jp-20260928/race-1-c3-race-1/overview,Funabashi,2026-09-28,Funabashi,"{'eventId': '3439482', 'overall': 'Soft', 'rating': None, 'surface': 'Dirt', '__typename': 'TrackCondition'}",1,Race 1 (C3),1200,4YO+,13683,12,False,,2,2,Glanz Ritter,5,Stallion,b,Cheval Grand,Broadhurst,,55.75,,Nakano Kazuma,Masaru Tamai,25:2-0-0,8,8,-90,6,41,5,33,,,,,,h,,,3,0,,,,,,
https://www.racenet.com.au/form-guide/horse-racing/funabashi-jp-20260928/race-1-c3-race-1/overview,Funabashi,2026-09-28,Funabashi,"{'eventId': '3439482', 'overall': 'Soft', 'rating': None, 'surface': 'Dirt', '__typename': 'TrackCondition'}",1,Race 1 (C3),1200,4YO+,13683,12,False,,3,3,Emeral Attack,5,Stallion,b,Talismanic,Still Seeking,,54,,Yamamoto Tsubasa,Kiyoaki Sasaki,27:0-2-1,0,11,-100,9,67,0,33,,,,,,,,,2,0,,,,,,
https://www.racenet.com.au/form-guide/horse-racing/funabashi-jp-20260928/race-1-c3-race-1/overview,Funabashi,2026-09-28,Funabashi,"{'eventId': '3439482', 'overall': 'Soft', 'rating': None, 'surface': 'Dirt', '__typename': 'TrackCondition'}",1,Race 1 (C3),1200,4YO+,13683,12,False,,4,4,V V S One,6,Stallion,b,Just A Way,Meisho Beaute,,55.75,,Toshiyuki Takahashi,Kazuhiro Hakodate,31:0-1-1,0,6,-100,7,41,0,33,,,,,,,,,3,0,,,,,,
https://www.racenet.com.au/form-guide/horse-racing/funabashi-jp-20260928/race-1-c3-race-1/overview,Funabashi,2026-09-28,Funabashi,"{'eventId': '3439482', 'overall': 'Soft', 'rating': None, 'surface': 'Dirt', '__typename': 'TrackCondition'}",1,Race 1 (C3),1200,4YO+,13683,12,False,,5,5,Baldoria,5,Stallion,b,Nakayama Festa,Popolarita,,55.75,,Tsubasa Sasagawa,Kiyoshige Arai,6:2-1-0,33,50,1350,1,6,21,320,,,,,,h,,,3,0,,,,,,
https://www.racenet.com.au/form-guide/horse-racing/funabashi-jp-20260928/race-1-c3-race-1/overview,Funabashi,2026-09-28,Funabashi,"{'eventId': '3439482', 'overall': 'Soft', 'rating': None, 'surface': 'Dirt', '__typename': 'TrackCondition'}",1,Race 1 (C3),1200,4YO+,13683,12,False,,6,6,Oyome Samba,5,Mare,b,Copano Rickey,Hit The Floor,,54,,Tatsuya Hamada,Hiroshi Yauchi,10:0-0-1,0,10,-100,9,51,0,327,,,,,,,,,3,0,,,,,,
https://www.racenet.com.au/form-guide/horse-racing/funabashi-jp-20260928/race-1-c3-race-1/overview,Funabashi,2026-09-28,Funabashi,"{'eventId': '3439482', 'overall': 'Soft', 'rating': None, 'surface': 'Dirt', '__typename': 'TrackCondition'}",1,Race 1 (C3),1200,4YO+,13683,12,False,,7,7,Hamasan,6,Stallion,b,Duramente,Anchan,,53,,Sugawara Rikuto,Takayuki Yamashita,5:0-0-0,0,0,-100,-9,41,8,714,,,,,,,,,3,0,,,,,,
https://www.racenet.com.au/form-guide/horse-racing/funabashi-jp-20260928/race-1-c3-race-1/overview,Funabashi,2026-09-28,Funabashi,"{'eventId': '3439482', 'overall': 'Soft', 'rating': None, 'surface': 'Dirt', '__typename': 'TrackCondition'}",1,Race 1 (C3),1200,4YO+,13683,12,False,,8,8,Ginrei,6,Mare,b,Roger Barows,Lupus,,54,,Ryo Novata,Satoshi Saito,21:2-1-4,10,33,-78,5,3.5,6,33,,,,,,dsh,,,3,0,,,,,,
https://www.racenet.com.au/form-guide/horse-racing/funabashi-jp-20260928/race-1-c3-race-1/overview,Funabashi,2026-09-28,Funabashi,"{'eventId': '3439482', 'overall': 'Soft', 'rating': None, 'surface': 'Dirt', '__typename': 'TrackCondition'}",1,Race 1 (C3),1200,4YO+,13683,12,False,,9,9,Grand Milton,5,Stallion,b,Sinister Minister,Cross Speed,,55.75,,Masashige Honda,Takamitsu Watanabe,3:0-2-1,0,100,-100,3,2,18,202,,,,,,b,,,3,0,,,,,,
https://www.racenet.com.au/form-guide/horse-racing/funabashi-jp-20260928/race-1-c3-race-1/overview,Funabashi,2026-09-28,Funabashi,"{'eventId': '3439482', 'overall': 'Soft', 'rating': None, 'surface': 'Dirt', '__typename': 'TrackCondition'}",1,Race 1 (C3),1200,4YO+,13683,12,False,,10,10,Ace Flower,7,Mare,b,Yamakatsu Ace,Telekinesis,,54,,Eiki Nishimura,Hitoshi Tamai,47:0-0-1,0,2,-100,8,51,0,33,,,,,,,,,2,0,,,,,,
https://www.racenet.com.au/form-guide/horse-racing/funabashi-jp-20260928/race-1-c3-race-1/overview,Funabashi,2026-09-28,Funabashi,"{'eventId': '3439482', 'overall': 'Soft', 'rating': None, 'surface': 'Dirt', '__typename': 'TrackCondition'}",1,Race 1 (C3),1200,4YO+,13683,12,False,,11,11,Mikey Mcqueen,6,Gelding,b,Orfevre,Serena's Voice,,55.75,,Kota Motohashi,Hiroshi Yauchi,34:0-2-1,0,9,-100,4,6.5,7,33,,,,,,,,,3,0,,,,,,
https://www.racenet.com.au/form-guide/horse-racing/funabashi-jp-20260928/race-1-c3-race-1/overview,Funabashi,2026-09-28,Funabashi,"{'eventId': '3439482', 'overall': 'Soft', 'rating': None, 'surface': 'Dirt', '__typename': 'TrackCondition'}",1,Race 1 (C3),1200,4YO+,13683,12,False,,12,12,A Shin Peridot,7,Mare,b,American Patriot,A Shin Topaz,,50.75,,Oki Hibiki,Takanori Yamanaka,71:2-2-2,3,8,-87,8,41,0,6,,,,,,s,,,3,0,,,,,,
https://www.racenet.com.au/form-guide/horse-racing/funabashi-jp-20260928/race-10-b2-race-10/overview,Funabashi,2026-09-28,Funabashi,"{'eventId': '3439491', 'overall': 'Soft', 'rating': None, 'surface': 'Dirt', '__typename': 'TrackCondition'}",10,Race 10 (B2),1200,4YO+,51310,11,False,,1,1,Tatsuno King O,5,Stallion,b,Deep Brillante,Maruhachi Bloom,,57.25,,Haruku Sano,Yoichi Tanabe,11:3-3-2,27,73,-22,3,6,8,20,,,,,,tcdh,,,3,0,,,,,,
https://www.racenet.com.au/form-guide/horse-racing/funabashi-jp-20260928/race-10-b2-race-10/overview,Funabashi,2026-09-28,Funabashi,"{'eventId': '3439491', 'overall': 'Soft', 'rating': None, 'surface': 'Dirt', '__typename': 'TrackCondition'}",10,Race 10 (B2),1200,4YO+,51310,11,False,,2,2,Peter Rise,5,Stallion,b,Pyro,Strong Heart,,55,,Tsubasa Sasagawa,Shoichi Hirata,12:2-5-3,17,83,-64,2,2.88,6,19,,,,,,tcdb,,,3,0,,,,,,
https://www.racenet.com.au/form-guide/horse-racing/funabashi-jp-20260928/race-10-b2-race-10/overview,Funabashi,2026-09-28,Funabashi,"{'eventId': '3439491', 'overall': 'Soft', 'rating': None, 'surface': 'Dirt', '__typename': 'TrackCondition'}",10,Race 10 (B2),1200,4YO+,51310,11,False,,3,3,Seisho Fuji,6,Stallion,b,Moanin,El Cielo Azul,,54,,Tokoro Hotaru,Yasuhide Yoneya,21:3-1-6,14,48,-72,11,26,0,34,,,,,,tcdso,,,2,0,,,,,,
https://www.racenet.com.au/form-guide/horse-racing/funabashi-jp-20260928/race-10-b2-race-10/overview,Funabashi,2026-09-28,Funabashi,"{'eventId': '3439491', 'overall': 'Soft', 'rating': None, 'surface': 'Dirt', '__typename': 'TrackCondition'}",10,Race 10 (B2),1200,4YO+,51310,11,False,,4,4,Cerca Trova,7,Stallion,b,Smart Falcon,Rosa Gallica,,57.25,,Ryouma Kimatsuka,Yoshiyuki Yano,40:3-4-4,8,28,58,8,29,5,34,,,,,,tcdh,,,3,0,,,,,,
https://www.racenet.com.au/form-guide/horse-racing/funabashi-jp-20260928/race-10-b2-race-10/overview,Funabashi,2026-09-28,Funabashi,"{'eventId': '3439491', 'overall': 'Soft', 'rating': None, 'surface': 'Dirt', '__typename': 'TrackCondition'}",10,Race 10 (B2),1200,4YO+,51310,11,False,,5,5,Reishin,7,Stallion,b,Lovely Day,Glad Cry,,57.25,,Masashige Honda,Katsuo Ishii,44:9-10-5,20,55,25,2,6,10,31,,,,,,tcd,,,3,0,,,,,,
https://www.racenet.com.au/form-guide/horse-racing/funabashi-jp-20260928/race-10-b2-race-10/overview,Funabashi,2026-09-28,Funabashi,"{'eventId': '3439491', 'overall': 'Soft', 'rating': None, 'surface': 'Dirt', '__typename': 'TrackCondition'}",10,Race 10 (B2),1200,4YO+,51310,11,False,,6,6,Idol,5,Mare,b,Rulership,Tsubomi,,53,,Haruhito Nakayama,Shigenori Ito,17:1-3-1,6,29,-89,11,29,9,35,,,,,,do,,,3,0,,,,,,
https://www.racenet.com.au/form-guide/horse-racing/funabashi-jp-20260928/race-10-b2-race-10/overview,Funabashi,2026-09-28,Funabashi,"{'eventId': '3439491', 'overall': 'Soft', 'rating': None, 'surface': 'Dirt', '__typename': 'TrackCondition'}",10,Race 10 (B2),1200,4YO+,51310,11,False,,7,7,Castle Shion,7,Mare,b,Battle Plan,Castle Rose,,55,,Wada Joji,N Shibuya,49:3-6-5,6,29,-1,6,34,4,34,,,,,,tcdh,,,2,0,,,,,,
https://www.racenet.com.au/form-guide/horse-racing/funabashi-jp-20260928/race-10-b2-race-10/overview,Funabashi,2026-09-28,Funabashi,"{'eventId': '3439491', 'overall': 'Soft', 'rating': None, 'surface': 'Dirt', '__typename': 'TrackCondition'}",10,Race 10 (B2),1200,4YO+,51310,11,False,,8,8,Mille Fleurs,6,Mare,b,Hokko Tarumae,Daisy Gal,,55,,Takayuki Yano,Yasuhide Yoneya,19:2-1-3,11,32,-29,15,126,12,127,,,,,,o,,,2,0,,,,,,
https://www.racenet.com.au/form-guide/horse-racing/funabashi-jp-20260928/race-10-b2-race-10/overview,Funabashi,2026-09-28,Funabashi,"{'eventId': '3439491', 'overall': 'Soft', 'rating': None, 'surface': 'Dirt', '__typename': 'TrackCondition'}",10,Race 10 (B2),1200,4YO+,51310,11,False,,9,9,Namura Perle,5,Mare,b,Thunder Snow,Namura Otsu,,55,,Aoi Shinoya,Yuta Sato,16:3-0-3,19,38,-28,1,2.75,15,35,,,,,,tcds,,,2,0,,,,,,
https://www.racenet.com.au/form-guide/horse-racing/funabashi-jp-20260928/race-10-b2-race-10/overview,Funabashi,2026-09-28,Funabashi,"{'eventId': '3439491', 'overall': 'Soft', 'rating': None, 'surface': 'Dirt', '__typename': 'TrackCondition'}",10,Race 10 (B2),1200,4YO+,51310,11,False,,10,10,Crown Bravo,7,Stallion,b,Nobo Jack,Crown Mistral,,57.25,,Eiki Nishimura,Katsuo Ishii,29:3-3-4,10,34,-23,6,41,2,88,,,,,,tcd,,,2,0,,,,,,
https://www.racenet.com.au/form-guide/horse-racing/funabashi-jp-20260928/race-10-b2-race-10/overview,Funabashi,2026-09-28,Funabashi,"{'eventId': '3439491', 'overall': 'Soft', 'rating': None, 'surface': 'Dirt', '__typename': 'TrackCondition'}",10,Race 10 (B2),1200,4YO+,51310,11,False,,11,11,Brezza Dream,5,Stallion,b,Gold Dream,Brezza,,55,,S Kawashima,Tanaka Tsutomu,22:2-3-3,9,36,-39,6,15,10,35,,,,,,tcdh,,,3,0,,,,,,
https://www.racenet.com.au/form-guide/horse-racing/funabashi-jp-20260928/race-11-b3-race-11/overview,Funabashi,2026-09-28,Funabashi,"{'eventId': '3439492', 'overall': 'Soft', 'rating': None, 'surface': 'Dirt', '__typename': 'TrackCondition'}",11,Race 11 (B3),1600,3YO+,46179,11,False,,1,1,Bright Beginning,5,Stallion,b,New Year's Day,Bright Living,,55.75,,Ryo Novata,Takahiro Inamasu,15:7-1-0,47,53,-38,1,1.14,22,33,,,,,,tcds,,,2,0,,,,,,
https://www.racenet.com.au/form-guide/horse-racing/funabashi-jp-20260928/race-11-b3-race-11/overview,Funabashi,2026-09-28,Funabashi,"{'eventId': '3439492', 'overall': 'Soft', 'rating': None, 'surface': 'Dirt', '__typename': 'TrackCondition'}",11,Race 11 (B3),1600,3YO+,46179,11,False,,2,2,Bordeaux Riskless,6,Stallion,b,Copano Rickey,Little Risky,,55,,Tokoro Hotaru,Satoshi Saito,42:6-5-3,14,33,-34,5,67,7,18,,,,,,dh,,,1,0,,,,,,
https://www.racenet.com.au/form-guide/horse-racing/funabashi-jp-20260928/race-11-b3-race-11/overview,Funabashi,2026-09-28,Funabashi,"{'eventId': '3439492', 'overall': 'Soft', 'rating': None, 'surface': 'Dirt', '__typename': 'TrackCondition'}",11,Race 11 (B3),1600,3YO+,46179,11,False,,3,3,Saint Regalo,9,Mare,b,Creator,St Lawrence,,50.75,,Oki Hibiki,Tanaka Tsutomu,67:4-10-7,6,31,-80,8,151,0,17,,,,,,tcdsh,,,3,0,,,,,,
https://www.racenet.com.au/form-guide/horse-racing/funabashi-jp-20260928/race-11-b3-race-11/overview,Funabashi,2026-09-28,Funabashi,"{'eventId': '3439492', 'overall': 'Soft', 'rating': None, 'surface': 'Dirt', '__typename': 'TrackCondition'}",11,Race 11 (B3),1600,3YO+,46179,11,False,,4,4,Dirt Raising,7,Stallion,b,Gold Actor,F T Actress,,55.75,,Yuki Furuoka,Seiichi Kato,39:6-3-8,15,44,-32,9,81,7,18,,,,,,sh,,,1,0,,,,,,
https://www.racenet.com.au/form-guide/horse-racing/funabashi-jp-20260928/race-11-b3-race-11/overview,Funabashi,2026-09-28,Funabashi,"{'eventId': '3439492', 'overall': 'Soft', 'rating': None, 'surface': 'Dirt', '__typename': 'TrackCondition'}",11,Race 11 (B3),1600,3YO+,46179,11,False,,5,5,Ryuno Essence,4,Filly,b,Admire Mars,Tee Kay Cat,,53,,Yuki Yamanaka,Satoshi Saito,17:2-1-1,12,24,-58,2,26,13,31,,,,,,s,,,2,0,,,,,,
https://www.racenet.com.au/form-guide/horse-racing/funabashi-jp-20260928/race-11-b3-race-11/overview,Funabashi,2026-09-28,Funabashi,"{'eventId': '3439492', 'overall': 'Soft', 'rating': None, 'surface': 'Dirt', '__typename': 'TrackCondition'}",11,Race 11 (B3),1600,3YO+,46179,11,False,,6,6,A Shin Dazzle,5,Stallion,b,Danon Legend,A Shin Malt,,55.75,,Ryouma Kimatsuka,Yoshiyuki Yano,24:12-3-5,50,83,-19,6,9,5,35,,,,,,tsh,,,2,0,,,,,,
https://www.racenet.com.au/form-guide/horse-racing/funabashi-jp-20260928/race-11-b3-race-11/overview,Funabashi,2026-09-28,Funabashi,"{'eventId': '3439492', 'overall': 'Soft', 'rating': None, 'surface': 'Dirt', '__typename': 'TrackCondition'}",11,Race 11 (B3),1600,3YO+,46179,11,False,,7,7,Cellist,5,Stallion,b,Mr Melody,Castanets,,55.75,,Kenji Okamura,Manabu Yamamoto,11:7-0-1,64,73,-19,3,1.08,15,35,,,,,,tcdsb,,,2,0,,,,,,
https://www.racenet.com.au/form-guide/horse-racing/funabashi-jp-20260928/race-11-b3-race-11/overview,Funabashi,2026-09-28,Funabashi,"{'eventId': '3439492', 'overall': 'Soft', 'rating': None, 'surface': 'Dirt', '__typename': 'TrackCondition'}",11,Race 11 (B3),1600,3YO+,46179,11,False,,8,8,Come Back,5,Stallion,b,Lovely Day,Universal Lady,,55.75,,Kentaro Usui,Masaki Iwasaki,15:3-1-3,20,47,313,3,15,5,31,,,,,,th,,,3,0,,,,,,
https://www.racenet.com.au/form-guide/horse-racing/funabashi-jp-20260928/race-11-b3-race-11/overview,Funabashi,2026-09-28,Funabashi,"{'eventId': '3439492', 'overall': 'Soft', 'rating': None, 'surface': 'Dirt', '__typename': 'TrackCondition'}",11,Race 11 (B3),1600,3YO+,46179,11,False,,9,9,Allmeru Vento,5,Stallion,b,Reve Mistral,Kojin Sri,,55.75,,Daisuke Shoji,Masaki Iwasaki,30:1-1-4,3,20,-70,8,67,3,35,,,,,,h,,,1,0,,,,,,
https://www.racenet.com.au/form-guide/horse-racing/funabashi-jp-20260928/race-11-b3-race-11/overview,Funabashi,2026-09-28,Funabashi,"{'eventId': '3439492', 'overall': 'Soft', 'rating': None, 'surface': 'Dirt', '__typename': 'TrackCondition'}",11,Race 11 (B3),1600,3YO+,46179,11,False,,10,10,Woke Up,4,Colt,b,Mind Your Biscuits,Vergeoise,,55,,Francisco Goncalves,Hasegawa Takeshi,9:2-0-3,22,56,22,6,51,0,109,,,,,,t,,,2,0,,,,,,
https://www.racenet.com.au/form-guide/horse-racing/funabashi-jp-20260928/race-11-b3-race-11/overview,Funabashi,2026-09-28,Funabashi,"{'eventId': '3439492', 'overall': 'Soft', 'rating': None, 'surface': 'Dirt', '__typename': 'TrackCondition'}",11,Race 11 (B3),1600,3YO+,46179,11,False,,11,11,Neraiuchi,5,Gelding,b,Asia Express,Smile Juno,,55.75,,Takehiro Kasano,Maki Hirayama,27:0-7-4,0,41,-100,2,13,6,6,,,,,,,,,1,0,,,,,,
https://www.racenet.com.au/form-guide/horse-racing/funabashi-jp-20260928/race-12-c1-race-12/overview,Funabashi,2026-09-28,Funabashi,"{'eventId': '3439493', 'overall': 'Soft', 'rating': None, 'surface': 'Dirt', '__typename': 'TrackCondition'}",12,Race 12 (C1),1501,3YO+,20524,13,False,,1,1,Regina Coeli,6,Stallion,b,Satono Crown,Salve Regina,,55.75,,Takayuki Yano,Gen Hayashi,34:2-8-4,6,41,-90,6,15,26,35,,,,,,,,,3,0,,,,,,
https://www.racenet.com.au/form-guide/horse-racing/funabashi-jp-20260928/race-12-c1-race-12/overview,Funabashi,2026-09-28,Funabashi,"{'eventId': '3439493', 'overall': 'Soft', 'rating': None, 'surface': 'Dirt', '__typename': 'TrackCondition'}",12,Race 12 (C1),1501,3YO+,20524,13,False,,2,2,Gravity Model,7,Gelding,b,Kinshasa No Kiseki,Grab Your Heart,,55.75,,Riku Takami,Masakazu Kawashima,31:5-3-1,16,29,4,9,29,7,95,,,,,,t,,,0,0,,,,,,
https://www.racenet.com.au/form-guide/horse-racing/funabashi-jp-20260928/race-12-c1-race-12/overview,Funabashi,2026-09-28,Funabashi,"{'eventId': '3439493', 'overall': 'Soft', 'rating': None, 'surface': 'Dirt', '__typename': 'TrackCondition'}",12,Race 12 (C1),1501,3YO+,20524,13,False,,3,3,Barnsbury,5,Stallion,b,Iffraaj,Richmond Avenue,,55.75,,Genki Fujimoto,Isao Sasaki,22:1-2-5,5,36,-68,10,51,11,19,,,,,,to,,,3,0,,,,,,
https://www.racenet.com.au/form-guide/horse-racing/funabashi-jp-20260928/race-12-c1-race-12/overview,Funabashi,2026-09-28,Funabashi,"{'eventId': '3439493', 'overall': 'Soft', 'rating': None, 'surface': 'Dirt', '__typename': 'TrackCondition'}",12,Race 12 (C1),1501,3YO+,20524,13,False,,4,4,Smile Mont Blanc,5,Stallion,b,Hokko Tarumae,Mille Fanti,,55.75,,Ryo Novata,Hasegawa Takeshi,15:2-1-2,13,33,-81,11,81,0,35,,,,,,ho,,,3,0,,,,,,
https://www.racenet.com.au/form-guide/horse-racing/funabashi-jp-20260928/race-12-c1-race-12/overview,Funabashi,2026-09-28,Funabashi,"{'eventId': '3439493', 'overall': 'Soft', 'rating': None, 'surface': 'Dirt', '__typename': 'TrackCondition'}",12,Race 12 (C1),1501,3YO+,20524,13,False,,5,5,Yuto The Ashige,6,Stallion,b,Golden Mandela,Western Bianco,,55,,Tokoro Hotaru,Masakazu Kawashima,39:7-5-6,18,46,-46,8,51,10,117,,,,,,dh,,,3,0,,,,,,
https://www.racenet.com.au/form-guide/horse-racing/funabashi-jp-20260928/race-12-c1-race-12/overview,Funabashi,2026-09-28,Funabashi,"{'eventId': '3439493', 'overall': 'Soft', 'rating': None, 'surface': 'Dirt', '__typename': 'TrackCondition'}",12,Race 12 (C1),1501,3YO+,20524,13,False,,6,6,Gold Partner,5,Stallion,b,Gold Actor,Gold Action,,55.75,,Tatsuya Yamaguchi,Masato Hayashi,11:2-1-2,18,45,-45,1,2.1,9,92,,,,,,tcds,,,2,0,,,,,,
https://www.racenet.com.au/form-guide/horse-racing/funabashi-jp-20260928/race-12-c1-race-12/overview,Funabashi,2026-09-28,Funabashi,"{'eventId': '3439493', 'overall': 'Soft', 'rating': None, 'surface': 'Dirt', '__typename': 'TrackCondition'}",12,Race 12 (C1),1501,3YO+,20524,13,False,,7,7,Mikey,5,Stallion,b,Henny Hughes,A Shin Kildare,,55.75,,Kentaro Usui,Masaki Iwasaki,11:2-1-0,18,27,-30,7,23,5,35,,,,,,,,,3,0,,,,,,
https://www.racenet.com.au/form-guide/horse-racing/funabashi-jp-20260928/race-12-c1-race-12/overview,Funabashi,2026-09-28,Funabashi,"{'eventId': '3439493', 'overall': 'Soft', 'rating': None, 'surface': 'Dirt', '__typename': 'TrackCondition'}",12,Race 12 (C1),1501,3YO+,20524,13,False,,8,8,Gold Topiary,4,Filly,b,Gold Dream,Topiarist,,53,,Francisco Goncalves,Hiroshi Yauchi,9:1-1-4,11,67,-33,3,7.5,0,35,,,,,,th,,,3,0,,,,,,
https://www.racenet.com.au/form-guide/horse-racing/funabashi-jp-20260928/race-12-c1-race-12/overview,Funabashi,2026-09-28,Funabashi,"{'eventId': '3439493', 'overall': 'Soft', 'rating': None, 'surface': 'Dirt', '__typename': 'TrackCondition'}",12,Race 12 (C1),1501,3YO+,20524,13,False,,9,9,Yoruno Cho,5,Mare,b,Lani,Dream Note,,54,,Akira Harita,Noboru Tamai,23:1-3-1,4,22,-57,3,4.33,16,31,,,,,,,,,1,0,,,,,,
https://www.racenet.com.au/form-guide/horse-racing/funabashi-jp-20260928/race-12-c1-race-12/overview,Funabashi,2026-09-28,Funabashi,"{'eventId': '3439493', 'overall': 'Soft', 'rating': None, 'surface': 'Dirt', '__typename': 'TrackCondition'}",12,Race 12 (C1),1501,3YO+,20524,13,False,,10,10,Komasa,4,Colt,b,,,,55,,Norifumi Mikamoto,Yoshiyuki Yano,5:2-2-0,40,80,25,2,2.5,0,34,,,,,,tcdb,,,2,0,,,,,,
https://www.racenet.com.au/form-guide/horse-racing/funabashi-jp-20260928/race-12-c1-race-12/overview,Funabashi,2026-09-28,Funabashi,"{'eventId': '3439493', 'overall': 'Soft', 'rating': None, 'surface': 'Dirt', '__typename': 'TrackCondition'}",12,Race 12 (C1),1501,3YO+,20524,13,False,,11,11,Buster Wolf,6,Stallion,b,Orfevre,Dear Arethusa,,55.75,,Ryouma Kimatsuka,Satoshi Saito,25:1-5-5,4,44,-94,12,126,5,17,,,,,,o,,,1,0,,,,,,
https://www.racenet.com.au/form-guide/horse-racing/funabashi-jp-20260928/race-12-c1-race-12/overview,Funabashi,2026-09-28,Funabashi,"{'eventId': '3439493', 'overall': 'Soft', 'rating': None, 'surface': 'Dirt', '__typename': 'TrackCondition'}",12,Race 12 (C1),1501,3YO+,20524,13,False,,12,12,Fire Waltz,5,Mare,b,American Patriot,Little Diva,,54,,S Kawashima,Takahiro Inamasu,14:1-6-0,7,50,-90,2,3.25,17,35,,,,,,b,,,1,0,,,,,,
https://www.racenet.com.au/form-guide/horse-racing/funabashi-jp-20260928/race-12-c1-race-12/overview,Funabashi,2026-09-28,Funabashi,"{'eventId': '3439493', 'overall': 'Soft', 'rating': None, 'surface': 'Dirt', '__typename': 'TrackCondition'}",12,Race 12 (C1),1501,3YO+,20524,13,False,,13,13,Sezan Butler,4,Gelding,b,Pyro,Peerless Pink,,55,,Ryo Kosugi,Gen Hayashi,6:1-1-2,17,67,58,2,10,14,179,,,,,,t,,,1,0,,,,,,
https://www.racenet.com.au/form-guide/horse-racing/funabashi-jp-20260928/race-2-cond-race-2/overview,Funabashi,2026-09-28,Funabashi,"{'eventId': '3439483', 'overall': 'Soft', 'rating': None, 'surface': 'Dirt', '__typename': 'TrackCondition'}",2,Race 2 (Cond),1200,2YO,44468,12,False,,1,1,Amalfi Dio,3,Colt,b,Omega Perfume,Okaribe Queen,,54,,Genki Fujimoto,Satoshi Saito,4:0-0-2,0,50,-100,3,34,2,35,,,,,,,,,2,0,,,,,,
https://www.racenet.com.au/form-guide/horse-racing/funabashi-jp-20260928/race-2-cond-race-2/overview,Funabashi,2026-09-28,Funabashi,"{'eventId': '3439483', 'overall': 'Soft', 'rating': None, 'surface': 'Dirt', '__typename': 'TrackCondition'}",2,Race 2 (Cond),1200,2YO,44468,12,False,,2,2,Clarus Mind,3,Filly,b,Mind Your Biscuits,Clarus Pink,,54,,Keita Nishi,Hiroyuki Takahashi,3:0-1-0,0,33,-100,9,126,0,18,,,,,,,,,3,0,,,,,,
https://www.racenet.com.au/form-guide/horse-racing/funabashi-jp-20260928/race-2-cond-race-2/overview,Funabashi,2026-09-28,Funabashi,"{'eventId': '3439483', 'overall': 'Soft', 'rating': None, 'surface': 'Dirt', '__typename': 'TrackCondition'}",2,Race 2 (Cond),1200,2YO,44468,12,False,,3,3,Initiation,3,Colt,b,Mischevious Alex,Initiator,,54,,Takehiro Kasano,Takanori Yamanaka,1:0-1-0,0,100,-100,2,15,7,32,,,,,,,,,2,0,,,,,,
https://www.racenet.com.au/form-guide/horse-racing/funabashi-jp-20260928/race-2-cond-race-2/overview,Funabashi,2026-09-28,Funabashi,"{'eventId': '3439483', 'overall': 'Soft', 'rating': None, 'surface': 'Dirt', '__typename': 'TrackCondition'}",2,Race 2 (Cond),1200,2YO,44468,12,False,,4,4,B B Wold,3,Colt,b,Big Arthur,Blufunk,,54,,Ryoya Sawada,Kiyoshige Arai,5:0-0-0,0,0,-100,11,5,11,68,,,,,,o,,,1,0,,,,,,
https://www.racenet.com.au/form-guide/horse-racing/funabashi-jp-20260928/race-2-cond-race-2/overview,Funabashi,2026-09-28,Funabashi,"{'eventId': '3439483', 'overall': 'Soft', 'rating': None, 'surface': 'Dirt', '__typename': 'TrackCondition'}",2,Race 2 (Cond),1200,2YO,44468,12,False,,5,5,Tsukuba Vivant,3,Colt,b,Inti,Radice,,54,,Tatsuya Yamaguchi,Masato Hayashi,1:0-0-1,0,100,-100,3,3.25,9,31,,,,,,,,,3,0,,,,,,
https://www.racenet.com.au/form-guide/horse-racing/funabashi-jp-20260928/race-2-cond-race-2/overview,Funabashi,2026-09-28,Funabashi,"{'eventId': '3439483', 'overall': 'Soft', 'rating': None, 'surface': 'Dirt', '__typename': 'TrackCondition'}",2,Race 2 (Cond),1200,2YO,44468,12,False,,6,6,Netsuretsu,3,Colt,b,Kiseki,Ti Voglio Bene,,54,,Ryo Kosugi,Yoshiyuki Yano,2:0-1-0,0,50,-100,2,12,1,33,,,,,,,,,2,0,,,,,,
https://www.racenet.com.au/form-guide/horse-racing/funabashi-jp-20260928/race-2-cond-race-2/overview,Funabashi,2026-09-28,Funabashi,"{'eventId': '3439483', 'overall': 'Soft', 'rating': None, 'surface': 'Dirt', '__typename': 'TrackCondition'}",2,Race 2 (Cond),1200,2YO,44468,12,False,,7,7,Palm Street,3,Colt,b,All Blush,Lochranza,,50.75,,Oki Hibiki,Takanori Yamanaka,2:0-1-0,0,50,-100,2,11,0,34,,,,,,,,,3,0,,,,,,
https://www.racenet.com.au/form-guide/horse-racing/funabashi-jp-20260928/race-2-cond-race-2/overview,Funabashi,2026-09-28,Funabashi,"{'eventId': '3439483', 'overall': 'Soft', 'rating': None, 'surface': 'Dirt', '__typename': 'TrackCondition'}",2,Race 2 (Cond),1200,2YO,44468,12,False,,8,8,Hakusan Funabashi,3,Colt,b,Hakusan Moon,Across The Shine,,54,,Francisco Goncalves,Takayuki Yamashita,1:0-0-1,0,100,-100,3,7,0,32,,,,,,,,,3,0,,,,,,
https://www.racenet.com.au/form-guide/horse-racing/funabashi-jp-20260928/race-2-cond-race-2/overview,Funabashi,2026-09-28,Funabashi,"{'eventId': '3439483', 'overall': 'Soft', 'rating': None, 'surface': 'Dirt', '__typename': 'TrackCondition'}",2,Race 2 (Cond),1200,2YO,44468,12,False,,9,9,Yuyu Kokutoba,3,Colt,b,To The World,Tenzan City,,54,,Yujiro Tanabata,Shinsuke Kudo,5:0-0-0,0,0,-100,5,51,10,6,,,,,,,,,3,0,,,,,,
https://www.racenet.com.au/form-guide/horse-racing/funabashi-jp-20260928/race-2-cond-race-2/overview,Funabashi,2026-09-28,Funabashi,"{'eventId': '3439483', 'overall': 'Soft', 'rating': None, 'surface': 'Dirt', '__typename': 'TrackCondition'}",2,Race 2 (Cond),1200,2YO,44468,12,False,,10,10,Shumputaito,3,Colt,b,Hokko Tarumae,Clair Forme,,54,,Yuki Furuoka,Hiromi Yamazaki,4:0-1-0,0,25,-100,6,81,1,18,,,,,,,,,2,0,,,,,,
https://www.racenet.com.au/form-guide/horse-racing/funabashi-jp-20260928/race-2-cond-race-2/overview,Funabashi,2026-09-28,Funabashi,"{'eventId': '3439483', 'overall': 'Soft', 'rating': None, 'surface': 'Dirt', '__typename': 'TrackCondition'}",2,Race 2 (Cond),1200,2YO,44468,12,False,,11,11,Token Gin Fizz,3,Filly,b,Hokko Tarumae,Luna Blanca,,54,,Ryouma Kimatsuka,Manabu Yamamoto,2:0-1-1,0,100,-100,2,12,4,34,,,,,,,,,3,0,,,,,,
https://www.racenet.com.au/form-guide/horse-racing/funabashi-jp-20260928/race-2-cond-race-2/overview,Funabashi,2026-09-28,Funabashi,"{'eventId': '3439483', 'overall': 'Soft', 'rating': None, 'surface': 'Dirt', '__typename': 'TrackCondition'}",2,Race 2 (Cond),1200,2YO,44468,12,False,,12,12,Steel Beat,3,Colt,b,Gold Dream,Hopeful Dream,,54,,Akira Harita,Takashi Harita,3:0-0-1,0,33,-100,5,8.5,19,32,,,,,,,,,2,0,,,,,,
https://www.racenet.com.au/form-guide/horse-racing/funabashi-jp-20260928/race-3-cond-race-3/overview,Funabashi,2026-09-28,Funabashi,"{'eventId': '3439484', 'overall': 'Soft', 'rating': None, 'surface': 'Dirt', '__typename': 'TrackCondition'}",3,Race 3 (Cond),1501,2YO,44468,10,False,,1,1,Fly The Flag,3,Colt,b,Mikki Isle,Belle Robin,,54,,Aoi Shinoya,Yuta Sato,2:0-1-1,0,100,-100,3,4.5,15,91,,,,,,,,,3,0,,,,,,
https://www.racenet.com.au/form-guide/horse-racing/funabashi-jp-20260928/race-3-cond-race-3/overview,Funabashi,2026-09-28,Funabashi,"{'eventId': '3439484', 'overall': 'Soft', 'rating': None, 'surface': 'Dirt', '__typename': 'TrackCondition'}",3,Race 3 (Cond),1501,2YO,44468,10,False,,2,2,Tatsuno Flag,3,Colt,b,Bricks And Mortar,Sister Flag,,54,,Tsubasa Sasagawa,Takanori Yamanaka,1:0-0-0,0,0,-100,4,4,15,31,,,,,,,,,2,0,,,,,,
https://www.racenet.com.au/form-guide/horse-racing/funabashi-jp-20260928/race-3-cond-race-3/overview,Funabashi,2026-09-28,Funabashi,"{'eventId': '3439484', 'overall': 'Soft', 'rating': None, 'surface': 'Dirt', '__typename': 'TrackCondition'}",3,Race 3 (Cond),1501,2YO,44468,10,False,,3,3,I'll Get Better,3,Colt,b,Hokko Tarumae,Nierembergia,,52.25,,Yamamoto Tsubasa,Takayuki Yamashita,1:0-0-1,0,100,-100,3,17,20,31,,,,,,,,,3,0,,,,,,
https://www.racenet.com.au/form-guide/horse-racing/funabashi-jp-20260928/race-3-cond-race-3/overview,Funabashi,2026-09-28,Funabashi,"{'eventId': '3439484', 'overall': 'Soft', 'rating': None, 'surface': 'Dirt', '__typename': 'TrackCondition'}",3,Race 3 (Cond),1501,2YO,44468,10,False,,4,4,Astro Nova,3,Colt,b,Benbatl,Tsukuba Otome,,54,,Kota Motohashi,Mori Tight,1:0-1-0,0,100,-100,2,3,36,31,,,,,,,,,1,0,,,,,,
https://www.racenet.com.au/form-guide/horse-racing/funabashi-jp-20260928/race-3-cond-race-3/overview,Funabashi,2026-09-28,Funabashi,"{'eventId': '3439484', 'overall': 'Soft', 'rating': None, 'surface': 'Dirt', '__typename': 'TrackCondition'}",3,Race 3 (Cond),1501,2YO,44468,10,False,,5,5,Ansar,3,Colt,b,Best Warrior,Liniere Cloth,,54,,Ryo Kosugi,Yoshiyuki Yano,2:0-0-1,0,50,-100,4,26,1,34,,,,,,,,,3,0,,,,,,
https://www.racenet.com.au/form-guide/horse-racing/funabashi-jp-20260928/race-3-cond-race-3/overview,Funabashi,2026-09-28,Funabashi,"{'eventId': '3439484', 'overall': 'Soft', 'rating': None, 'surface': 'Dirt', '__typename': 'TrackCondition'}",3,Race 3 (Cond),1501,2YO,44468,10,False,,6,6,Maple Ship,3,Colt,b,Kiseki,Nishino Precious,,54,,Akira Harita,Takashi Harita,1:0-1-0,0,100,-100,2,4.33,19,31,,,,,,,,,2,0,,,,,,
https://www.racenet.com.au/form-guide/horse-racing/funabashi-jp-20260928/race-3-cond-race-3/overview,Funabashi,2026-09-28,Funabashi,"{'eventId': '3439484', 'overall': 'Soft', 'rating': None, 'surface': 'Dirt', '__typename': 'TrackCondition'}",3,Race 3 (Cond),1501,2YO,44468,10,False,,7,7,Luminous Glory,3,Colt,b,Creator,Ankh,,54,,Yuki Yamanaka,Hasegawa Takeshi,2:0-0-0,0,0,-100,4,10,0,32,,,,,,,,,1,0,,,,,,
https://www.racenet.com.au/form-guide/horse-racing/funabashi-jp-20260928/race-3-cond-race-3/overview,Funabashi,2026-09-28,Funabashi,"{'eventId': '3439484', 'overall': 'Soft', 'rating': None, 'surface': 'Dirt', '__typename': 'TrackCondition'}",3,Race 3 (Cond),1501,2YO,44468,10,False,,8,8,Reste Pres De,3,Filly,b,Novellist,Play Up,,54,,Kosei Akimoto,Yoshiyuki Yano,1:0-0-0,0,0,-100,7,81,12,31,,,,,,o,,,3,0,,,,,,
https://www.racenet.com.au/form-guide/horse-racing/funabashi-jp-20260928/race-3-cond-race-3/overview,Funabashi,2026-09-28,Funabashi,"{'eventId': '3439484', 'overall': 'Soft', 'rating': None, 'surface': 'Dirt', '__typename': 'TrackCondition'}",3,Race 3 (Cond),1501,2YO,44468,10,False,,9,9,Fez Mint,3,Colt,b,Stelvio,Gracious Gal,,54,,Kenji Okamura,Manabu Yamamoto,3:0-2-0,0,67,-100,2,7,15,32,,,,,,,,,2,0,,,,,,
https://www.racenet.com.au/form-guide/horse-racing/funabashi-jp-20260928/race-3-cond-race-3/overview,Funabashi,2026-09-28,Funabashi,"{'eventId': '3439484', 'overall': 'Soft', 'rating': None, 'surface': 'Dirt', '__typename': 'TrackCondition'}",3,Race 3 (Cond),1501,2YO,44468,10,False,,10,10,Castle Jade,3,Colt,b,Bamboo Ere,Emino Mayu Aku,,54,,Nakano Kazuma,N Shibuya,3:0-0-1,0,33,-100,3,51,5,32,,,,,,,,,2,0,,,,,,
https://www.racenet.com.au/form-guide/horse-racing/funabashi-jp-20260928/race-4-cond-race-4/overview,Funabashi,2026-09-28,Funabashi,"{'eventId': '3439485', 'overall': 'Soft', 'rating': None, 'surface': 'Dirt', '__typename': 'TrackCondition'}",4,Race 4 (Cond),1200,2YO,44468,7,False,,1,1,Friend Yamato,3,Colt,b,Glory Vase,Blockchain,,54,,Kentaro Usui,Isao Sasaki,2:0-0-0,0,0,-100,9,67,2,34,,,,,,o,,,1,0,,,,,,
https://www.racenet.com.au/form-guide/horse-racing/funabashi-jp-20260928/race-4-cond-race-4/overview,Funabashi,2026-09-28,Funabashi,"{'eventId': '3439485', 'overall': 'Soft', 'rating': None, 'surface': 'Dirt', '__typename': 'TrackCondition'}",4,Race 4 (Cond),1200,2YO,44468,7,False,,2,2,Reina Familia,3,Filly,b,Makahiki,Cheatin' Heart,,54,,Ryouma Kimatsuka,Gen Hayashi,1:0-0-0,0,0,-100,4,13,0,31,,,,,,,,,0,0,,,,,,
https://www.racenet.com.au/form-guide/horse-racing/funabashi-jp-20260928/race-4-cond-race-4/overview,Funabashi,2026-09-28,Funabashi,"{'eventId': '3439485', 'overall': 'Soft', 'rating': None, 'surface': 'Dirt', '__typename': 'TrackCondition'}",4,Race 4 (Cond),1200,2YO,44468,7,False,,3,3,Castle Sword,3,Colt,b,Namura Titan,Castle Moon,,53,,Tokoro Hotaru,N Shibuya,3:0-0-0,0,0,-100,5,101,10,34,,,,,,,,,3,0,,,,,,
https://www.racenet.com.au/form-guide/horse-racing/funabashi-jp-20260928/race-4-cond-race-4/overview,Funabashi,2026-09-28,Funabashi,"{'eventId': '3439485', 'overall': 'Soft', 'rating': None, 'surface': 'Dirt', '__typename': 'TrackCondition'}",4,Race 4 (Cond),1200,2YO,44468,7,False,,4,4,Welcome Lunch,3,Filly,b,Mikki Isle,Welcome Here,,54,,Takehiro Kasano,Akira Iinuma,2:0-0-1,0,50,-100,5,13,0,46,,,,,,,,,3,0,,,,,,
https://www.racenet.com.au/form-guide/horse-racing/funabashi-jp-20260928/race-4-cond-race-4/overview,Funabashi,2026-09-28,Funabashi,"{'eventId': '3439485', 'overall': 'Soft', 'rating': None, 'surface': 'Dirt', '__typename': 'TrackCondition'}",4,Race 4 (Cond),1200,2YO,44468,7,False,,5,5,Miss Melody,3,Filly,b,Mr Melody,Princess Maker,,54,,Masashige Honda,Masakazu Kawashima,1:0-0-0,0,0,-100,4,1.11,21,32,,,,,,b,,,2,0,,,,,,
https://www.racenet.com.au/form-guide/horse-racing/funabashi-jp-20260928/race-4-cond-race-4/overview,Funabashi,2026-09-28,Funabashi,"{'eventId': '3439485', 'overall': 'Soft', 'rating': None, 'surface': 'Dirt', '__typename': 'TrackCondition'}",4,Race 4 (Cond),1200,2YO,44468,7,False,,6,6,Elmo,3,Colt,b,Al Ain,Italian Fouette,,54,,Tatsuya Hamada,Isao Sasaki,2:0-0-0,0,0,-100,4,51,1,34,,,,,,,,,2,0,,,,,,
https://www.racenet.com.au/form-guide/horse-racing/funabashi-jp-20260928/race-4-cond-race-4/overview,Funabashi,2026-09-28,Funabashi,"{'eventId': '3439485', 'overall': 'Soft', 'rating': None, 'surface': 'Dirt', '__typename': 'TrackCondition'}",4,Race 4 (Cond),1200,2YO,44468,7,False,,7,7,Jazz Giant,3,Colt,b,Moanin,Perfect Joy,,54,,Toshiyuki Takahashi,Kiyoshige Arai,2:0-0-0,0,0,-100,7,13,7,34,,,,,,,,,1,0,,,,,,
https://www.racenet.com.au/form-guide/horse-racing/funabashi-jp-20260928/race-5-c1-race-5/overview,Funabashi,2026-09-28,Funabashi,"{'eventId': '3439486', 'overall': 'Soft', 'rating': None, 'surface': 'Dirt', '__typename': 'TrackCondition'}",5,Race 5 (C1),1200,3YO+,20524,12,False,,1,1,Mattone Rosso,5,Mare,b,Bricks And Mortar,Harlem Line,,54,,Masashige Honda,Akira Iinuma,21:0-1-4,0,24,-100,3,7,0,39,,,,,,,,,3,0,,,,,,
https://www.racenet.com.au/form-guide/horse-racing/funabashi-jp-20260928/race-5-c1-race-5/overview,Funabashi,2026-09-28,Funabashi,"{'eventId': '3439486', 'overall': 'Soft', 'rating': None, 'surface': 'Dirt', '__typename': 'TrackCondition'}",5,Race 5 (C1),1200,3YO+,20524,12,False,,2,2,Keiai Indara,7,Stallion,b,Mikki Rocket,Alvena,,55.75,,Kentaro Usui,Isao Sasaki,50:5-8-8,10,42,-12,6,81,2,178,,,,,,t,,,1,0,,,,,,
https://www.racenet.com.au/form-guide/horse-racing/funabashi-jp-20260928/race-5-c1-race-5/overview,Funabashi,2026-09-28,Funabashi,"{'eventId': '3439486', 'overall': 'Soft', 'rating': None, 'surface': 'Dirt', '__typename': 'TrackCondition'}",5,Race 5 (C1),1200,3YO+,20524,12,False,,3,3,Just Kingdom,5,Stallion,b,Just A Way,Notice Board,,55.75,,Yuki Yamanaka,Takayuki Yamashita,18:4-2-1,22,39,7,1,5.5,15,33,,,,,,tcd,,,3,0,,,,,,
https://www.racenet.com.au/form-guide/horse-racing/funabashi-jp-20260928/race-5-c1-race-5/overview,Funabashi,2026-09-28,Funabashi,"{'eventId': '3439486', 'overall': 'Soft', 'rating': None, 'surface': 'Dirt', '__typename': 'TrackCondition'}",5,Race 5 (C1),1200,3YO+,20524,12,False,,4,4,Castle Reve,6,Mare,b,Vittorio D'oro,Castle Tiara,,54,,Ryo Kosugi,Hasegawa Takeshi,34:1-2-3,3,18,-81,10,126,0,35,,,,,,o,,,1,0,,,,,,
https://www.racenet.com.au/form-guide/horse-racing/funabashi-jp-20260928/race-5-c1-race-5/overview,Funabashi,2026-09-28,Funabashi,"{'eventId': '3439486', 'overall': 'Soft', 'rating': None, 'surface': 'Dirt', '__typename': 'TrackCondition'}",5,Race 5 (C1),1200,3YO+,20524,12,False,,5,5,The Big Man,8,Stallion,b,Battle Plan,Nishino A La Mode,,55.75,,Ryoya Sawada,Kiyoshige Arai,51:9-7-4,18,39,-4,7,7,11,33,,,,,,tcdsh,,,3,0,,,,,,
https://www.racenet.com.au/form-guide/horse-racing/funabashi-jp-20260928/race-5-c1-race-5/overview,Funabashi,2026-09-28,Funabashi,"{'eventId': '3439486', 'overall': 'Soft', 'rating': None, 'surface': 'Dirt', '__typename': 'TrackCondition'}",5,Race 5 (C1),1200,3YO+,20524,12,False,,6,6,Wonder Dream,4,Colt,b,Gold Dream,Yaeno Graf,,54,,Tokoro Hotaru,Kiyoaki Sasaki,6:2-0-0,33,33,167,5,34,5,86,,,,,,tcd,,,3,0,,,,,,
https://www.racenet.com.au/form-guide/horse-racing/funabashi-jp-20260928/race-5-c1-race-5/overview,Funabashi,2026-09-28,Funabashi,"{'eventId': '3439486', 'overall': 'Soft', 'rating': None, 'surface': 'Dirt', '__typename': 'TrackCondition'}",5,Race 5 (C1),1200,3YO+,20524,12,False,,7,7,Love Sick Bossa,8,Stallion,b,Isla Bonita,Singing Sensation,,55.75,,Nakano Kazuma,Shigenori Ito,68:4-3-8,6,22,-42,6,67,3,35,,,,,,th,,,2,0,,,,,,
https://www.racenet.com.au/form-guide/horse-racing/funabashi-jp-20260928/race-5-c1-race-5/overview,Funabashi,2026-09-28,Funabashi,"{'eventId': '3439486', 'overall': 'Soft', 'rating': None, 'surface': 'Dirt', '__typename': 'TrackCondition'}",5,Race 5 (C1),1200,3YO+,20524,12,False,,8,8,Derma Nekodamashi,7,Mare,b,Red Falx,Derma Ararechan,,54,,Ryouma Kimatsuka,Yoshiyuki Yano,51:4-6-4,8,27,-73,9,19,5,80,,,,,,tcd,,,2,0,,,,,,
https://www.racenet.com.au/form-guide/horse-racing/funabashi-jp-20260928/race-5-c1-race-5/overview,Funabashi,2026-09-28,Funabashi,"{'eventId': '3439486', 'overall': 'Soft', 'rating': None, 'surface': 'Dirt', '__typename': 'TrackCondition'}",5,Race 5 (C1),1200,3YO+,20524,12,False,,9,9,Miyabi Mortar,6,Stallion,b,Bricks And Mortar,Luna Lady,,55.75,,Wada Joji,Masaki Iwasaki,29:4-7-3,14,48,-64,4,9,0,35,,,,,,tcd,,,2,0,,,,,,
https://www.racenet.com.au/form-guide/horse-racing/funabashi-jp-20260928/race-5-c1-race-5/overview,Funabashi,2026-09-28,Funabashi,"{'eventId': '3439486', 'overall': 'Soft', 'rating': None, 'surface': 'Dirt', '__typename': 'TrackCondition'}",5,Race 5 (C1),1200,3YO+,20524,12,False,,10,10,Gold Stage,4,Colt,b,California Chrome,T O Dione,,55,,Ryo Novata,Hitoshi Tamai,8:1-2-1,13,50,-46,4,10,10,32,,,,,,tcd,,,2,0,,,,,,
https://www.racenet.com.au/form-guide/horse-racing/funabashi-jp-20260928/race-5-c1-race-5/overview,Funabashi,2026-09-28,Funabashi,"{'eventId': '3439486', 'overall': 'Soft', 'rating': None, 'surface': 'Dirt', '__typename': 'TrackCondition'}",5,Race 5 (C1),1200,3YO+,20524,12,False,,11,11,Filigrane,5,Mare,b,Daiwa Major,Finalize,,54,,Haruku Sano,Hideo Kubo,18:1-4-1,6,33,-53,11,8,11,19,,,,,,o,,,2,0,,,,,,
https://www.racenet.com.au/form-guide/horse-racing/funabashi-jp-20260928/race-5-c1-race-5/overview,Funabashi,2026-09-28,Funabashi,"{'eventId': '3439486', 'overall': 'Soft', 'rating': None, 'surface': 'Dirt', '__typename': 'TrackCondition'}",5,Race 5 (C1),1200,3YO+,20524,12,False,,12,12,Teka Po,4,Filly,b,Moanin,Celestine,,53,,Kenji Okamura,Masakazu Kawashima,9:1-0-4,11,56,-83,7,3.75,26,35,,,,,,tcd,,,2,0,,,,,,
https://www.racenet.com.au/form-guide/horse-racing/funabashi-jp-20260928/race-6-cond-race-6/overview,Funabashi,2026-09-28,Funabashi,"{'eventId': '3439487', 'overall': 'Soft', 'rating': None, 'surface': 'Dirt', '__typename': 'TrackCondition'}",6,Race 6 (Cond),1501,3YO,27365,13,False,,1,1,Maono Heidi,4,Filly,b,Toby's Corner,Kazuno Scarlet,,52.25,,Yamamoto Tsubasa,N Shibuya,13:0-2-2,0,31,-100,10,51,0,34,,,,,,o,,,2,0,,,,,,
https://www.racenet.com.au/form-guide/horse-racing/funabashi-jp-20260928/race-6-cond-race-6/overview,Funabashi,2026-09-28,Funabashi,"{'eventId': '3439487', 'overall': 'Soft', 'rating': None, 'surface': 'Dirt', '__typename': 'TrackCondition'}",6,Race 6 (Cond),1501,3YO,27365,13,False,,2,2,Rhipsalis,4,Gelding,b,Curren Black Hill,Reveur Bliss,,55.75,,Ryo Kosugi,Shigenori Ito,15:1-1-5,7,47,13,13,151,2,34,,,,,,ho,,,3,0,,,,,,
https://www.racenet.com.au/form-guide/horse-racing/funabashi-jp-20260928/race-6-cond-race-6/overview,Funabashi,2026-09-28,Funabashi,"{'eventId': '3439487', 'overall': 'Soft', 'rating': None, 'surface': 'Dirt', '__typename': 'TrackCondition'}",6,Race 6 (Cond),1501,3YO,27365,13,False,,3,3,Wall Rose,4,Colt,b,Satono Diamond,Daikagura,,55.75,,Ryuji Tatsushiro,Takanori Yamanaka,19:0-1-4,0,26,-100,6,34,7,21,,,,,,,,,2,0,,,,,,
https://www.racenet.com.au/form-guide/horse-racing/funabashi-jp-20260928/race-6-cond-race-6/overview,Funabashi,2026-09-28,Funabashi,"{'eventId': '3439487', 'overall': 'Soft', 'rating': None, 'surface': 'Dirt', '__typename': 'TrackCondition'}",6,Race 6 (Cond),1501,3YO,27365,13,False,,4,4,Bubbly Hero,4,Filly,b,Le Vent Se Leve,Far Beyond,,54,,Kosei Akimoto,Yoshiyuki Yano,14:0-3-2,0,36,-100,8,67,12,20,,,,,,o,,,2,0,,,,,,
https://www.racenet.com.au/form-guide/horse-racing/funabashi-jp-20260928/race-6-cond-race-6/overview,Funabashi,2026-09-28,Funabashi,"{'eventId': '3439487', 'overall': 'Soft', 'rating': None, 'surface': 'Dirt', '__typename': 'TrackCondition'}",6,Race 6 (Cond),1501,3YO,27365,13,False,,5,5,Copano Milano,4,Colt,b,Copano Rickey,T O Candy,,55.75,,Aoi Shinoya,Mori Tight,9:0-0-1,0,11,-100,8,19,38,51,,,,,,,,,3,0,,,,,,
https://www.racenet.com.au/form-guide/horse-racing/funabashi-jp-20260928/race-6-cond-race-6/overview,Funabashi,2026-09-28,Funabashi,"{'eventId': '3439487', 'overall': 'Soft', 'rating': None, 'surface': 'Dirt', '__typename': 'TrackCondition'}",6,Race 6 (Cond),1501,3YO,27365,13,False,,6,6,Rajasthan Royal,4,Colt,b,Musee Sultan,Musee Little Girl,,55.75,,Kenji Okamura,Otsu Tsuyoshi,13:1-0-0,8,8,-82,5,51,8,5,,,,,,t,,,3,0,,,,,,
https://www.racenet.com.au/form-guide/horse-racing/funabashi-jp-20260928/race-6-cond-race-6/overview,Funabashi,2026-09-28,Funabashi,"{'eventId': '3439487', 'overall': 'Soft', 'rating': None, 'surface': 'Dirt', '__typename': 'TrackCondition'}",6,Race 6 (Cond),1501,3YO,27365,13,False,,7,7,Twin Drive,4,Colt,b,Bricks And Mortar,Giuliet Seattle,,55.75,,Francisco Goncalves,Takayuki Yamashita,7:0-0-1,0,14,-100,10,8,0,57,,,,,,o,,,1,0,,,,,,
https://www.racenet.com.au/form-guide/horse-racing/funabashi-jp-20260928/race-6-cond-race-6/overview,Funabashi,2026-09-28,Funabashi,"{'eventId': '3439487', 'overall': 'Soft', 'rating': None, 'surface': 'Dirt', '__typename': 'TrackCondition'}",6,Race 6 (Cond),1501,3YO,27365,13,False,,8,8,Bogen Mond,4,Colt,b,Red Falx,Marmorea,,55.75,,Tatsuya Yamaguchi,Masato Hayashi,9:1-1-0,11,22,222,7,201,9,34,,,,,,tcd,,,3,0,,,,,,
https://www.racenet.com.au/form-guide/horse-racing/funabashi-jp-20260928/race-6-cond-race-6/overview,Funabashi,2026-09-28,Funabashi,"{'eventId': '3439487', 'overall': 'Soft', 'rating': None, 'surface': 'Dirt', '__typename': 'TrackCondition'}",6,Race 6 (Cond),1501,3YO,27365,13,False,,9,9,Aile Un,4,Colt,b,Admire Mars,Grace Un,,55,,Tokoro Hotaru,Tanaka Tsutomu,11:0-0-2,0,18,-100,9,8.5,8,34,,,,,,,,,3,0,,,,,,
https://www.racenet.com.au/form-guide/horse-racing/funabashi-jp-20260928/race-6-cond-race-6/overview,Funabashi,2026-09-28,Funabashi,"{'eventId': '3439487', 'overall': 'Soft', 'rating': None, 'surface': 'Dirt', '__typename': 'TrackCondition'}",6,Race 6 (Cond),1501,3YO,27365,13,False,,10,10,Oishi Fujino Hana,4,Colt,b,Moanin,Superior Dancer,,55.75,,Genki Fujimoto,Masato Hayashi,10:1-0-1,10,20,-85,11,51,10,34,,,,,,to,,,2,0,,,,,,
https://www.racenet.com.au/form-guide/horse-racing/funabashi-jp-20260928/race-6-cond-race-6/overview,Funabashi,2026-09-28,Funabashi,"{'eventId': '3439487', 'overall': 'Soft', 'rating': None, 'surface': 'Dirt', '__typename': 'TrackCondition'}",6,Race 6 (Cond),1501,3YO,27365,13,False,,11,11,Osmanthus,4,Colt,b,Pretiolas,Cordilleras,,55.75,,Tsubasa Sasagawa,Yasuhide Yoneya,15:1-0-3,7,27,-37,4,4.5,19,34,,,,,,,,,2,0,,,,,,
https://www.racenet.com.au/form-guide/horse-racing/funabashi-jp-20260928/race-6-cond-race-6/overview,Funabashi,2026-09-28,Funabashi,"{'eventId': '3439487', 'overall': 'Soft', 'rating': None, 'surface': 'Dirt', '__typename': 'TrackCondition'}",6,Race 6 (Cond),1501,3YO,27365,13,False,,12,12,Leo Soldier,4,Colt,b,Danon Smash,Mandy's Cure,,55.75,,Nakano Kazuma,Takamitsu Watanabe,8:1-1-3,13,63,-38,6,21,13,34,,,,,,tcds,,,2,0,,,,,,
https://www.racenet.com.au/form-guide/horse-racing/funabashi-jp-20260928/race-6-cond-race-6/overview,Funabashi,2026-09-28,Funabashi,"{'eventId': '3439487', 'overall': 'Soft', 'rating': None, 'surface': 'Dirt', '__typename': 'TrackCondition'}",6,Race 6 (Cond),1501,3YO,27365,13,False,,13,13,Nuff Said,4,Colt,b,Admire Mars,Hometime,,55.75,,S Kawashima,Takahiro Inamasu,16:1-2-1,6,25,-89,4,17,17,5,,,,,,tcds,,,2,0,,,,,,
https://www.racenet.com.au/form-guide/horse-racing/funabashi-jp-20260928/race-7-c1-race-7/overview,Funabashi,2026-09-28,Funabashi,"{'eventId': '3439488', 'overall': 'Soft', 'rating': None, 'surface': 'Dirt', '__typename': 'TrackCondition'}",7,Race 7 (C1),1200,3YO+,20524,12,False,,1,1,Chimpun Kampun,5,Stallion,b,Hawkbill,Yoshino Falcon,,54,,Yamamoto Tsubasa,Shigenori Ito,19:1-0-0,5,5,-82,7,67,0,21,,,,,,,,,3,0,,,,,,
https://www.racenet.com.au/form-guide/horse-racing/funabashi-jp-20260928/race-7-c1-race-7/overview,Funabashi,2026-09-28,Funabashi,"{'eventId': '3439488', 'overall': 'Soft', 'rating': None, 'surface': 'Dirt', '__typename': 'TrackCondition'}",7,Race 7 (C1),1200,3YO+,20524,12,False,,2,2,Maruhiro Utopia,5,Stallion,b,Four Wheel Drive,Liberal Type,,55.75,,Nakano Kazuma,Hitoshi Tamai,23:1-2-3,4,26,-93,10,41,6,33,,,,,,tcdho,,,1,0,,,,,,
https://www.racenet.com.au/form-guide/horse-racing/funabashi-jp-20260928/race-7-c1-race-7/overview,Funabashi,2026-09-28,Funabashi,"{'eventId': '3439488', 'overall': 'Soft', 'rating': None, 'surface': 'Dirt', '__typename': 'TrackCondition'}",7,Race 7 (C1),1200,3YO+,20524,12,False,,3,3,Arme Mate,8,Stallion,b,Frosted,G Note,,53,,Oki Hibiki,Takanori Yamanaka,47:3-3-5,6,23,9,5,67,0,32,,,,,,tcdh,,,3,0,,,,,,
https://www.racenet.com.au/form-guide/horse-racing/funabashi-jp-20260928/race-7-c1-race-7/overview,Funabashi,2026-09-28,Funabashi,"{'eventId': '3439488', 'overall': 'Soft', 'rating': None, 'surface': 'Dirt', '__typename': 'TrackCondition'}",7,Race 7 (C1),1200,3YO+,20524,12,False,,4,4,Bricks Latte,5,Stallion,b,Bricks And Mortar,Latte Art,,55.75,,Tsubasa Sasagawa,Kiyoshige Arai,10:2-2-1,20,50,-32,9,1.8,21,179,,,,,,tcdhb,,,3,0,,,,,,
https://www.racenet.com.au/form-guide/horse-racing/funabashi-jp-20260928/race-7-c1-race-7/overview,Funabashi,2026-09-28,Funabashi,"{'eventId': '3439488', 'overall': 'Soft', 'rating': None, 'surface': 'Dirt', '__typename': 'TrackCondition'}",7,Race 7 (C1),1200,3YO+,20524,12,False,,5,5,My Believe,4,Filly,b,Furioso,Rovin Mask,,53,,Masashige Honda,Masakazu Kawashima,8:1-2-0,13,38,-19,5,7.5,21,32,,,,,,tcd,,,2,0,,,,,,
https://www.racenet.com.au/form-guide/horse-racing/funabashi-jp-20260928/race-7-c1-race-7/overview,Funabashi,2026-09-28,Funabashi,"{'eventId': '3439488', 'overall': 'Soft', 'rating': None, 'surface': 'Dirt', '__typename': 'TrackCondition'}",7,Race 7 (C1),1200,3YO+,20524,12,False,,6,6,Tentai Kansoku,5,Mare,b,Gold Dream,Lady Nadeshiko,,54,,Wada Joji,Gen Hayashi,8:2-2-2,25,75,-49,2,3.75,16,33,,,,,,tcd,,,3,0,,,,,,
https://www.racenet.com.au/form-guide/horse-racing/funabashi-jp-20260928/race-7-c1-race-7/overview,Funabashi,2026-09-28,Funabashi,"{'eventId': '3439488', 'overall': 'Soft', 'rating': None, 'surface': 'Dirt', '__typename': 'TrackCondition'}",7,Race 7 (C1),1200,3YO+,20524,12,False,,7,7,Castle Shine,5,Mare,b,Roses In May,Emino Mayu Aku,,54,,Ryo Kosugi,N Shibuya,23:2-2-2,9,26,41,8,12,6,57,,,,,,tcds,,,1,0,,,,,,
https://www.racenet.com.au/form-guide/horse-racing/funabashi-jp-20260928/race-7-c1-race-7/overview,Funabashi,2026-09-28,Funabashi,"{'eventId': '3439488', 'overall': 'Soft', 'rating': None, 'surface': 'Dirt', '__typename': 'TrackCondition'}",7,Race 7 (C1),1200,3YO+,20524,12,False,,8,8,Lingus Rocher,6,Stallion,b,Majestic Warrior,Satono Bellini,,55.75,,Takehiro Kasano,Takahiro Inamasu,18:5-1-0,28,33,-46,4,9,19,35,,,,,,tcd,,,3,0,,,,,,
https://www.racenet.com.au/form-guide/horse-racing/funabashi-jp-20260928/race-7-c1-race-7/overview,Funabashi,2026-09-28,Funabashi,"{'eventId': '3439488', 'overall': 'Soft', 'rating': None, 'surface': 'Dirt', '__typename': 'TrackCondition'}",7,Race 7 (C1),1200,3YO+,20524,12,False,,9,9,Meisho Kammuri,6,Stallion,b,California Chrome,Hiraboku Win,,53,,Sugawara Rikuto,Shigenori Ito,36:2-6-1,6,25,-82,10,23,0,56,,,,,,to,,,1,0,,,,,,
https://www.racenet.com.au/form-guide/horse-racing/funabashi-jp-20260928/race-7-c1-race-7/overview,Funabashi,2026-09-28,Funabashi,"{'eventId': '3439488', 'overall': 'Soft', 'rating': None, 'surface': 'Dirt', '__typename': 'TrackCondition'}",7,Race 7 (C1),1200,3YO+,20524,12,False,,10,10,Double Silver,5,Stallion,b,Silver State,Silver Four,,55.75,,Yuki Yamanaka,Hasegawa Takeshi,16:0-1-2,0,19,-100,12,67,0,35,,,,,,o,,,2,0,,,,,,
https://www.racenet.com.au/form-guide/horse-racing/funabashi-jp-20260928/race-7-c1-race-7/overview,Funabashi,2026-09-28,Funabashi,"{'eventId': '3439488', 'overall': 'Soft', 'rating': None, 'surface': 'Dirt', '__typename': 'TrackCondition'}",7,Race 7 (C1),1200,3YO+,20524,12,False,,11,11,Masano Hero,6,Stallion,b,Mind Your Biscuits,Masano Heroine,,55.75,,Kenji Okamura,Satoshi Saito,12:1-1-1,8,25,-50,7,51,9,35,,,,,,d,,,0,0,,,,,,
https://www.racenet.com.au/form-guide/horse-racing/funabashi-jp-20260928/race-7-c1-race-7/overview,Funabashi,2026-09-28,Funabashi,"{'eventId': '3439488', 'overall': 'Soft', 'rating': None, 'surface': 'Dirt', '__typename': 'TrackCondition'}",7,Race 7 (C1),1200,3YO+,20524,12,False,,12,12,Friend Silver,5,Mare,b,Bago,Friend Platina,,54,,Genki Fujimoto,Isao Sasaki,33:2-6-2,6,30,9,5,26,11,35,,,,,,tcds,,,2,0,,,,,,
https://www.racenet.com.au/form-guide/horse-racing/funabashi-jp-20260928/race-8-c2-race-8/overview,Funabashi,2026-09-28,Funabashi,"{'eventId': '3439489', 'overall': 'Soft', 'rating': None, 'surface': 'Dirt', '__typename': 'TrackCondition'}",8,Race 8 (C2),1600,4YO+,25655,8,False,,1,1,Oxapampa,7,Stallion,b,Greater London,Carameliser,,55.75,,Francisco Goncalves,Hasegawa Takeshi,24:2-4-6,8,50,-35,7,13,0,35,,,,,,t,,,2,0,,,,,,
https://www.racenet.com.au/form-guide/horse-racing/funabashi-jp-20260928/race-8-c2-race-8/overview,Funabashi,2026-09-28,Funabashi,"{'eventId': '3439489', 'overall': 'Soft', 'rating': None, 'surface': 'Dirt', '__typename': 'TrackCondition'}",8,Race 8 (C2),1600,4YO+,25655,8,False,,2,2,Vip Ryan,6,Stallion,b,Jo Cappuccino,Lupinus Bell,,55.75,,Kosei Akimoto,Noboru Tamai,34:1-3-7,3,32,-92,3,6.5,3,35,,,,,,,,,2,0,,,,,,
https://www.racenet.com.au/form-guide/horse-racing/funabashi-jp-20260928/race-8-c2-race-8/overview,Funabashi,2026-09-28,Funabashi,"{'eventId': '3439489', 'overall': 'Soft', 'rating': None, 'surface': 'Dirt', '__typename': 'TrackCondition'}",8,Race 8 (C2),1600,4YO+,25655,8,False,,3,3,Reigning King,5,Stallion,b,Rulership,Sun Regalo,,55.75,,Genki Fujimoto,Katsuyoshi Uchida,20:1-1-3,5,25,-86,8,5,6,19,,,,,,,,,3,0,,,,,,
https://www.racenet.com.au/form-guide/horse-racing/funabashi-jp-20260928/race-8-c2-race-8/overview,Funabashi,2026-09-28,Funabashi,"{'eventId': '3439489', 'overall': 'Soft', 'rating': None, 'surface': 'Dirt', '__typename': 'TrackCondition'}",8,Race 8 (C2),1600,4YO+,25655,8,False,,4,4,Keiai Whakapono,5,Gelding,b,Lord Kanaloa,Queen's Sarina,,55.75,,Tsubasa Sasagawa,Tanaka Tsutomu,23:3-3-8,13,61,-53,5,3,20,33,,,,,,t,,,2,0,,,,,,
https://www.racenet.com.au/form-guide/horse-racing/funabashi-jp-20260928/race-8-c2-race-8/overview,Funabashi,2026-09-28,Funabashi,"{'eventId': '3439489', 'overall': 'Soft', 'rating': None, 'surface': 'Dirt', '__typename': 'TrackCondition'}",8,Race 8 (C2),1600,4YO+,25655,8,False,,5,5,L'oiseaubleu Chinu,5,Stallion,b,Just A Way,Danon Gracias,,55.75,,S Kawashima,Yoshikazu Kanuma,24:1-3-2,4,25,-71,2,3,0,6,,,,,,b,,,2,0,,,,,,
https://www.racenet.com.au/form-guide/horse-racing/funabashi-jp-20260928/race-8-c2-race-8/overview,Funabashi,2026-09-28,Funabashi,"{'eventId': '3439489', 'overall': 'Soft', 'rating': None, 'surface': 'Dirt', '__typename': 'TrackCondition'}",8,Race 8 (C2),1600,4YO+,25655,8,False,,6,6,Alpha Madonna,7,Mare,b,Mind Your Biscuits,Moonlight Zephyr,,54,,Kota Motohashi,Noboru Sakamoto,36:2-6-6,6,39,-89,8,13,0,35,,,,,,t,,,3,0,,,,,,
https://www.racenet.com.au/form-guide/horse-racing/funabashi-jp-20260928/race-8-c2-race-8/overview,Funabashi,2026-09-28,Funabashi,"{'eventId': '3439489', 'overall': 'Soft', 'rating': None, 'surface': 'Dirt', '__typename': 'TrackCondition'}",8,Race 8 (C2),1600,4YO+,25655,8,False,,7,7,Celeb Umazammai,5,Mare,b,Le Vent Se Leve,Hollywood Celeb,,54,,Nakano Kazuma,Takayuki Yamashita,22:0-5-2,0,32,-100,7,17,2,55,,,,,,,,,3,0,,,,,,
https://www.racenet.com.au/form-guide/horse-racing/funabashi-jp-20260928/race-8-c2-race-8/overview,Funabashi,2026-09-28,Funabashi,"{'eventId': '3439489', 'overall': 'Soft', 'rating': None, 'surface': 'Dirt', '__typename': 'TrackCondition'}",8,Race 8 (C2),1600,4YO+,25655,8,False,,8,8,Orangey,7,Mare,b,Drefong,Satono Onyx,,54,,Daisuke Shoji,Masao Ai,43:2-4-3,5,21,-94,10,41,0,31,,,,,,do,,,3,0,,,,,,
https://www.racenet.com.au/form-guide/horse-racing/funabashi-jp-20260928/race-9-b3-race-9/overview,Funabashi,2026-09-28,Funabashi,"{'eventId': '3439490', 'overall': 'Soft', 'rating': None, 'surface': 'Dirt', '__typename': 'TrackCondition'}",9,Race 9 (B3),1200,3YO+,46179,12,False,,1,1,Costa De La Luz,5,Stallion,b,Pyro,Ho O Sapphire,,55.75,,Kenji Okamura,Manabu Yamamoto,24:3-2-1,13,25,75,2,10,15,34,,,,,,,,,2,0,,,,,,
https://www.racenet.com.au/form-guide/horse-racing/funabashi-jp-20260928/race-9-b3-race-9/overview,Funabashi,2026-09-28,Funabashi,"{'eventId': '3439490', 'overall': 'Soft', 'rating': None, 'surface': 'Dirt', '__typename': 'TrackCondition'}",9,Race 9 (B3),1200,3YO+,46179,12,False,,2,2,Tunas,4,Filly,b,California Chrome,Madame Aglaia,,53,,Keita Nishi,Satoshi Kokubo,7:3-2-1,43,86,-20,3,3,14,5,,,,,,s,,,2,0,,,,,,
https://www.racenet.com.au/form-guide/horse-racing/funabashi-jp-20260928/race-9-b3-race-9/overview,Funabashi,2026-09-28,Funabashi,"{'eventId': '3439490', 'overall': 'Soft', 'rating': None, 'surface': 'Dirt', '__typename': 'TrackCondition'}",9,Race 9 (B3),1200,3YO+,46179,12,False,,3,3,Village Steel,7,Mare,b,Pyro,Kafuji Wind,,54,,Takayuki Yano,Kiyoshige Arai,31:5-5-2,16,39,-34,4,12,13,35,,,,,,tcd,,,3,0,,,,,,
https://www.racenet.com.au/form-guide/horse-racing/funabashi-jp-20260928/race-9-b3-race-9/overview,Funabashi,2026-09-28,Funabashi,"{'eventId': '3439490', 'overall': 'Soft', 'rating': None, 'surface': 'Dirt', '__typename': 'TrackCondition'}",9,Race 9 (B3),1200,3YO+,46179,12,False,,4,4,Presto Emperor,4,Colt,b,Danon Smash,Ruvyironza,,55,,Kota Motohashi,Takayuki Yamashita,8:2-2-2,25,75,-13,5,12,15,35,,,,,,tcd,,,1,0,,,,,,
https://www.racenet.com.au/form-guide/horse-racing/funabashi-jp-20260928/race-9-b3-race-9/overview,Funabashi,2026-09-28,Funabashi,"{'eventId': '3439490', 'overall': 'Soft', 'rating': None, 'surface': 'Dirt', '__typename': 'TrackCondition'}",9,Race 9 (B3),1200,3YO+,46179,12,False,,5,5,Force Children,8,Stallion,b,Big Arthur,Strawberry Parfait,,55.75,,Ryouma Kimatsuka,Kiyoshige Arai,60:4-15-8,7,45,-69,9,41,8,19,,,,,,tdh,,,2,0,,,,,,
https://www.racenet.com.au/form-guide/horse-racing/funabashi-jp-20260928/race-9-b3-race-9/overview,Funabashi,2026-09-28,Funabashi,"{'eventId': '3439490', 'overall': 'Soft', 'rating': None, 'surface': 'Dirt', '__typename': 'TrackCondition'}",9,Race 9 (B3),1200,3YO+,46179,12,False,,6,6,Trapezium,4,Filly,b,Hokko Tarumae,Star Of Sapphire,,53,,S Kawashima,Otsu Tsuyoshi,9:2-2-1,22,56,0,3,2,14,31,,,,,,tcdb,,,2,0,,,,,,
https://www.racenet.com.au/form-guide/horse-racing/funabashi-jp-20260928/race-9-b3-race-9/overview,Funabashi,2026-09-28,Funabashi,"{'eventId': '3439490', 'overall': 'Soft', 'rating': None, 'surface': 'Dirt', '__typename': 'TrackCondition'}",9,Race 9 (B3),1200,3YO+,46179,12,False,,7,7,Zhaxidelei,5,Mare,b,Gold Dream,Latest Bird,,54,,Tatsuya Hamada,Masakazu Kawashima,14:4-0-3,29,50,-5,3,51,6,35,,,,,,tcd,,,1,0,,,,,,
https://www.racenet.com.au/form-guide/horse-racing/funabashi-jp-20260928/race-9-b3-race-9/overview,Funabashi,2026-09-28,Funabashi,"{'eventId': '3439490', 'overall': 'Soft', 'rating': None, 'surface': 'Dirt', '__typename': 'TrackCondition'}",9,Race 9 (B3),1200,3YO+,46179,12,False,,8,8,Alnilam,6,Gelding,b,Real Steel,Herencia,,55.75,,Ryo Novata,Masaki Iwasaki,18:1-1-3,6,28,-64,11,251,21,65,,,,,,o,,,1,0,,,,,,
https://www.racenet.com.au/form-guide/horse-racing/funabashi-jp-20260928/race-9-b3-race-9/overview,Funabashi,2026-09-28,Funabashi,"{'eventId': '3439490', 'overall': 'Soft', 'rating': None, 'surface': 'Dirt', '__typename': 'TrackCondition'}",9,Race 9 (B3),1200,3YO+,46179,12,False,,9,9,Sarasa Emperor,5,Stallion,b,Tower Of London,Glorious Rose,,55.75,,Akira Harita,Katsuyoshi Uchida,26:3-2-4,12,35,53,4,9,14,21,,,,,,s,,,1,0,,,,,,
https://www.racenet.com.au/form-guide/horse-racing/funabashi-jp-20260928/race-9-b3-race-9/overview,Funabashi,2026-09-28,Funabashi,"{'eventId': '3439490', 'overall': 'Soft', 'rating': None, 'surface': 'Dirt', '__typename': 'TrackCondition'}",9,Race 9 (B3),1200,3YO+,46179,12,False,,10,10,Little Havana,4,Colt,b,Declaration Of War,Kurino Sanssouci,,55,,Haruhito Nakayama,Isao Sasaki,10:2-3-0,20,50,-71,6,17,0,34,,,,,,tcd,,,2,0,,,,,,
https://www.racenet.com.au/form-guide/horse-racing/funabashi-jp-20260928/race-9-b3-race-9/overview,Funabashi,2026-09-28,Funabashi,"{'eventId': '3439490', 'overall': 'Soft', 'rating': None, 'surface': 'Dirt', '__typename': 'TrackCondition'}",9,Race 9 (B3),1200,3YO+,46179,12,False,,11,11,Eis Lindy,6,Mare,b,California Chrome,Eismeer,,54,,Yuki Yamanaka,Tanaka Tsutomu,24:2-0-2,8,17,-48,5,19,22,35,,,,,,td,,,1,0,,,,,,
https://www.racenet.com.au/form-guide/horse-racing/funabashi-jp-20260928/race-9-b3-race-9/overview,Funabashi,2026-09-28,Funabashi,"{'eventId': '3439490', 'overall': 'Soft', 'rating': None, 'surface': 'Dirt', '__typename': 'TrackCondition'}",9,Race 9 (B3),1200,3YO+,46179,12,False,,12,12,Maruhiro Knight,6,Stallion,b,Moanin,Kitasan Long Run,,55.75,,Nakano Kazuma,Hitoshi Tamai,33:4-3-3,12,30,52,10,81,6,34,,,,,,tcdho,,,1,0,,,,,,
https://www.racenet.com.au/form-guide/horse-racing/gulfstream-us-20260928/race-1-maiden-claiming-race-1/overview,Gulfstream,2026-09-28,Gulfstream,"{'eventId': '3438932', 'overall': None, 'rating': None, 'surface': 'Dirt', '__typename': 'TrackCondition'}",1,Race 1 - Maiden Claiming,1106,"3YO+, Maiden, Claiming",38429,8,True,RESULTED,1,1,Braveness,3,Gelding,b,Nyquist,Picara,RESULTED,54.5,,Yolber Torres,Jose Francisco D'Angelo,2:0-1-0,0,50,-100,2,9,14,29,,,,,,,3.75,,17,8,1.01,3.1,206.9,1,,1
https://www.racenet.com.au/form-guide/horse-racing/gulfstream-us-20260928/race-1-maiden-claiming-race-1/overview,Gulfstream,2026-09-28,Gulfstream,"{'eventId': '3438932', 'overall': None, 'rating': None, 'surface': 'Dirt', '__typename': 'TrackCondition'}",1,Race 1 - Maiden Claiming,1106,"3YO+, Maiden, Claiming",38429,8,True,RESULTED,2,2,Wheelhouse,5,Gelding,ch,Tapit,Lady Pewitt,RESULTED,56.25,,Sonny Leon,Joseph F. Orseno,14:0-2-6,0,57,-100,3,2.2,13,29,,,,,,b,2.9,,17,14,1.01,2.7,167.3,2,,0
https://www.racenet.com.au/form-guide/horse-racing/gulfstream-us-20260928/race-1-maiden-claiming-race-1/overview,Gulfstream,2026-09-28,Gulfstream,"{'eventId': '3438932', 'overall': None, 'rating': None, 'surface': 'Dirt', '__typename': 'TrackCondition'}",1,Race 1 - Maiden Claiming,1106,"3YO+, Maiden, Claiming",38429,8,True,RESULTED,3,3,Flying Ash,4,Gelding,gr/ro,Valiant Minister,Oscura,RESULTED,56.25,,Renzo Rojas,Mark Passley,9:0-0-2,0,22,-100,7,13,0,29,,,,,,o,51.0,,17,6,1.01,41,3959.4,8,,0
https://www.racenet.com.au/form-guide/horse-racing/gulfstream-us-20260928/race-1-maiden-claiming-race-1/overview,Gulfstream,2026-09-28,Gulfstream,"{'eventId': '3438932', 'overall': None, 'rating': None, 'surface': 'Dirt', '__typename': 'TrackCondition'}",1,Race 1 - Maiden Claiming,1106,"3YO+, Maiden, Claiming",38429,8,True,RESULTED,5,5,Eminent Power,4,Gelding,b,Mastery,Shine Time,RESULTED,56.25,,Miguel Angel Vasquez,Amzadali Jehaludi,8:0-0-2,0,25,-100,5,4.33,0,29,,,,,,,10.0,,17,9,1.01,6,494.1,4,,0
https://www.racenet.com.au/form-guide/horse-racing/gulfstream-us-20260928/race-1-maiden-claiming-race-1/overview,Gulfstream,2026-09-28,Gulfstream,"{'eventId': '3438932', 'overall': None, 'rating': None, 'surface': 'Dirt', '__typename': 'TrackCondition'}",1,Race 1 - Maiden Claiming,1106,"3YO+, Maiden, Claiming",38429,8,True,RESULTED,6,6,Numinous,5,Gelding,Bay,Catholic Boy,Breech Inlet,RESULTED,56.25,,"Samuel Camacho, Jr.",Joseph C. Catanese Iii,17:0-0-2,0,12,-100,6,34,10,21,,,,,,o,23.0,,17,12,1.01,19,1781.2,7,,0
https://www.racenet.com.au/form-guide/horse-racing/gulfstream-us-20260928/race-1-maiden-claiming-race-1/overview,Gulfstream,2026-09-28,Gulfstream,"{'eventId': '3438932', 'overall': None, 'rating': None, 'surface': 'Dirt', '__typename': 'TrackCondition'}",1,Race 1 - Maiden Claiming,1106,"3YO+, Maiden, Claiming",38429,8,True,RESULTED,7,7,Case Law,3,Gelding,gr/ro,Tiz The Law,Blue Heart,RESULTED,54.5,,Heriberto Figueroa,Tareq Moubarak,4:0-0-0,0,0,-100,7,34,20,35,,,,,,o,12.0,,17,7,1.01,10,890.1,5,,0
https://www.racenet.com.au/form-guide/horse-racing/gulfstream-us-20260928/race-1-maiden-claiming-race-1/overview,Gulfstream,2026-09-28,Gulfstream,"{'eventId': '3438932', 'overall': None, 'rating': None, 'surface': 'Dirt', '__typename': 'TrackCondition'}",1,Race 1 - Maiden Claiming,1106,"3YO+, Maiden, Claiming",38429,8,True,RESULTED,8,8,Activity,4,Gelding,b,Into Mischief,Sea Gull,RESULTED,56.25,,Jonathan Ocasio,Juan D. Arias,9:0-1-0,0,11,-100,4,17,0,16,,,,,,,5.0,,14,8,1.01,3.8,276.2,3,,0
https://www.racenet.com.au/form-guide/horse-racing/gulfstream-us-20260928/race-1-maiden-claiming-race-1/overview,Gulfstream,2026-09-28,Gulfstream,"{'eventId': '3438932', 'overall': None, 'rating': None, 'surface': 'Dirt', '__typename': 'TrackCondition'}",1,Race 1 - Maiden Claiming,1106,"3YO+, Maiden, Claiming",38429,8,True,RESULTED,9,9,Shadidelbas,3,Gelding,dk b/br,Midnight Lute,Senada,RESULTED,54.5,,Leonel Reyes,Armando De La Cerda,2:0-0-0,0,0,-100,6,13,20,255,,,,,,o,17.0,,14,5,1.01,13,1187.1,6,,0
https://www.racenet.com.au/form-guide/horse-racing/gulfstream-us-20260928/race-1-maiden-claiming-race-1/overview,Gulfstream,2026-09-28,Gulfstream,"{'eventId': '3438932', 'overall': None, 'rating': None, 'surface': 'Dirt', '__typename': 'TrackCondition'}",1,Race 1 - Maiden Claiming,1106,"3YO+, Maiden, Claiming",38429,8,True,SCRATCHED,4,4,Jalmod,3,Gelding,b,Astern,Allende,SCRATCHED,54.5,,Anthony Thomas,Clifton A. Christie,5:0-0-0,0,0,-100,6,41,0,29,,,,,,,1.01,,7,0,,,,-1,,0
https://www.racenet.com.au/form-guide/horse-racing/gulfstream-us-20260928/race-1-maiden-claiming-race-1/overview,Gulfstream,2026-09-28,Gulfstream,"{'eventId': '3438932', 'overall': None, 'rating': None, 'surface': 'Dirt', '__typename': 'TrackCondition'}",1,Race 1 - Maiden Claiming,1106,"3YO+, Maiden, Claiming",38429,8,True,SCRATCHED,10,10,Cousin Vinny,3,Gelding,dk b/br,Winchill,My Good Venezuela,SCRATCHED,54.5,,Jonathan Santos,Javier E. Morzan,9:0-1-0,0,11,-100,6,26,20,41,,,,,,,1.01,,4,0,,,,-1,,0
https://www.racenet.com.au/form-guide/horse-racing/gulfstream-us-20260928/race-2-maiden-claiming-race-2/overview,Gulfstream,2026-09-28,Gulfstream,"{'eventId': '3438933', 'overall': None, 'rating': None, 'surface': 'Turf', '__typename': 'TrackCondition'}",2,Race 2 - Maiden Claiming,1609,"2YO, Maiden, Claiming",47681,7,True,RESULTED,1,1,Bandari,2,Gelding,b,Roadster,Union Lane,RESULTED,54.5,,Renzo Rojas,Herbert Miller,1:0-1-0,0,100,-100,2,26,8,22,,,,,,,3.3,,16,11,1.01,3,197.0,2,,0
https://www.racenet.com.au/form-guide/horse-racing/gulfstream-us-20260928/race-2-maiden-claiming-race-2/overview,Gulfstream,2026-09-28,Gulfstream,"{'eventId': '3438933', 'overall': None, 'rating': None, 'surface': 'Turf', '__typename': 'TrackCondition'}",2,Race 2 - Maiden Claiming,1609,"2YO, Maiden, Claiming",47681,7,True,RESULTED,3,3,Bro,2,Colt,ch,Catalina Cruiser,Brenna'S Song,RESULTED,54.5,,Diego A. Herrera,Joseph F. Orseno,0:0-0-0,0,0,0,,,17,,,,,,,,7.0,,16,12,1.01,6.5,543.6,7,,0
https://www.racenet.com.au/form-guide/horse-racing/gulfstream-us-20260928/race-2-maiden-claiming-race-2/overview,Gulfstream,2026-09-28,Gulfstream,"{'eventId': '3438933', 'overall': None, 'rating': None, 'surface': 'Turf', '__typename': 'TrackCondition'}",2,Race 2 - Maiden Claiming,1609,"2YO, Maiden, Claiming",47681,7,True,RESULTED,4,4,Power Royal,2,Colt,b,Higher Power,Royal Raja,RESULTED,54.5,,"Pedro Monterrey, Jr.",Frank Santillana,1:0-0-0,0,0,-100,7,34,0,28,,,,,,,26.0,,16,14,1.01,20,1880.2,6,,0
https://www.racenet.com.au/form-guide/horse-racing/gulfstream-us-20260928/race-2-maiden-claiming-race-2/overview,Gulfstream,2026-09-28,Gulfstream,"{'eventId': '3438933', 'overall': None, 'rating': None, 'surface': 'Turf', '__typename': 'TrackCondition'}",2,Race 2 - Maiden Claiming,1609,"2YO, Maiden, Claiming",47681,7,True,RESULTED,5,5,Save Our Soul,2,Gelding,b,Modernist,Gulchic,RESULTED,54.5,,Rasheed Hughes,Gerald James,1:0-0-0,0,0,-100,8,21,0,15,,,,,,o,23.0,,16,12,1.01,19,1781.2,4,,0
https://www.racenet.com.au/form-guide/horse-racing/gulfstream-us-20260928/race-2-maiden-claiming-race-2/overview,Gulfstream,2026-09-28,Gulfstream,"{'eventId': '3438933', 'overall': None, 'rating': None, 'surface': 'Turf', '__typename': 'TrackCondition'}",2,Race 2 - Maiden Claiming,1609,"2YO, Maiden, Claiming",47681,7,True,RESULTED,6,6,Tulio,2,Colt,gr/ro,Knicks Go,Devine Mischief,RESULTED,54.5,,Leonel Reyes,Fausto Gutierrez,3:0-0-1,0,33,-100,3,7.5,24,22,,,,,,,6.0,,16,15,1.01,5,395.0,3,,0
https://www.racenet.com.au/form-guide/horse-racing/gulfstream-us-20260928/race-2-maiden-claiming-race-2/overview,Gulfstream,2026-09-28,Gulfstream,"{'eventId': '3438933', 'overall': None, 'rating': None, 'surface': 'Turf', '__typename': 'TrackCondition'}",2,Race 2 - Maiden Claiming,1609,"2YO, Maiden, Claiming",47681,7,True,RESULTED,7,7,Eh Han,2,Colt,b,Roadster,Mlle. Minuit,RESULTED,54.5,,Yolber Torres,Guillermo A. Rangel,4:0-0-0,0,0,-100,5,17,22,28,,,,,,,5.0,,16,16,1.01,4.6,355.4,5,,0
https://www.racenet.com.au/form-guide/horse-racing/gulfstream-us-20260928/race-2-maiden-claiming-race-2/overview,Gulfstream,2026-09-28,Gulfstream,"{'eventId': '3438933', 'overall': None, 'rating': None, 'surface': 'Turf', '__typename': 'TrackCondition'}",2,Race 2 - Maiden Claiming,1609,"2YO, Maiden, Claiming",47681,7,True,RESULTED,8,8,Megaplumb,2,Gelding,ch,Known Agenda,Heart'S Song,RESULTED,54.5,,Pedro Pena,Armando De La Cerda,0:0-0-0,0,0,0,,,0,,,,,,,,3.6,,16,16,1.01,3.5,246.5,1,,1
https://www.racenet.com.au/form-guide/horse-racing/gulfstream-us-20260928/race-2-maiden-claiming-race-2/overview,Gulfstream,2026-09-28,Gulfstream,"{'eventId': '3438933', 'overall': None, 'rating': None, 'surface': 'Turf', '__typename': 'TrackCondition'}",2,Race 2 - Maiden Claiming,1609,"2YO, Maiden, Claiming",47681,7,True,SCRATCHED,2,2,Hidden Danger,2,Colt,b,Essential Quality,Keke Kimono,SCRATCHED,54.5,,Samy Camacho,Gustavo Delgado,1:0-0-0,0,0,-100,6,21,23,69,,,,,,,1.01,,5,0,,,,-1,,0
https://www.racenet.com.au/form-guide/horse-racing/gulfstream-us-20260928/race-3-claiming-race-3/overview,Gulfstream,2026-09-28,Gulfstream,"{'eventId': '3438934', 'overall': None, 'rating': None, 'surface': 'Dirt', '__typename': 'TrackCondition'}",3,Race 3 - Claiming,1710,"3YO+, Fillies & Mares, Claiming",35583,4,True,RESULTED,1,1,Bomb Squad,6,Mare,dk b/br,Lookin At Lucky,Daisy Cutter,RESULTED,56.75,,David Boraco,Luis Duco,24:2-5-3,8,42,-67,7,17,6,16,,,,,,tcdn,21.0,,13,12,1.01,15,1385.1,4,,0
https://www.racenet.com.au/form-guide/horse-racing/gulfstream-us-20260928/race-3-claiming-race-3/overview,Gulfstream,2026-09-28,Gulfstream,"{'eventId': '3438934', 'overall': None, 'rating': None, 'surface': 'Dirt', '__typename': 'TrackCondition'}",3,Race 3 - Claiming,1710,"3YO+, Fillies & Mares, Claiming",35583,4,True,RESULTED,3,3,Imperia Blue,3,Filly,dk b/br,Audible,Hello Charlie,RESULTED,55.25,,Samy Camacho,Antonio Sano,16:2-2-3,13,44,-71,2,5,19,16,,,,,,tcdn,1.66,,16,7,1.01,1.45,43.6,1,,1
https://www.racenet.com.au/form-guide/horse-racing/gulfstream-us-20260928/race-3-claiming-race-3/overview,Gulfstream,2026-09-28,Gulfstream,"{'eventId': '3438934', 'overall': None, 'rating': None, 'surface': 'Dirt', '__typename': 'TrackCondition'}",3,Race 3 - Claiming,1710,"3YO+, Fillies & Mares, Claiming",35583,4,True,RESULTED,4,4,Thunder Princess,4,Filly,b,Temple City,Ten Penny Princess,RESULTED,56.75,,Diego A. Herrera,Fernando Abreu,27:2-6-7,7,56,-61,6,6,50,21,,,,,,tcdn,2.45,,16,8,1.01,2.25,122.8,2,,0
https://www.racenet.com.au/form-guide/horse-racing/gulfstream-us-20260928/race-3-claiming-race-3/overview,Gulfstream,2026-09-28,Gulfstream,"{'eventId': '3438934', 'overall': None, 'rating': None, 'surface': 'Dirt', '__typename': 'TrackCondition'}",3,Race 3 - Claiming,1710,"3YO+, Fillies & Mares, Claiming",35583,4,True,RESULTED,6,6,Anna Jean,4,Filly,b,Noble Bird,Polo Union,RESULTED,56.75,,Micah J. Husbands,Ben Ramos,27:2-5-1,7,30,-28,1,4.33,0,46,,,,,,n,13.0,,16,2,1.01,7,593.1,3,,0
https://www.racenet.com.au/form-guide/horse-racing/gulfstream-us-20260928/race-3-claiming-race-3/overview,Gulfstream,2026-09-28,Gulfstream,"{'eventId': '3438934', 'overall': None, 'rating': None, 'surface': 'Dirt', '__typename': 'TrackCondition'}",3,Race 3 - Claiming,1710,"3YO+, Fillies & Mares, Claiming",35583,4,True,SCRATCHED,2,2,Mary Marguerite,4,Filly,b,Gift Box,Hug Me Tight,SCRATCHED,56.75,,Jonathan Santos,Joseph C. Catanese Iii,10:2-4-0,20,60,-10,6,2.25,0,76,,,,,,tcdsbon,1.01,,4,0,,,,-1,,0
https://www.racenet.com.au/form-guide/horse-racing/gulfstream-us-20260928/race-3-claiming-race-3/overview,Gulfstream,2026-09-28,Gulfstream,"{'eventId': '3438934', 'overall': None, 'rating': None, 'surface': 'Dirt', '__typename': 'TrackCondition'}",3,Race 3 - Claiming,1710,"3YO+, Fillies & Mares, Claiming",35583,4,True,SCRATCHED,5,5,Slewty Princess,3,Filly,b,Awesome Slew,Danish Princess,SCRATCHED,54.5,,Leonel Reyes,Jose Francisco D'Angelo,12:2-3-0,17,42,-62,4,3.5,24,57,,,,,,tcdn,1.01,,7,0,,,,-1,,0
https://www.racenet.com.au/form-guide/horse-racing/gulfstream-us-20260928/race-3-claiming-race-3/overview,Gulfstream,2026-09-28,Gulfstream,"{'eventId': '3438934', 'overall': None, 'rating': None, 'surface': 'Dirt', '__typename': 'TrackCondition'}",3,Race 3 - Claiming,1710,"3YO+, Fillies & Mares, Claiming",35583,4,True,SCRATCHED,7,7,Oxar,4,Filly,b,Oxbow,Go For Mo,SCRATCHED,56.75,,Pedro Pena,"Victor Barboza, Jr.",17:2-1-1,12,24,-59,1,2,17,14,,,,,,tcdn,1.01,,5,0,,,,-1,,0
https://www.racenet.com.au/form-guide/horse-racing/gulfstream-us-20260928/race-4-starter-optional-claiming-race-4/overview,Gulfstream,2026-09-28,Gulfstream,"{'eventId': '3438935', 'overall': None, 'rating': None, 'surface': 'Dirt', '__typename': 'TrackCondition'}",4,Race 4 - Starter Optional Claiming,1207,"3YO+, Fillies & Mares, Claiming",38429,6,True,RESULTED,1,1,Girvin Star,5,Mare,dk b/br,Girvin,Albea Star,RESULTED,55.75,,Yolber Torres,Marcial Cornejo,27:4-4-2,15,37,0,6,17,20,35,,,,,,tcdon,3.75,,16,10,1.01,3.4,236.6,5,,0
https://www.racenet.com.au/form-guide/horse-racing/gulfstream-us-20260928/race-4-starter-optional-claiming-race-4/overview,Gulfstream,2026-09-28,Gulfstream,"{'eventId': '3438935', 'overall': None, 'rating': None, 'surface': 'Dirt', '__typename': 'TrackCondition'}",4,Race 4 - Starter Optional Claiming,1207,"3YO+, Fillies & Mares, Claiming",38429,6,True,RESULTED,2,2,Sweet Agenda,3,Filly,ch,Known Agenda,Mission Up,RESULTED,53.5,,Leonel Reyes,Jose Francisco D'Angelo,10:4-2-0,40,60,22,2,2.63,24,16,,,,,,tcdbn,1.75,,16,7,1.01,1.6,58.4,2,,0
https://www.racenet.com.au/form-guide/horse-racing/gulfstream-us-20260928/race-4-starter-optional-claiming-race-4/overview,Gulfstream,2026-09-28,Gulfstream,"{'eventId': '3438935', 'overall': None, 'rating': None, 'surface': 'Dirt', '__typename': 'TrackCondition'}",4,Race 4 - Starter Optional Claiming,1207,"3YO+, Fillies & Mares, Claiming",38429,6,True,RESULTED,3,3,Mo Hijinx,3,Filly,dk b/br,Caracaro,Marazion Girl,RESULTED,53.5,,Pedro Pena,Kennedy A. Pownall,10:2-1-1,20,40,-13,2,10,0,28,,,,,,tcdn,12.0,,16,4,1.01,9.5,840.6,6,,0
https://www.racenet.com.au/form-guide/horse-racing/gulfstream-us-20260928/race-4-starter-optional-claiming-race-4/overview,Gulfstream,2026-09-28,Gulfstream,"{'eventId': '3438935', 'overall': None, 'rating': None, 'surface': 'Dirt', '__typename': 'TrackCondition'}",4,Race 4 - Starter Optional Claiming,1207,"3YO+, Fillies & Mares, Claiming",38429,6,True,RESULTED,4,4,Evanora,5,Mare,b,Girvin,Majestic Minister,RESULTED,55,,Jose E. Morelos,Garrett W. Arscott,36:4-8-9,11,58,-47,3,21,0,9,,,,,,tcdn,8.0,,16,4,1.01,6.5,543.6,4,,0
https://www.racenet.com.au/form-guide/horse-racing/gulfstream-us-20260928/race-4-starter-optional-claiming-race-4/overview,Gulfstream,2026-09-28,Gulfstream,"{'eventId': '3438935', 'overall': None, 'rating': None, 'surface': 'Dirt', '__typename': 'TrackCondition'}",4,Race 4 - Starter Optional Claiming,1207,"3YO+, Fillies & Mares, Claiming",38429,6,True,RESULTED,6,6,Kip The Distance,4,Filly,dk b/br,Neolithic,Haunting Melody,RESULTED,55,,Carlos Martinez,Angel M. Rodriguez,31:4-5-5,13,45,-64,6,26,20,21,,,,,,tdn,19.0,,16,7,1.01,16,1484.2,1,,1
https://www.racenet.com.au/form-guide/horse-racing/gulfstream-us-20260928/race-4-starter-optional-claiming-race-4/overview,Gulfstream,2026-09-28,Gulfstream,"{'eventId': '3438935', 'overall': None, 'rating': None, 'surface': 'Dirt', '__typename': 'TrackCondition'}",4,Race 4 - Starter Optional Claiming,1207,"3YO+, Fillies & Mares, Claiming",38429,6,True,RESULTED,7,7,Fully Entitled,5,Mare,b,Protonico,Matryoshka Doll,RESULTED,55,,Jonathan Ocasio,Kathryn Davey,17:5-7-2,29,82,-30,1,2.88,0,29,,,,,,tcdsn,16.0,,16,7,1.01,13,1187.1,3,,0
https://www.racenet.com.au/form-guide/horse-racing/gulfstream-us-20260928/race-4-starter-optional-claiming-race-4/overview,Gulfstream,2026-09-28,Gulfstream,"{'eventId': '3438935', 'overall': None, 'rating': None, 'surface': 'Dirt', '__typename': 'TrackCondition'}",4,Race 4 - Starter Optional Claiming,1207,"3YO+, Fillies & Mares, Claiming",38429,6,True,SCRATCHED,5,5,It's Only Words,5,Mare,b,Khozan,Hot Fudge Honey,SCRATCHED,55,,Diego A. Herrera,Heather Smullen,23:6-5-5,26,70,-38,6,6.5,38,119,,,,,,tcdsn,1.01,,5,0,,,,-1,,0
https://www.racenet.com.au/form-guide/horse-racing/gulfstream-us-20260928/race-5-allowance-optional-claiming-race-5/overview,Gulfstream,2026-09-28,Gulfstream,"{'eventId': '3438936', 'overall': None, 'rating': None, 'surface': 'Turf', '__typename': 'TrackCondition'}",5,Race 5 - Allowance Optional Claiming,1006,"3YO+, Fillies & Mares, Allowance",88956,9,True,RESULTED,1,1,Neodera,4,Filly,b,Neolithic,Codera,RESULTED,56.25,,Edgar Perez,Michael Lerman,10:4-1-2,40,70,57,1,2.38,24,27,,,,,,tcdn,2.3,,12,6,1.01,2.1,107.9,3,,0
https://www.racenet.com.au/form-guide/horse-racing/gulfstream-us-20260928/race-5-allowance-optional-claiming-race-5/overview,Gulfstream,2026-09-28,Gulfstream,"{'eventId': '3438936', 'overall': None, 'rating': None, 'surface': 'Turf', '__typename': 'TrackCondition'}",5,Race 5 - Allowance Optional Claiming,1006,"3YO+, Fillies & Mares, Allowance",88956,9,True,RESULTED,2,2,Amasia,3,Filly,dk b/br,Modernist,Rollover Risk,RESULTED,54.5,,Jose E. Morelos,Jena M. Antonucci,2:1-0-0,50,50,400,1,10,13,50,,,,,,tcdn,13.0,,12,7,1.01,11,989.1,7,,0
https://www.racenet.com.au/form-guide/horse-racing/gulfstream-us-20260928/race-5-allowance-optional-claiming-race-5/overview,Gulfstream,2026-09-28,Gulfstream,"{'eventId': '3438936', 'overall': None, 'rating': None, 'surface': 'Turf', '__typename': 'TrackCondition'}",5,Race 5 - Allowance Optional Claiming,1006,"3YO+, Fillies & Mares, Allowance",88956,9,True,RESULTED,3,3,Laila Bella Girl,5,Mare,dk b/br,Girvin,Libby Knows,RESULTED,56.25,,Diego A. Herrera,J. David Braddy,18:2-5-0,11,39,-17,2,4.33,0,27,,,,,,tcdn,6.5,,12,8,1.01,6.5,543.6,4,,0
https://www.racenet.com.au/form-guide/horse-racing/gulfstream-us-20260928/race-5-allowance-optional-claiming-race-5/overview,Gulfstream,2026-09-28,Gulfstream,"{'eventId': '3438936', 'overall': None, 'rating': None, 'surface': 'Turf', '__typename': 'TrackCondition'}",5,Race 5 - Allowance Optional Claiming,1006,"3YO+, Fillies & Mares, Allowance",88956,9,True,RESULTED,5,5,Ninia,4,Filly,b,Adios Charlie,Three Socks One,RESULTED,56.25,,Micah J. Husbands,Sam Wilensky,8:6-0-1,75,88,88,5,26,0,23,,,,,,dn,4.33,,12,8,1.01,3.7,266.3,5,,0
https://www.racenet.com.au/form-guide/horse-racing/gulfstream-us-20260928/race-5-allowance-optional-claiming-race-5/overview,Gulfstream,2026-09-28,Gulfstream,"{'eventId': '3438936', 'overall': None, 'rating': None, 'surface': 'Turf', '__typename': 'TrackCondition'}",5,Race 5 - Allowance Optional Claiming,1006,"3YO+, Fillies & Mares, Allowance",88956,9,True,RESULTED,6,6,Come On Teesha,3,Filly,ch,Improbable,Lightning Dove,RESULTED,54.5,,Miguel Angel Vasquez,Michael S. Morrison,1:1-0-0,100,100,600,1,7,27,34,,,,,,tcdn,16.0,,12,8,1.01,13,1187.1,1,,1
https://www.racenet.com.au/form-guide/horse-racing/gulfstream-us-20260928/race-5-allowance-optional-claiming-race-5/overview,Gulfstream,2026-09-28,Gulfstream,"{'eventId': '3438936', 'overall': None, 'rating': None, 'surface': 'Turf', '__typename': 'TrackCondition'}",5,Race 5 - Allowance Optional Claiming,1006,"3YO+, Fillies & Mares, Allowance",88956,9,True,RESULTED,7,7,Dominant Diva,4,Filly,b,Spun To Run,Sierra Aleone,RESULTED,56.25,,Rasheed Hughes,"Saffie A. Joseph, Jr.",9:2-2-1,22,56,-59,2,6.5,30,35,,,,,,tn,15.0,,12,8,1.01,13,1187.1,9,,0
https://www.racenet.com.au/form-guide/horse-racing/gulfstream-us-20260928/race-5-allowance-optional-claiming-race-5/overview,Gulfstream,2026-09-28,Gulfstream,"{'eventId': '3438936', 'overall': None, 'rating': None, 'surface': 'Turf', '__typename': 'TrackCondition'}",5,Race 5 - Allowance Optional Claiming,1006,"3YO+, Fillies & Mares, Allowance",88956,9,True,RESULTED,8,8,Champagne Brunch,4,Filly,b,Gun Runner,Forest Valentine,RESULTED,56.25,,Samy Camacho,Antonio Sano,14:1-3-3,7,50,-69,1,4.33,19,23,,,,,,tcdn,34.0,,12,9,1.01,21,1979.2,8,,0
https://www.racenet.com.au/form-guide/horse-racing/gulfstream-us-20260928/race-5-allowance-optional-claiming-race-5/overview,Gulfstream,2026-09-28,Gulfstream,"{'eventId': '3438936', 'overall': None, 'rating': None, 'surface': 'Turf', '__typename': 'TrackCondition'}",5,Race 5 - Allowance Optional Claiming,1006,"3YO+, Fillies & Mares, Allowance",88956,9,True,RESULTED,9,9,Flowko,3,Filly,b,Brethren,Vino De Pago,RESULTED,54.5,,Marcos Meneses,Rory C. Miller,13:2-3-3,15,62,-1,5,10,19,99,,,,,,tn,26.0,,12,10,1.01,17,1583.2,2,,0
https://www.racenet.com.au/form-guide/horse-racing/gulfstream-us-20260928/race-5-allowance-optional-claiming-race-5/overview,Gulfstream,2026-09-28,Gulfstream,"{'eventId': '3438936', 'overall': None, 'rating': None, 'surface': 'Turf', '__typename': 'TrackCondition'}",5,Race 5 - Allowance Optional Claiming,1006,"3YO+, Fillies & Mares, Allowance",88956,9,True,RESULTED,10,10,Cryingintherain,3,Filly,gr/ro,Havana Grey,Midnight Dance,RESULTED,54.5,,J. G. Torrealba,Patrick L. Biancone,6:1-0-0,17,17,183,4,12,0,172,,,,,,,11.0,,12,5,1.01,10,890.1,6,,0
https://www.racenet.com.au/form-guide/horse-racing/gulfstream-us-20260928/race-5-allowance-optional-claiming-race-5/overview,Gulfstream,2026-09-28,Gulfstream,"{'eventId': '3438936', 'overall': None, 'rating': None, 'surface': 'Turf', '__typename': 'TrackCondition'}",5,Race 5 - Allowance Optional Claiming,1006,"3YO+, Fillies & Mares, Allowance",88956,9,True,SCRATCHED,4,4,Miss Beethoven,4,Filly,gr/ro,Van Beethoven,Hathfa,SCRATCHED,56.25,,Leonel Reyes,Jose Francisco D'Angelo,3:2-0-0,67,67,1050,6,7,24,540,,,,,,ds,1.01,,4,0,,,,-1,,0
https://www.racenet.com.au/form-guide/horse-racing/gulfstream-us-20260928/race-5-allowance-optional-claiming-race-5/overview,Gulfstream,2026-09-28,Gulfstream,"{'eventId': '3438936', 'overall': None, 'rating': None, 'surface': 'Turf', '__typename': 'TrackCondition'}",5,Race 5 - Allowance Optional Claiming,1006,"3YO+, Fillies & Mares, Allowance",88956,9,True,SCRATCHED,11,11,Denver's Alley,5,Mare,b,Algorithms,Hug Doc,SCRATCHED,56.25,,Diego A. Herrera,Michael Lerman,22:5-2-4,23,50,9,2,2.75,0,35,,,,,,tcdbn,1.01,,4,0,,,,-1,,0
https://www.racenet.com.au/form-guide/horse-racing/gulfstream-us-20260928/race-6-claiming-race-6/overview,Gulfstream,2026-09-28,Gulfstream,"{'eventId': '3438937', 'overall': None, 'rating': None, 'surface': 'Dirt', '__typename': 'TrackCondition'}",6,Race 6 - Claiming,1710,"3YO+, Claiming",35583,9,True,RESULTED,1,1,Tonytone,3,Gelding,ch,Ghostzapper,Focaccina,RESULTED,55.25,,Leonel Reyes,Jose Francisco D'Angelo,5:1-2-1,20,80,-62,1,1.91,24,34,,,,,,tcdn,2.45,,12,10,1.01,2.2,117.8,6,,0
https://www.racenet.com.au/form-guide/horse-racing/gulfstream-us-20260928/race-6-claiming-race-6/overview,Gulfstream,2026-09-28,Gulfstream,"{'eventId': '3438937', 'overall': None, 'rating': None, 'surface': 'Dirt', '__typename': 'TrackCondition'}",6,Race 6 - Claiming,1710,"3YO+, Claiming",35583,9,True,RESULTED,2,2,David Pepperman,3,Colt,dk b/br,Bolt D'Oro,Holly Hundy,RESULTED,55.25,,Jose E. Morelos,Daniel C. Hurtak,17:1-2-2,6,29,-68,5,15,5,22,,,,,,tn,8.5,,12,9,1.01,8,692.1,1,,1
https://www.racenet.com.au/form-guide/horse-racing/gulfstream-us-20260928/race-6-claiming-race-6/overview,Gulfstream,2026-09-28,Gulfstream,"{'eventId': '3438937', 'overall': None, 'rating': None, 'surface': 'Dirt', '__typename': 'TrackCondition'}",6,Race 6 - Claiming,1710,"3YO+, Claiming",35583,9,True,RESULTED,3,3,Smooth An Easy,5,Gelding,b,Achikulak,Nancy Doll,RESULTED,56.75,,Carlos Martinez,Angel M. Rodriguez,29:1-2-1,3,14,17,7,34,20,20,,,,,,tn,34.0,,12,5,1.01,26,2474.3,5,,0
https://www.racenet.com.au/form-guide/horse-racing/gulfstream-us-20260928/race-6-claiming-race-6/overview,Gulfstream,2026-09-28,Gulfstream,"{'eventId': '3438937', 'overall': None, 'rating': None, 'surface': 'Dirt', '__typename': 'TrackCondition'}",6,Race 6 - Claiming,1710,"3YO+, Claiming",35583,9,True,RESULTED,4,4,Pardo,3,Colt,ch,Classic Empire,Dahlonega,RESULTED,54.5,,Miguel Angel Vasquez,Jose Francisco D'Angelo,3:1-0-0,33,33,-8,5,11,24,105,,,,,,tn,4.33,,12,13,1.01,3.7,266.3,4,,0
https://www.racenet.com.au/form-guide/horse-racing/gulfstream-us-20260928/race-6-claiming-race-6/overview,Gulfstream,2026-09-28,Gulfstream,"{'eventId': '3438937', 'overall': None, 'rating': None, 'surface': 'Dirt', '__typename': 'TrackCondition'}",6,Race 6 - Claiming,1710,"3YO+, Claiming",35583,9,True,RESULTED,5,5,Chalky White,3,Gelding,b,Practical Joke,Race,RESULTED,54.5,,Diego A. Herrera,Nicholas Tomlinson,11:1-1-0,9,18,-77,5,7,0,41,,,,,,dn,7.5,,12,13,1.01,6,494.1,8,,0
https://www.racenet.com.au/form-guide/horse-racing/gulfstream-us-20260928/race-6-claiming-race-6/overview,Gulfstream,2026-09-28,Gulfstream,"{'eventId': '3438937', 'overall': None, 'rating': None, 'surface': 'Dirt', '__typename': 'TrackCondition'}",6,Race 6 - Claiming,1710,"3YO+, Claiming",35583,9,True,RESULTED,6,6,Sponge Time,4,Gelding,ch,Hard Spun,Jo Marie,RESULTED,55.75,,Marcos Meneses,Marcus J. Vitali,24:1-2-4,4,29,-88,6,26,25,23,,,,,,tn,31.0,,12,7,1.01,23,2177.2,3,,0
https://www.racenet.com.au/form-guide/horse-racing/gulfstream-us-20260928/race-6-claiming-race-6/overview,Gulfstream,2026-09-28,Gulfstream,"{'eventId': '3438937', 'overall': None, 'rating': None, 'surface': 'Dirt', '__typename': 'TrackCondition'}",6,Race 6 - Claiming,1710,"3YO+, Claiming",35583,9,True,RESULTED,7,7,My Foolish Notion,3,Gelding,b,Bolt D'Oro,Foolish Cause,RESULTED,54.5,,"Pedro Monterrey, Jr.",Herbert Miller,18:1-2-3,6,33,-87,8,34,0,23,,,,,,tcdon,20.0,,12,16,1.01,17,1583.2,7,,0
https://www.racenet.com.au/form-guide/horse-racing/gulfstream-us-20260928/race-6-claiming-race-6/overview,Gulfstream,2026-09-28,Gulfstream,"{'eventId': '3438937', 'overall': None, 'rating': None, 'surface': 'Dirt', '__typename': 'TrackCondition'}",6,Race 6 - Claiming,1710,"3YO+, Claiming",35583,9,True,RESULTED,8,8,Rockazo,3,Colt,b,Rock Your World,Violinist,RESULTED,55.25,,Jozbin Z. Santana,Antonio Sano,5:1-0-0,20,20,200,5,34,0,23,,,,,,tcdn,41.0,,12,9,1.01,26,2474.3,9,,0
https://www.racenet.com.au/form-guide/horse-racing/gulfstream-us-20260928/race-6-claiming-race-6/overview,Gulfstream,2026-09-28,Gulfstream,"{'eventId': '3438937', 'overall': None, 'rating': None, 'surface': 'Dirt', '__typename': 'TrackCondition'}",6,Race 6 - Claiming,1710,"3YO+, Claiming",35583,9,True,RESULTED,9,9,Sky Masterson,4,Gelding,dk b/br,The Factor,Kitty Maddnes,RESULTED,55.75,,Anthony Thomas,Rohan Crichton,29:1-2-9,3,41,-87,3,6,17,23,,,,,,n,6.5,,12,10,1.01,5.5,444.6,2,,0
https://www.racenet.com.au/form-guide/horse-racing/gulfstream-us-20260928/race-7-starter-optional-claiming-race-7/overview,Gulfstream,2026-09-28,Gulfstream,"{'eventId': '3438938', 'overall': None, 'rating': None, 'surface': 'Turf', '__typename': 'TrackCondition'}",7,Race 7 - Starter Optional Claiming,1609,"3YO+, Claiming",46969,7,True,RESULTED,1,1,Gold Foot,5,Gelding,b,Goldencents,Tiz Ladys Legs,RESULTED,55,,Micah J. Husbands,Sam Wilensky,29:4-8-1,14,45,21,2,3,0,29,,,,,,dbn,2.85,,12,13,1.01,2.7,167.3,7,,0
https://www.racenet.com.au/form-guide/horse-racing/gulfstream-us-20260928/race-7-starter-optional-claiming-race-7/overview,Gulfstream,2026-09-28,Gulfstream,"{'eventId': '3438938', 'overall': None, 'rating': None, 'surface': 'Turf', '__typename': 'TrackCondition'}",7,Race 7 - Starter Optional Claiming,1609,"3YO+, Claiming",46969,7,True,RESULTED,2,2,Quizler,4,Gelding,dk b/br,Curlin's Honor,Imperial Code,RESULTED,55.75,,Pedro Pena,Beau Chapman,22:5-4-3,23,55,6,1,1.83,16,41,,,,,,tcdn,4.0,,12,12,1.01,3.75,271.3,3,,0
https://www.racenet.com.au/form-guide/horse-racing/gulfstream-us-20260928/race-7-starter-optional-claiming-race-7/overview,Gulfstream,2026-09-28,Gulfstream,"{'eventId': '3438938', 'overall': None, 'rating': None, 'surface': 'Turf', '__typename': 'TrackCondition'}",7,Race 7 - Starter Optional Claiming,1609,"3YO+, Claiming",46969,7,True,RESULTED,4,4,Brigade Commander,6,Gelding,b,Hard Spun,Inspeight Of Us,RESULTED,55,,Diego A. Herrera,Bobby S. Dibona,30:3-7-8,10,60,-56,2,6.5,50,41,,,,,,tcdn,3.25,,12,5,1.01,3,197.0,2,,0
https://www.racenet.com.au/form-guide/horse-racing/gulfstream-us-20260928/race-7-starter-optional-claiming-race-7/overview,Gulfstream,2026-09-28,Gulfstream,"{'eventId': '3438938', 'overall': None, 'rating': None, 'surface': 'Turf', '__typename': 'TrackCondition'}",7,Race 7 - Starter Optional Claiming,1609,"3YO+, Claiming",46969,7,True,RESULTED,5,5,War Warrior,8,Gelding,CHESTNUT,War Of Will,Fancy Day,RESULTED,55,,Leonel Reyes,Michael S. Morrison,73:9-7-7,12,32,-20,2,11,0,16,0.57,0.51,0.46,0.85,2.08,tsn,11.0,,12,9,1.01,10,890.1,1,,1
https://www.racenet.com.au/form-guide/horse-racing/gulfstream-us-20260928/race-7-starter-optional-claiming-race-7/overview,Gulfstream,2026-09-28,Gulfstream,"{'eventId': '3438938', 'overall': None, 'rating': None, 'surface': 'Turf', '__typename': 'TrackCondition'}",7,Race 7 - Starter Optional Claiming,1609,"3YO+, Claiming",46969,7,True,RESULTED,6,6,Navy Cross,6,Gelding,b,Uncle Mo,Coco'S Wildcat,RESULTED,55,,Edgar Perez,Georgina Baxter,34:9-9-3,26,62,19,1,2.63,33,34,,,,,,tdn,11.0,,12,13,1.01,10,890.1,5,,0
https://www.racenet.com.au/form-guide/horse-racing/gulfstream-us-20260928/race-7-starter-optional-claiming-race-7/overview,Gulfstream,2026-09-28,Gulfstream,"{'eventId': '3438938', 'overall': None, 'rating': None, 'surface': 'Turf', '__typename': 'TrackCondition'}",7,Race 7 - Starter Optional Claiming,1609,"3YO+, Claiming",46969,7,True,RESULTED,7,7,Alinao Forever,4,Gelding,dk b/br,Yoshida,Caribbean Sea,RESULTED,55,,Jonathan Santos,Dante Zanelli,10:3-0-1,30,40,215,1,7,0,15,,,,,,tn,34.0,,12,8,1.01,26,2474.3,6,,0
https://www.racenet.com.au/form-guide/horse-racing/gulfstream-us-20260928/race-7-starter-optional-claiming-race-7/overview,Gulfstream,2026-09-28,Gulfstream,"{'eventId': '3438938', 'overall': None, 'rating': None, 'surface': 'Turf', '__typename': 'TrackCondition'}",7,Race 7 - Starter Optional Claiming,1609,"3YO+, Claiming",46969,7,True,RESULTED,8,8,Shinigami,4,Gelding,dk b/br,Prime Attraction,Documented,RESULTED,55,,Jose E. Morelos,Steve Klesaris,19:4-3-1,21,42,-13,10,21,11,45,,,,,,ton,14.0,,12,6,1.01,12,1088.1,4,,0
https://www.racenet.com.au/form-guide/horse-racing/gulfstream-us-20260928/race-7-starter-optional-claiming-race-7/overview,Gulfstream,2026-09-28,Gulfstream,"{'eventId': '3438938', 'overall': None, 'rating': None, 'surface': 'Turf', '__typename': 'TrackCondition'}",7,Race 7 - Starter Optional Claiming,1609,"3YO+, Claiming",46969,7,True,SCRATCHED,3,3,Always True,4,Gelding,dk b/br,Instilled Regard,True To You,SCRATCHED,55.75,,"Pedro Monterrey, Jr.",Dante Zanelli,20:3-7-4,15,70,-8,2,8,0,41,,,,,,tn,1.01,,4,0,,,,-1,,0
https://www.racenet.com.au/form-guide/horse-racing/gulfstream-us-20260928/race-8-claiming-race-8/overview,Gulfstream,2026-09-28,Gulfstream,"{'eventId': '3438939', 'overall': None, 'rating': None, 'surface': 'Dirt', '__typename': 'TrackCondition'}",8,Race 8 - Claiming,1609,"3YO+, Claiming",54085,7,True,RESULTED,1,1,Commendatore,4,Gelding,b,Twirling Candy,Bite The Stars,RESULTED,55.75,,Leonel Reyes,Carlos David,15:1-1-4,7,40,-80,3,6.5,0,28,,,,,,tn,6.5,,12,7,1.01,5.5,444.6,2,,0
https://www.racenet.com.au/form-guide/horse-racing/gulfstream-us-20260928/race-8-claiming-race-8/overview,Gulfstream,2026-09-28,Gulfstream,"{'eventId': '3438939', 'overall': None, 'rating': None, 'surface': 'Dirt', '__typename': 'TrackCondition'}",8,Race 8 - Claiming,1609,"3YO+, Claiming",54085,7,True,RESULTED,2,2,Nice Try Riley,4,Gelding,ch,Speightster,Deputy Valuation,RESULTED,56.75,,Miguel Angel Vasquez,Beau Chapman,8:2-1-1,25,50,-34,1,3.5,17,71,,,,,,tcdn,2.7,,12,2,1.01,2,98.0,3,,0
https://www.racenet.com.au/form-guide/horse-racing/gulfstream-us-20260928/race-8-claiming-race-8/overview,Gulfstream,2026-09-28,Gulfstream,"{'eventId': '3438939', 'overall': None, 'rating': None, 'surface': 'Dirt', '__typename': 'TrackCondition'}",8,Race 8 - Claiming,1609,"3YO+, Claiming",54085,7,True,RESULTED,3,3,Arabia Wild,3,Colt,b,Gun Runner,Alpha Spirit,RESULTED,55.25,,Samy Camacho,Gustavo Delgado,8:1-2-1,13,50,-67,4,5,23,63,,,,,,n,5.5,,12,8,1.01,4.4,335.6,1,,1
https://www.racenet.com.au/form-guide/horse-racing/gulfstream-us-20260928/race-8-claiming-race-8/overview,Gulfstream,2026-09-28,Gulfstream,"{'eventId': '3438939', 'overall': None, 'rating': None, 'surface': 'Dirt', '__typename': 'TrackCondition'}",8,Race 8 - Claiming,1609,"3YO+, Claiming",54085,7,True,RESULTED,4,4,Rule Seventy Six,4,Gelding,dk b/br,Nyquist,Benvenutta,RESULTED,55.75,,Pedro Pena,Marcial Cornejo,7:1-1-1,14,43,-79,1,1.44,0,21,,,,,,tsn,13.0,,12,5,1.01,12,1088.1,4,,0
https://www.racenet.com.au/form-guide/horse-racing/gulfstream-us-20260928/race-8-claiming-race-8/overview,Gulfstream,2026-09-28,Gulfstream,"{'eventId': '3438939', 'overall': None, 'rating': None, 'surface': 'Dirt', '__typename': 'TrackCondition'}",8,Race 8 - Claiming,1609,"3YO+, Claiming",54085,7,True,RESULTED,5,5,Hard Talk,3,Colt,dk b/br,Awesome Slew,Callie California,RESULTED,55.25,,Marcos Meneses,Rory Miller,15:4-1-3,27,53,53,1,8.5,50,16,,,,,,tcdsn,9.0,,12,9,1.01,7,593.1,6,,0
https://www.racenet.com.au/form-guide/horse-racing/gulfstream-us-20260928/race-8-claiming-race-8/overview,Gulfstream,2026-09-28,Gulfstream,"{'eventId': '3438939', 'overall': None, 'rating': None, 'surface': 'Dirt', '__typename': 'TrackCondition'}",8,Race 8 - Claiming,1609,"3YO+, Claiming",54085,7,True,RESULTED,6,6,Classic Equation,3,Gelding,gr/ro,Classic Empire,The Aurelia Factor,RESULTED,55.25,,"Pedro Monterrey, Jr.",Carlos Narvaez,5:1-0-1,20,40,240,1,17,0,235,,,,,,n,19.0,,12,17,1.01,17,1583.2,7,,0
https://www.racenet.com.au/form-guide/horse-racing/gulfstream-us-20260928/race-8-claiming-race-8/overview,Gulfstream,2026-09-28,Gulfstream,"{'eventId': '3438939', 'overall': None, 'rating': None, 'surface': 'Dirt', '__typename': 'TrackCondition'}",8,Race 8 - Claiming,1609,"3YO+, Claiming",54085,7,True,RESULTED,7,7,El Orejon,3,Gelding,b,Adios Charlie,Capitalism At Risk,RESULTED,55.25,,Jose E. Morelos,Steve Klesaris,12:3-3-0,25,50,4,2,6.5,11,35,,,,,,n,5.5,,12,5,1.01,4.4,335.6,5,,0
https://www.racenet.com.au/form-guide/horse-racing/gulfstream-us-20260928/race-9-allowance-race-9/overview,Gulfstream,2026-09-28,Gulfstream,"{'eventId': '3438940', 'overall': None, 'rating': None, 'surface': 'Turf', '__typename': 'TrackCondition'}",9,Race 9 - Allowance,1609,"3YO+, Allowance",74012,9,True,RESULTED,1,1,Win N Juice,3,Colt,dk b/br,Win Win Win,Famous,RESULTED,54.5,,Rasheed Hughes,Nicholas Tomlinson,12:2-3-3,17,67,4,3,9,18,29,,,,,,tn,7.0,,12,2,1.01,4.4,335.6,4,,0
https://www.racenet.com.au/form-guide/horse-racing/gulfstream-us-20260928/race-9-allowance-race-9/overview,Gulfstream,2026-09-28,Gulfstream,"{'eventId': '3438940', 'overall': None, 'rating': None, 'surface': 'Turf', '__typename': 'TrackCondition'}",9,Race 9 - Allowance,1609,"3YO+, Allowance",74012,9,True,RESULTED,2,2,My Voodoo Doll,6,Gelding,dk b/br,Dialed In,Spanish Ambassador,RESULTED,56.25,,Micah J. Husbands,Nicholas Tomlinson,25:2-3-6,8,44,-28,7,10,0,184,,,,,,tn,17.0,,12,2,1.01,10,890.1,9,,0
https://www.racenet.com.au/form-guide/horse-racing/gulfstream-us-20260928/race-9-allowance-race-9/overview,Gulfstream,2026-09-28,Gulfstream,"{'eventId': '3438940', 'overall': None, 'rating': None, 'surface': 'Turf', '__typename': 'TrackCondition'}",9,Race 9 - Allowance,1609,"3YO+, Allowance",74012,9,True,RESULTED,3,3,Aegon Targaryen,4,Gelding,gr/ro,The Factor,The Goddess Lyssa,RESULTED,56.25,,Samy Camacho,Gerald Bennett,16:3-3-1,19,44,-62,2,6.5,19,16,,,,,,tdn,6.0,,12,3,1.01,5,395.0,3,,0
https://www.racenet.com.au/form-guide/horse-racing/gulfstream-us-20260928/race-9-allowance-race-9/overview,Gulfstream,2026-09-28,Gulfstream,"{'eventId': '3438940', 'overall': None, 'rating': None, 'surface': 'Turf', '__typename': 'TrackCondition'}",9,Race 9 - Allowance,1609,"3YO+, Allowance",74012,9,True,RESULTED,4,4,Prost,3,Colt,ch,Khozan,Ginablu,RESULTED,54.5,,Yolber Torres,J D Angelo,5:1-0-2,20,60,30,3,3.5,0,16,,,,,,tbn,11.0,,12,5,1.01,8,692.1,6,,0
https://www.racenet.com.au/form-guide/horse-racing/gulfstream-us-20260928/race-9-allowance-race-9/overview,Gulfstream,2026-09-28,Gulfstream,"{'eventId': '3438940', 'overall': None, 'rating': None, 'surface': 'Turf', '__typename': 'TrackCondition'}",9,Race 9 - Allowance,1609,"3YO+, Allowance",74012,9,True,RESULTED,5,5,Won For Lou,3,Colt,dk b/br,Bucchero,Style Show,RESULTED,54.5,,Leonel Reyes,J D Angelo,11:2-0-2,18,36,-9,6,5,24,29,,,,,,don,5.0,,12,3,1.01,4.4,335.6,7,,0
https://www.racenet.com.au/form-guide/horse-racing/gulfstream-us-20260928/race-9-allowance-race-9/overview,Gulfstream,2026-09-28,Gulfstream,"{'eventId': '3438940', 'overall': None, 'rating': None, 'surface': 'Turf', '__typename': 'TrackCondition'}",9,Race 9 - Allowance,1609,"3YO+, Allowance",74012,9,True,RESULTED,6,6,Gus Swayze,3,Gelding,b,Silver State,Cool Munnings,RESULTED,54.5,,Pedro Pena,Carlos David,11:2-2-3,18,64,-51,2,8.5,0,21,,,,,,tcdn,35.0,,12,3,1.01,21,1979.2,8,,0
https://www.racenet.com.au/form-guide/horse-racing/gulfstream-us-20260928/race-9-allowance-race-9/overview,Gulfstream,2026-09-28,Gulfstream,"{'eventId': '3438940', 'overall': None, 'rating': None, 'surface': 'Turf', '__typename': 'TrackCondition'}",9,Race 9 - Allowance,1609,"3YO+, Allowance",74012,9,True,RESULTED,7,7,Justin Smiles,3,Gelding,b,The Big Beast,Oasis At Midnight,RESULTED,54.5,,Diego A. Herrera,Joseph Orseno,15:2-4-3,13,60,-44,2,2,0,23,,,,,,tdbn,8.0,,12,5,1.01,6.5,543.6,5,,0
https://www.racenet.com.au/form-guide/horse-racing/gulfstream-us-20260928/race-9-allowance-race-9/overview,Gulfstream,2026-09-28,Gulfstream,"{'eventId': '3438940', 'overall': None, 'rating': None, 'surface': 'Turf', '__typename': 'TrackCondition'}",9,Race 9 - Allowance,1609,"3YO+, Allowance",74012,9,True,RESULTED,8,8,Souper Attentive,5,Gelding,dk b/br,Kitten's Joy,Giant Cats Eye,RESULTED,56.25,,Sonny Leon,Mark Casse,23:3-6-1,13,43,-57,4,11,0,50,,,,,,tcdn,7.5,,12,3,1.01,6,494.1,2,,0
https://www.racenet.com.au/form-guide/horse-racing/gulfstream-us-20260928/race-9-allowance-race-9/overview,Gulfstream,2026-09-28,Gulfstream,"{'eventId': '3438940', 'overall': None, 'rating': None, 'surface': 'Turf', '__typename': 'TrackCondition'}",9,Race 9 - Allowance,1609,"3YO+, Allowance",74012,9,True,RESULTED,9,9,Nickel C,3,Gelding,b,Liam's Map,Clairvoyant Lady,RESULTED,54.5,,Miguel Angel Vasquez,David Fawkes,10:1-1-3,10,50,-45,2,3.5,14,43,,,,,,tn,5.5,,12,5,1.01,5,395.0,1,,1
https://www.racenet.com.au/form-guide/horse-racing/hamilton-uk-20260928/annual-members-of-hamilton-park-handicap-race-7/overview,Hamilton,2026-09-28,Hamilton,"{'eventId': '3439217', 'overall': 'Soft', 'rating': None, 'surface': 'Turf', '__typename': 'TrackCondition'}",7,Annual Members Of Hamilton Park Handicap,2428,"3YO+, Class 6, Handicap, Class 6, Handicap",12991,10,False,,1,10,Masekela,7,Gelding,b,El Kabeir,Lady's Purse,,63.5,,P Mulrennan,James Moffatt,39:2-6-3,5,28,-79,9,41,0,30,,,,,,s,17.0,,13,8,10,13,30.0,,,
https://www.racenet.com.au/form-guide/horse-racing/hamilton-uk-20260928/annual-members-of-hamilton-park-handicap-race-7/overview,Hamilton,2026-09-28,Hamilton,"{'eventId': '3439217', 'overall': 'Soft', 'rating': None, 'surface': 'Turf', '__typename': 'TrackCondition'}",7,Annual Members Of Hamilton Park Handicap,2428,"3YO+, Class 6, Handicap, Class 6, Handicap",12991,10,False,,2,9,Uncle Liam,4,Gelding,b,Gleneagles,Fountain Of Honour,,62.25,,Lauren Young,J S Goldie,16:2-3-2,13,44,-41,3,2.1,12,8,,,,,,tcdsbn,6.0,,13,7,5.5,3.7,-32.7,,,
https://www.racenet.com.au/form-guide/horse-racing/hamilton-uk-20260928/annual-members-of-hamilton-park-handicap-race-7/overview,Hamilton,2026-09-28,Hamilton,"{'eventId': '3439217', 'overall': 'Soft', 'rating': None, 'surface': 'Turf', '__typename': 'TrackCondition'}",7,Annual Members Of Hamilton Park Handicap,2428,"3YO+, Class 6, Handicap, Class 6, Handicap",12991,10,False,,3,1,Hickton,4,Gelding,b,Kodiac,Ice Eagle,,60.75,,Zak Wheatley,D Carroll,25:3-1-6,12,40,8,3,10,10,14,,,,,,tcdsn,10.0,,13,5,8.5,8,-5.9,,,
https://www.racenet.com.au/form-guide/horse-racing/hamilton-uk-20260928/annual-members-of-hamilton-park-handicap-race-7/overview,Hamilton,2026-09-28,Hamilton,"{'eventId': '3439217', 'overall': 'Soft', 'rating': None, 'surface': 'Turf', '__typename': 'TrackCondition'}",7,Annual Members Of Hamilton Park Handicap,2428,"3YO+, Class 6, Handicap, Class 6, Handicap",12991,10,False,,4,2,Off Spin,4,Gelding,b,Almanzor,Spin Doctor,,60.25,,David Allan,T D Easterby,21:0-3-5,0,38,-100,5,6,11,10,,,,,,,6.0,,13,7,8,5,-37.5,,,
https://www.racenet.com.au/form-guide/horse-racing/hamilton-uk-20260928/annual-members-of-hamilton-park-handicap-race-7/overview,Hamilton,2026-09-28,Hamilton,"{'eventId': '3439217', 'overall': 'Soft', 'rating': None, 'surface': 'Turf', '__typename': 'TrackCondition'}",7,Annual Members Of Hamilton Park Handicap,2428,"3YO+, Class 6, Handicap, Class 6, Handicap",12991,10,False,,5,6,Hansteen,3,Gelding,ch,Sea The Moon,Hey Little Gorl,,59.5,,Jason Hart,J & S Quinn,8:1-3-0,13,50,-77,7,3,12,32,,,,,,dn,13.0,,13,5,12,6,-50.0,,,
https://www.racenet.com.au/form-guide/horse-racing/hamilton-uk-20260928/annual-members-of-hamilton-park-handicap-race-7/overview,Hamilton,2026-09-28,Hamilton,"{'eventId': '3439217', 'overall': 'Soft', 'rating': None, 'surface': 'Turf', '__typename': 'TrackCondition'}",7,Annual Members Of Hamilton Park Handicap,2428,"3YO+, Class 6, Handicap, Class 6, Handicap",12991,10,False,,6,5,Crown Inn To Win,3,Gelding,b,Ubettabelieveit,Greek Oasis,,59,,Derek Nolan,I Furtado,10:1-3-1,10,50,-60,7,5.5,12,59,,,,,,dn,14.0,,13,2,10,11,10.0,,,
https://www.racenet.com.au/form-guide/horse-racing/hamilton-uk-20260928/annual-members-of-hamilton-park-handicap-race-7/overview,Hamilton,2026-09-28,Hamilton,"{'eventId': '3439217', 'overall': 'Soft', 'rating': None, 'surface': 'Turf', '__typename': 'TrackCondition'}",7,Annual Members Of Hamilton Park Handicap,2428,"3YO+, Class 6, Handicap, Class 6, Handicap",12991,10,False,,7,3,African Gib,3,Gelding,b,Territories,Buxlow Belle,,59,,Jack Dace,D Menuisier,6:0-0-0,0,0,-100,4,9,0,29,,,,,,,9.0,,13,4,10,8,-20.0,,,
https://www.racenet.com.au/form-guide/horse-racing/hamilton-uk-20260928/annual-members-of-hamilton-park-handicap-race-7/overview,Hamilton,2026-09-28,Hamilton,"{'eventId': '3439217', 'overall': 'Soft', 'rating': None, 'surface': 'Turf', '__typename': 'TrackCondition'}",7,Annual Members Of Hamilton Park Handicap,2428,"3YO+, Class 6, Handicap, Class 6, Handicap",12991,10,False,,8,4,Storm On Jura,4,Filly,b,Golden Horn,Padmavati,,57.25,,Rhys Elliott,J S Goldie,14:0-1-0,0,7,-100,2,34,9,8,,,,,,,13.0,,13,2,10,11,10.0,,,
https://www.racenet.com.au/form-guide/horse-racing/hamilton-uk-20260928/annual-members-of-hamilton-park-handicap-race-7/overview,Hamilton,2026-09-28,Hamilton,"{'eventId': '3439217', 'overall': 'Soft', 'rating': None, 'surface': 'Turf', '__typename': 'TrackCondition'}",7,Annual Members Of Hamilton Park Handicap,2428,"3YO+, Class 6, Handicap, Class 6, Handicap",12991,10,False,,9,7,Due To Shine,3,Filly,b,Due Diligence,Shine Baby Shine,,54,,Tom Kiely-marshall,B Ellison,10:0-1-1,0,20,-100,5,26,6,12,,,,,,,31.0,,13,5,21,26,23.8,,,
https://www.racenet.com.au/form-guide/horse-racing/hamilton-uk-20260928/annual-members-of-hamilton-park-handicap-race-7/overview,Hamilton,2026-09-28,Hamilton,"{'eventId': '3439217', 'overall': 'Soft', 'rating': None, 'surface': 'Turf', '__typename': 'TrackCondition'}",7,Annual Members Of Hamilton Park Handicap,2428,"3YO+, Class 6, Handicap, Class 6, Handicap",12991,10,False,,10,8,Sunnysideofdstreet,3,Filly,ch,Counterattack,Sworn Mum,,54,,Joanna Mason,J P O'Brien,3:0-0-0,0,0,-100,12,151,0,289,,,,,,o,3.9,,13,3,2.7,2.7,0.0,,,
https://www.racenet.com.au/form-guide/horse-racing/hamilton-uk-20260928/barbara-ann-letham-and-son-johnathan-memorial-handicap-race-5/overview,Hamilton,2026-09-28,Hamilton,"{'eventId': '3439215', 'overall': 'Soft', 'rating': None, 'surface': 'Turf', '__typename': 'TrackCondition'}",5,Barbara Ann Letham And Son Johnathan Memorial Handicap,1012,"3YO+, Class 3, Handicap, Class 3, Handicap",46395,10,False,,1,3,Gaeli,5,Gelding,b,Exceed And Excel,Cralegre,,63.5,,Kevin Stott,P A Kirby,6:1-0-0,17,17,333,10,51,13,51,,,,,,don,31.0,,13,5,26,26,0.0,,,
https://www.racenet.com.au/form-guide/horse-racing/hamilton-uk-20260928/barbara-ann-letham-and-son-johnathan-memorial-handicap-race-5/overview,Hamilton,2026-09-28,Hamilton,"{'eventId': '3439215', 'overall': 'Soft', 'rating': None, 'surface': 'Turf', '__typename': 'TrackCondition'}",5,Barbara Ann Letham And Son Johnathan Memorial Handicap,1012,"3YO+, Class 3, Handicap, Class 3, Handicap",46395,10,False,,2,6,Jordan Electrics,10,Gelding,b,Dandy Man,Ruby Slippers,,61.75,,P Mulrennan,J S Goldie,95:18-9-8,19,37,-4,1,4.5,17,7,,,,,,tcdsn,7.0,,14,4,6,6.5,8.3,,,
https://www.racenet.com.au/form-guide/horse-racing/hamilton-uk-20260928/barbara-ann-letham-and-son-johnathan-memorial-handicap-race-5/overview,Hamilton,2026-09-28,Hamilton,"{'eventId': '3439215', 'overall': 'Soft', 'rating': None, 'surface': 'Turf', '__typename': 'TrackCondition'}",5,Barbara Ann Letham And Son Johnathan Memorial Handicap,1012,"3YO+, Class 3, Handicap, Class 3, Handicap",46395,10,False,,3,1,Topwarrior,4,Gelding,b,Sergei Prokofiev,Squash,,60.25,,Hector Crouch,R M Beckett,13:2-3-1,15,46,100,8,21,21,15,,,,,,sn,10.0,,14,4,9,9.5,5.6,,,
https://www.racenet.com.au/form-guide/horse-racing/hamilton-uk-20260928/barbara-ann-letham-and-son-johnathan-memorial-handicap-race-5/overview,Hamilton,2026-09-28,Hamilton,"{'eventId': '3439215', 'overall': 'Soft', 'rating': None, 'surface': 'Turf', '__typename': 'TrackCondition'}",5,Barbara Ann Letham And Son Johnathan Memorial Handicap,1012,"3YO+, Class 3, Handicap, Class 3, Handicap",46395,10,False,,4,8,Francisco's Piece,4,Gelding,b,Mayson,Josefa Goya,,59.75,,Mikey Sheehy,A Keatley,22:3-4-1,14,36,-36,6,19,12,10,,,,,,dsn,4.2,,15,11,4.5,3.9,-13.3,,,
https://www.racenet.com.au/form-guide/horse-racing/hamilton-uk-20260928/barbara-ann-letham-and-son-johnathan-memorial-handicap-race-5/overview,Hamilton,2026-09-28,Hamilton,"{'eventId': '3439215', 'overall': 'Soft', 'rating': None, 'surface': 'Turf', '__typename': 'TrackCondition'}",5,Barbara Ann Letham And Son Johnathan Memorial Handicap,1012,"3YO+, Class 3, Handicap, Class 3, Handicap",46395,10,False,,5,5,City Captain,4,Gelding,b,Aclaim,City Girl,,59,,Daniel Tudhope,H Bethell,17:5-3-1,29,53,-14,2,2.2,38,7,,,,,,tsbn,2.85,,13,7,2.7,2.6,-3.7,,,
https://www.racenet.com.au/form-guide/horse-racing/hamilton-uk-20260928/barbara-ann-letham-and-son-johnathan-memorial-handicap-race-5/overview,Hamilton,2026-09-28,Hamilton,"{'eventId': '3439215', 'overall': 'Soft', 'rating': None, 'surface': 'Turf', '__typename': 'TrackCondition'}",5,Barbara Ann Letham And Son Johnathan Memorial Handicap,1012,"3YO+, Class 3, Handicap, Class 3, Handicap",46395,10,False,,6,9,Changeofmind,6,Gelding,ch,Sioux Nation,Dusty,,58.5,,Zak Wheatley,D Carroll,26:3-2-2,12,27,-10,10,34,10,15,,,,,,dson,23.0,,13,3,17,16,-5.9,,,
https://www.racenet.com.au/form-guide/horse-racing/hamilton-uk-20260928/barbara-ann-letham-and-son-johnathan-memorial-handicap-race-5/overview,Hamilton,2026-09-28,Hamilton,"{'eventId': '3439215', 'overall': 'Soft', 'rating': None, 'surface': 'Turf', '__typename': 'TrackCondition'}",5,Barbara Ann Letham And Son Johnathan Memorial Handicap,1012,"3YO+, Class 3, Handicap, Class 3, Handicap",46395,10,False,,7,7,Temple Of Athena,3,Filly,b,Magna Grecia,Dance Hall Girl,,58,,Tom Kiely-marshall,B Ellison,17:3-0-3,18,35,74,3,8,6,9,,,,,,dsn,13.0,,13,3,10,10,0.0,,,
https://www.racenet.com.au/form-guide/horse-racing/hamilton-uk-20260928/barbara-ann-letham-and-son-johnathan-memorial-handicap-race-5/overview,Hamilton,2026-09-28,Hamilton,"{'eventId': '3439215', 'overall': 'Soft', 'rating': None, 'surface': 'Turf', '__typename': 'TrackCondition'}",5,Barbara Ann Letham And Son Johnathan Memorial Handicap,1012,"3YO+, Class 3, Handicap, Class 3, Handicap",46395,10,False,,8,4,Dandy Magic,4,Filly,ch,Dandy Man,Magic Mirror,,56.75,,Lauren Young,J S Goldie,31:4-2-5,13,35,68,4,9,12,2,,,,,,tdsn,7.0,,14,8,9,6,-33.3,,,
https://www.racenet.com.au/form-guide/horse-racing/hamilton-uk-20260928/barbara-ann-letham-and-son-johnathan-memorial-handicap-race-5/overview,Hamilton,2026-09-28,Hamilton,"{'eventId': '3439215', 'overall': 'Soft', 'rating': None, 'surface': 'Turf', '__typename': 'TrackCondition'}",5,Barbara Ann Letham And Son Johnathan Memorial Handicap,1012,"3YO+, Class 3, Handicap, Class 3, Handicap",46395,10,False,,9,2,Parisiac,7,Gelding,b,Kodiac,Colgin,,55.75,,Jack Nicholls,I Jardine,69:10-10-8,14,41,84,9,29,26,22,,,,,,tcdshn(D/A),18.0,,13,3,16,16,0.0,,,
https://www.racenet.com.au/form-guide/horse-racing/hamilton-uk-20260928/barbara-ann-letham-and-son-johnathan-memorial-handicap-race-5/overview,Hamilton,2026-09-28,Hamilton,"{'eventId': '3439215', 'overall': 'Soft', 'rating': None, 'surface': 'Turf', '__typename': 'TrackCondition'}",5,Barbara Ann Letham And Son Johnathan Memorial Handicap,1012,"3YO+, Class 3, Handicap, Class 3, Handicap",46395,10,False,,10,10,Copper Knight,12,Gelding,b,Sir Prancealot,Mystic Dream,,55.25,,D Fentiman,T D Easterby,126:20-13-8,16,33,23,1,3.25,6,9,,,,,,dsn,16.0,,13,5,11,13,18.2,,,
https://www.racenet.com.au/form-guide/horse-racing/hamilton-uk-20260928/clearwater-dc-ltd-environmental-solutions-amateur-jockeys-handicap-race-1/overview,Hamilton,2026-09-28,Hamilton,"{'eventId': '3439209', 'overall': 'Soft', 'rating': None, 'surface': 'Turf', '__typename': 'TrackCondition'}",1,Clearwater Dc Ltd Environmental Solutions Amateur Jockeys' Handicap,1212,"4YO+, Class 5, Handicap, Class 5, Handicap",14529,6,False,,1,2,Annie Edson Taylor,5,Mare,b,Mayson,Rivalry,,72,,Pippa Brown,Phillip Makin,23:5-4-3,22,52,37,1,4.5,15,8,,,,,,tcdsn,2.45,,16,9,2.35,2.35,0.0,,,
https://www.racenet.com.au/form-guide/horse-racing/hamilton-uk-20260928/clearwater-dc-ltd-environmental-solutions-amateur-jockeys-handicap-race-1/overview,Hamilton,2026-09-28,Hamilton,"{'eventId': '3439209', 'overall': 'Soft', 'rating': None, 'surface': 'Turf', '__typename': 'TrackCondition'}",1,Clearwater Dc Ltd Environmental Solutions Amateur Jockeys' Handicap,1212,"4YO+, Class 5, Handicap, Class 5, Handicap",14529,6,False,,2,4,Maldevious,4,Filly,b,Kodi Bear,Piacere,,70.75,,Matt Brown,B Ellison,15:1-0-2,7,20,-43,4,13,10,22,,,,,,d,8.0,,13,5,7,7,0.0,,,
https://www.racenet.com.au/form-guide/horse-racing/hamilton-uk-20260928/clearwater-dc-ltd-environmental-solutions-amateur-jockeys-handicap-race-1/overview,Hamilton,2026-09-28,Hamilton,"{'eventId': '3439209', 'overall': 'Soft', 'rating': None, 'surface': 'Turf', '__typename': 'TrackCondition'}",1,Clearwater Dc Ltd Environmental Solutions Amateur Jockeys' Handicap,1212,"4YO+, Class 5, Handicap, Class 5, Handicap",14529,6,False,,3,3,Thistle Nil,4,Gelding,b,U S Navy Flag,Souls In The Wind,,70.25,,Eireann Cagney,J S Goldie,8:2-0-0,25,25,2925,4,10,40,7,,,,,,tdsn,8.5,,16,7,13,8,-38.5,,,
https://www.racenet.com.au/form-guide/horse-racing/hamilton-uk-20260928/clearwater-dc-ltd-environmental-solutions-amateur-jockeys-handicap-race-1/overview,Hamilton,2026-09-28,Hamilton,"{'eventId': '3439209', 'overall': 'Soft', 'rating': None, 'surface': 'Turf', '__typename': 'TrackCondition'}",1,Clearwater Dc Ltd Environmental Solutions Amateur Jockeys' Handicap,1212,"4YO+, Class 5, Handicap, Class 5, Handicap",14529,6,False,,4,6,Lumenbourg,5,Gelding,b,Aclaim,Unilit,,69,,P Barlow,J A Camacho,27:4-4-7,15,56,42,2,6.5,0,25,,,,,,dsn,4.6,,16,4,4.5,4.2,-6.7,,,
https://www.racenet.com.au/form-guide/horse-racing/hamilton-uk-20260928/clearwater-dc-ltd-environmental-solutions-amateur-jockeys-handicap-race-1/overview,Hamilton,2026-09-28,Hamilton,"{'eventId': '3439209', 'overall': 'Soft', 'rating': None, 'surface': 'Turf', '__typename': 'TrackCondition'}",1,Clearwater Dc Ltd Environmental Solutions Amateur Jockeys' Handicap,1212,"4YO+, Class 5, Handicap, Class 5, Handicap",14529,6,False,,5,5,Punchbowl Flyer,9,Gelding,b,Dream Ahead,All On Red,,68.5,,Brodie Hampson,J G M O'Shea,70:10-6-3,14,27,0,4,15,6,21,,,,,,dshn,10.0,,13,8,9,9.5,5.6,,,
https://www.racenet.com.au/form-guide/horse-racing/hamilton-uk-20260928/clearwater-dc-ltd-environmental-solutions-amateur-jockeys-handicap-race-1/overview,Hamilton,2026-09-28,Hamilton,"{'eventId': '3439209', 'overall': 'Soft', 'rating': None, 'surface': 'Turf', '__typename': 'TrackCondition'}",1,Clearwater Dc Ltd Environmental Solutions Amateur Jockeys' Handicap,1212,"4YO+, Class 5, Handicap, Class 5, Handicap",14529,6,False,,6,1,Bay Breeze,7,Gelding,b,Buratino,Midnight Mojito,,67.5,,Rebecca Burley,T D Easterby,65:9-3-11,14,35,-20,1,3.75,25,7,,,,,,tcdsn,4.5,,13,3,4.5,4.4,-2.2,,,
https://www.racenet.com.au/form-guide/horse-racing/hamilton-uk-20260928/john-mackenzie-and-hamish-macgregor-memorial-handicap-race-4/overview,Hamilton,2026-09-28,Hamilton,"{'eventId': '3439214', 'overall': 'Soft', 'rating': None, 'surface': 'Turf', '__typename': 'TrackCondition'}",4,John Mackenzie And Hamish Macgregor Memorial Handicap,1672,"3YO+, Class 3, Handicap, Class 3, Handicap",46395,13,False,,1,3,El Matador,4,Gelding,ch,Lope De Vega,Bulrushes,,63.5,,Hector Crouch,R M Beckett,10:2-3-2,20,70,-68,3,7.5,21,95,,,,,,,4.4,,13,5,3.7,4,8.1,,,
https://www.racenet.com.au/form-guide/horse-racing/hamilton-uk-20260928/john-mackenzie-and-hamish-macgregor-memorial-handicap-race-4/overview,Hamilton,2026-09-28,Hamilton,"{'eventId': '3439214', 'overall': 'Soft', 'rating': None, 'surface': 'Turf', '__typename': 'TrackCondition'}",4,John Mackenzie And Hamish Macgregor Memorial Handicap,1672,"3YO+, Class 3, Handicap, Class 3, Handicap",46395,13,False,,2,6,Thunder Roar,7,Gelding,ch,Night Of Thunder,Dominike,,62.5,,Derek Nolan,T Coyle & K Wood,35:5-6-4,14,43,-14,7,6.5,12,9,,,,,,shn,15.0,,14,5,13,12,-7.7,,,
https://www.racenet.com.au/form-guide/horse-racing/hamilton-uk-20260928/john-mackenzie-and-hamish-macgregor-memorial-handicap-race-4/overview,Hamilton,2026-09-28,Hamilton,"{'eventId': '3439214', 'overall': 'Soft', 'rating': None, 'surface': 'Turf', '__typename': 'TrackCondition'}",4,John Mackenzie And Hamish Macgregor Memorial Handicap,1672,"3YO+, Class 3, Handicap, Class 3, Handicap",46395,13,False,,3,7,Impartiality,4,Gelding,b,Sergei Prokofiev,Fair's Fair,,62.5,,Shane Gray,Phillip Makin,21:3-6-3,14,57,43,3,4,3,11,,,,,,tcdn,5.25,,14,3,6,5,-16.7,,,
https://www.racenet.com.au/form-guide/horse-racing/hamilton-uk-20260928/john-mackenzie-and-hamish-macgregor-memorial-handicap-race-4/overview,Hamilton,2026-09-28,Hamilton,"{'eventId': '3439214', 'overall': 'Soft', 'rating': None, 'surface': 'Turf', '__typename': 'TrackCondition'}",4,John Mackenzie And Hamish Macgregor Memorial Handicap,1672,"3YO+, Class 3, Handicap, Class 3, Handicap",46395,13,False,,4,1,Sujet,4,Gelding,b,Frankel,Tendu,,62.25,,Zak Wheatley,D Carroll,15:2-2-1,13,33,-12,9,21,10,16,,,,,,dn,23.0,,14,7,19,21,10.5,,,
https://www.racenet.com.au/form-guide/horse-racing/hamilton-uk-20260928/john-mackenzie-and-hamish-macgregor-memorial-handicap-race-4/overview,Hamilton,2026-09-28,Hamilton,"{'eventId': '3439214', 'overall': 'Soft', 'rating': None, 'surface': 'Turf', '__typename': 'TrackCondition'}",4,John Mackenzie And Hamish Macgregor Memorial Handicap,1672,"3YO+, Class 3, Handicap, Class 3, Handicap",46395,13,False,,5,9,Strength Of Spirit,3,Gelding,b,Ulysses,Tallow,,61.25,,Jack Nicholls,K R Burke,13:4-1-2,31,54,109,10,12,12,18,,,,,,ton,10.0,,13,4,8.5,9,5.9,,,
https://www.racenet.com.au/form-guide/horse-racing/hamilton-uk-20260928/john-mackenzie-and-hamish-macgregor-memorial-handicap-race-4/overview,Hamilton,2026-09-28,Hamilton,"{'eventId': '3439214', 'overall': 'Soft', 'rating': None, 'surface': 'Turf', '__typename': 'TrackCondition'}",4,John Mackenzie And Hamish Macgregor Memorial Handicap,1672,"3YO+, Class 3, Handicap, Class 3, Handicap",46395,13,False,,6,4,Rhoscolyn,8,Gelding,b,Territories,Zeyran,,61.25,,Daniel Tudhope,D O'Meara,81:10-8-7,12,31,-24,2,3.25,15,23,,,,,,shbn,6.0,,13,7,5,5,0.0,,,
https://www.racenet.com.au/form-guide/horse-racing/hamilton-uk-20260928/john-mackenzie-and-hamish-macgregor-memorial-handicap-race-4/overview,Hamilton,2026-09-28,Hamilton,"{'eventId': '3439214', 'overall': 'Soft', 'rating': None, 'surface': 'Turf', '__typename': 'TrackCondition'}",4,John Mackenzie And Hamish Macgregor Memorial Handicap,1672,"3YO+, Class 3, Handicap, Class 3, Handicap",46395,13,False,,7,5,Hot Cash,4,Gelding,b,Too Darn Hot,Spirit Of Appin,,60.25,,Kevin Stott,J Channon,19:2-5-1,11,42,-45,2,5,50,16,,,,,,sbn,9.0,,13,4,8,7.5,-6.2,,,
https://www.racenet.com.au/form-guide/horse-racing/hamilton-uk-20260928/john-mackenzie-and-hamish-macgregor-memorial-handicap-race-4/overview,Hamilton,2026-09-28,Hamilton,"{'eventId': '3439214', 'overall': 'Soft', 'rating': None, 'surface': 'Turf', '__typename': 'TrackCondition'}",4,John Mackenzie And Hamish Macgregor Memorial Handicap,1672,"3YO+, Class 3, Handicap, Class 3, Handicap",46395,13,False,,8,8,Lir Speciale,7,Gelding,b,Prince Of Lir,Ma Bella Paola,,60.25,,Jason Hart,B Ellison,40:6-4-5,15,38,-34,10,8.5,0,22,,,,,,son,12.0,,13,4,9,11,22.2,,,
https://www.racenet.com.au/form-guide/horse-racing/hamilton-uk-20260928/john-mackenzie-and-hamish-macgregor-memorial-handicap-race-4/overview,Hamilton,2026-09-28,Hamilton,"{'eventId': '3439214', 'overall': 'Soft', 'rating': None, 'surface': 'Turf', '__typename': 'TrackCondition'}",4,John Mackenzie And Hamish Macgregor Memorial Handicap,1672,"3YO+, Class 3, Handicap, Class 3, Handicap",46395,13,False,,9,12,Milteye,6,Gelding,b,Cable Bay,Fondie,,59.75,,Ethan Tindall,H Bethell,31:5-5-4,16,45,-38,6,5.5,36,11,,,,,,dsn,21.0,,13,7,15,19,26.7,,,
https://www.racenet.com.au/form-guide/horse-racing/hamilton-uk-20260928/john-mackenzie-and-hamish-macgregor-memorial-handicap-race-4/overview,Hamilton,2026-09-28,Hamilton,"{'eventId': '3439214', 'overall': 'Soft', 'rating': None, 'surface': 'Turf', '__typename': 'TrackCondition'}",4,John Mackenzie And Hamish Macgregor Memorial Handicap,1672,"3YO+, Class 3, Handicap, Class 3, Handicap",46395,13,False,,10,13,Callisto Dream,4,Filly,b,Kodi Bear,Starlight Romance,,58,,O J Orr,E Bethell,9:3-0-2,33,56,18,8,21,23,22,,,,,,sn,19.0,,13,4,14,13,-7.1,,,
https://www.racenet.com.au/form-guide/horse-racing/hamilton-uk-20260928/john-mackenzie-and-hamish-macgregor-memorial-handicap-race-4/overview,Hamilton,2026-09-28,Hamilton,"{'eventId': '3439214', 'overall': 'Soft', 'rating': None, 'surface': 'Turf', '__typename': 'TrackCondition'}",4,John Mackenzie And Hamish Macgregor Memorial Handicap,1672,"3YO+, Class 3, Handicap, Class 3, Handicap",46395,13,False,,11,2,Daydreama,3,Gelding,b,Dream Ahead,Social Media,,58,,David Allan,T D Easterby,16:2-2-3,13,44,-66,12,41,11,22,,,,,,on,18.0,,13,7,21,16,-23.8,,,
https://www.racenet.com.au/form-guide/horse-racing/hamilton-uk-20260928/john-mackenzie-and-hamish-macgregor-memorial-handicap-race-4/overview,Hamilton,2026-09-28,Hamilton,"{'eventId': '3439214', 'overall': 'Soft', 'rating': None, 'surface': 'Turf', '__typename': 'TrackCondition'}",4,John Mackenzie And Hamish Macgregor Memorial Handicap,1672,"3YO+, Class 3, Handicap, Class 3, Handicap",46395,13,False,,12,10,Good Morning Alex,5,Gelding,b,Land Force,Secret Charge,,57.25,,Connor Beasley,T D Barron,28:8-1-1,29,36,168,1,23,14,8,,,,,,tcdsn,10.0,,15,2,8.5,9,5.9,,,
https://www.racenet.com.au/form-guide/horse-racing/hamilton-uk-20260928/john-mackenzie-and-hamish-macgregor-memorial-handicap-race-4/overview,Hamilton,2026-09-28,Hamilton,"{'eventId': '3439214', 'overall': 'Soft', 'rating': None, 'surface': 'Turf', '__typename': 'TrackCondition'}",4,John Mackenzie And Hamish Macgregor Memorial Handicap,1672,"3YO+, Class 3, Handicap, Class 3, Handicap",46395,13,False,,13,11,Geo,4,Filly,b,Mehmas,River Rock,,55,,Lauren Young,J S Goldie,25:3-3-1,12,28,4,1,8.5,12,11,,,,,,n,17.0,,14,7,12,14,16.7,,,
https://www.racenet.com.au/form-guide/horse-racing/hamilton-uk-20260928/moira-stein-memorial-ebf-restricted-maiden-stakes-gbb-race-race-2/overview,Hamilton,2026-09-28,Hamilton,"{'eventId': '3439212', 'overall': 'Soft', 'rating': None, 'surface': 'Turf', '__typename': 'TrackCondition'}",2,Moira Stein Memorial Ebf Restricted Maiden Stakes (Gbb Race),1012,"2YO, Class 4, Class 4, Maiden",21341,6,False,,1,6,Cyberspace,2,Gelding,b,Harry Angel,Aerosphere,,60.25,,P Mulrennan,B Smart,2:0-1-0,0,50,-100,2,15,14,13,,,,,,,1.85,,13,8,1.8,1.75,-2.8,,,
https://www.racenet.com.au/form-guide/horse-racing/hamilton-uk-20260928/moira-stein-memorial-ebf-restricted-maiden-stakes-gbb-race-race-2/overview,Hamilton,2026-09-28,Hamilton,"{'eventId': '3439212', 'overall': 'Soft', 'rating': None, 'surface': 'Turf', '__typename': 'TrackCondition'}",2,Moira Stein Memorial Ebf Restricted Maiden Stakes (Gbb Race),1012,"2YO, Class 4, Class 4, Maiden",21341,6,False,,2,1,Kompozitor,2,Gelding,b,Sergei Prokofiev,Reticent,,59,,Connor Beasley,T D Barron,2:0-0-0,0,0,-100,4,23,14,12,,,,,,,7.5,,15,7,6.5,7,7.7,,,
https://www.racenet.com.au/form-guide/horse-racing/hamilton-uk-20260928/moira-stein-memorial-ebf-restricted-maiden-stakes-gbb-race-race-2/overview,Hamilton,2026-09-28,Hamilton,"{'eventId': '3439212', 'overall': 'Soft', 'rating': None, 'surface': 'Turf', '__typename': 'TrackCondition'}",2,Moira Stein Memorial Ebf Restricted Maiden Stakes (Gbb Race),1012,"2YO, Class 4, Class 4, Maiden",21341,6,False,,3,3,Ponte Carlo,2,Gelding,b,Soldier's Call,Ponty Acclaim,,59,,David Allan,T D Easterby,7:0-0-2,0,29,-100,4,17,11,19,,,,,,,4.5,,14,8,5,3.4,-32.0,,,
https://www.racenet.com.au/form-guide/horse-racing/hamilton-uk-20260928/moira-stein-memorial-ebf-restricted-maiden-stakes-gbb-race-race-2/overview,Hamilton,2026-09-28,Hamilton,"{'eventId': '3439212', 'overall': 'Soft', 'rating': None, 'surface': 'Turf', '__typename': 'TrackCondition'}",2,Moira Stein Memorial Ebf Restricted Maiden Stakes (Gbb Race),1012,"2YO, Class 4, Class 4, Maiden",21341,6,False,,4,2,Youngheartsrunfree,2,Colt,b,Soldier's Call,Effusive,,59,,Zak Wheatley,D Carroll,1:0-0-0,0,0,-100,5,41,10,12,,,,,,,5.0,,14,7,5,5,0.0,,,
https://www.racenet.com.au/form-guide/horse-racing/hamilton-uk-20260928/moira-stein-memorial-ebf-restricted-maiden-stakes-gbb-race-race-2/overview,Hamilton,2026-09-28,Hamilton,"{'eventId': '3439212', 'overall': 'Soft', 'rating': None, 'surface': 'Turf', '__typename': 'TrackCondition'}",2,Moira Stein Memorial Ebf Restricted Maiden Stakes (Gbb Race),1012,"2YO, Class 4, Class 4, Maiden",21341,6,False,,5,4,Justice Time,2,Filly,b,Inns Of Court,No It's Time,,56.75,,Tom Kiely-marshall,B Ellison,3:0-0-0,0,0,-100,10,51,6,12,,,,,,o,31.0,,13,4,23,26,13.0,,,
https://www.racenet.com.au/form-guide/horse-racing/hamilton-uk-20260928/moira-stein-memorial-ebf-restricted-maiden-stakes-gbb-race-race-2/overview,Hamilton,2026-09-28,Hamilton,"{'eventId': '3439212', 'overall': 'Soft', 'rating': None, 'surface': 'Turf', '__typename': 'TrackCondition'}",2,Moira Stein Memorial Ebf Restricted Maiden Stakes (Gbb Race),1012,"2YO, Class 4, Class 4, Maiden",21341,6,False,,6,5,Valentina Bonita,2,Filly,b,Space Traveller,Ola Bonita,,56.75,,Billy Garritty,M & D Easterby,1:0-0-0,0,0,-100,6,81,10,12,,,,,,,21.0,,14,7,29,10,-65.5,,,
https://www.racenet.com.au/form-guide/horse-racing/hamilton-uk-20260928/phoenix-drilling-ground-investigation-handicap-race-6/overview,Hamilton,2026-09-28,Hamilton,"{'eventId': '3439216', 'overall': 'Soft', 'rating': None, 'surface': 'Turf', '__typename': 'TrackCondition'}",6,Phoenix Drilling Ground Investigation Handicap,1012,"3YO+, Class 5, Handicap, Class 5, Handicap",14848,8,False,,1,2,Roach Power,7,Gelding,gr,Ribchester,Evening Time,,62.5,,P Mulrennan,M Wigham,51:8-5-8,16,41,-29,7,21,7,2,,,,,,dsn,4.2,,13,7,5.5,3.8,-30.9,,,
https://www.racenet.com.au/form-guide/horse-racing/hamilton-uk-20260928/phoenix-drilling-ground-investigation-handicap-race-6/overview,Hamilton,2026-09-28,Hamilton,"{'eventId': '3439216', 'overall': 'Soft', 'rating': None, 'surface': 'Turf', '__typename': 'TrackCondition'}",6,Phoenix Drilling Ground Investigation Handicap,1012,"3YO+, Class 5, Handicap, Class 5, Handicap",14848,8,False,,2,8,Thunderstorm Katie,5,Mare,b,Muhaarar,Firenze,,62.5,,Lauren Young,J S Goldie,39:6-5-1,15,31,-2,4,4,12,8,,,,,,tcdsbn,6.5,,15,7,6,6,0.0,,,
https://www.racenet.com.au/form-guide/horse-racing/hamilton-uk-20260928/phoenix-drilling-ground-investigation-handicap-race-6/overview,Hamilton,2026-09-28,Hamilton,"{'eventId': '3439216', 'overall': 'Soft', 'rating': None, 'surface': 'Turf', '__typename': 'TrackCondition'}",6,Phoenix Drilling Ground Investigation Handicap,1012,"3YO+, Class 5, Handicap, Class 5, Handicap",14848,8,False,,3,3,Great Profit,3,Gelding,b,Profitable,Piccola Sissi,,62.25,,Barry McHugh,S Hanlon,10:1-3-1,10,50,-55,12,8.5,0,11,,,,,,o,11.0,,14,7,9,10,11.1,,,
https://www.racenet.com.au/form-guide/horse-racing/hamilton-uk-20260928/phoenix-drilling-ground-investigation-handicap-race-6/overview,Hamilton,2026-09-28,Hamilton,"{'eventId': '3439216', 'overall': 'Soft', 'rating': None, 'surface': 'Turf', '__typename': 'TrackCondition'}",6,Phoenix Drilling Ground Investigation Handicap,1012,"3YO+, Class 5, Handicap, Class 5, Handicap",14848,8,False,,4,1,Vince L'amour,5,Gelding,b,Invincible Army,Red Romance,,61.75,,David Allan,T D Easterby,46:5-6-4,11,33,-18,6,9.5,11,11,,,,,,dshn,4.5,,15,7,4,4.2,5.0,,,
https://www.racenet.com.au/form-guide/horse-racing/hamilton-uk-20260928/phoenix-drilling-ground-investigation-handicap-race-6/overview,Hamilton,2026-09-28,Hamilton,"{'eventId': '3439216', 'overall': 'Soft', 'rating': None, 'surface': 'Turf', '__typename': 'TrackCondition'}",6,Phoenix Drilling Ground Investigation Handicap,1012,"3YO+, Class 5, Handicap, Class 5, Handicap",14848,8,False,,5,5,Solid Bond,4,Filly,b,Profitable,Flick Show,,57.25,,Zak Wheatley,D Carroll,12:1-0-3,8,33,-17,9,8,10,8,,,,,,dn,13.0,,14,10,20,10,-50.0,,,
https://www.racenet.com.au/form-guide/horse-racing/hamilton-uk-20260928/phoenix-drilling-ground-investigation-handicap-race-6/overview,Hamilton,2026-09-28,Hamilton,"{'eventId': '3439216', 'overall': 'Soft', 'rating': None, 'surface': 'Turf', '__typename': 'TrackCondition'}",6,Phoenix Drilling Ground Investigation Handicap,1012,"3YO+, Class 5, Handicap, Class 5, Handicap",14848,8,False,,6,7,Impressor,9,Gelding,b,Footstepsinthesand,Little Empress,,57.25,,Connor Beasley,Phillip Makin,82:9-10-11,11,37,-55,1,3.5,27,8,,,,,,tcdsn,4.5,,15,9,3.9,4.2,7.7,,,
https://www.racenet.com.au/form-guide/horse-racing/hamilton-uk-20260928/phoenix-drilling-ground-investigation-handicap-race-6/overview,Hamilton,2026-09-28,Hamilton,"{'eventId': '3439216', 'overall': 'Soft', 'rating': None, 'surface': 'Turf', '__typename': 'TrackCondition'}",6,Phoenix Drilling Ground Investigation Handicap,1012,"3YO+, Class 5, Handicap, Class 5, Handicap",14848,8,False,,7,6,Supremissy,3,Filly,b,Supremacy,Divine Celt,,55,,Andrew Mullen,I Jardine,9:1-1-1,11,33,222,2,9.5,10,8,,,,,,dn,6.0,,14,6,5,5.5,10.0,,,
https://www.racenet.com.au/form-guide/horse-racing/hamilton-uk-20260928/phoenix-drilling-ground-investigation-handicap-race-6/overview,Hamilton,2026-09-28,Hamilton,"{'eventId': '3439216', 'overall': 'Soft', 'rating': None, 'surface': 'Turf', '__typename': 'TrackCondition'}",6,Phoenix Drilling Ground Investigation Handicap,1012,"3YO+, Class 5, Handicap, Class 5, Handicap",14848,8,False,,8,4,Never Dark,9,Gelding,b,No Nay Never,Dark Missile,,54,,Alex Jary,I Jardine,85:9-8-13,11,35,-33,17,15,9,11,,,,,,tcdson,14.0,,13,6,11,12,9.1,,,
https://www.racenet.com.au/form-guide/horse-racing/hamilton-uk-20260928/rotary-club-east-kilbride-nursery-selling-handicap-race-3/overview,Hamilton,2026-09-28,Hamilton,"{'eventId': '3439213', 'overall': 'Soft', 'rating': None, 'surface': 'Turf', '__typename': 'TrackCondition'}",3,Rotary Club East Kilbride Nursery Selling Handicap,1212,"2YO, Class 5, Handicap, Class 5, Handicap",14848,7,False,,1,3,Or Another,2,Gelding,gr,Dark Angel,Playback,,61.25,,Jason Hart,K Scott,6:0-0-2,0,33,-100,9,34,11,23,,,,,,o,6.5,,13,4,6,5.5,-8.3,,,
https://www.racenet.com.au/form-guide/horse-racing/hamilton-uk-20260928/rotary-club-east-kilbride-nursery-selling-handicap-race-3/overview,Hamilton,2026-09-28,Hamilton,"{'eventId': '3439213', 'overall': 'Soft', 'rating': None, 'surface': 'Turf', '__typename': 'TrackCondition'}",3,Rotary Club East Kilbride Nursery Selling Handicap,1212,"2YO, Class 5, Handicap, Class 5, Handicap",14848,7,False,,2,6,Fern Clyde,2,Filly,ch,Lope Y Fernandez,Queenoftheclyde,,60.75,,David Allan,T D Easterby,9:1-0-2,11,33,-56,5,4.33,11,13,,,,,,dbn,2.55,,14,7,2.35,2.3,-2.1,,,
https://www.racenet.com.au/form-guide/horse-racing/hamilton-uk-20260928/rotary-club-east-kilbride-nursery-selling-handicap-race-3/overview,Hamilton,2026-09-28,Hamilton,"{'eventId': '3439213', 'overall': 'Soft', 'rating': None, 'surface': 'Turf', '__typename': 'TrackCondition'}",3,Rotary Club East Kilbride Nursery Selling Handicap,1212,"2YO, Class 5, Handicap, Class 5, Handicap",14848,7,False,,3,7,Dadawada,2,Filly,b,Kodiac,Nyanga,,56.25,,Zak Wheatley,C N Kellett,4:0-0-0,0,0,-100,10,51,0,14,,,,,,o,7.5,,14,6,7.5,6.5,-13.3,,,
https://www.racenet.com.au/form-guide/horse-racing/hamilton-uk-20260928/rotary-club-east-kilbride-nursery-selling-handicap-race-3/overview,Hamilton,2026-09-28,Hamilton,"{'eventId': '3439213', 'overall': 'Soft', 'rating': None, 'surface': 'Turf', '__typename': 'TrackCondition'}",3,Rotary Club East Kilbride Nursery Selling Handicap,1212,"2YO, Class 5, Handicap, Class 5, Handicap",14848,7,False,,4,4,Lady Titania,2,Filly,ch,Showcasing,Eminently,,55.25,,Jack Nicholls,K R Burke,4:0-0-0,0,0,-100,7,10,12,20,,,,,,,9.0,,14,2,8.5,8,-5.9,,,
https://www.racenet.com.au/form-guide/horse-racing/hamilton-uk-20260928/rotary-club-east-kilbride-nursery-selling-handicap-race-3/overview,Hamilton,2026-09-28,Hamilton,"{'eventId': '3439213', 'overall': 'Soft', 'rating': None, 'surface': 'Turf', '__typename': 'TrackCondition'}",3,Rotary Club East Kilbride Nursery Selling Handicap,1212,"2YO, Class 5, Handicap, Class 5, Handicap",14848,7,False,,5,1,Bonjour Belle,2,Filly,ch,Without Parole,Rock Me Baby,,54,,Tom Kiely-marshall,B Ellison,6:0-0-0,0,0,-100,4,13,6,35,,,,,,,5.5,,13,3,4.6,5,8.7,,,
https://www.racenet.com.au/form-guide/horse-racing/hamilton-uk-20260928/rotary-club-east-kilbride-nursery-selling-handicap-race-3/overview,Hamilton,2026-09-28,Hamilton,"{'eventId': '3439213', 'overall': 'Soft', 'rating': None, 'surface': 'Turf', '__typename': 'TrackCondition'}",3,Rotary Club East Kilbride Nursery Selling Handicap,1212,"2YO, Class 5, Handicap, Class 5, Handicap",14848,7,False,,6,2,Stay On Tab,2,Colt,b,Harry Angel,Exceedingly Sonic,,53,,Andrew Mullen,I Jardine,6:0-0-1,0,17,-100,5,151,10,25,,,,,,,7.5,,13,5,10,7,-30.0,,,
https://www.racenet.com.au/form-guide/horse-racing/hamilton-uk-20260928/rotary-club-east-kilbride-nursery-selling-handicap-race-3/overview,Hamilton,2026-09-28,Hamilton,"{'eventId': '3439213', 'overall': 'Soft', 'rating': None, 'surface': 'Turf', '__typename': 'TrackCondition'}",3,Rotary Club East Kilbride Nursery Selling Handicap,1212,"2YO, Class 5, Handicap, Class 5, Handicap",14848,7,False,,7,5,North Coates,2,Gelding,b,Belardo,Harvest Day,,52.25,,James P Sullivan,M & D Easterby,3:0-0-0,0,0,-100,7,151,6,17,,,,,,,11.0,,13,3,8,9.5,18.8,,,
https://www.racenet.com.au/form-guide/horse-racing/hipodromo-de-las-americas-mx-20260928/1-12f-stakes-race-1/overview,Hipodromo de las Americas,2026-09-28,Hipodromo de las Americas,"{'eventId': '3438115', 'overall': None, 'rating': None, 'surface': 'Dirt', '__typename': 'TrackCondition'}",1,1 1/2f Stakes,274,,,6,True,RESULTED,1,1,Bv Bina,4,Filly,Sorrel,Check On Chic,Bug In The Oak Tree,RESULTED,58,,M Bautista,J Rodriguez,7:0-1-2,0,43,-100,3,10,0,28,,,,,,,2.6,,5,4,2.8,2.45,-12.5,1,,1
https://www.racenet.com.au/form-guide/horse-racing/hipodromo-de-las-americas-mx-20260928/1-12f-stakes-race-1/overview,Hipodromo de las Americas,2026-09-28,Hipodromo de las Americas,"{'eventId': '3438115', 'overall': None, 'rating': None, 'surface': 'Dirt', '__typename': 'TrackCondition'}",1,1 1/2f Stakes,274,,,6,True,RESULTED,2,2,Peggy Mystery,8,Mare,CHESTNUT,Mr Queens Mystery,Peggy O Toole,RESULTED,58,,L Fernandez Pasten,A Pasten,14:0-2-3,0,36,-100,5,13,3,14,,,,,,,5.5,,5,3,4.2,5,19.0,4,,0
https://www.racenet.com.au/form-guide/horse-racing/hipodromo-de-las-americas-mx-20260928/1-12f-stakes-race-1/overview,Hipodromo de las Americas,2026-09-28,Hipodromo de las Americas,"{'eventId': '3438115', 'overall': None, 'rating': None, 'surface': 'Dirt', '__typename': 'TrackCondition'}",1,1 1/2f Stakes,274,,,6,True,RESULTED,3,3,Kracklin Rosie,3,Filly,CHESTNUT,Cyber Monday,Ring A Ring Of Roses,RESULTED,57.25,,H Mendoza,F Cabello,4:0-0-1,0,25,-100,9,3.75,8,28,,,,,,o,2.35,,5,4,2.2,2.15,-2.3,6,,0
https://www.racenet.com.au/form-guide/horse-racing/hipodromo-de-las-americas-mx-20260928/1-12f-stakes-race-1/overview,Hipodromo de las Americas,2026-09-28,Hipodromo de las Americas,"{'eventId': '3438115', 'overall': None, 'rating': None, 'surface': 'Dirt', '__typename': 'TrackCondition'}",1,1 1/2f Stakes,274,,,6,True,RESULTED,4,4,Vgc Romeo,3,Colt,BROWN,Secretzzoom,Slew By Nueve,RESULTED,57.25,,J Aburto,F Cabello,18:0-2-1,0,17,-100,3,2.87,0,21,,,,,,b,6.0,,5,5,5.5,6,9.1,3,,0
https://www.racenet.com.au/form-guide/horse-racing/hipodromo-de-las-americas-mx-20260928/1-12f-stakes-race-1/overview,Hipodromo de las Americas,2026-09-28,Hipodromo de las Americas,"{'eventId': '3438115', 'overall': None, 'rating': None, 'surface': 'Dirt', '__typename': 'TrackCondition'}",1,1 1/2f Stakes,274,,,6,True,RESULTED,5,5,Skyleronair,10,Gelding,CHESTNUT,Southern Corona,Jumpn Jessie,RESULTED,58,,J Cisneros Leyva,F Cabello,4:0-0-0,0,0,-100,4,3.25,13,21,,,,,,,14.0,,5,2,12,13,8.3,5,,0
https://www.racenet.com.au/form-guide/horse-racing/hipodromo-de-las-americas-mx-20260928/1-12f-stakes-race-1/overview,Hipodromo de las Americas,2026-09-28,Hipodromo de las Americas,"{'eventId': '3438115', 'overall': None, 'rating': None, 'surface': 'Dirt', '__typename': 'TrackCondition'}",1,1 1/2f Stakes,274,,,6,True,RESULTED,6,6,Mexican Fire Mc,3,Filly,BROWN,Trixter Six,Mongooseseparategirl,RESULTED,57.25,,E Jimenez,H Lopez,10:0-0-0,0,0,-100,5,3.75,13,21,,,,,,o,23.0,,5,3,17,19,11.8,2,,0
https://www.racenet.com.au/form-guide/horse-racing/hipodromo-de-las-americas-mx-20260928/1-12f-stakes-race-2/overview,Hipodromo de las Americas,2026-09-28,Hipodromo de las Americas,"{'eventId': '3438116', 'overall': None, 'rating': None, 'surface': 'Dirt', '__typename': 'TrackCondition'}",2,1 1/2f Stakes,320,,,7,True,RESULTED,1,1,The Line Rain,2,Gelding,BROWN,The Deadline,Oklahoma Rain,RESULTED,55.75,,E Jimenez,J Godinez,2:0-0-0,0,0,-100,7,13,0,21,,,,,,,26.0,,5,2,19,23,21.1,6,,0
https://www.racenet.com.au/form-guide/horse-racing/hipodromo-de-las-americas-mx-20260928/1-12f-stakes-race-2/overview,Hipodromo de las Americas,2026-09-28,Hipodromo de las Americas,"{'eventId': '3438116', 'overall': None, 'rating': None, 'surface': 'Dirt', '__typename': 'TrackCondition'}",2,1 1/2f Stakes,320,,,7,True,RESULTED,2,2,Dk Pistolero,2,Colt,CHESTNUT,Bullish One,La Paz,RESULTED,55.75,,J Cisneros Leyva,H Lopez,6:1-1-1,17,50,-100,2,4.5,0,21,,,,,,tcd,2.8,,5,4,2.6,2.75,5.8,2,,0
https://www.racenet.com.au/form-guide/horse-racing/hipodromo-de-las-americas-mx-20260928/1-12f-stakes-race-2/overview,Hipodromo de las Americas,2026-09-28,Hipodromo de las Americas,"{'eventId': '3438116', 'overall': None, 'rating': None, 'surface': 'Dirt', '__typename': 'TrackCondition'}",2,1 1/2f Stakes,320,,,7,True,RESULTED,3,3,Mr Classic Perry,2,Gelding,CHESTNUT,Moonshine Memory,La Gimena,RESULTED,55.75,,J Martinez,G Parra,5:0-1-1,0,40,-100,2,9,6,21,,,,,,,7.5,,5,2,6,7,16.7,3,,0
https://www.racenet.com.au/form-guide/horse-racing/hipodromo-de-las-americas-mx-20260928/1-12f-stakes-race-2/overview,Hipodromo de las Americas,2026-09-28,Hipodromo de las Americas,"{'eventId': '3438116', 'overall': None, 'rating': None, 'surface': 'Dirt', '__typename': 'TrackCondition'}",2,1 1/2f Stakes,320,,,7,True,RESULTED,4,4,Dk Reason Baby,2,Gelding,CHESTNUT,Danny Cartel,Ms Darlin Reason Sa,RESULTED,55.75,,A Estrada,A Carranza,4:1-0-1,25,50,-100,5,3.5,22,21,,,,,,t,3.6,,5,2,3.2,3.6,12.5,1,,1
https://www.racenet.com.au/form-guide/horse-racing/hipodromo-de-las-americas-mx-20260928/1-12f-stakes-race-2/overview,Hipodromo de las Americas,2026-09-28,Hipodromo de las Americas,"{'eventId': '3438116', 'overall': None, 'rating': None, 'surface': 'Dirt', '__typename': 'TrackCondition'}",2,1 1/2f Stakes,320,,,7,True,RESULTED,5,5,Hf Old Gemstone,2,Filly,CHESTNUT,Jess Is Back,Whos Kissin Who,RESULTED,55.75,,A Moreno,G Parra,3:0-0-0,0,0,-100,6,8,0,21,,,,,,,20.0,,5,2,15,18,20.0,4,,0
https://www.racenet.com.au/form-guide/horse-racing/hipodromo-de-las-americas-mx-20260928/1-12f-stakes-race-2/overview,Hipodromo de las Americas,2026-09-28,Hipodromo de las Americas,"{'eventId': '3438116', 'overall': None, 'rating': None, 'surface': 'Dirt', '__typename': 'TrackCondition'}",2,1 1/2f Stakes,320,,,7,True,RESULTED,6,6,Rg Doe Storm,2,Filly,CHESTNUT,Red Storm Cat,Favored,RESULTED,55.75,,M Lopez Marmolejo,C Serrano,8:1-0-1,13,25,-19,1,6.5,17,21,,,,,,tcdn,6.5,,5,2,5.5,6,9.1,7,,0
https://www.racenet.com.au/form-guide/horse-racing/hipodromo-de-las-americas-mx-20260928/1-12f-stakes-race-2/overview,Hipodromo de las Americas,2026-09-28,Hipodromo de las Americas,"{'eventId': '3438116', 'overall': None, 'rating': None, 'surface': 'Dirt', '__typename': 'TrackCondition'}",2,1 1/2f Stakes,320,,,7,True,RESULTED,7,7,Legendario Cat,2,Colt,GREY,Zulu Dragon,Lyndy Corona,RESULTED,55.75,,A Gomez Lopez,A Magdaleno,4:1-0-0,25,25,-100,5,6,22,35,,,,,,t,4.2,,5,2,3.7,4.2,13.5,5,,0
https://www.racenet.com.au/form-guide/horse-racing/hipodromo-de-las-americas-mx-20260928/1-12f-stakes-race-3/overview,Hipodromo de las Americas,2026-09-28,Hipodromo de las Americas,"{'eventId': '3438117', 'overall': None, 'rating': None, 'surface': 'Dirt', '__typename': 'TrackCondition'}",3,1 1/2f Stakes,320,,,7,True,RESULTED,1,1,Baccarat Sr,2,Filly,BROWN,Swingin Good Reason,One Slick Fire,RESULTED,55.75,,H Mendoza,V Sanchez,3:0-1-0,0,33,-100,5,7,0,35,,,,,,,3.2,,5,4,3.2,2.85,-10.9,2,,0
https://www.racenet.com.au/form-guide/horse-racing/hipodromo-de-las-americas-mx-20260928/1-12f-stakes-race-3/overview,Hipodromo de las Americas,2026-09-28,Hipodromo de las Americas,"{'eventId': '3438117', 'overall': None, 'rating': None, 'surface': 'Dirt', '__typename': 'TrackCondition'}",3,1 1/2f Stakes,320,,,7,True,RESULTED,2,2,Dk Sheraton,2,Filly,CHESTNUT,Bullish One,Sola Shes,RESULTED,55.75,,J Cisneros Leyva,J Aguilar,4:1-1-1,25,75,-100,2,3.25,14,21,,,,,,t,6.5,,5,2,6,5.5,-8.3,1,,1
https://www.racenet.com.au/form-guide/horse-racing/hipodromo-de-las-americas-mx-20260928/1-12f-stakes-race-3/overview,Hipodromo de las Americas,2026-09-28,Hipodromo de las Americas,"{'eventId': '3438117', 'overall': None, 'rating': None, 'surface': 'Dirt', '__typename': 'TrackCondition'}",3,1 1/2f Stakes,320,,,7,True,RESULTED,3,3,Rm Mayito,2,Colt,GREY,Jess Cant Wait,Luna De Plata,RESULTED,55.75,,A Moreno,P Roqueni,3:0-0-0,0,0,-100,7,13,0,21,,,,,,o,20.0,,5,3,13,16,23.1,7,,0
https://www.racenet.com.au/form-guide/horse-racing/hipodromo-de-las-americas-mx-20260928/1-12f-stakes-race-3/overview,Hipodromo de las Americas,2026-09-28,Hipodromo de las Americas,"{'eventId': '3438117', 'overall': None, 'rating': None, 'surface': 'Dirt', '__typename': 'TrackCondition'}",3,1 1/2f Stakes,320,,,7,True,RESULTED,4,4,Se Fire One,2,Filly,GREY,Wave Carver,Wine Down,RESULTED,55.75,,M Lopez Marmolejo,C Perez,2:1-0-0,50,50,125,1,4.5,25,35,,,,,,tcdn,11.0,,5,3,6,9,50.0,6,,0
https://www.racenet.com.au/form-guide/horse-racing/hipodromo-de-las-americas-mx-20260928/1-12f-stakes-race-3/overview,Hipodromo de las Americas,2026-09-28,Hipodromo de las Americas,"{'eventId': '3438117', 'overall': None, 'rating': None, 'surface': 'Dirt', '__typename': 'TrackCondition'}",3,1 1/2f Stakes,320,,,7,True,RESULTED,5,5,At Coronas Prizo,2,Colt,CHESTNUT,Coronas Bar,Ms Fast Prize Shonda,RESULTED,55.75,,L Fernandez Pasten,V Carapia,2:1-0-0,50,50,50,1,3,50,28,,,,,,tn,20.0,,5,5,10,16,60.0,5,,0
https://www.racenet.com.au/form-guide/horse-racing/hipodromo-de-las-americas-mx-20260928/1-12f-stakes-race-3/overview,Hipodromo de las Americas,2026-09-28,Hipodromo de las Americas,"{'eventId': '3438117', 'overall': None, 'rating': None, 'surface': 'Dirt', '__typename': 'TrackCondition'}",3,1 1/2f Stakes,320,,,7,True,RESULTED,6,6,Miss Storm Cat,2,Filly,CHESTNUT,Red Storm Cat,Miss Behavin Daze,RESULTED,55.75,,J Martinez,G Parra,4:1-0-0,25,25,-100,4,2.87,6,56,,,,,,t,12.0,,5,4,5.5,10,81.8,3,,0
https://www.racenet.com.au/form-guide/horse-racing/hipodromo-de-las-americas-mx-20260928/1-12f-stakes-race-3/overview,Hipodromo de las Americas,2026-09-28,Hipodromo de las Americas,"{'eventId': '3438117', 'overall': None, 'rating': None, 'surface': 'Dirt', '__typename': 'TrackCondition'}",3,1 1/2f Stakes,320,,,7,True,RESULTED,7,7,Kc Jess Krash,2,Filly,BROWN,Krash Cartel,Jess Blazin Queen,RESULTED,55.75,,A Estrada,L Solis,5:1-1-1,20,60,-100,7,3.75,0,35,,,,,,t,1.85,,5,4,2.3,1.65,-28.3,4,,0
https://www.racenet.com.au/form-guide/horse-racing/hipodromo-de-las-americas-mx-20260928/1-12f-stakes-race-4/overview,Hipodromo de las Americas,2026-09-28,Hipodromo de las Americas,"{'eventId': '3438118', 'overall': None, 'rating': None, 'surface': 'Dirt', '__typename': 'TrackCondition'}",4,1 1/2f Stakes,320,,,7,True,RESULTED,1,1,Red Stolen Show,2,Filly,GREY,Red Storm Cat,Stolen Show,RESULTED,55.75,,J Martinez,G Parra,5:1-1-1,20,60,-100,6,13,6,35,,,,,,t,9.5,,5,5,5.5,8,45.5,3,,0
https://www.racenet.com.au/form-guide/horse-racing/hipodromo-de-las-americas-mx-20260928/1-12f-stakes-race-4/overview,Hipodromo de las Americas,2026-09-28,Hipodromo de las Americas,"{'eventId': '3438118', 'overall': None, 'rating': None, 'surface': 'Dirt', '__typename': 'TrackCondition'}",4,1 1/2f Stakes,320,,,7,True,RESULTED,2,2,Dk Kiss My Danny,2,Gelding,CHESTNUT,Danny Cartel,Kiss My Crystals,RESULTED,55.75,,E Jimenez,L Solis,1:0-0-1,0,100,-100,3,,0,169,,,,,,,3.2,,5,3,3,2.8,-6.7,1,,1
https://www.racenet.com.au/form-guide/horse-racing/hipodromo-de-las-americas-mx-20260928/1-12f-stakes-race-4/overview,Hipodromo de las Americas,2026-09-28,Hipodromo de las Americas,"{'eventId': '3438118', 'overall': None, 'rating': None, 'surface': 'Dirt', '__typename': 'TrackCondition'}",4,1 1/2f Stakes,320,,,7,True,RESULTED,3,3,Californian Jess,2,Colt,CHESTNUT,California King,Jess Coronita,RESULTED,55.75,,M Morales,A Magdaleno,4:1-1-0,25,50,-38,8,26,0,21,,,,,,tcdn,18.0,,5,6,8,15,87.5,4,,0
https://www.racenet.com.au/form-guide/horse-racing/hipodromo-de-las-americas-mx-20260928/1-12f-stakes-race-4/overview,Hipodromo de las Americas,2026-09-28,Hipodromo de las Americas,"{'eventId': '3438118', 'overall': None, 'rating': None, 'surface': 'Dirt', '__typename': 'TrackCondition'}",4,1 1/2f Stakes,320,,,7,True,RESULTED,4,4,Sucesor Rooms,2,Colt,GREY,Tenampa Rooms,Ja Gols Mystique,RESULTED,55.75,,J Cisneros Leyva,C Serrano,3:0-0-0,0,0,-100,4,21,0,56,,,,,,,14.0,,5,4,13,11,-15.4,7,,0
https://www.racenet.com.au/form-guide/horse-racing/hipodromo-de-las-americas-mx-20260928/1-12f-stakes-race-4/overview,Hipodromo de las Americas,2026-09-28,Hipodromo de las Americas,"{'eventId': '3438118', 'overall': None, 'rating': None, 'surface': 'Dirt', '__typename': 'TrackCondition'}",4,1 1/2f Stakes,320,,,7,True,RESULTED,5,5,Guesswhoiam,2,Colt,CHESTNUT,Mr Eagle Master,Doyouknowhoiam,RESULTED,55.75,,O Cervantes Barrientos,L Ramirez,3:2-0-0,67,67,-100,7,,0,147,,,,,,t,16.0,,5,5,7.5,13,73.3,6,,0
https://www.racenet.com.au/form-guide/horse-racing/hipodromo-de-las-americas-mx-20260928/1-12f-stakes-race-4/overview,Hipodromo de las Americas,2026-09-28,Hipodromo de las Americas,"{'eventId': '3438118', 'overall': None, 'rating': None, 'surface': 'Dirt', '__typename': 'TrackCondition'}",4,1 1/2f Stakes,320,,,7,True,RESULTED,6,6,Kc Flyin Jess,2,Gelding,CHESTNUT,Krash Cartel,Jess Love To Fly,RESULTED,55.75,,A Estrada,A Carranza,4:2-0-0,50,50,-21,4,,22,35,,,,,,tcdn,1.65,,5,5,2.05,1.4,-31.7,2,,0
https://www.racenet.com.au/form-guide/horse-racing/hipodromo-de-las-americas-mx-20260928/1-12f-stakes-race-4/overview,Hipodromo de las Americas,2026-09-28,Hipodromo de las Americas,"{'eventId': '3438118', 'overall': None, 'rating': None, 'surface': 'Dirt', '__typename': 'TrackCondition'}",4,1 1/2f Stakes,320,,,7,True,RESULTED,7,7,Dk Fosse Gold,2,Gelding,CHESTNUT,Bullish One,Morena Gold,RESULTED,55.75,,A Moreno,R Lopez,6:1-2-0,17,50,-100,9,15,0,21,,,,,,t,18.0,,5,4,12,15,25.0,5,,0
https://www.racenet.com.au/form-guide/horse-racing/hipodromo-de-las-americas-mx-20260928/1-12f-stakes-race-5/overview,Hipodromo de las Americas,2026-09-28,Hipodromo de las Americas,"{'eventId': '3438119', 'overall': None, 'rating': None, 'surface': 'Dirt', '__typename': 'TrackCondition'}",5,1 1/2f Stakes,320,,,7,True,RESULTED,1,1,Mata Reyes,2,Colt,CHESTNUT,Southern Corona,Trinity 2,RESULTED,55.75,,H Mendoza,A Lopez,7:0-1-1,0,29,-100,2,6,25,21,,,,,,,11.0,,5,2,8,10,25.0,6,,0
https://www.racenet.com.au/form-guide/horse-racing/hipodromo-de-las-americas-mx-20260928/1-12f-stakes-race-5/overview,Hipodromo de las Americas,2026-09-28,Hipodromo de las Americas,"{'eventId': '3438119', 'overall': None, 'rating': None, 'surface': 'Dirt', '__typename': 'TrackCondition'}",5,1 1/2f Stakes,320,,,7,True,RESULTED,2,2,Peligrosita Eagle,2,Filly,CHESTNUT,Mr Eagle Master,Peligrosita,RESULTED,55.75,,J Cisneros Leyva,J Aguilar,5:3-1-0,60,80,-30,1,,14,35,,,,,,tcdn,1.35,,5,3,1.3,1.3,0.0,1,,1
https://www.racenet.com.au/form-guide/horse-racing/hipodromo-de-las-americas-mx-20260928/1-12f-stakes-race-5/overview,Hipodromo de las Americas,2026-09-28,Hipodromo de las Americas,"{'eventId': '3438119', 'overall': None, 'rating': None, 'surface': 'Dirt', '__typename': 'TrackCondition'}",5,1 1/2f Stakes,320,,,7,True,,3,3,Tc Pegaso Cartel,2,Gelding,GREY,Budder Not Forget,Kool Eyes,,55.75,,F Zamora,R Garcia,4:0-1-0,0,25,-100,5,2.37,0,14,,,,,,b,29.0,,5,2,23,26,13.0,,,
https://www.racenet.com.au/form-guide/horse-racing/hipodromo-de-las-americas-mx-20260928/1-12f-stakes-race-5/overview,Hipodromo de las Americas,2026-09-28,Hipodromo de las Americas,"{'eventId': '3438119', 'overall': None, 'rating': None, 'surface': 'Dirt', '__typename': 'TrackCondition'}",5,1 1/2f Stakes,320,,,7,True,RESULTED,4,4,Kc Miss Universe,2,Filly,CHESTNUT,Krash Cartel,Miss Racy Runaway,RESULTED,55.75,,A Estrada,L Solis,5:1-0-1,20,40,-30,1,3.5,0,35,,,,,,tn,26.0,,5,3,15,21,40.0,3,,0
https://www.racenet.com.au/form-guide/horse-racing/hipodromo-de-las-americas-mx-20260928/1-12f-stakes-race-5/overview,Hipodromo de las Americas,2026-09-28,Hipodromo de las Americas,"{'eventId': '3438119', 'overall': None, 'rating': None, 'surface': 'Dirt', '__typename': 'TrackCondition'}",5,1 1/2f Stakes,320,,,7,True,RESULTED,5,5,Dk Hipnotica,2,Filly,CHESTNUT,Danny Cartel,La Chuchena,RESULTED,55.75,,J Martinez,G Parra,4:0-1-0,0,25,-100,2,4,6,35,,,,,,,7.0,,5,2,5.5,6.5,18.2,5,,0
https://www.racenet.com.au/form-guide/horse-racing/hipodromo-de-las-americas-mx-20260928/1-12f-stakes-race-5/overview,Hipodromo de las Americas,2026-09-28,Hipodromo de las Americas,"{'eventId': '3438119', 'overall': None, 'rating': None, 'surface': 'Dirt', '__typename': 'TrackCondition'}",5,1 1/2f Stakes,320,,,7,True,RESULTED,6,6,Se Elder Cartel,2,Colt,CHESTNUT,Mi Viejo,Cartels Fast Lady,RESULTED,55.75,,M Lopez Marmolejo,C Perez,3:0-0-0,0,0,-100,6,13,25,35,,,,,,,8.5,,5,2,6,8,33.3,4,,0
https://www.racenet.com.au/form-guide/horse-racing/hipodromo-de-las-americas-mx-20260928/1-12f-stakes-race-5/overview,Hipodromo de las Americas,2026-09-28,Hipodromo de las Americas,"{'eventId': '3438119', 'overall': None, 'rating': None, 'surface': 'Dirt', '__typename': 'TrackCondition'}",5,1 1/2f Stakes,320,,,7,True,RESULTED,7,7,Dkprize Ribbon,2,Filly,CHESTNUT,Danny Cartel,One Prize Ribbon,RESULTED,55.75,,A Moreno,R Ojeda,3:0-1-0,0,33,-100,4,7.5,0,57,,,,,,,16.0,,5,2,11,14,27.3,2,,0
https://www.racenet.com.au/form-guide/horse-racing/hipodromo-de-las-americas-mx-20260928/1-12f-stakes-race-6/overview,Hipodromo de las Americas,2026-09-28,Hipodromo de las Americas,"{'eventId': '3438120', 'overall': None, 'rating': None, 'surface': 'Dirt', '__typename': 'TrackCondition'}",6,1 1/2f Stakes,320,,,7,True,RESULTED,1,1,Krash Jumpns,2,Filly,CHESTNUT,Krash Cartel,Jumpns Last Call,RESULTED,55.75,,E Jimenez,C Serrano,5:0-3-0,0,60,-100,2,2.1,0,21,,,,,,b,10.0,,3,2,8.5,9,5.9,2,,0
https://www.racenet.com.au/form-guide/horse-racing/hipodromo-de-las-americas-mx-20260928/1-12f-stakes-race-6/overview,Hipodromo de las Americas,2026-09-28,Hipodromo de las Americas,"{'eventId': '3438120', 'overall': None, 'rating': None, 'surface': 'Dirt', '__typename': 'TrackCondition'}",6,1 1/2f Stakes,320,,,7,True,RESULTED,2,2,Divoc Tricks Rg,2,Gelding,CHESTNUT,Divoc 91,Turnin Tricks,RESULTED,55.75,,J Martinez,G Parra,3:1-0-0,33,33,467,1,17,6,57,,,,,,tcdn,13.0,,3,1,12,12,0.0,5,,0
https://www.racenet.com.au/form-guide/horse-racing/hipodromo-de-las-americas-mx-20260928/1-12f-stakes-race-6/overview,Hipodromo de las Americas,2026-09-28,Hipodromo de las Americas,"{'eventId': '3438120', 'overall': None, 'rating': None, 'surface': 'Dirt', '__typename': 'TrackCondition'}",6,1 1/2f Stakes,320,,,7,True,RESULTED,3,3,Renata Chicks,2,Filly,CHESTNUT,Chicks Americano,Adivina Corona,RESULTED,55.75,,O Cervantes Barrientos,L Ramirez,1:0-0-0,0,0,-100,5,11,0,77,,,,,,,17.0,,3,1,15,15,0.0,7,,0
https://www.racenet.com.au/form-guide/horse-racing/hipodromo-de-las-americas-mx-20260928/1-12f-stakes-race-6/overview,Hipodromo de las Americas,2026-09-28,Hipodromo de las Americas,"{'eventId': '3438120', 'overall': None, 'rating': None, 'surface': 'Dirt', '__typename': 'TrackCondition'}",6,1 1/2f Stakes,320,,,7,True,RESULTED,4,4,Dk Reyna De Oro,2,Filly,CHESTNUT,Bullish One,Miss Princesa Gold,RESULTED,55.75,,A Gomez Lopez,V Sanchez,3:2-0-1,67,100,133,3,,20,35,,,,,,tcdn,3.0,,3,1,3,3,0.0,3,,0
https://www.racenet.com.au/form-guide/horse-racing/hipodromo-de-las-americas-mx-20260928/1-12f-stakes-race-6/overview,Hipodromo de las Americas,2026-09-28,Hipodromo de las Americas,"{'eventId': '3438120', 'overall': None, 'rating': None, 'surface': 'Dirt', '__typename': 'TrackCondition'}",6,1 1/2f Stakes,320,,,7,True,RESULTED,5,5,Red Kiss Cat,2,Colt,GREY,Red Storm Cat,Holland Kiss,RESULTED,55.75,,A Moreno,R Garcia,2:0-1-0,0,50,-100,2,8,0,35,,,,,,,13.0,,3,3,9,12,33.3,6,,0
https://www.racenet.com.au/form-guide/horse-racing/hipodromo-de-las-americas-mx-20260928/1-12f-stakes-race-6/overview,Hipodromo de las Americas,2026-09-28,Hipodromo de las Americas,"{'eventId': '3438120', 'overall': None, 'rating': None, 'surface': 'Dirt', '__typename': 'TrackCondition'}",6,1 1/2f Stakes,320,,,7,True,RESULTED,6,6,Dk Francia,2,Filly,CHESTNUT,Danny Cartel,After Hours Affair,RESULTED,55.75,,J Ambrosio,L Solis,3:1-1-1,33,100,-45,2,,0,35,,,,,,tcdn,2.15,,3,3,2.35,2.1,-10.6,1,,1
https://www.racenet.com.au/form-guide/horse-racing/hipodromo-de-las-americas-mx-20260928/1-12f-stakes-race-6/overview,Hipodromo de las Americas,2026-09-28,Hipodromo de las Americas,"{'eventId': '3438120', 'overall': None, 'rating': None, 'surface': 'Dirt', '__typename': 'TrackCondition'}",6,1 1/2f Stakes,320,,,7,True,RESULTED,7,7,Br Esmeralda,2,Filly,CHESTNUT,Jess Lips,Br Southern Ruby,RESULTED,55.75,,E Mendez Guzman,A Penagos,4:1-2-1,25,100,-13,1,3.5,100,21,,,,,,tcdn,3.5,,3,1,3.5,3.5,0.0,4,,0
https://www.racenet.com.au/form-guide/horse-racing/hipodromo-de-las-americas-mx-20260928/1-12f-stakes-race-7/overview,Hipodromo de las Americas,2026-09-28,Hipodromo de las Americas,"{'eventId': '3438121', 'overall': None, 'rating': None, 'surface': 'Dirt', '__typename': 'TrackCondition'}",7,1 1/2f Stakes,320,,,6,True,RESULTED,1,1,Dk Miss Chiapas,2,Filly,CHESTNUT,Danny Cartel,Tympest,RESULTED,55.75,,A Estrada,L Solis,3:1-1-0,33,67,-25,1,2.25,0,35,,,,,,tcdn,3.7,,5,5,4,3.5,-12.5,3,,0
https://www.racenet.com.au/form-guide/horse-racing/hipodromo-de-las-americas-mx-20260928/1-12f-stakes-race-7/overview,Hipodromo de las Americas,2026-09-28,Hipodromo de las Americas,"{'eventId': '3438121', 'overall': None, 'rating': None, 'surface': 'Dirt', '__typename': 'TrackCondition'}",7,1 1/2f Stakes,320,,,6,True,RESULTED,2,2,Demon Kat Rg,2,Gelding,CHESTNUT,Divoc 91,Krystal Kat,RESULTED,55.75,,J Martinez,G Parra,3:1-1-0,33,67,200,1,9,6,35,,,,,,tcdn,2.05,,5,5,2.35,2,-14.9,2,,0
https://www.racenet.com.au/form-guide/horse-racing/hipodromo-de-las-americas-mx-20260928/1-12f-stakes-race-7/overview,Hipodromo de las Americas,2026-09-28,Hipodromo de las Americas,"{'eventId': '3438121', 'overall': None, 'rating': None, 'surface': 'Dirt', '__typename': 'TrackCondition'}",7,1 1/2f Stakes,320,,,6,True,RESULTED,4,4,Se Shiny Crown,2,Colt,CHESTNUT,Coronas Bar,On Fleek,RESULTED,55.75,,H Mendoza,C Perez,2:0-0-0,0,0,-100,4,17,0,35,,,,,,,26.0,,5,3,8,21,162.5,4,,0
https://www.racenet.com.au/form-guide/horse-racing/hipodromo-de-las-americas-mx-20260928/1-12f-stakes-race-7/overview,Hipodromo de las Americas,2026-09-28,Hipodromo de las Americas,"{'eventId': '3438121', 'overall': None, 'rating': None, 'surface': 'Dirt', '__typename': 'TrackCondition'}",7,1 1/2f Stakes,320,,,6,True,RESULTED,5,5,Walk Thru Chocolata,2,Filly,CHESTNUT,Renewed,Power Possum,RESULTED,55.75,,J Medina,A Penagos,1:0-0-0,0,0,-100,6,29,0,63,,,,,,,9.0,,5,4,15,8,-46.7,6,,0
https://www.racenet.com.au/form-guide/horse-racing/hipodromo-de-las-americas-mx-20260928/1-12f-stakes-race-7/overview,Hipodromo de las Americas,2026-09-28,Hipodromo de las Americas,"{'eventId': '3438121', 'overall': None, 'rating': None, 'surface': 'Dirt', '__typename': 'TrackCondition'}",7,1 1/2f Stakes,320,,,6,True,RESULTED,6,6,Gotta Be Fritz,2,Filly,CHESTNUT,Fearless Fritz,Jess Gotta B Fancy,RESULTED,55.75,,L Fernandez Pasten,A Pasten,6:0-1-2,0,50,-100,8,4,3,35,,,,,,,15.0,,5,3,6.5,13,100.0,5,,0
https://www.racenet.com.au/form-guide/horse-racing/hipodromo-de-las-americas-mx-20260928/1-12f-stakes-race-7/overview,Hipodromo de las Americas,2026-09-28,Hipodromo de las Americas,"{'eventId': '3438121', 'overall': None, 'rating': None, 'surface': 'Dirt', '__typename': 'TrackCondition'}",7,1 1/2f Stakes,320,,,6,True,RESULTED,7,7,Kc Shado,2,Colt,BROWN,Krash Cartel,Pouring Rain,RESULTED,55.75,,A Gomez Lopez,V Sanchez,3:0-2-0,0,67,-100,6,2.37,20,21,,,,,,b,3.5,,5,3,3,3.4,13.3,1,,1
https://www.racenet.com.au/form-guide/horse-racing/hipodromo-de-las-americas-mx-20260928/1-12f-stakes-race-7/overview,Hipodromo de las Americas,2026-09-28,Hipodromo de las Americas,"{'eventId': '3438121', 'overall': None, 'rating': None, 'surface': 'Dirt', '__typename': 'TrackCondition'}",7,1 1/2f Stakes,320,,,6,True,SCRATCHED,3,3,Baroyeca,2,Filly,CHESTNUT,Natovas Prince,All The Zoom,SCRATCHED,55.75,,C Gomez Palacios,J Romero,6:1-0-0,17,17,-100,10,41,0,21,,,,,,tcdo,41.0,,3,3,15,31,106.7,-1,,0
https://www.racenet.com.au/form-guide/horse-racing/hipodromo-de-las-americas-mx-20260928/1-12f-stakes-race-8/overview,Hipodromo de las Americas,2026-09-28,Hipodromo de las Americas,"{'eventId': '3438122', 'overall': None, 'rating': None, 'surface': 'Dirt', '__typename': 'TrackCondition'}",8,1 1/2f Stakes,320,,,7,True,RESULTED,1,1,Br Delfia,2,Filly,CHESTNUT,Jess Lips,Spottin Paint,RESULTED,55.75,,H Mendoza,L Diaz,4:1-1-1,25,75,-38,1,2.5,100,21,,,,,,tcdn,8.0,,5,5,5.5,7.5,36.4,4,,0
https://www.racenet.com.au/form-guide/horse-racing/hipodromo-de-las-americas-mx-20260928/1-12f-stakes-race-8/overview,Hipodromo de las Americas,2026-09-28,Hipodromo de las Americas,"{'eventId': '3438122', 'overall': None, 'rating': None, 'surface': 'Dirt', '__typename': 'TrackCondition'}",8,1 1/2f Stakes,320,,,7,True,RESULTED,2,2,Kc Jess Junior,2,Gelding,CHESTNUT,Krash Cartel,Jess Blazin Queen,RESULTED,55.75,,J Martinez,G Parra,4:0-1-1,0,50,-100,2,2.87,6,35,,,,,,,19.0,,5,5,9,17,88.9,7,,0
https://www.racenet.com.au/form-guide/horse-racing/hipodromo-de-las-americas-mx-20260928/1-12f-stakes-race-8/overview,Hipodromo de las Americas,2026-09-28,Hipodromo de las Americas,"{'eventId': '3438122', 'overall': None, 'rating': None, 'surface': 'Dirt', '__typename': 'TrackCondition'}",8,1 1/2f Stakes,320,,,7,True,RESULTED,4,4,Dk Seis Nueve,2,Gelding,CHESTNUT,Bullish One,Ladie Dany,RESULTED,55.75,,M Lopez Marmolejo,H Anaya,3:1-1-0,33,67,83,5,,0,35,,,,,,tcdn,1.8,,5,6,2,1.75,-12.5,1,,1
https://www.racenet.com.au/form-guide/horse-racing/hipodromo-de-las-americas-mx-20260928/1-12f-stakes-race-8/overview,Hipodromo de las Americas,2026-09-28,Hipodromo de las Americas,"{'eventId': '3438122', 'overall': None, 'rating': None, 'surface': 'Dirt', '__typename': 'TrackCondition'}",8,1 1/2f Stakes,320,,,7,True,RESULTED,5,5,Kc Mexicana Diva,2,Filly,CHESTNUT,Krash Cartel,Pouring Rain,RESULTED,55.75,,A Moreno,A Magdaleno,3:1-0-0,33,33,-8,1,2.75,0,63,,,,,,tcdn,12.0,,5,5,5.5,10,81.8,6,,0
https://www.racenet.com.au/form-guide/horse-racing/hipodromo-de-las-americas-mx-20260928/1-12f-stakes-race-8/overview,Hipodromo de las Americas,2026-09-28,Hipodromo de las Americas,"{'eventId': '3438122', 'overall': None, 'rating': None, 'surface': 'Dirt', '__typename': 'TrackCondition'}",8,1 1/2f Stakes,320,,,7,True,RESULTED,6,6,Se Good Streak,2,Filly,CHESTNUT,Mi Viejo,Miss Streakin Stoli,RESULTED,55.75,,J Ambrosio,G Parra,2:0-0-0,0,0,-100,4,3,0,35,,,,,,b,8.5,,5,5,9,7.5,-16.7,5,,0
https://www.racenet.com.au/form-guide/horse-racing/hipodromo-de-las-americas-mx-20260928/1-12f-stakes-race-8/overview,Hipodromo de las Americas,2026-09-28,Hipodromo de las Americas,"{'eventId': '3438122', 'overall': None, 'rating': None, 'surface': 'Dirt', '__typename': 'TrackCondition'}",8,1 1/2f Stakes,320,,,7,True,RESULTED,7,7,Dk Zarzamora,2,Filly,CHESTNUT,Bullish One,Verdura,RESULTED,55.75,,E Torres,J Godinez,4:1-0-0,25,25,13,7,7,0,57,,,,,,tn,21.0,,5,3,17,18,5.9,3,,0
https://www.racenet.com.au/form-guide/horse-racing/hipodromo-de-las-americas-mx-20260928/1-12f-stakes-race-8/overview,Hipodromo de las Americas,2026-09-28,Hipodromo de las Americas,"{'eventId': '3438122', 'overall': None, 'rating': None, 'surface': 'Dirt', '__typename': 'TrackCondition'}",8,1 1/2f Stakes,320,,,7,True,RESULTED,8,8,Good Old Titan Krash,2,Gelding,BROWN,Swingin Good Reason,Miss Niftys Krash,RESULTED,55.75,,C Gomez Palacios,A Lopez,6:2-1-1,33,67,-100,8,2.37,21,35,,,,,,tbo,3.6,,5,4,3.3,3.4,3.0,2,,0
https://www.racenet.com.au/form-guide/horse-racing/hipodromo-de-las-americas-mx-20260928/1-12f-stakes-race-8/overview,Hipodromo de las Americas,2026-09-28,Hipodromo de las Americas,"{'eventId': '3438122', 'overall': None, 'rating': None, 'surface': 'Dirt', '__typename': 'TrackCondition'}",8,1 1/2f Stakes,320,,,7,True,SCRATCHED,3,3,Full Victory At,2,Gelding,CHESTNUT,Jess Sulley,Madam Fullcharge,SCRATCHED,55.75,,A Gomez Lopez,C Serrano,4:0-0-0,0,0,-100,6,21,16,21,,,,,,,29.0,,5,2,21,26,23.8,-1,,0
https://www.racenet.com.au/form-guide/horse-racing/hipodromo-de-las-americas-mx-20260928/1f-stakes-race-9/overview,Hipodromo de las Americas,2026-09-28,Hipodromo de las Americas,"{'eventId': '3438123', 'overall': None, 'rating': None, 'surface': 'Dirt', '__typename': 'TrackCondition'}",9,1f Stakes,201,,,9,True,RESULTED,1,1,Se Jeweled Crown,2,Colt,BROWN,Coronas Bar,Cananea,RESULTED,55.75,,J Martinez,C Perez,3:0-1-1,0,67,-100,7,6.5,0,35,,,,,,,6.0,,5,4,4,5,25.0,3,,0
https://www.racenet.com.au/form-guide/horse-racing/hipodromo-de-las-americas-mx-20260928/1f-stakes-race-9/overview,Hipodromo de las Americas,2026-09-28,Hipodromo de las Americas,"{'eventId': '3438123', 'overall': None, 'rating': None, 'surface': 'Dirt', '__typename': 'TrackCondition'}",9,1f Stakes,201,,,9,True,RESULTED,3,3,Ag El Duque,2,Colt,CHESTNUT,Jess Navigating,The Only Rose,RESULTED,55.75,,M Lopez Marmolejo,C Serrano,5:0-1-0,0,20,-100,5,7,17,35,,,,,,,46.0,,5,6,17,31,82.4,6,,0
https://www.racenet.com.au/form-guide/horse-racing/hipodromo-de-las-americas-mx-20260928/1f-stakes-race-9/overview,Hipodromo de las Americas,2026-09-28,Hipodromo de las Americas,"{'eventId': '3438123', 'overall': None, 'rating': None, 'surface': 'Dirt', '__typename': 'TrackCondition'}",9,1f Stakes,201,,,9,True,RESULTED,4,4,Je Bala Perdida,2,Filly,CHESTNUT,Senior Solo,Sharapova,RESULTED,55.75,,E Jimenez,V Sanchez,0:0-0-0,0,0,0,,,0,,,,,,,,8.5,,5,3,13,7,-46.2,7,,0
https://www.racenet.com.au/form-guide/horse-racing/hipodromo-de-las-americas-mx-20260928/1f-stakes-race-9/overview,Hipodromo de las Americas,2026-09-28,Hipodromo de las Americas,"{'eventId': '3438123', 'overall': None, 'rating': None, 'surface': 'Dirt', '__typename': 'TrackCondition'}",9,1f Stakes,201,,,9,True,RESULTED,5,5,Romantic Blue Sky,2,Colt,CHESTNUT,My Famous Romance,A Blue Sky,RESULTED,55.75,,A Moreno,H Zaragoza,2:0-0-1,0,50,-100,3,3.5,0,42,,,,,,,5.5,,5,2,4.4,4.6,4.5,1,,1
https://www.racenet.com.au/form-guide/horse-racing/hipodromo-de-las-americas-mx-20260928/1f-stakes-race-9/overview,Hipodromo de las Americas,2026-09-28,Hipodromo de las Americas,"{'eventId': '3438123', 'overall': None, 'rating': None, 'surface': 'Dirt', '__typename': 'TrackCondition'}",9,1f Stakes,201,,,9,True,RESULTED,6,6,Kc Reaper,2,Colt,CHESTNUT,Mr Eagle Master,Warm Devotion,RESULTED,55.75,,H Mendoza,L Munoz,5:0-2-1,0,60,-100,2,4,33,35,,,,,,,2.25,,5,7,3.3,1.9,-42.4,3,,0
https://www.racenet.com.au/form-guide/horse-racing/hipodromo-de-las-americas-mx-20260928/1f-stakes-race-9/overview,Hipodromo de las Americas,2026-09-28,Hipodromo de las Americas,"{'eventId': '3438123', 'overall': None, 'rating': None, 'surface': 'Dirt', '__typename': 'TrackCondition'}",9,1f Stakes,201,,,9,True,RESULTED,7,7,Principe Storm,2,Gelding,GREY,Red Storm Cat,Alpha Princess,RESULTED,55.75,,J Cisneros Leyva,J Aguilar,4:0-0-0,0,0,-100,4,7.5,14,35,,,,,,,3.2,,5,6,2,2.65,32.5,1,,1
https://www.racenet.com.au/form-guide/horse-racing/hipodromo-de-las-americas-mx-20260928/1f-stakes-race-9/overview,Hipodromo de las Americas,2026-09-28,Hipodromo de las Americas,"{'eventId': '3438123', 'overall': None, 'rating': None, 'surface': 'Dirt', '__typename': 'TrackCondition'}",9,1f Stakes,201,,,9,True,RESULTED,8,8,Phenomenal High,2,Filly,CHESTNUT,A Phenomenal Jess,Valentina High,RESULTED,55.75,,C Gomez Palacios,L Olvera,6:0-0-0,0,0,-100,8,13,0,21,,,,,,o,61.0,,5,4,21,41,95.2,5,,0
https://www.racenet.com.au/form-guide/horse-racing/hipodromo-de-las-americas-mx-20260928/1f-stakes-race-9/overview,Hipodromo de las Americas,2026-09-28,Hipodromo de las Americas,"{'eventId': '3438123', 'overall': None, 'rating': None, 'surface': 'Dirt', '__typename': 'TrackCondition'}",9,1f Stakes,201,,,9,True,RESULTED,9,9,At Corono Aguerrido,2,Gelding,CHESTNUT,Aguerrido,None As Classic,RESULTED,55.75,,L Fernandez Pasten,V Carapia,0:0-0-0,0,0,0,,,50,,,,,,,,101.0,,5,5,51,61,19.6,8,,0
https://www.racenet.com.au/form-guide/horse-racing/hipodromo-de-las-americas-mx-20260928/1f-stakes-race-9/overview,Hipodromo de las Americas,2026-09-28,Hipodromo de las Americas,"{'eventId': '3438123', 'overall': None, 'rating': None, 'surface': 'Dirt', '__typename': 'TrackCondition'}",9,1f Stakes,201,,,9,True,,10,10,Vb Rey Easy Tyson,2,Colt,CHESTNUT,Easy Perry Cartel,Mi Reina Isabella,,55.75,,M Bautista,A Pasten,0:0-0-0,0,0,0,,,0,,,,,,,,46.0,,5,5,31,31,0.0,,,
https://www.racenet.com.au/form-guide/horse-racing/hipodromo-de-las-americas-mx-20260928/1f-stakes-race-9/overview,Hipodromo de las Americas,2026-09-28,Hipodromo de las Americas,"{'eventId': '3438123', 'overall': None, 'rating': None, 'surface': 'Dirt', '__typename': 'TrackCondition'}",9,1f Stakes,201,,,9,True,SCRATCHED,2,2,Positano Alas,2,Colt,CHESTNUT,Bayou A Cartel,Tres Alas,SCRATCHED,55.75,,E Torres,A Pasten,4:0-0-1,0,25,-100,3,6.5,0,42,,,,,,,27.0,,5,4,10,20,100.0,-1,,0
https://www.racenet.com.au/form-guide/horse-racing/hipodromo-presidente-remon-20260928/1m-12f-stakes-race-5-race-5/overview,Hipodromo Presidente Remon,2026-09-28,Hipodromo Presidente Remon,"{'eventId': '3438128', 'overall': None, 'rating': None, 'surface': 'Dirt', '__typename': 'TrackCondition'}",5,1m 1/2f Stakes - Race 5,1710,Group 3,,10,True,RESULTED,1,1,Jaque Doble,5,Unknown,BAY,Indiano,Goyesca,RESULTED,56.25,,L Arango,E Ocana,10:5-2-2,50,90,-56,3,2,28,77,,,,,,tcdbn,1.8,,1,0,,,,2,,0
https://www.racenet.com.au/form-guide/horse-racing/hipodromo-presidente-remon-20260928/1m-12f-stakes-race-5-race-5/overview,Hipodromo Presidente Remon,2026-09-28,Hipodromo Presidente Remon,"{'eventId': '3438128', 'overall': None, 'rating': None, 'surface': 'Dirt', '__typename': 'TrackCondition'}",5,1m 1/2f Stakes - Race 5,1710,Group 3,,10,True,RESULTED,2,2,Sol Dama Blanca,4,Unknown,GREY,Dublin,Beautiful Ally,RESULTED,56.25,,J Carrion,R Amaya,26:3-3-8,12,54,-59,1,2.37,22,7,,,,,,tn,15.0,,1,0,,,,5,,0
https://www.racenet.com.au/form-guide/horse-racing/hipodromo-presidente-remon-20260928/1m-12f-stakes-race-5-race-5/overview,Hipodromo Presidente Remon,2026-09-28,Hipodromo Presidente Remon,"{'eventId': '3438128', 'overall': None, 'rating': None, 'surface': 'Dirt', '__typename': 'TrackCondition'}",5,1m 1/2f Stakes - Race 5,1710,Group 3,,10,True,RESULTED,3,3,Lady Greeley,5,Unknown,BAY,Leave The Light On,Algarette,RESULTED,56.25,,D Aparicio,A Berguido,18:5-4-2,28,61,-14,4,10,30,21,,,,,,tn,34.0,,1,0,,,,8,,0
https://www.racenet.com.au/form-guide/horse-racing/hipodromo-presidente-remon-20260928/1m-12f-stakes-race-5-race-5/overview,Hipodromo Presidente Remon,2026-09-28,Hipodromo Presidente Remon,"{'eventId': '3438128', 'overall': None, 'rating': None, 'surface': 'Dirt', '__typename': 'TrackCondition'}",5,1m 1/2f Stakes - Race 5,1710,Group 3,,10,True,RESULTED,4,4,My Sharona,7,Unknown,BAY,Greenspring,Hishi Rock,RESULTED,56.25,,S Sanchez,L Magallon,9:3-1-1,33,56,71,4,4.5,22,29,,,,,,tcdn,8.5,,1,0,,,,7,,0
https://www.racenet.com.au/form-guide/horse-racing/hipodromo-presidente-remon-20260928/1m-12f-stakes-race-5-race-5/overview,Hipodromo Presidente Remon,2026-09-28,Hipodromo Presidente Remon,"{'eventId': '3438128', 'overall': None, 'rating': None, 'surface': 'Dirt', '__typename': 'TrackCondition'}",5,1m 1/2f Stakes - Race 5,1710,Group 3,,10,True,RESULTED,5,5,Wonder Lady,5,Unknown,CHESTNUT,Dublin,One Million Lady,RESULTED,56.25,,O Hernandez Jr,R Fernandez P,14:4-1-4,29,64,20,3,8,15,29,,,,,,tcdn,6.0,,1,0,,,,1,,1
https://www.racenet.com.au/form-guide/horse-racing/hipodromo-presidente-remon-20260928/1m-12f-stakes-race-5-race-5/overview,Hipodromo Presidente Remon,2026-09-28,Hipodromo Presidente Remon,"{'eventId': '3438128', 'overall': None, 'rating': None, 'surface': 'Dirt', '__typename': 'TrackCondition'}",5,1m 1/2f Stakes - Race 5,1710,Group 3,,10,True,RESULTED,6,6,Noche De Cumbia,5,Unknown,CHESTNUT,The Roudhouse,Blaugrana,RESULTED,56.25,,J Barria,N Ayala,13:5-3-0,38,62,-48,2,15,0,21,,,,,,tn,15.0,,1,0,,,,3,,0
https://www.racenet.com.au/form-guide/horse-racing/hipodromo-presidente-remon-20260928/1m-12f-stakes-race-5-race-5/overview,Hipodromo Presidente Remon,2026-09-28,Hipodromo Presidente Remon,"{'eventId': '3438128', 'overall': None, 'rating': None, 'surface': 'Dirt', '__typename': 'TrackCondition'}",5,1m 1/2f Stakes - Race 5,1710,Group 3,,10,True,,7,7,Lady Isabella,4,Unknown,CHESTNUT,Giant Gizmo,Crafty Bird,,56.25,,Y Lasso,A Rodriguez,9:4-1-1,44,67,-74,2,1.8,29,28,,,,,,tbn,7.0,,1,0,,,,,,
https://www.racenet.com.au/form-guide/horse-racing/hipodromo-presidente-remon-20260928/1m-12f-stakes-race-5-race-5/overview,Hipodromo Presidente Remon,2026-09-28,Hipodromo Presidente Remon,"{'eventId': '3438128', 'overall': None, 'rating': None, 'surface': 'Dirt', '__typename': 'TrackCondition'}",5,1m 1/2f Stakes - Race 5,1710,Group 3,,10,True,RESULTED,8,8,Aryna,4,Unknown,BAY,El Indispensable,Ale A,RESULTED,56.25,,O Benitez,J Cespedes,14:5-2-1,36,57,-41,1,2,21,17,,,,,,tn,5.5,,1,0,,,,9,,0
https://www.racenet.com.au/form-guide/horse-racing/hipodromo-presidente-remon-20260928/1m-12f-stakes-race-5-race-5/overview,Hipodromo Presidente Remon,2026-09-28,Hipodromo Presidente Remon,"{'eventId': '3438128', 'overall': None, 'rating': None, 'surface': 'Dirt', '__typename': 'TrackCondition'}",5,1m 1/2f Stakes - Race 5,1710,Group 3,,10,True,RESULTED,9,9,Romelier,4,Unknown,BAY,Salustio,Keki Keki,RESULTED,56.25,,L Lezcano,R Arango,20:6-4-5,30,75,-91,3,3.25,27,21,,,,,,tcdn,9.5,,1,0,,,,6,,0
https://www.racenet.com.au/form-guide/horse-racing/hipodromo-presidente-remon-20260928/1m-12f-stakes-race-5-race-5/overview,Hipodromo Presidente Remon,2026-09-28,Hipodromo Presidente Remon,"{'eventId': '3438128', 'overall': None, 'rating': None, 'surface': 'Dirt', '__typename': 'TrackCondition'}",5,1m 1/2f Stakes - Race 5,1710,Group 3,,10,True,RESULTED,10,10,Dejanira,6,Unknown,BAY,Speir,Paynter S Moon,RESULTED,56.25,,M Castillo,M Rojas A,13:5-1-2,38,62,-13,1,6.5,12,36,,,,,,tn,13.0,,1,0,,,,4,,0
https://www.racenet.com.au/form-guide/horse-racing/hipodromo-presidente-remon-20260928/1m-1f-stakes-race-7-race-7/overview,Hipodromo Presidente Remon,2026-09-28,Hipodromo Presidente Remon,"{'eventId': '3438130', 'overall': None, 'rating': None, 'surface': 'Dirt', '__typename': 'TrackCondition'}",7,1m 1f Stakes - Race 7,1811,Group 2,,8,True,RESULTED,1,1,Silencio Criminal,3,Unknown,CHESTNUT,Giant Gizmo,Miss Tip Tap Top,RESULTED,54.5,,A Rivas,A Rodriguez,8:2-1-2,25,63,-36,8,15,24,28,,,,,,tn,51.0,,1,0,,,,2,,0
https://www.racenet.com.au/form-guide/horse-racing/hipodromo-presidente-remon-20260928/1m-1f-stakes-race-7-race-7/overview,Hipodromo Presidente Remon,2026-09-28,Hipodromo Presidente Remon,"{'eventId': '3438130', 'overall': None, 'rating': None, 'surface': 'Dirt', '__typename': 'TrackCondition'}",7,1m 1f Stakes - Race 7,1811,Group 2,,8,True,,2,2,Cacique Forever,3,Unknown,BROWN,Punta De Lanza,Tabaco Y Chanel,,54.5,,R Fuentes,R Cedeno,5:1-2-0,20,60,-10,6,15,0,28,,,,,,tn,34.0,,1,0,,,,,,
https://www.racenet.com.au/form-guide/horse-racing/hipodromo-presidente-remon-20260928/1m-1f-stakes-race-7-race-7/overview,Hipodromo Presidente Remon,2026-09-28,Hipodromo Presidente Remon,"{'eventId': '3438130', 'overall': None, 'rating': None, 'surface': 'Dirt', '__typename': 'TrackCondition'}",7,1m 1f Stakes - Race 7,1811,Group 2,,8,True,RESULTED,3,3,Capo Falcone,3,Unknown,CHESTNUT,Salustio,Hurrem,RESULTED,54.5,,L Lezcano,R Arango,9:2-3-2,22,78,-69,2,29,27,28,,,,,,tn,2.7,,1,0,,,,4,,0
https://www.racenet.com.au/form-guide/horse-racing/hipodromo-presidente-remon-20260928/1m-1f-stakes-race-7-race-7/overview,Hipodromo Presidente Remon,2026-09-28,Hipodromo Presidente Remon,"{'eventId': '3438130', 'overall': None, 'rating': None, 'surface': 'Dirt', '__typename': 'TrackCondition'}",7,1m 1f Stakes - Race 7,1811,Group 2,,8,True,RESULTED,4,4,Imponente,3,Unknown,BAY,Giant Gizmo,A Capela,RESULTED,54.5,,J Osorio,R Jaen,2:1-0-0,50,50,150,1,5,16,22,,,,,,tn,9.0,,1,0,,,,6,,0
https://www.racenet.com.au/form-guide/horse-racing/hipodromo-presidente-remon-20260928/1m-1f-stakes-race-7-race-7/overview,Hipodromo Presidente Remon,2026-09-28,Hipodromo Presidente Remon,"{'eventId': '3438130', 'overall': None, 'rating': None, 'surface': 'Dirt', '__typename': 'TrackCondition'}",7,1m 1f Stakes - Race 7,1811,Group 2,,8,True,RESULTED,5,5,Spotlight,3,Unknown,CHESTNUT,Leave The Light On,Dublitin,RESULTED,54.5,,J Carrion,L Paz Rodriguez,6:2-1-3,33,100,30,3,3.5,27,28,,,,,,tn,5.5,,1,0,,,,3,,0
https://www.racenet.com.au/form-guide/horse-racing/hipodromo-presidente-remon-20260928/1m-1f-stakes-race-7-race-7/overview,Hipodromo Presidente Remon,2026-09-28,Hipodromo Presidente Remon,"{'eventId': '3438130', 'overall': None, 'rating': None, 'surface': 'Dirt', '__typename': 'TrackCondition'}",7,1m 1f Stakes - Race 7,1811,Group 2,,8,True,RESULTED,6,6,Con Paso Firme,3,Unknown,BAY,Jaguar Paw,Tale Of Tuscany,RESULTED,54.5,,J Barria,R Arango,12:2-3-1,17,50,-59,5,15,22,28,,,,,,tn,13.0,,1,0,,,,7,,0
https://www.racenet.com.au/form-guide/horse-racing/hipodromo-presidente-remon-20260928/1m-1f-stakes-race-7-race-7/overview,Hipodromo Presidente Remon,2026-09-28,Hipodromo Presidente Remon,"{'eventId': '3438130', 'overall': None, 'rating': None, 'surface': 'Dirt', '__typename': 'TrackCondition'}",7,1m 1f Stakes - Race 7,1811,Group 2,,8,True,RESULTED,7,7,Mente Brillante,3,Unknown,BAY,Dublin,Martes De Carnaval,RESULTED,54.5,,L Jurado,R Jaen,11:2-0-3,18,45,-34,4,6.5,0,28,,,,,,tn,9.5,,1,0,,,,5,,0
https://www.racenet.com.au/form-guide/horse-racing/hipodromo-presidente-remon-20260928/1m-1f-stakes-race-7-race-7/overview,Hipodromo Presidente Remon,2026-09-28,Hipodromo Presidente Remon,"{'eventId': '3438130', 'overall': None, 'rating': None, 'surface': 'Dirt', '__typename': 'TrackCondition'}",7,1m 1f Stakes - Race 7,1811,Group 2,,8,True,RESULTED,8,8,Indian Music,3,Unknown,CHESTNUT,California Music,India Mora,RESULTED,54.5,,Y Lasso,A Rodriguez,5:4-0-1,80,100,54,1,1.66,29,28,,,,,,tcdn,1.8,,1,0,,,,1,,1
https://www.racenet.com.au/form-guide/horse-racing/hipodromo-presidente-remon-20260928/5f-stakes-race-1-race-1/overview,Hipodromo Presidente Remon,2026-09-28,Hipodromo Presidente Remon,"{'eventId': '3438124', 'overall': None, 'rating': None, 'surface': 'Dirt', '__typename': 'TrackCondition'}",1,5f Stakes - Race 1,1006,,,6,True,RESULTED,2,2,Fire Light,3,Unknown,BAY,Live The Light On,Sweet Juana,RESULTED,54,,O Benitez,J Cespedes,6:1-3-0,17,67,-100,9,13,21,56,,,,,,to,1.4,,1,0,,,,4,,0
https://www.racenet.com.au/form-guide/horse-racing/hipodromo-presidente-remon-20260928/5f-stakes-race-1-race-1/overview,Hipodromo Presidente Remon,2026-09-28,Hipodromo Presidente Remon,"{'eventId': '3438124', 'overall': None, 'rating': None, 'surface': 'Dirt', '__typename': 'TrackCondition'}",1,5f Stakes - Race 1,1006,,,6,True,RESULTED,3,3,Wisemans Breeze,3,Unknown,BAY,Malibu Wind,Negra Consentida,RESULTED,52.5,,R Fuentes,P Torres,4:2-0-0,50,50,24,5,3,0,7,,,,,,tcdn,11.0,,1,0,,,,2,,0
https://www.racenet.com.au/form-guide/horse-racing/hipodromo-presidente-remon-20260928/5f-stakes-race-1-race-1/overview,Hipodromo Presidente Remon,2026-09-28,Hipodromo Presidente Remon,"{'eventId': '3438124', 'overall': None, 'rating': None, 'surface': 'Dirt', '__typename': 'TrackCondition'}",1,5f Stakes - Race 1,1006,,,6,True,RESULTED,4,4,Molecular,3,Unknown,CHESTNUT,Dandy Del Barrio,Pop Funky,RESULTED,50.75,,M Haldar,J Zuniga,7:1-2-1,14,57,-64,4,4.5,17,7,,,,,,tn,12.0,,1,0,,,,6,,0
https://www.racenet.com.au/form-guide/horse-racing/hipodromo-presidente-remon-20260928/5f-stakes-race-1-race-1/overview,Hipodromo Presidente Remon,2026-09-28,Hipodromo Presidente Remon,"{'eventId': '3438124', 'overall': None, 'rating': None, 'surface': 'Dirt', '__typename': 'TrackCondition'}",1,5f Stakes - Race 1,1006,,,6,True,RESULTED,5,5,Leader Of The Band,3,Unknown,BAY,Tom S D Etat,Nalea,RESULTED,52.5,,F Salgado,E Ocana,4:1-1-1,25,75,-100,9,6.5,21,28,,,,,,to,6.0,,1,0,,,,1,,1
https://www.racenet.com.au/form-guide/horse-racing/hipodromo-presidente-remon-20260928/5f-stakes-race-1-race-1/overview,Hipodromo Presidente Remon,2026-09-28,Hipodromo Presidente Remon,"{'eventId': '3438124', 'overall': None, 'rating': None, 'surface': 'Dirt', '__typename': 'TrackCondition'}",1,5f Stakes - Race 1,1006,,,6,True,RESULTED,6,6,Kandahar W,3,Unknown,CHESTNUT,Dublin,Aurora Boreal,RESULTED,52.5,,A Delgado,Z Torchia,9:1-0-2,11,33,-50,3,3,50,7,,,,,,tn,17.0,,1,0,,,,3,,0
https://www.racenet.com.au/form-guide/horse-racing/hipodromo-presidente-remon-20260928/5f-stakes-race-1-race-1/overview,Hipodromo Presidente Remon,2026-09-28,Hipodromo Presidente Remon,"{'eventId': '3438124', 'overall': None, 'rating': None, 'surface': 'Dirt', '__typename': 'TrackCondition'}",1,5f Stakes - Race 1,1006,,,6,True,RESULTED,7,7,Majestic Winner,3,Unknown,BROWN,Dandy Del Barrio,Ultimate Life,RESULTED,52.5,,S Sanchez,B Galvez,5:1-0-1,20,40,-48,3,6,15,7,,,,,,tn,5.0,,1,0,,,,5,,0
https://www.racenet.com.au/form-guide/horse-racing/hipodromo-presidente-remon-20260928/5f-stakes-race-1-race-1/overview,Hipodromo Presidente Remon,2026-09-28,Hipodromo Presidente Remon,"{'eventId': '3438124', 'overall': None, 'rating': None, 'surface': 'Dirt', '__typename': 'TrackCondition'}",1,5f Stakes - Race 1,1006,,,6,True,SCRATCHED,1,1,Arrogante Mania,3,Unknown,CHESTNUT,Alvar,Strike Two,SCRATCHED,50,,J Valdes,J Cespedes,7:1-2-0,14,43,-46,5,13,15,7,,,,,,ton,,,0,0,,,,-1,,0
https://www.racenet.com.au/form-guide/horse-racing/hipodromo-presidente-remon-20260928/6-12f-stakes-race-6-race-6/overview,Hipodromo Presidente Remon,2026-09-28,Hipodromo Presidente Remon,"{'eventId': '3438129', 'overall': None, 'rating': None, 'surface': 'Dirt', '__typename': 'TrackCondition'}",6,6 1/2f Stakes - Race 6,1308,,,7,True,RESULTED,1,1,Just War,5,Unknown,BAY,Bashart,Dublitin,RESULTED,51.25,,C Castillo,Z Torchia,11:5-2-1,45,73,-21,7,6,36,8,,,,,,tn,8.5,,1,0,,,,3,,0
https://www.racenet.com.au/form-guide/horse-racing/hipodromo-presidente-remon-20260928/6-12f-stakes-race-6-race-6/overview,Hipodromo Presidente Remon,2026-09-28,Hipodromo Presidente Remon,"{'eventId': '3438129', 'overall': None, 'rating': None, 'surface': 'Dirt', '__typename': 'TrackCondition'}",6,6 1/2f Stakes - Race 6,1308,,,7,True,RESULTED,2,2,Tenderete,4,Unknown,BAY,Bashart,Andrea,RESULTED,52.25,,A Delgado,Z Torchia,30:3-4-5,10,40,-61,1,3.75,50,14,,,,,,tn,9.5,,1,0,,,,7,,0
https://www.racenet.com.au/form-guide/horse-racing/hipodromo-presidente-remon-20260928/6-12f-stakes-race-6-race-6/overview,Hipodromo Presidente Remon,2026-09-28,Hipodromo Presidente Remon,"{'eventId': '3438129', 'overall': None, 'rating': None, 'surface': 'Dirt', '__typename': 'TrackCondition'}",6,6 1/2f Stakes - Race 6,1308,,,7,True,RESULTED,3,3,Sol Catire Bello,4,Unknown,CHESTNUT,Salustio,Catch That Cat,RESULTED,53.5,,L Santos D,F Smith Moreno,17:5-4-1,29,59,-87,4,6.5,0,21,,,,,,tcdn,4.5,,1,0,,,,1,,1
https://www.racenet.com.au/form-guide/horse-racing/hipodromo-presidente-remon-20260928/6-12f-stakes-race-6-race-6/overview,Hipodromo Presidente Remon,2026-09-28,Hipodromo Presidente Remon,"{'eventId': '3438129', 'overall': None, 'rating': None, 'surface': 'Dirt', '__typename': 'TrackCondition'}",6,6 1/2f Stakes - Race 6,1308,,,7,True,RESULTED,4,4,Imparable,4,Unknown,BAY,Basharat,Taja Mar,RESULTED,49,,M Haldar,J Zuniga,22:3-0-8,14,50,-83,3,5,17,8,,,,,,tcdn,11.0,,1,0,,,,6,,0
https://www.racenet.com.au/form-guide/horse-racing/hipodromo-presidente-remon-20260928/6-12f-stakes-race-6-race-6/overview,Hipodromo Presidente Remon,2026-09-28,Hipodromo Presidente Remon,"{'eventId': '3438129', 'overall': None, 'rating': None, 'surface': 'Dirt', '__typename': 'TrackCondition'}",6,6 1/2f Stakes - Race 6,1308,,,7,True,RESULTED,5,5,Arrepinchoso,4,Unknown,CHESTNUT,West Coast,Casting Call,RESULTED,53.5,,F Salgado,E Ocana,14:2-4-3,14,64,-88,9,12,21,21,,,,,,tn,2.2,,1,0,,,,2,,0
https://www.racenet.com.au/form-guide/horse-racing/hipodromo-presidente-remon-20260928/6-12f-stakes-race-6-race-6/overview,Hipodromo Presidente Remon,2026-09-28,Hipodromo Presidente Remon,"{'eventId': '3438129', 'overall': None, 'rating': None, 'surface': 'Dirt', '__typename': 'TrackCondition'}",6,6 1/2f Stakes - Race 6,1308,,,7,True,RESULTED,6,6,Bravo Ignacio,12,Stallion,Gray or Roan,Mutakddim,Biromista,RESULTED,52.25,,L Lezcano,R Arango,13:4-4-3,31,85,-45,1,4,27,14,,,,,,tn,3.5,,1,0,,,,4,,0
https://www.racenet.com.au/form-guide/horse-racing/hipodromo-presidente-remon-20260928/6-12f-stakes-race-6-race-6/overview,Hipodromo Presidente Remon,2026-09-28,Hipodromo Presidente Remon,"{'eventId': '3438129', 'overall': None, 'rating': None, 'surface': 'Dirt', '__typename': 'TrackCondition'}",6,6 1/2f Stakes - Race 6,1308,,,7,True,RESULTED,7,7,Torcedor,5,Unknown,BAY,Capo Di Sole,Obligada,RESULTED,51.25,,J Valdes,F Reyes T,23:4-3-1,17,35,-36,5,23,0,21,,,,,,tcdn,11.0,,1,0,,,,5,,0
https://www.racenet.com.au/form-guide/horse-racing/hipodromo-presidente-remon-20260928/6f-stakes-race-2-race-2/overview,Hipodromo Presidente Remon,2026-09-28,Hipodromo Presidente Remon,"{'eventId': '3438125', 'overall': None, 'rating': None, 'surface': 'Dirt', '__typename': 'TrackCondition'}",2,6f Stakes - Race 2,1207,,,5,True,RESULTED,1,1,Gran River Jet,3,Unknown,CHESTNUT,Sun River Jet,Ana Victoria,RESULTED,52.25,,A Delgado,J Bartoli,2:0-0-0,0,0,-100,4,17,0,22,,,,,,,8.5,,1,0,,,,4,,0
https://www.racenet.com.au/form-guide/horse-racing/hipodromo-presidente-remon-20260928/6f-stakes-race-2-race-2/overview,Hipodromo Presidente Remon,2026-09-28,Hipodromo Presidente Remon,"{'eventId': '3438125', 'overall': None, 'rating': None, 'surface': 'Dirt', '__typename': 'TrackCondition'}",2,6f Stakes - Race 2,1207,,,5,True,RESULTED,2,2,Star Fish,3,Unknown,CHESTNUT,Giant Gizmo,Clarisima,RESULTED,52.25,,V Sanchez,J Pinilla,18:0-6-7,0,72,-100,3,5.5,0,7,,,,,,,10.0,,1,0,,,,3,,0
https://www.racenet.com.au/form-guide/horse-racing/hipodromo-presidente-remon-20260928/6f-stakes-race-2-race-2/overview,Hipodromo Presidente Remon,2026-09-28,Hipodromo Presidente Remon,"{'eventId': '3438125', 'overall': None, 'rating': None, 'surface': 'Dirt', '__typename': 'TrackCondition'}",2,6f Stakes - Race 2,1207,,,5,True,RESULTED,3,3,Miss Tik Tok,2,Unknown,CHESTNUT,Giant Gizmo,Miss Tip Tap Top,RESULTED,51.25,,Y Lasso,A Rodriguez,0:0-0-0,0,0,0,,,29,,,,,,,,2.5,,1,0,,,,1,,1
https://www.racenet.com.au/form-guide/horse-racing/hipodromo-presidente-remon-20260928/6f-stakes-race-2-race-2/overview,Hipodromo Presidente Remon,2026-09-28,Hipodromo Presidente Remon,"{'eventId': '3438125', 'overall': None, 'rating': None, 'surface': 'Dirt', '__typename': 'TrackCondition'}",2,6f Stakes - Race 2,1207,,,5,True,RESULTED,5,5,Fortantino,3,Unknown,BAY,Take Charge Indy,Musically Inclined,RESULTED,53.5,,J Carrion,L Paz Rodriguez,2:0-1-0,0,50,-100,2,4,27,22,,,,,,,1.6,,1,0,,,,2,,0
https://www.racenet.com.au/form-guide/horse-racing/hipodromo-presidente-remon-20260928/6f-stakes-race-2-race-2/overview,Hipodromo Presidente Remon,2026-09-28,Hipodromo Presidente Remon,"{'eventId': '3438125', 'overall': None, 'rating': None, 'surface': 'Dirt', '__typename': 'TrackCondition'}",2,6f Stakes - Race 2,1207,,,5,True,RESULTED,6,6,Lelo Lelon,3,Unknown,CHESTNUT,Candy For Two,Mesalina,RESULTED,51.25,,O Benitez,J Cespedes,7:0-0-1,0,14,-100,6,10,21,42,,,,,,,34.0,,1,0,,,,5,,0
https://www.racenet.com.au/form-guide/horse-racing/hipodromo-presidente-remon-20260928/6f-stakes-race-2-race-2/overview,Hipodromo Presidente Remon,2026-09-28,Hipodromo Presidente Remon,"{'eventId': '3438125', 'overall': None, 'rating': None, 'surface': 'Dirt', '__typename': 'TrackCondition'}",2,6f Stakes - Race 2,1207,,,5,True,SCRATCHED,4,4,La Lia,3,Unknown,CHESTNUT,Panama Thunder,Lia Paola,SCRATCHED,50.25,,D Aparicio,I De Roux,8:0-0-0,0,0,-100,9,29,0,7,,,,,,o,,,0,0,,,,-1,,0
https://www.racenet.com.au/form-guide/horse-racing/hipodromo-presidente-remon-20260928/6f-stakes-race-3-race-3/overview,Hipodromo Presidente Remon,2026-09-28,Hipodromo Presidente Remon,"{'eventId': '3438126', 'overall': None, 'rating': None, 'surface': 'Dirt', '__typename': 'TrackCondition'}",3,6f Stakes - Race 3,1207,,,4,True,RESULTED,1,1,Leyenda V.,4,Unknown,CHESTNUT,Classic Empire,Cayuse,RESULTED,51.25,,A Rivas,A Gonzalez,29:0-4-6,0,34,-100,5,13,0,7,,,,,,o,5.5,,1,0,,,,2,,0
https://www.racenet.com.au/form-guide/horse-racing/hipodromo-presidente-remon-20260928/6f-stakes-race-3-race-3/overview,Hipodromo Presidente Remon,2026-09-28,Hipodromo Presidente Remon,"{'eventId': '3438126', 'overall': None, 'rating': None, 'surface': 'Dirt', '__typename': 'TrackCondition'}",3,6f Stakes - Race 3,1207,,,4,True,RESULTED,2,2,Have A Mallow,3,Unknown,CHESTNUT,Have At It,Mejor Imposible,RESULTED,53.5,,L Lezcano,R Arango,6:0-2-2,0,67,-100,2,2.37,27,15,,,,,,b,2.6,,1,0,,,,4,,0
https://www.racenet.com.au/form-guide/horse-racing/hipodromo-presidente-remon-20260928/6f-stakes-race-3-race-3/overview,Hipodromo Presidente Remon,2026-09-28,Hipodromo Presidente Remon,"{'eventId': '3438126', 'overall': None, 'rating': None, 'surface': 'Dirt', '__typename': 'TrackCondition'}",3,6f Stakes - Race 3,1207,,,4,True,RESULTED,3,3,Sol Sweet Again,2,Unknown,BROWN,Speaker S Corner,Kay Two,RESULTED,49.5,,N Pitti,F Smith Moreno,1:0-0-0,0,0,-100,5,13,75,28,,,,,,,19.0,,1,0,,,,1,,1
https://www.racenet.com.au/form-guide/horse-racing/hipodromo-presidente-remon-20260928/6f-stakes-race-3-race-3/overview,Hipodromo Presidente Remon,2026-09-28,Hipodromo Presidente Remon,"{'eventId': '3438126', 'overall': None, 'rating': None, 'surface': 'Dirt', '__typename': 'TrackCondition'}",3,6f Stakes - Race 3,1207,,,4,True,RESULTED,4,4,Sol Para Rato,4,Unknown,BAY,Mucho Macho Man,Forever After,RESULTED,50,,J Reyes,J Arosemena,21:0-3-4,0,33,-100,3,17,0,7,,,,,,,1.65,,1,0,,,,3,,0
https://www.racenet.com.au/form-guide/horse-racing/hipodromo-presidente-remon-20260928/6f-stakes-race-3-race-3/overview,Hipodromo Presidente Remon,2026-09-28,Hipodromo Presidente Remon,"{'eventId': '3438126', 'overall': None, 'rating': None, 'surface': 'Dirt', '__typename': 'TrackCondition'}",3,6f Stakes - Race 3,1207,,,4,True,SCRATCHED,5,5,Presumida V.,3,Unknown,BAY,Uncle Chuck,Shackadelic,SCRATCHED,52.5,,K Berrugate,J Virzi,7:0-2-1,0,43,-100,2,6.5,0,36,,,,,,,,,0,0,,,,-1,,0
https://www.racenet.com.au/form-guide/horse-racing/hipodromo-presidente-remon-20260928/6f-stakes-race-3-race-3/overview,Hipodromo Presidente Remon,2026-09-28,Hipodromo Presidente Remon,"{'eventId': '3438126', 'overall': None, 'rating': None, 'surface': 'Dirt', '__typename': 'TrackCondition'}",3,6f Stakes - Race 3,1207,,,4,True,SCRATCHED,6,6,Gran Kazadora,3,Unknown,BROWN,Vino Rosso,Hunting Hill,SCRATCHED,49,,O Hernandez Jr,R Castillo,12:0-1-1,0,17,-100,7,17,0,56,,,,,,o,,,0,0,,,,-1,,0
https://www.racenet.com.au/form-guide/horse-racing/hipodromo-presidente-remon-20260928/6f-stakes-race-3-race-3/overview,Hipodromo Presidente Remon,2026-09-28,Hipodromo Presidente Remon,"{'eventId': '3438126', 'overall': None, 'rating': None, 'surface': 'Dirt', '__typename': 'TrackCondition'}",3,6f Stakes - Race 3,1207,,,4,True,SCRATCHED,7,7,Sol Isamar,2,Unknown,CHESTNUT,Vino Rosso,Our Musical Moment,SCRATCHED,49,,J Trejos,F Smith Moreno,3:0-0-0,0,0,-100,4,26,0,7,,,,,,,,,0,0,,,,-1,,0
https://www.racenet.com.au/form-guide/horse-racing/hipodromo-presidente-remon-20260928/7f-stakes-race-4-race-4/overview,Hipodromo Presidente Remon,2026-09-28,Hipodromo Presidente Remon,"{'eventId': '3438127', 'overall': None, 'rating': None, 'surface': 'Dirt', '__typename': 'TrackCondition'}",4,7f Stakes - Race 4,1408,,,7,True,RESULTED,1,1,Panama Shipman,3,Unknown,CHESTNUT,Midshipman,Weekend,RESULTED,51.25,,L Jurado,A Rodriguez,8:0-0-3,0,38,-100,4,41,0,14,,,,,,,21.0,,1,0,,,,6,,0
https://www.racenet.com.au/form-guide/horse-racing/hipodromo-presidente-remon-20260928/7f-stakes-race-4-race-4/overview,Hipodromo Presidente Remon,2026-09-28,Hipodromo Presidente Remon,"{'eventId': '3438127', 'overall': None, 'rating': None, 'surface': 'Dirt', '__typename': 'TrackCondition'}",4,7f Stakes - Race 4,1408,,,7,True,RESULTED,2,2,Humphrey Bogart,2,Unknown,BAY,Idol,Adopted Family,RESULTED,52.25,,L Arango,A Rodriguez,0:0-0-0,0,0,0,,,11,,,,,,,,5.0,,1,0,,,,7,,0
https://www.racenet.com.au/form-guide/horse-racing/hipodromo-presidente-remon-20260928/7f-stakes-race-4-race-4/overview,Hipodromo Presidente Remon,2026-09-28,Hipodromo Presidente Remon,"{'eventId': '3438127', 'overall': None, 'rating': None, 'surface': 'Dirt', '__typename': 'TrackCondition'}",4,7f Stakes - Race 4,1408,,,7,True,RESULTED,4,4,Double Dog Dare Ya,3,Unknown,CHESTNUT,Daredevil,Petunia Face,RESULTED,49.5,,J Garibaldo,A Gutierrez,5:0-0-0,0,0,-100,8,26,0,8,,,,,,,41.0,,1,0,,,,5,,0
https://www.racenet.com.au/form-guide/horse-racing/hipodromo-presidente-remon-20260928/7f-stakes-race-4-race-4/overview,Hipodromo Presidente Remon,2026-09-28,Hipodromo Presidente Remon,"{'eventId': '3438127', 'overall': None, 'rating': None, 'surface': 'Dirt', '__typename': 'TrackCondition'}",4,7f Stakes - Race 4,1408,,,7,True,RESULTED,5,5,Ambrosio P,4,Unknown,BROWN,Tonalist,Katy Lied,RESULTED,52.5,,O Hernandez Jr,J Perez,11:0-3-3,0,55,-100,4,7.5,0,8,,,,,,,7.5,,1,0,,,,3,,0
https://www.racenet.com.au/form-guide/horse-racing/hipodromo-presidente-remon-20260928/7f-stakes-race-4-race-4/overview,Hipodromo Presidente Remon,2026-09-28,Hipodromo Presidente Remon,"{'eventId': '3438127', 'overall': None, 'rating': None, 'surface': 'Dirt', '__typename': 'TrackCondition'}",4,7f Stakes - Race 4,1408,,,7,True,RESULTED,6,6,Power City,3,Unknown,BAY,Know Agenda,Go Go Lolo,RESULTED,53,,J Valdes,L Paz Rodriguez,8:0-3-1,0,50,-100,5,2.2,25,21,,,,,,b,4.0,,1,0,,,,4,,0
https://www.racenet.com.au/form-guide/horse-racing/hipodromo-presidente-remon-20260928/7f-stakes-race-4-race-4/overview,Hipodromo Presidente Remon,2026-09-28,Hipodromo Presidente Remon,"{'eventId': '3438127', 'overall': None, 'rating': None, 'surface': 'Dirt', '__typename': 'TrackCondition'}",4,7f Stakes - Race 4,1408,,,7,True,RESULTED,7,7,Nico P.,2,Unknown,BROWN,Modernist,Grats Road,RESULTED,52.5,,M Castillo,V Prescott,2:0-0-1,0,50,-100,3,7.5,15,21,,,,,,,3.0,,1,0,,,,1,,1
https://www.racenet.com.au/form-guide/horse-racing/hipodromo-presidente-remon-20260928/7f-stakes-race-4-race-4/overview,Hipodromo Presidente Remon,2026-09-28,Hipodromo Presidente Remon,"{'eventId': '3438127', 'overall': None, 'rating': None, 'surface': 'Dirt', '__typename': 'TrackCondition'}",4,7f Stakes - Race 4,1408,,,7,True,RESULTED,10,10,Incisivo,3,Unknown,BAY,War Of Will,Emma Carly,RESULTED,51.75,,N Pitti,E Ocana,9:0-1-2,0,33,-100,3,2.62,11,8,,,,,,b,2.7,,1,0,,,,2,,0
https://www.racenet.com.au/form-guide/horse-racing/hipodromo-presidente-remon-20260928/7f-stakes-race-4-race-4/overview,Hipodromo Presidente Remon,2026-09-28,Hipodromo Presidente Remon,"{'eventId': '3438127', 'overall': None, 'rating': None, 'surface': 'Dirt', '__typename': 'TrackCondition'}",4,7f Stakes - Race 4,1408,,,7,True,SCRATCHED,3,3,Ocho De Mayo,2,Unknown,CHESTNUT,Mendelssohn,Tomorra,SCRATCHED,52.25,,J Carrion,L Paz Rodriguez,0:0-0-0,0,0,0,,,27,,,,,,,,,,0,0,,,,-1,,0
https://www.racenet.com.au/form-guide/horse-racing/hipodromo-presidente-remon-20260928/7f-stakes-race-4-race-4/overview,Hipodromo Presidente Remon,2026-09-28,Hipodromo Presidente Remon,"{'eventId': '3438127', 'overall': None, 'rating': None, 'surface': 'Dirt', '__typename': 'TrackCondition'}",4,7f Stakes - Race 4,1408,,,7,True,SCRATCHED,8,8,Nollegaamayami,2,Unknown,BROWN,Dialed In,Saratta,SCRATCHED,52.25,,J Trejos,L Paz Rodriguez,0:0-0-0,0,0,0,,,0,,,,,,,,,,0,0,,,,-1,,0
https://www.racenet.com.au/form-guide/horse-racing/hipodromo-presidente-remon-20260928/7f-stakes-race-4-race-4/overview,Hipodromo Presidente Remon,2026-09-28,Hipodromo Presidente Remon,"{'eventId': '3438127', 'overall': None, 'rating': None, 'surface': 'Dirt', '__typename': 'TrackCondition'}",4,7f Stakes - Race 4,1408,,,7,True,SCRATCHED,9,9,Street Security,2,Unknown,BAY,Maximum Security,Madres War,SCRATCHED,53.5,,Y Lasso,A Rodriguez,0:0-0-0,0,0,0,,,29,,,,,,,,,,0,0,,,,-1,,0
https://www.racenet.com.au/form-guide/horse-racing/hipodromo-presidente-remon-20260928/7f-stakes-race-8-race-8/overview,Hipodromo Presidente Remon,2026-09-28,Hipodromo Presidente Remon,"{'eventId': '3438131', 'overall': None, 'rating': None, 'surface': 'Dirt', '__typename': 'TrackCondition'}",8,7f Stakes - Race 8,1408,,,4,True,RESULTED,1,1,Calvero,4,Unknown,BROWN,Laoban,Longtime Love,RESULTED,56.25,,S Sanchez,L Paz Rodriguez,11:0-0-1,0,9,-100,5,26,0,7,,,,,,o,,,0,0,,,,1,,1
https://www.racenet.com.au/form-guide/horse-racing/hipodromo-presidente-remon-20260928/7f-stakes-race-8-race-8/overview,Hipodromo Presidente Remon,2026-09-28,Hipodromo Presidente Remon,"{'eventId': '3438131', 'overall': None, 'rating': None, 'surface': 'Dirt', '__typename': 'TrackCondition'}",8,7f Stakes - Race 8,1408,,,4,True,RESULTED,2,2,Nux,4,Colt,b,Cityscape,Nuly,RESULTED,51.25,,J Barria,L Paz Rodriguez,5:2-0-1,40,60,13,10,10,36,112,,,,,,do,,,0,0,,,,4,,0
https://www.racenet.com.au/form-guide/horse-racing/hipodromo-presidente-remon-20260928/7f-stakes-race-8-race-8/overview,Hipodromo Presidente Remon,2026-09-28,Hipodromo Presidente Remon,"{'eventId': '3438131', 'overall': None, 'rating': None, 'surface': 'Dirt', '__typename': 'TrackCondition'}",8,7f Stakes - Race 8,1408,,,4,True,RESULTED,4,4,Fogonazo,4,Unknown,CHESTNUT,Brody S Cause,Sweet Force,RESULTED,53,,M Castillo,P Torres,29:1-3-7,3,38,-100,3,26,14,7,,,,,,tcd,,,0,0,,,,2,,0
https://www.racenet.com.au/form-guide/horse-racing/hipodromo-presidente-remon-20260928/7f-stakes-race-8-race-8/overview,Hipodromo Presidente Remon,2026-09-28,Hipodromo Presidente Remon,"{'eventId': '3438131', 'overall': None, 'rating': None, 'surface': 'Dirt', '__typename': 'TrackCondition'}",8,7f Stakes - Race 8,1408,,,4,True,RESULTED,6,6,Eagle In Charge,4,Unknown,BROWN,Take Charge Indy,Allonge,RESULTED,51.75,,J Martinez,R Arango,20:1-8-5,5,70,-100,2,3.25,67,7,,,,,,t,,,0,0,,,,3,,0
https://www.racenet.com.au/form-guide/horse-racing/hipodromo-presidente-remon-20260928/7f-stakes-race-8-race-8/overview,Hipodromo Presidente Remon,2026-09-28,Hipodromo Presidente Remon,"{'eventId': '3438131', 'overall': None, 'rating': None, 'surface': 'Dirt', '__typename': 'TrackCondition'}",8,7f Stakes - Race 8,1408,,,4,True,SCRATCHED,3,3,Talento Unico,4,Unknown,BROWN,Equal Talent,Santa Adorada,SCRATCHED,50,,L Lezcano,R Arango,7:1-2-0,14,43,-100,7,41,27,35,,,,,,to,,,0,0,,,,-1,,0
https://www.racenet.com.au/form-guide/horse-racing/hipodromo-presidente-remon-20260928/7f-stakes-race-8-race-8/overview,Hipodromo Presidente Remon,2026-09-28,Hipodromo Presidente Remon,"{'eventId': '3438131', 'overall': None, 'rating': None, 'surface': 'Dirt', '__typename': 'TrackCondition'}",8,7f Stakes - Race 8,1408,,,4,True,SCRATCHED,5,5,No Blue No Green,4,Unknown,BROWN,Thousand Words,Mermaid Sara,SCRATCHED,50,,D Aparicio,A Berguido,23:3-3-5,13,48,-74,3,9.5,30,10,,,,,,tn,,,0,0,,,,-1,,0
https://www.racenet.com.au/form-guide/horse-racing/istanbul-tr-20260927/marmara-race-7/overview,Istanbul,2026-09-27,Istanbul,"{'eventId': '3438741', 'overall': 'Good', 'rating': None, 'surface': 'Turf', '__typename': 'TrackCondition'}",7,Marmara,1600,,203814,9,True,RESULTED,1,3,Charabanc,5,Stallion,ch,Real Solutıon,Cello,RESULTED,60,,V. Abis,Mur. Akkılıç,20:14-1-1,70,80,-100,2,,17,0,,,,,,tcdbn,2.45,,15,7,2,2.25,12.5,2,,0
https://www.racenet.com.au/form-guide/horse-racing/istanbul-tr-20260927/marmara-race-7/overview,Istanbul,2026-09-27,Istanbul,"{'eventId': '3438741', 'overall': 'Good', 'rating': None, 'surface': 'Turf', '__typename': 'TrackCondition'}",7,Marmara,1600,,203814,9,True,RESULTED,2,1,Magic Selectra,4,Stallion,ch,Bluegrass Cat,Mıss Maker,RESULTED,60,,A. Sozen,H. Yüzbaşı,26:10-7-2,38,73,-100,1,,0,0,,,,,,tdsn,12.0,,15,5,11,9,-18.2,7,,0
https://www.racenet.com.au/form-guide/horse-racing/istanbul-tr-20260927/marmara-race-7/overview,Istanbul,2026-09-27,Istanbul,"{'eventId': '3438741', 'overall': 'Good', 'rating': None, 'surface': 'Turf', '__typename': 'TrackCondition'}",7,Marmara,1600,,203814,9,True,RESULTED,3,2,Special Man,4,Stallion,ch,Luxor,Kızım Melike,RESULTED,60,,Ö. Yıldırım,C. Aydogan,21:8-3-5,38,76,-100,4,,11,0,,,,,,tcdn,11.0,,15,6,11,8.5,-22.7,4,,0
https://www.racenet.com.au/form-guide/horse-racing/istanbul-tr-20260927/marmara-race-7/overview,Istanbul,2026-09-27,Istanbul,"{'eventId': '3438741', 'overall': 'Good', 'rating': None, 'surface': 'Turf', '__typename': 'TrackCondition'}",7,Marmara,1600,,203814,9,True,RESULTED,4,6,Subutaı,7,Gelding,b,Counterattack,Aamaal,RESULTED,60,,Er. Cankılıç,E. Uslu,72:17-18-4,24,54,-100,4,,0,0,,,,,,tcdn,101.0,,15,5,61,51,-16.4,3,,0
https://www.racenet.com.au/form-guide/horse-racing/istanbul-tr-20260927/marmara-race-7/overview,Istanbul,2026-09-27,Istanbul,"{'eventId': '3438741', 'overall': 'Good', 'rating': None, 'surface': 'Turf', '__typename': 'TrackCondition'}",7,Marmara,1600,,203814,9,True,RESULTED,5,8,Tonbi,4,Stallion,ch,Approve,Neferu,RESULTED,60,,H. Karatas,Z. Temucin,19:10-1-1,53,63,-100,6,,25,0,,,,,,tcdn,10.0,,15,7,9.5,8.5,-10.5,6,,0
https://www.racenet.com.au/form-guide/horse-racing/istanbul-tr-20260927/marmara-race-7/overview,Istanbul,2026-09-27,Istanbul,"{'eventId': '3438741', 'overall': 'Good', 'rating': None, 'surface': 'Turf', '__typename': 'TrackCondition'}",7,Marmara,1600,,203814,9,True,RESULTED,6,5,Mucho Bueno,3,Colt,b,Tızway,Belıef In Me,RESULTED,56,,A. Kursun,H. Yüzbaşı,15:3-6-0,20,60,-100,6,,0,0,,,,,,tcdn,34.0,,15,4,26,23,-11.5,9,,0
https://www.racenet.com.au/form-guide/horse-racing/istanbul-tr-20260927/marmara-race-7/overview,Istanbul,2026-09-27,Istanbul,"{'eventId': '3438741', 'overall': 'Good', 'rating': None, 'surface': 'Turf', '__typename': 'TrackCondition'}",7,Marmara,1600,,203814,9,True,RESULTED,7,4,Shadow Soldier,3,Colt,b,Agresıvo,Thıs Is My Gırl,RESULTED,56,,G. Kocakaya,V. Yıldırım,14:4-3-1,29,57,-100,4,,13,0,,,,,,tdn,51.0,,15,11,17,20,17.6,8,,0
https://www.racenet.com.au/form-guide/horse-racing/istanbul-tr-20260927/marmara-race-7/overview,Istanbul,2026-09-27,Istanbul,"{'eventId': '3438741', 'overall': 'Good', 'rating': None, 'surface': 'Turf', '__typename': 'TrackCondition'}",7,Marmara,1600,,203814,9,True,RESULTED,8,7,Upamecano,3,Colt,b,Epaulette,Elif Hatun,RESULTED,56,,S. Kaya,İb. B. Oğulları,10:6-0-1,60,70,-100,5,,14,0,,,,,,tcdsn,4.4,,15,10,5,3.9,-22.0,5,,0
https://www.racenet.com.au/form-guide/horse-racing/istanbul-tr-20260927/marmara-race-7/overview,Istanbul,2026-09-27,Istanbul,"{'eventId': '3438741', 'overall': 'Good', 'rating': None, 'surface': 'Turf', '__typename': 'TrackCondition'}",7,Marmara,1600,,203814,9,True,RESULTED,9,9,Whizbang,3,Colt,b,Sadler'S Joy,Value Chaın,RESULTED,56,,S. Boyraz,E. Mutlu,19:9-3-3,47,79,-100,1,,50,0,,,,,,tcdsn,3.7,,15,4,3.3,3.2,-3.0,1,,1
https://www.racenet.com.au/form-guide/horse-racing/istanbul-tr-20260927/race-1-race-1/overview,Istanbul,2026-09-27,Istanbul,"{'eventId': '3438735', 'overall': 'Good', 'rating': None, 'surface': 'All Weather', '__typename': 'TrackCondition'}",1,Race 1,2000,,37196,8,True,RESULTED,1,2,O Bir Çelik,6,Stallion,ch,Kaızbert,Jonathan,RESULTED,60,,K. Gokce,B. Çapkın,63:24-17-4,38,71,-100,4,,0,0,,,,,,tcdn,2.5,,15,23,2.6,1.9,-26.9,3,,0
https://www.racenet.com.au/form-guide/horse-racing/istanbul-tr-20260927/race-1-race-1/overview,Istanbul,2026-09-27,Istanbul,"{'eventId': '3438735', 'overall': 'Good', 'rating': None, 'surface': 'All Weather', '__typename': 'TrackCondition'}",1,Race 1,2000,,37196,8,True,RESULTED,2,1,Saadın Kasırgası,6,Stallion,b,Saadın Gücü,Baykanece,RESULTED,59,,O. F. Ozen,O. Bozyel,100:10-10-18,10,38,-100,4,,50,0,,,,,,tcdn,4.6,,15,14,6.25,3.9,-37.6,2,,0
https://www.racenet.com.au/form-guide/horse-racing/istanbul-tr-20260927/race-1-race-1/overview,Istanbul,2026-09-27,Istanbul,"{'eventId': '3438735', 'overall': 'Good', 'rating': None, 'surface': 'All Weather', '__typename': 'TrackCondition'}",1,Race 1,2000,,37196,8,True,RESULTED,3,4,Ufkun Ötesi,5,Stallion,ch,Ufukbir,Nurten,RESULTED,56,,U. Levent,Ram. Kaya,73:10-7-8,14,34,-100,7,,50,0,,,,,,tn,3.8,,15,11,5.5,2.7,-50.9,1,,1
https://www.racenet.com.au/form-guide/horse-racing/istanbul-tr-20260927/race-1-race-1/overview,Istanbul,2026-09-27,Istanbul,"{'eventId': '3438735', 'overall': 'Good', 'rating': None, 'surface': 'All Weather', '__typename': 'TrackCondition'}",1,Race 1,2000,,37196,8,True,RESULTED,4,8,Liderkatı,4,Stallion,ch,Gümbürgümbür,Nisan Rüzgarı,RESULTED,59,,T. Yıldız,C. Katı,24:6-2-4,25,50,-100,3,,0,0,,,,,,dsn,5.5,,15,10,7.5,4.8,-36.0,4,,0
https://www.racenet.com.au/form-guide/horse-racing/istanbul-tr-20260927/race-1-race-1/overview,Istanbul,2026-09-27,Istanbul,"{'eventId': '3438735', 'overall': 'Good', 'rating': None, 'surface': 'All Weather', '__typename': 'TrackCondition'}",1,Race 1,2000,,37196,8,True,RESULTED,5,3,Damla Suyu,5,Stallion,gr,Kurtçabey,İlkoru,RESULTED,58,,A. Yıldız,Guv. Gokce,60:4-5-15,7,40,-100,2,,50,0,,,,,,n,19.0,,15,14,19,13,-31.6,7,,0
https://www.racenet.com.au/form-guide/horse-racing/istanbul-tr-20260927/race-1-race-1/overview,Istanbul,2026-09-27,Istanbul,"{'eventId': '3438735', 'overall': 'Good', 'rating': None, 'surface': 'All Weather', '__typename': 'TrackCondition'}",1,Race 1,2000,,37196,8,True,RESULTED,7,5,Surertay,5,Stallion,ch,Besleney,Ecebalın,RESULTED,58,,Mus. Celik,Mur. Altın,37:8-6-4,22,49,-100,11,,0,0,,,,,,don,15.0,,15,13,16,10,-37.5,5,,0
https://www.racenet.com.au/form-guide/horse-racing/istanbul-tr-20260927/race-1-race-1/overview,Istanbul,2026-09-27,Istanbul,"{'eventId': '3438735', 'overall': 'Good', 'rating': None, 'surface': 'All Weather', '__typename': 'TrackCondition'}",1,Race 1,2000,,37196,8,True,RESULTED,8,7,Ağa Turbo,7,Stallion,ch,Turbo,Hürgönül,RESULTED,56,,E. Aktug,Hal. Yıldız,55:11-14-4,20,53,-100,10,,0,0,,,,,,tcdon,12.0,,15,14,15,9,-40.0,6,,0
https://www.racenet.com.au/form-guide/horse-racing/istanbul-tr-20260927/race-1-race-1/overview,Istanbul,2026-09-27,Istanbul,"{'eventId': '3438735', 'overall': 'Good', 'rating': None, 'surface': 'All Weather', '__typename': 'TrackCondition'}",1,Race 1,2000,,37196,8,True,,9,9,Mehmetoğlu,5,Stallion,ch,Ayabakan,Dağ Balı,,56,,S. Akbulat,U. Temucin,32:6-3-4,19,41,-100,10,,0,25,,,,,,tson,51.0,,15,13,34,31,-8.8,,,
https://www.racenet.com.au/form-guide/horse-racing/istanbul-tr-20260927/race-1-race-1/overview,Istanbul,2026-09-27,Istanbul,"{'eventId': '3438735', 'overall': 'Good', 'rating': None, 'surface': 'All Weather', '__typename': 'TrackCondition'}",1,Race 1,2000,,37196,8,True,SCRATCHED,6,6,Eflah,5,Stallion,ch,Özgünhan,Sepya,SCRATCHED,55,,Er. Cankılıç,K. Gunes,39:5-10-9,13,62,-100,9,,0,118,,,,,,tcdn,3.0,,14,2,2.8,2.7,-3.6,-1,,0
https://www.racenet.com.au/form-guide/horse-racing/istanbul-tr-20260927/race-10-race-10/overview,Istanbul,2026-09-27,Istanbul,"{'eventId': '3438744', 'overall': 'Good', 'rating': None, 'surface': 'Turf', '__typename': 'TrackCondition'}",10,Race 10,2400,,356675,9,True,RESULTED,1,7,Al Tan,5,Stallion,ch,Luxor,No More Strıke,RESULTED,60,,Ö. Yıldırım,M. Oz,40:11-10-9,28,75,-100,3,,0,0,,,,,,tsn,12.0,,15,5,11,10,-9.1,2,,0
https://www.racenet.com.au/form-guide/horse-racing/istanbul-tr-20260927/race-10-race-10/overview,Istanbul,2026-09-27,Istanbul,"{'eventId': '3438744', 'overall': 'Good', 'rating': None, 'surface': 'Turf', '__typename': 'TrackCondition'}",10,Race 10,2400,,356675,9,True,RESULTED,2,2,Borrego,5,Stallion,b,My Dear Son,Seddıfı,RESULTED,60,,A. Yıldız,C. Turan,30:11-7-5,37,77,-100,3,,0,0,,,,,,tcdn,21.0,,15,7,21,18,-14.3,9,,0
https://www.racenet.com.au/form-guide/horse-racing/istanbul-tr-20260927/race-10-race-10/overview,Istanbul,2026-09-27,Istanbul,"{'eventId': '3438744', 'overall': 'Good', 'rating': None, 'surface': 'Turf', '__typename': 'TrackCondition'}",10,Race 10,2400,,356675,9,True,RESULTED,3,6,Galioğlu,4,Stallion,b,Myboycharlıe,Counter Strıke,RESULTED,60,,S. Kaya,E. Karatas,29:8-2-6,28,55,-100,1,,50,0,,,,,,tcdn,9.5,,15,7,9.5,8,-15.8,4,,0
https://www.racenet.com.au/form-guide/horse-racing/istanbul-tr-20260927/race-10-race-10/overview,Istanbul,2026-09-27,Istanbul,"{'eventId': '3438744', 'overall': 'Good', 'rating': None, 'surface': 'Turf', '__typename': 'TrackCondition'}",10,Race 10,2400,,356675,9,True,RESULTED,4,8,Handsome King,4,Stallion,b,Vıctoıre Pısa,Nadire,RESULTED,60,,V. Abis,V. Yıldırım,28:9-4-3,32,57,-100,3,,44,0,,,,,,tcdn,14.0,,15,6,15,12,-20.0,5,,0
https://www.racenet.com.au/form-guide/horse-racing/istanbul-tr-20260927/race-10-race-10/overview,Istanbul,2026-09-27,Istanbul,"{'eventId': '3438744', 'overall': 'Good', 'rating': None, 'surface': 'Turf', '__typename': 'TrackCondition'}",10,Race 10,2400,,356675,9,True,RESULTED,5,1,Tor Gold,5,Stallion,b,Torok,Suzi Gold,RESULTED,60,,A. Sozen,Y. Demir,26:8-6-5,31,73,-100,2,,0,0,,,,,,tcdn,7.0,,15,7,7,5.5,-21.4,6,,0
https://www.racenet.com.au/form-guide/horse-racing/istanbul-tr-20260927/race-10-race-10/overview,Istanbul,2026-09-27,Istanbul,"{'eventId': '3438744', 'overall': 'Good', 'rating': None, 'surface': 'Turf', '__typename': 'TrackCondition'}",10,Race 10,2400,,356675,9,True,RESULTED,6,3,Beauty Of Darkness,4,Mare,b,Tızway,Yasemin Kız,RESULTED,58,,E. Aktug,U. Kulak,34:8-4-8,24,59,-100,4,,50,0,,,,,,tn,26.0,,15,5,26,21,-19.2,7,,0
https://www.racenet.com.au/form-guide/horse-racing/istanbul-tr-20260927/race-10-race-10/overview,Istanbul,2026-09-27,Istanbul,"{'eventId': '3438744', 'overall': 'Good', 'rating': None, 'surface': 'Turf', '__typename': 'TrackCondition'}",10,Race 10,2400,,356675,9,True,RESULTED,7,9,Etsuko,5,Mare,ch,Kaneko,Ocean Seraph,RESULTED,58,,A. Kursun,S. Gurkan,35:12-8-3,34,66,-100,2,,38,0,,,,,,tcdn,8.5,,15,7,8.5,7.5,-11.8,1,,1
https://www.racenet.com.au/form-guide/horse-racing/istanbul-tr-20260927/race-10-race-10/overview,Istanbul,2026-09-27,Istanbul,"{'eventId': '3438744', 'overall': 'Good', 'rating': None, 'surface': 'Turf', '__typename': 'TrackCondition'}",10,Race 10,2400,,356675,9,True,RESULTED,8,4,Truely,4,Mare,ch,Vıctoıre Pısa,How Come,RESULTED,58,,H. Karatas,V. Yıldırım,24:9-5-2,38,67,-100,1,,33,0,,,,,,tdn,2.2,,15,4,1.75,1.8,2.9,3,,0
https://www.racenet.com.au/form-guide/horse-racing/istanbul-tr-20260927/race-10-race-10/overview,Istanbul,2026-09-27,Istanbul,"{'eventId': '3438744', 'overall': 'Good', 'rating': None, 'surface': 'Turf', '__typename': 'TrackCondition'}",10,Race 10,2400,,356675,9,True,RESULTED,9,5,Rabovo,3,Colt,gr,Kırcaali,Monshau,RESULTED,55,,G. Kocakaya,Muc. Kaya,10:3-5-1,30,90,-100,2,,100,0,,,,,,tsn,4.2,,15,10,4.2,3.6,-14.3,8,,0
https://www.racenet.com.au/form-guide/horse-racing/istanbul-tr-20260927/race-2-race-2/overview,Istanbul,2026-09-27,Istanbul,"{'eventId': '3438736', 'overall': 'Good', 'rating': None, 'surface': 'All Weather', '__typename': 'TrackCondition'}",2,Race 2,1400,,30572,12,True,RESULTED,1,2,Alander,3,Colt,ch,Afrikaander,Al Seray,RESULTED,54,,R. Ketme,N. Gunduz,2:0-0-0,0,0,-100,10,,25,0,,,,,,o,19.0,,15,14,17,13,-23.5,4,,0
https://www.racenet.com.au/form-guide/horse-racing/istanbul-tr-20260927/race-2-race-2/overview,Istanbul,2026-09-27,Istanbul,"{'eventId': '3438736', 'overall': 'Good', 'rating': None, 'surface': 'All Weather', '__typename': 'TrackCondition'}",2,Race 2,1400,,30572,12,True,RESULTED,2,10,Altın Adam,3,Colt,gr,Özhaber,Kuruşun Kızı,RESULTED,57,,G. Ozcelik,Guv. Gokce,6:0-0-0,0,0,-100,6,,0,0,,,,,,,8.5,,15,7,8,8,0.0,1,,1
https://www.racenet.com.au/form-guide/horse-racing/istanbul-tr-20260927/race-2-race-2/overview,Istanbul,2026-09-27,Istanbul,"{'eventId': '3438736', 'overall': 'Good', 'rating': None, 'surface': 'All Weather', '__typename': 'TrackCondition'}",2,Race 2,1400,,30572,12,True,RESULTED,3,9,Büyük Destan,3,Colt,ch,Berksoy,Duruat,RESULTED,57,,E. Aktug,Ser. Yıldız,3:0-0-0,0,0,-100,7,,0,0,,,,,,,3.1,,15,13,3.9,2.7,-30.8,3,,0
https://www.racenet.com.au/form-guide/horse-racing/istanbul-tr-20260927/race-2-race-2/overview,Istanbul,2026-09-27,Istanbul,"{'eventId': '3438736', 'overall': 'Good', 'rating': None, 'surface': 'All Weather', '__typename': 'TrackCondition'}",2,Race 2,1400,,30572,12,True,RESULTED,4,6,Kamalı Beyi,3,Colt,gr,Baba Mevlüt,Pers Aslanı,RESULTED,55,,Er. Cankılıç,O. Bozyel,1:0-0-0,0,0,-100,9,,0,0,,,,,,o,51.0,,15,9,31,34,9.7,12,,0
https://www.racenet.com.au/form-guide/horse-racing/istanbul-tr-20260927/race-2-race-2/overview,Istanbul,2026-09-27,Istanbul,"{'eventId': '3438736', 'overall': 'Good', 'rating': None, 'surface': 'All Weather', '__typename': 'TrackCondition'}",2,Race 2,1400,,30572,12,True,RESULTED,5,12,Karanlık,3,Colt,gr,Taliphan,Fülane,RESULTED,57,,T. Yıldız,B. Çapkın,6:0-1-1,0,33,-100,2,,0,0,,,,,,,2.1,,15,7,1.95,1.95,0.0,5,,0
https://www.racenet.com.au/form-guide/horse-racing/istanbul-tr-20260927/race-2-race-2/overview,Istanbul,2026-09-27,Istanbul,"{'eventId': '3438736', 'overall': 'Good', 'rating': None, 'surface': 'All Weather', '__typename': 'TrackCondition'}",2,Race 2,1400,,30572,12,True,RESULTED,6,11,Tuguntay,3,Colt,ch,Taykut,Gülümayşe,RESULTED,53,,R. Yıldız,A. Karatoprak,2:0-0-0,0,0,-100,10,,0,0,,,,,,o,91.0,,15,9,51,61,19.6,8,,0
https://www.racenet.com.au/form-guide/horse-racing/istanbul-tr-20260927/race-2-race-2/overview,Istanbul,2026-09-27,Istanbul,"{'eventId': '3438736', 'overall': 'Good', 'rating': None, 'surface': 'All Weather', '__typename': 'TrackCondition'}",2,Race 2,1400,,30572,12,True,RESULTED,7,4,Aykısrak,3,Filly,gr,Madrabaz,Serapkız,RESULTED,51,,B. Bulbul,S. Keresteci,1:0-0-0,0,0,-100,8,,0,0,,,,,,,51.0,,15,11,31,34,9.7,11,,0
https://www.racenet.com.au/form-guide/horse-racing/istanbul-tr-20260927/race-2-race-2/overview,Istanbul,2026-09-27,Istanbul,"{'eventId': '3438736', 'overall': 'Good', 'rating': None, 'surface': 'All Weather', '__typename': 'TrackCondition'}",2,Race 2,1400,,30572,12,True,RESULTED,8,5,Çınaraltı Kızı,3,Filly,gr,Demirturbo,Zülal,RESULTED,55,,A. Yıldız,A. Avcı,5:0-0-0,0,0,-100,6,,100,0,,,,,,,11.0,,15,10,9,9,0.0,2,,0
https://www.racenet.com.au/form-guide/horse-racing/istanbul-tr-20260927/race-2-race-2/overview,Istanbul,2026-09-27,Istanbul,"{'eventId': '3438736', 'overall': 'Good', 'rating': None, 'surface': 'All Weather', '__typename': 'TrackCondition'}",2,Race 2,1400,,30572,12,True,RESULTED,9,8,Gökşenim,3,Filly,ch,Kayayürekli,Aybeniz,RESULTED,55,,A. Kacmaz,Mur. Akkılıç,1:0-0-0,0,0,-100,9,,0,0,,,,,,bo,9.0,,15,8,11,7,-36.4,7,,0
https://www.racenet.com.au/form-guide/horse-racing/istanbul-tr-20260927/race-2-race-2/overview,Istanbul,2026-09-27,Istanbul,"{'eventId': '3438736', 'overall': 'Good', 'rating': None, 'surface': 'All Weather', '__typename': 'TrackCondition'}",2,Race 2,1400,,30572,12,True,RESULTED,10,3,Hünerim,3,Filly,ch,Fatih Ağa,Çekerekli,RESULTED,54,,K. Gokce,Guv. Gokce,4:0-0-0,0,0,-100,10,,0,0,,,,,,o,51.0,,15,9,18,26,44.4,6,,0
https://www.racenet.com.au/form-guide/horse-racing/istanbul-tr-20260927/race-2-race-2/overview,Istanbul,2026-09-27,Istanbul,"{'eventId': '3438736', 'overall': 'Good', 'rating': None, 'surface': 'All Weather', '__typename': 'TrackCondition'}",2,Race 2,1400,,30572,12,True,RESULTED,11,7,Tumbul Nadide,3,Filly,ch,Uçanoğlu,Tütsü,RESULTED,55,,Mus. Celik,Mah. Baykara,10:0-0-0,0,0,-100,5,,0,0,,,,,,,12.0,,15,4,10,9,-10.0,9,,0
https://www.racenet.com.au/form-guide/horse-racing/istanbul-tr-20260927/race-2-race-2/overview,Istanbul,2026-09-27,Istanbul,"{'eventId': '3438736', 'overall': 'Good', 'rating': None, 'surface': 'All Weather', '__typename': 'TrackCondition'}",2,Race 2,1400,,30572,12,True,RESULTED,12,1,Volcanic Girl,3,Filly,ch,Gelibolu,Tezkire,RESULTED,53,,U. Levent,B. Çapkın,1:0-0-0,0,0,-100,8,,0,0,,,,,,,61.0,,15,9,41,41,0.0,10,,0
https://www.racenet.com.au/form-guide/horse-racing/istanbul-tr-20260927/race-3-race-3/overview,Istanbul,2026-09-27,Istanbul,"{'eventId': '3438737', 'overall': 'Good', 'rating': None, 'surface': 'Turf', '__typename': 'TrackCondition'}",3,Race 3,1900,,37196,8,True,RESULTED,1,8,Sheep Stealer,3,Colt,b,Epaulette,Chaposa Strıke,RESULTED,59,,Er. Cankılıç,A. Olcar,20:4-2-3,20,45,-100,6,,0,0,,,,,,tn,18.0,,15,6,15,15,0.0,8,,0
https://www.racenet.com.au/form-guide/horse-racing/istanbul-tr-20260927/race-3-race-3/overview,Istanbul,2026-09-27,Istanbul,"{'eventId': '3438737', 'overall': 'Good', 'rating': None, 'surface': 'Turf', '__typename': 'TrackCondition'}",3,Race 3,1900,,37196,8,True,RESULTED,2,4,Rosario,3,Colt,b,Approve,Bookıesındex Gırl,RESULTED,59,,V. Abis,S. Gokce,6:2-0-3,33,83,-100,6,,50,0,,,,,,tbn,6.5,,15,3,4.6,5.5,19.6,5,,0
https://www.racenet.com.au/form-guide/horse-racing/istanbul-tr-20260927/race-3-race-3/overview,Istanbul,2026-09-27,Istanbul,"{'eventId': '3438737', 'overall': 'Good', 'rating': None, 'surface': 'Turf', '__typename': 'TrackCondition'}",3,Race 3,1900,,37196,8,True,RESULTED,3,1,Son Of The Knife,4,Stallion,b,Myboycharlıe,Kıss Me,RESULTED,60,,Z. Karabulut,V. Karakaya,26:5-1-4,19,38,-100,10,,0,0,,,,,,ton,67.0,,15,4,34,41,20.6,6,,0
https://www.racenet.com.au/form-guide/horse-racing/istanbul-tr-20260927/race-3-race-3/overview,Istanbul,2026-09-27,Istanbul,"{'eventId': '3438737', 'overall': 'Good', 'rating': None, 'surface': 'Turf', '__typename': 'TrackCondition'}",3,Race 3,1900,,37196,8,True,RESULTED,4,3,Süper Han,3,Colt,b,Talıp Han,Eraada,RESULTED,58,,Ö. Yıldırım,I. Koroglu,9:3-2-1,33,67,-100,1,,67,0,,,,,,tcdn,2.9,,15,3,2.7,2.55,-5.6,3,,0
https://www.racenet.com.au/form-guide/horse-racing/istanbul-tr-20260927/race-3-race-3/overview,Istanbul,2026-09-27,Istanbul,"{'eventId': '3438737', 'overall': 'Good', 'rating': None, 'surface': 'Turf', '__typename': 'TrackCondition'}",3,Race 3,1900,,37196,8,True,RESULTED,5,5,Ormello,3,Colt,gr,Natıve Khan,Top Traıl,RESULTED,57,,Mus. Celik,S. Keresteci,5:2-0-3,40,100,-100,1,,33,0,,,,,,tcdn,2.8,,15,6,2.9,2.5,-13.8,1,,1
https://www.racenet.com.au/form-guide/horse-racing/istanbul-tr-20260927/race-3-race-3/overview,Istanbul,2026-09-27,Istanbul,"{'eventId': '3438737', 'overall': 'Good', 'rating': None, 'surface': 'Turf', '__typename': 'TrackCondition'}",3,Race 3,1900,,37196,8,True,RESULTED,6,6,Asra İnat,4,Stallion,ch,Touch The Wolf,Radıant,RESULTED,63,,A. Sozen,Mur. Akkılıç,27:3-2-8,11,48,-100,1,,25,0,,,,,,tn,14.0,,15,6,12,9,-25.0,4,,0
https://www.racenet.com.au/form-guide/horse-racing/istanbul-tr-20260927/race-3-race-3/overview,Istanbul,2026-09-27,Istanbul,"{'eventId': '3438737', 'overall': 'Good', 'rating': None, 'surface': 'Turf', '__typename': 'TrackCondition'}",3,Race 3,1900,,37196,8,True,RESULTED,7,2,Pevrul,3,Colt,b,Vıctory Gallop,Phantastıc,RESULTED,52,,E. Aktug,İb. B. Oğulları,10:1-4-1,10,60,-100,2,,0,0,,,,,,n,4.0,,15,4,3.9,3.4,-12.8,2,,0
https://www.racenet.com.au/form-guide/horse-racing/istanbul-tr-20260927/race-3-race-3/overview,Istanbul,2026-09-27,Istanbul,"{'eventId': '3438737', 'overall': 'Good', 'rating': None, 'surface': 'Turf', '__typename': 'TrackCondition'}",3,Race 3,1900,,37196,8,True,RESULTED,8,7,Senkron,5,Stallion,b,Authorızed,Duru Hanım,RESULTED,54,,A. Kacmaz,S. Bektas,33:4-5-1,12,30,-100,4,,0,0,,,,,,tbn,29.0,,15,7,19,21,10.5,7,,0
https://www.racenet.com.au/form-guide/horse-racing/istanbul-tr-20260927/race-4-race-4/overview,Istanbul,2026-09-27,Istanbul,"{'eventId': '3438738', 'overall': 'Good', 'rating': None, 'surface': 'All Weather', '__typename': 'TrackCondition'}",4,Race 4,1400,,30572,12,True,RESULTED,1,11,Karaköprü Ateşi,3,Colt,ch,Orhunkaan,Sevilgen,RESULTED,59,,Mahs. Turan,A. Temizer,9:0-2-1,0,33,-100,2,,43,0,,,,,,,6.25,,15,6,6,5.5,-8.3,1,,1
https://www.racenet.com.au/form-guide/horse-racing/istanbul-tr-20260927/race-4-race-4/overview,Istanbul,2026-09-27,Istanbul,"{'eventId': '3438738', 'overall': 'Good', 'rating': None, 'surface': 'All Weather', '__typename': 'TrackCondition'}",4,Race 4,1400,,30572,12,True,RESULTED,2,7,Akçaali,3,Colt,ch,Berksoy,Çeltik,RESULTED,57,,G. Ozcelik,Mir. Ipek,3:0-0-1,0,33,-100,4,,0,0,,,,,,,7.0,,15,8,7,6.5,-7.1,4,,0
https://www.racenet.com.au/form-guide/horse-racing/istanbul-tr-20260927/race-4-race-4/overview,Istanbul,2026-09-27,Istanbul,"{'eventId': '3438738', 'overall': 'Good', 'rating': None, 'surface': 'All Weather', '__typename': 'TrackCondition'}",4,Race 4,1400,,30572,12,True,RESULTED,3,1,Besni,3,Colt,ch,Besleney,Bedesten,RESULTED,57,,V. Abis,Ser. Yıldız,3:0-1-0,0,33,-100,4,,20,0,,,,,,,2.35,,15,6,2.5,2.2,-12.0,3,,0
https://www.racenet.com.au/form-guide/horse-racing/istanbul-tr-20260927/race-4-race-4/overview,Istanbul,2026-09-27,Istanbul,"{'eventId': '3438738', 'overall': 'Good', 'rating': None, 'surface': 'All Weather', '__typename': 'TrackCondition'}",4,Race 4,1400,,30572,12,True,RESULTED,4,8,Birtugan,3,Colt,gr,Gelibolu,Gülsima,RESULTED,57,,E. Bozdag,Gok. Gokce,2:0-0-0,0,0,-100,8,,0,0,,,,,,,34.0,,15,5,31,26,-16.1,5,,0
https://www.racenet.com.au/form-guide/horse-racing/istanbul-tr-20260927/race-4-race-4/overview,Istanbul,2026-09-27,Istanbul,"{'eventId': '3438738', 'overall': 'Good', 'rating': None, 'surface': 'All Weather', '__typename': 'TrackCondition'}",4,Race 4,1400,,30572,12,True,RESULTED,5,4,Gökkılıç,3,Colt,gr,Kafkas Şahı,Safsu,RESULTED,53,,U. Levent,Ram. Kaya,7:0-0-0,0,0,-100,7,,50,0,,,,,,,61.0,,15,8,16,34,112.5,8,,0
https://www.racenet.com.au/form-guide/horse-racing/istanbul-tr-20260927/race-4-race-4/overview,Istanbul,2026-09-27,Istanbul,"{'eventId': '3438738', 'overall': 'Good', 'rating': None, 'surface': 'All Weather', '__typename': 'TrackCondition'}",4,Race 4,1400,,30572,12,True,RESULTED,6,12,Rossiman,3,Colt,b,Bodrum Kalesi,Gagauz,RESULTED,56,,K. Gokce,Guv. Gokce,6:0-0-0,0,0,-100,6,,0,0,,,,,,,67.0,,15,4,51,41,-19.6,7,,0
https://www.racenet.com.au/form-guide/horse-racing/istanbul-tr-20260927/race-4-race-4/overview,Istanbul,2026-09-27,Istanbul,"{'eventId': '3438738', 'overall': 'Good', 'rating': None, 'surface': 'All Weather', '__typename': 'TrackCondition'}",4,Race 4,1400,,30572,12,True,RESULTED,7,3,Roza Hanım,3,Filly,ch,Balalayka,Dilahatun,RESULTED,57,,A. Yıldız,A. Temizer,5:0-1-1,0,40,-100,4,,0,0,,,,,,,6.0,,15,3,5.25,5.5,4.8,6,,0
https://www.racenet.com.au/form-guide/horse-racing/istanbul-tr-20260927/race-4-race-4/overview,Istanbul,2026-09-27,Istanbul,"{'eventId': '3438738', 'overall': 'Good', 'rating': None, 'surface': 'All Weather', '__typename': 'TrackCondition'}",4,Race 4,1400,,30572,12,True,RESULTED,8,5,Alcanzar,3,Filly,gr,Fatih Ağa,Aspurçe,RESULTED,55,,B. Akcay,Z. Temucin,4:0-0-0,0,0,-100,8,,33,0,,,,,,,23.0,,15,11,23,17,-26.1,2,,0
https://www.racenet.com.au/form-guide/horse-racing/istanbul-tr-20260927/race-4-race-4/overview,Istanbul,2026-09-27,Istanbul,"{'eventId': '3438738', 'overall': 'Good', 'rating': None, 'surface': 'All Weather', '__typename': 'TrackCondition'}",4,Race 4,1400,,30572,12,True,RESULTED,9,9,Buzmeral,3,Filly,ch,Biçer,Jonathan,RESULTED,55,,T. Yıldız,B. Çapkın,1:0-0-0,0,0,-100,7,,0,0,,,,,,,31.0,,15,8,26,23,-11.5,12,,0
https://www.racenet.com.au/form-guide/horse-racing/istanbul-tr-20260927/race-4-race-4/overview,Istanbul,2026-09-27,Istanbul,"{'eventId': '3438738', 'overall': 'Good', 'rating': None, 'surface': 'All Weather', '__typename': 'TrackCondition'}",4,Race 4,1400,,30572,12,True,RESULTED,10,10,Günkari,3,Filly,ch,Gelibolu,Elayar,RESULTED,51,,B. Bulbul,S. Bektas,6:0-0-0,0,0,-100,7,,0,0,,,,,,,91.0,,15,8,61,51,-16.4,10,,0
https://www.racenet.com.au/form-guide/horse-racing/istanbul-tr-20260927/race-4-race-4/overview,Istanbul,2026-09-27,Istanbul,"{'eventId': '3438738', 'overall': 'Good', 'rating': None, 'surface': 'All Weather', '__typename': 'TrackCondition'}",4,Race 4,1400,,30572,12,True,RESULTED,11,2,Nilperi,3,Filly,ch,Gümbürgümbür,Lavanta,RESULTED,55,,G. Kocakaya,Ram. Kaya,1:0-0-0,0,0,-100,4,,33,0,,,,,,,5.25,,15,6,5.25,4.6,-12.4,9,,0
https://www.racenet.com.au/form-guide/horse-racing/istanbul-tr-20260927/race-4-race-4/overview,Istanbul,2026-09-27,Istanbul,"{'eventId': '3438738', 'overall': 'Good', 'rating': None, 'surface': 'All Weather', '__typename': 'TrackCondition'}",4,Race 4,1400,,30572,12,True,RESULTED,12,6,Sabrinin Kızı,3,Filly,ch,Sabrinin Atı,Mıss Erciş,RESULTED,55,,Mus. Celik,O. Guneli,6:0-0-1,0,17,-100,3,,0,0,,,,,,,9.0,,15,4,9,8.5,-5.6,11,,0
https://www.racenet.com.au/form-guide/horse-racing/istanbul-tr-20260927/race-5-race-5/overview,Istanbul,2026-09-27,Istanbul,"{'eventId': '3438739', 'overall': 'Good', 'rating': None, 'surface': 'All Weather', '__typename': 'TrackCondition'}",5,Race 5,1300,,30317,10,True,RESULTED,1,7,Ballıbike,3,Filly,gr,Kayayürekli,Beyaz Kelebek,RESULTED,60,,G. Kocakaya,A. Karatoprak,8:1-2-2,13,63,-100,10,,0,0,,,,,,tson,4.6,,15,1,4.2,4.2,0.0,3,,0
https://www.racenet.com.au/form-guide/horse-racing/istanbul-tr-20260927/race-5-race-5/overview,Istanbul,2026-09-27,Istanbul,"{'eventId': '3438739', 'overall': 'Good', 'rating': None, 'surface': 'All Weather', '__typename': 'TrackCondition'}",5,Race 5,1300,,30317,10,True,RESULTED,2,2,Hoşbakış,3,Filly,gr,Özgünhan,Hoşnur,RESULTED,59,,Ö. Yıldırım,M. Tekinalp,13:1-1-2,8,31,-100,5,,0,0,,,,,,dn,5.5,,15,5,5.5,5,-9.1,5,,0
https://www.racenet.com.au/form-guide/horse-racing/istanbul-tr-20260927/race-5-race-5/overview,Istanbul,2026-09-27,Istanbul,"{'eventId': '3438739', 'overall': 'Good', 'rating': None, 'surface': 'All Weather', '__typename': 'TrackCondition'}",5,Race 5,1300,,30317,10,True,RESULTED,3,8,Konçiçek,3,Filly,gr,Oğuzboylu,Kudret Narı,RESULTED,59,,A. Sozen,H. Sunkar,13:1-1-4,8,46,-100,2,,0,0,,,,,,n,9.0,,15,5,9,8,-11.1,10,,0
https://www.racenet.com.au/form-guide/horse-racing/istanbul-tr-20260927/race-5-race-5/overview,Istanbul,2026-09-27,Istanbul,"{'eventId': '3438739', 'overall': 'Good', 'rating': None, 'surface': 'All Weather', '__typename': 'TrackCondition'}",5,Race 5,1300,,30317,10,True,RESULTED,4,3,Özbeyin Rüzgarı,3,Filly,ch,Orhunkaan,Özbeyingülü,RESULTED,59,,E. Aktug,Y. Karakoç,8:2-0-2,25,50,-100,8,,0,0,,,,,,tdn,16.0,,15,6,19,12,-36.8,7,,0
https://www.racenet.com.au/form-guide/horse-racing/istanbul-tr-20260927/race-5-race-5/overview,Istanbul,2026-09-27,Istanbul,"{'eventId': '3438739', 'overall': 'Good', 'rating': None, 'surface': 'All Weather', '__typename': 'TrackCondition'}",5,Race 5,1300,,30317,10,True,RESULTED,5,5,Aladağlar,3,Filly,ch,Gelibolu,Sarıyazma,RESULTED,53,,U. Levent,U. Temucin,4:1-0-0,25,25,-100,6,,0,0,,,,,,tn,26.0,,15,8,26,20,-23.1,8,,0
https://www.racenet.com.au/form-guide/horse-racing/istanbul-tr-20260927/race-5-race-5/overview,Istanbul,2026-09-27,Istanbul,"{'eventId': '3438739', 'overall': 'Good', 'rating': None, 'surface': 'All Weather', '__typename': 'TrackCondition'}",5,Race 5,1300,,30317,10,True,RESULTED,6,4,Can Şehriban,3,Filly,gr,Afrikaander,İlksen,RESULTED,57,,A. Kursun,Al. Cizik,3:1-2-0,33,100,-100,1,,0,0,,,,,,sn,5.0,,15,4,3.7,4.2,13.5,9,,0
https://www.racenet.com.au/form-guide/horse-racing/istanbul-tr-20260927/race-5-race-5/overview,Istanbul,2026-09-27,Istanbul,"{'eventId': '3438739', 'overall': 'Good', 'rating': None, 'surface': 'All Weather', '__typename': 'TrackCondition'}",5,Race 5,1300,,30317,10,True,RESULTED,7,1,Feyzanur,3,Filly,ch,Diliran,Tuncakızı,RESULTED,57,,Mus. Celik,B. Tanrıkulu,6:2-0-0,33,33,-100,1,,0,0,,,,,,dn,7.0,,15,8,7.5,6.5,-13.3,2,,0
https://www.racenet.com.au/form-guide/horse-racing/istanbul-tr-20260927/race-5-race-5/overview,Istanbul,2026-09-27,Istanbul,"{'eventId': '3438739', 'overall': 'Good', 'rating': None, 'surface': 'All Weather', '__typename': 'TrackCondition'}",5,Race 5,1300,,30317,10,True,RESULTED,8,6,Harem Güzeli,3,Filly,gr,Afrikaander,Canım Çidem,RESULTED,57,,H. Karatas,Ser. Dogan,4:1-0-2,25,75,-100,3,,25,0,,,,,,bn,3.3,,15,9,3,2.8,-6.7,1,,1
https://www.racenet.com.au/form-guide/horse-racing/istanbul-tr-20260927/race-5-race-5/overview,Istanbul,2026-09-27,Istanbul,"{'eventId': '3438739', 'overall': 'Good', 'rating': None, 'surface': 'All Weather', '__typename': 'TrackCondition'}",5,Race 5,1300,,30317,10,True,RESULTED,9,9,Şahanıl,3,Filly,ch,Gelibolu,Mine Hanım,RESULTED,54,,K. Gokce,Hal. Yıldız,8:1-0-1,13,25,-100,14,,0,0,,,,,,tcdon,41.0,,15,6,34,31,-8.8,6,,0
https://www.racenet.com.au/form-guide/horse-racing/istanbul-tr-20260927/race-5-race-5/overview,Istanbul,2026-09-27,Istanbul,"{'eventId': '3438739', 'overall': 'Good', 'rating': None, 'surface': 'All Weather', '__typename': 'TrackCondition'}",5,Race 5,1300,,30317,10,True,RESULTED,10,10,Şengül Sultan,3,Filly,b,Gürsu,İdilkız,RESULTED,55,,A. Kacmaz,T. N. Yıldız,2:1-0-0,50,50,-100,9,,0,0,,,,,,don,31.0,,15,2,26,23,-11.5,4,,0
https://www.racenet.com.au/form-guide/horse-racing/istanbul-tr-20260927/race-6-race-6/overview,Istanbul,2026-09-27,Istanbul,"{'eventId': '3438740', 'overall': 'Good', 'rating': None, 'surface': 'Turf', '__typename': 'TrackCondition'}",6,Race 6,1600,,30317,8,True,RESULTED,1,3,Yonaguni,2,Colt,b,Kaneko,Parıvash,RESULTED,60,,A. Sozen,H. Sunkar,11:1-4-0,9,45,-100,1,,0,0,,,,,,sn,12.0,,15,3,11,11,0.0,5,,0
https://www.racenet.com.au/form-guide/horse-racing/istanbul-tr-20260927/race-6-race-6/overview,Istanbul,2026-09-27,Istanbul,"{'eventId': '3438740', 'overall': 'Good', 'rating': None, 'surface': 'Turf', '__typename': 'TrackCondition'}",6,Race 6,1600,,30317,8,True,RESULTED,2,7,Victory Maria,2,Filly,b,Tızway,Easy Come Easy Go,RESULTED,58,,G. Ozcelik,H. Dolmaz,1:0-0-0,0,0,-100,5,,0,0,,,,,,,29.0,,15,6,23,23,0.0,8,,0
https://www.racenet.com.au/form-guide/horse-racing/istanbul-tr-20260927/race-6-race-6/overview,Istanbul,2026-09-27,Istanbul,"{'eventId': '3438740', 'overall': 'Good', 'rating': None, 'surface': 'Turf', '__typename': 'TrackCondition'}",6,Race 6,1600,,30317,8,True,RESULTED,3,2,La Muneca,2,Filly,gr,The Grey Gatsby,Hıort,RESULTED,57,,E. Aktug,H. Sunkar,8:1-2-1,13,50,-100,2,,0,0,,,,,,n,7.5,,15,5,6.5,7,7.7,3,,0
https://www.racenet.com.au/form-guide/horse-racing/istanbul-tr-20260927/race-6-race-6/overview,Istanbul,2026-09-27,Istanbul,"{'eventId': '3438740', 'overall': 'Good', 'rating': None, 'surface': 'Turf', '__typename': 'TrackCondition'}",6,Race 6,1600,,30317,8,True,RESULTED,4,8,Anshba Sky,2,Filly,ch,Natıve Khan,Welldones Daughter,RESULTED,55,,V. Abis,İb. B. Oğulları,5:1-2-1,20,80,-100,2,,12,0,,,,,,tn,4.4,,15,8,4.2,3.9,-7.1,1,,1
https://www.racenet.com.au/form-guide/horse-racing/istanbul-tr-20260927/race-6-race-6/overview,Istanbul,2026-09-27,Istanbul,"{'eventId': '3438740', 'overall': 'Good', 'rating': None, 'surface': 'Turf', '__typename': 'TrackCondition'}",6,Race 6,1600,,30317,8,True,RESULTED,5,4,Ottoman,2,Colt,b,Epaulette,Crazy Lıon,RESULTED,54,,O. F. Ozen,S. Celik,3:1-0-1,33,67,-100,1,,25,0,,,,,,n,20.0,,15,8,16,18,12.5,7,,0
https://www.racenet.com.au/form-guide/horse-racing/istanbul-tr-20260927/race-6-race-6/overview,Istanbul,2026-09-27,Istanbul,"{'eventId': '3438740', 'overall': 'Good', 'rating': None, 'surface': 'Turf', '__typename': 'TrackCondition'}",6,Race 6,1600,,30317,8,True,RESULTED,6,1,Pravda,2,Colt,b,Cooger,Best Of Angel,RESULTED,52,,E. Kadirler,K. Sengel,3:1-0-1,33,67,-100,1,,8,0,,,,,,n,21.0,,15,6,18,19,5.6,6,,0
https://www.racenet.com.au/form-guide/horse-racing/istanbul-tr-20260927/race-6-race-6/overview,Istanbul,2026-09-27,Istanbul,"{'eventId': '3438740', 'overall': 'Good', 'rating': None, 'surface': 'Turf', '__typename': 'TrackCondition'}",6,Race 6,1600,,30317,8,True,RESULTED,7,5,Wolf Women,2,Filly,ch,Amerikalı,Lucy Tına,RESULTED,51,,B. Bulbul,A. Mantas,4:1-1-1,25,75,-100,5,,0,0,,,,,,n,6.5,,15,7,7.5,6,-20.0,2,,0
https://www.racenet.com.au/form-guide/horse-racing/istanbul-tr-20260927/race-6-race-6/overview,Istanbul,2026-09-27,Istanbul,"{'eventId': '3438740', 'overall': 'Good', 'rating': None, 'surface': 'Turf', '__typename': 'TrackCondition'}",6,Race 6,1600,,30317,8,True,RESULTED,8,6,Giant Wave,2,Colt,b,Torok,Doradısta,RESULTED,53,,H. Karatas,S. Ciftci,1:0-1-0,0,100,-100,2,,0,0,,,,,,,1.65,,15,3,1.55,1.4,-9.7,4,,0
https://www.racenet.com.au/form-guide/horse-racing/istanbul-tr-20260927/race-8-race-8/overview,Istanbul,2026-09-27,Istanbul,"{'eventId': '3438742', 'overall': 'Good', 'rating': None, 'surface': 'All Weather', '__typename': 'TrackCondition'}",8,Race 8,1400,,30572,13,True,RESULTED,1,4,Efe Kaptan,3,Colt,ch,Gümbürgümbür,Dramatik,RESULTED,59,,A. Sozen,T. Koldas,6:0-2-0,0,33,-100,2,,0,0,,,,,,,3.9,,15,5,3.4,3.6,5.9,3,,0
https://www.racenet.com.au/form-guide/horse-racing/istanbul-tr-20260927/race-8-race-8/overview,Istanbul,2026-09-27,Istanbul,"{'eventId': '3438742', 'overall': 'Good', 'rating': None, 'surface': 'All Weather', '__typename': 'TrackCondition'}",8,Race 8,1400,,30572,13,True,RESULTED,2,11,Balmehmet,3,Colt,gr,Bozyiğit,Sorkun Kız,RESULTED,57,,T. Yıldız,B. Çapkın,3:0-0-0,0,0,-100,6,,0,0,,,,,,,91.0,,15,8,61,71,16.4,13,,0
https://www.racenet.com.au/form-guide/horse-racing/istanbul-tr-20260927/race-8-race-8/overview,Istanbul,2026-09-27,Istanbul,"{'eventId': '3438742', 'overall': 'Good', 'rating': None, 'surface': 'All Weather', '__typename': 'TrackCondition'}",8,Race 8,1400,,30572,13,True,RESULTED,3,9,Batagay,3,Colt,ch,Ova,Altınserçe,RESULTED,57,,Ö. Yıldırım,Hay. Yıldırım,3:0-0-1,0,33,-100,3,,0,0,,,,,,,2.7,,15,12,3.4,2.15,-36.8,10,,0
https://www.racenet.com.au/form-guide/horse-racing/istanbul-tr-20260927/race-8-race-8/overview,Istanbul,2026-09-27,Istanbul,"{'eventId': '3438742', 'overall': 'Good', 'rating': None, 'surface': 'All Weather', '__typename': 'TrackCondition'}",8,Race 8,1400,,30572,13,True,RESULTED,4,6,Bigasi,3,Colt,ch,Gelibolu,Sidelya,RESULTED,57,,A. Aslan,Mur. Akkılıç,5:0-0-0,0,0,-100,5,,0,0,,,,,,,51.0,,15,5,34,34,0.0,5,,0
https://www.racenet.com.au/form-guide/horse-racing/istanbul-tr-20260927/race-8-race-8/overview,Istanbul,2026-09-27,Istanbul,"{'eventId': '3438742', 'overall': 'Good', 'rating': None, 'surface': 'All Weather', '__typename': 'TrackCondition'}",8,Race 8,1400,,30572,13,True,RESULTED,5,3,Bozağın Kralı,3,Colt,ch,Gürsu,Caşdanay,RESULTED,53,,U. Levent,Gok. Gokce,3:0-0-0,0,0,-100,10,,14,0,,,,,,o,101.0,,15,6,101,71,-29.7,11,,0
https://www.racenet.com.au/form-guide/horse-racing/istanbul-tr-20260927/race-8-race-8/overview,Istanbul,2026-09-27,Istanbul,"{'eventId': '3438742', 'overall': 'Good', 'rating': None, 'surface': 'All Weather', '__typename': 'TrackCondition'}",8,Race 8,1400,,30572,13,True,RESULTED,6,5,Cihandere,3,Colt,ch,Kafkas Şahı,Sultan Nur,RESULTED,55,,Er. Cankılıç,Ram. Kaya,10:0-0-1,0,10,-100,10,,0,0,,,,,,o,34.0,,15,8,31,21,-32.3,6,,0
https://www.racenet.com.au/form-guide/horse-racing/istanbul-tr-20260927/race-8-race-8/overview,Istanbul,2026-09-27,Istanbul,"{'eventId': '3438742', 'overall': 'Good', 'rating': None, 'surface': 'All Weather', '__typename': 'TrackCondition'}",8,Race 8,1400,,30572,13,True,RESULTED,7,12,Öz Gümüş,3,Colt,gr,Afrikaander,Özfidan,RESULTED,57,,Mus. Celik,Mur. Altın,1:0-0-1,0,100,-100,3,,0,0,,,,,,,8.5,,15,3,8.5,7.5,-11.8,4,,0
https://www.racenet.com.au/form-guide/horse-racing/istanbul-tr-20260927/race-8-race-8/overview,Istanbul,2026-09-27,Istanbul,"{'eventId': '3438742', 'overall': 'Good', 'rating': None, 'surface': 'All Weather', '__typename': 'TrackCondition'}",8,Race 8,1400,,30572,13,True,RESULTED,8,2,Çildutay,3,Filly,ch,Uçanbey,Kusursuzaşk,RESULTED,60,,G. Kocakaya,A. Karatoprak,14:0-4-3,0,50,-100,3,,0,0,,,,,,,5.25,,15,7,3.9,4.4,12.8,2,,0
https://www.racenet.com.au/form-guide/horse-racing/istanbul-tr-20260927/race-8-race-8/overview,Istanbul,2026-09-27,Istanbul,"{'eventId': '3438742', 'overall': 'Good', 'rating': None, 'surface': 'All Weather', '__typename': 'TrackCondition'}",8,Race 8,1400,,30572,13,True,RESULTED,9,1,Arzuela,3,Filly,b,Saadın Gücü,Şant,RESULTED,55,,V. Abis,Y. Karakoç,1:0-0-1,0,100,-100,3,,0,0,,,,,,b,6.0,,15,6,5,5,0.0,8,,0
https://www.racenet.com.au/form-guide/horse-racing/istanbul-tr-20260927/race-8-race-8/overview,Istanbul,2026-09-27,Istanbul,"{'eventId': '3438742', 'overall': 'Good', 'rating': None, 'surface': 'All Weather', '__typename': 'TrackCondition'}",8,Race 8,1400,,30572,13,True,RESULTED,10,8,Demir Vargas,3,Filly,ch,Demirturbo,Dişihun,RESULTED,51,,R. Yıldız,M. Altın,4:0-0-0,0,0,-100,8,,0,0,,,,,,,126.0,,15,6,101,91,-9.9,9,,0
https://www.racenet.com.au/form-guide/horse-racing/istanbul-tr-20260927/race-8-race-8/overview,Istanbul,2026-09-27,Istanbul,"{'eventId': '3438742', 'overall': 'Good', 'rating': None, 'surface': 'All Weather', '__typename': 'TrackCondition'}",8,Race 8,1400,,30572,13,True,RESULTED,11,13,Saroslu,3,Filly,ch,Berksoy,Mine Abla,RESULTED,51,,B. Bulbul,C. Turan,5:0-0-2,0,40,-100,5,,17,0,,,,,,,10.0,,15,6,11,7.5,-31.8,1,,1
https://www.racenet.com.au/form-guide/horse-racing/istanbul-tr-20260927/race-8-race-8/overview,Istanbul,2026-09-27,Istanbul,"{'eventId': '3438742', 'overall': 'Good', 'rating': None, 'surface': 'All Weather', '__typename': 'TrackCondition'}",8,Race 8,1400,,30572,13,True,RESULTED,12,7,Silvia,3,Filly,gr,Fatih Ağa,Bestenigar,RESULTED,55,,A. Kursun,Mur. Akkılıç,1:0-0-0,0,0,-100,5,,0,0,,,,,,,18.0,,15,6,19,16,-15.8,12,,0
https://www.racenet.com.au/form-guide/horse-racing/istanbul-tr-20260927/race-8-race-8/overview,Istanbul,2026-09-27,Istanbul,"{'eventId': '3438742', 'overall': 'Good', 'rating': None, 'surface': 'All Weather', '__typename': 'TrackCondition'}",8,Race 8,1400,,30572,13,True,RESULTED,13,10,Vardakosta,3,Filly,ch,Özgünhan,Nursine,RESULTED,55,,G. Ozcelik,T. Sit,3:0-0-0,0,0,-100,10,,0,0,,,,,,o,101.0,,15,9,71,71,0.0,7,,0
https://www.racenet.com.au/form-guide/horse-racing/istanbul-tr-20260927/race-9-race-9/overview,Istanbul,2026-09-27,Istanbul,"{'eventId': '3438743', 'overall': 'Good', 'rating': None, 'surface': 'Turf', '__typename': 'TrackCondition'}",9,Race 9,1900,,57578,5,True,RESULTED,1,1,Goldrakhan,3,Colt,b,Natıve Khan,Yeso,RESULTED,58,,G. Kocakaya,E. Uslu,10:1-2-2,10,50,-100,4,,15,0,,,,,,tbn,1.8,,15,4,1.55,1.65,6.5,4,,0
https://www.racenet.com.au/form-guide/horse-racing/istanbul-tr-20260927/race-9-race-9/overview,Istanbul,2026-09-27,Istanbul,"{'eventId': '3438743', 'overall': 'Good', 'rating': None, 'surface': 'Turf', '__typename': 'TrackCondition'}",9,Race 9,1900,,57578,5,True,RESULTED,2,5,Lord Of Dragon,3,Colt,b,Vıctory Gallop,Seddıfı,RESULTED,58,,H. Karatas,M. Ozgul,23:6-4-6,26,70,-100,2,,0,0,,,,,,n,4.6,,15,5,3.7,4.4,18.9,3,,0
https://www.racenet.com.au/form-guide/horse-racing/istanbul-tr-20260927/race-9-race-9/overview,Istanbul,2026-09-27,Istanbul,"{'eventId': '3438743', 'overall': 'Good', 'rating': None, 'surface': 'Turf', '__typename': 'TrackCondition'}",9,Race 9,1900,,57578,5,True,RESULTED,3,4,Lupelıus,3,Colt,b,Mer De Glace,Magıstral,RESULTED,58,,Ö. Yıldırım,Ar. Kılıç,17:4-2-1,24,41,-100,1,,0,0,,,,,,tcdn,10.0,,15,5,8,8,0.0,2,,0
https://www.racenet.com.au/form-guide/horse-racing/istanbul-tr-20260927/race-9-race-9/overview,Istanbul,2026-09-27,Istanbul,"{'eventId': '3438743', 'overall': 'Good', 'rating': None, 'surface': 'Turf', '__typename': 'TrackCondition'}",9,Race 9,1900,,57578,5,True,RESULTED,4,2,Turamun,3,Colt,b,Ulan Bator,Börteçine,RESULTED,58,,V. Abis,A. Pamukci,14:3-3-1,21,50,-100,6,,0,0,,,,,,tcdn,3.4,,15,10,4.4,2.75,-37.5,1,,1
https://www.racenet.com.au/form-guide/horse-racing/istanbul-tr-20260927/race-9-race-9/overview,Istanbul,2026-09-27,Istanbul,"{'eventId': '3438743', 'overall': 'Good', 'rating': None, 'surface': 'Turf', '__typename': 'TrackCondition'}",9,Race 9,1900,,57578,5,True,RESULTED,5,3,Jaehaera,3,Filly,b,Kaneko,Ravensburg,RESULTED,56,,A. Kursun,A. Tepebaşı,16:4-2-4,25,63,-100,5,,0,0,,,,,,tsn,11.0,,15,4,7.5,8,6.7,5,,0
https://www.racenet.com.au/form-guide/horse-racing/kanazawa-jp-20260928/race-1-c2-race-1/overview,Kanazawa,2026-09-28,Kanazawa,"{'eventId': '3439471', 'overall': None, 'rating': None, 'surface': 'Dirt', '__typename': 'TrackCondition'}",1,Race 1 (C2),1400,3YO,6760,8,False,,1,1,Rule Over,4,Colt,b,Rulership,Heart Of Swallow,,57.25,,Taiga Kurihara,Kazuya Ibi,3:0-0-0,0,0,-100,11,21,28,26,,,,,,o,7.5,,8,4,5.25,6,14.3,,,
https://www.racenet.com.au/form-guide/horse-racing/kanazawa-jp-20260928/race-1-c2-race-1/overview,Kanazawa,2026-09-28,Kanazawa,"{'eventId': '3439471', 'overall': None, 'rating': None, 'surface': 'Dirt', '__typename': 'TrackCondition'}",1,Race 1 (C2),1400,3YO,6760,8,False,,2,2,Rock Flour,4,Filly,b,Gold Ship,Moana Blue,,55,,Kenshin Uozumi,Atsushi Ikeda,2:0-0-0,0,0,-100,14,26,4,29,,,,,,o,14.0,,8,4,12,11,-8.3,,,
https://www.racenet.com.au/form-guide/horse-racing/kanazawa-jp-20260928/race-1-c2-race-1/overview,Kanazawa,2026-09-28,Kanazawa,"{'eventId': '3439471', 'overall': None, 'rating': None, 'surface': 'Dirt', '__typename': 'TrackCondition'}",1,Race 1 (C2),1400,3YO,6760,8,False,,3,3,Advance Sienne,4,Filly,b,Moanin,Turfgenic,,55,,Shoma Kato,Kazuyoshi Kato,4:0-0-0,0,0,-100,9,34,17,65,,,,,,,2.45,,8,6,2,2.15,7.5,,,
https://www.racenet.com.au/form-guide/horse-racing/kanazawa-jp-20260928/race-1-c2-race-1/overview,Kanazawa,2026-09-28,Kanazawa,"{'eventId': '3439471', 'overall': None, 'rating': None, 'surface': 'Dirt', '__typename': 'TrackCondition'}",1,Race 1 (C2),1400,3YO,6760,8,False,,4,4,Para Flora,4,Filly,b,Bricks And Mortar,Paraphrase,,55,,Koga Hirotaka,Yutaka Kuroki,5:0-0-0,0,0,-100,17,51,6,37,,,,,,o,14.0,,8,4,6.25,11,76.0,,,
https://www.racenet.com.au/form-guide/horse-racing/kanazawa-jp-20260928/race-1-c2-race-1/overview,Kanazawa,2026-09-28,Kanazawa,"{'eventId': '3439471', 'overall': None, 'rating': None, 'surface': 'Dirt', '__typename': 'TrackCondition'}",1,Race 1 (C2),1400,3YO,6760,8,False,,5,5,Minuit,4,Colt,b,Drefong,Cinderella,,57.25,,Masayoshi Aoyagi,Kazuhiro Kato,6:0-0-0,0,0,-100,10,101,23,36,,,,,,o,2.5,,8,15,3.3,2.2,-33.3,,,
https://www.racenet.com.au/form-guide/horse-racing/kanazawa-jp-20260928/race-1-c2-race-1/overview,Kanazawa,2026-09-28,Kanazawa,"{'eventId': '3439471', 'overall': None, 'rating': None, 'surface': 'Dirt', '__typename': 'TrackCondition'}",1,Race 1 (C2),1400,3YO,6760,8,False,,6,6,Derma Shirakami,4,Filly,b,Mind Your Biscuits,Derma Amanojaku,,52.25,,Asano Toy,Atsushi Ikeda,3:0-0-0,0,0,-100,6,29,0,13,,,,,,,46.0,,8,4,34,26,-23.5,,,
https://www.racenet.com.au/form-guide/horse-racing/kanazawa-jp-20260928/race-1-c2-race-1/overview,Kanazawa,2026-09-28,Kanazawa,"{'eventId': '3439471', 'overall': None, 'rating': None, 'surface': 'Dirt', '__typename': 'TrackCondition'}",1,Race 1 (C2),1400,3YO,6760,8,False,,7,7,Droit,4,Colt,b,Silver State,Directa,,57.25,,Yuma Shibata,Kazuhiro Kato,4:0-0-0,0,0,-100,7,126,3,36,,,,,,,6.5,,8,6,5,6,20.0,,,
https://www.racenet.com.au/form-guide/horse-racing/kanazawa-jp-20260928/race-1-c2-race-1/overview,Kanazawa,2026-09-28,Kanazawa,"{'eventId': '3439471', 'overall': None, 'rating': None, 'surface': 'Dirt', '__typename': 'TrackCondition'}",1,Race 1 (C2),1400,3YO,6760,8,False,,8,8,Meiner Parel,4,Colt,b,Gold Ship,Pearl Of Africa,,57.25,,Hattori Daichi,Yukio Noda,12:0-0-0,0,0,-100,7,101,2,13,,,,,,,101.0,,8,4,51,61,19.6,,,
https://www.racenet.com.au/form-guide/horse-racing/kanazawa-jp-20260928/race-10-b1-race-10/overview,Kanazawa,2026-09-28,Kanazawa,"{'eventId': '3439480', 'overall': None, 'rating': None, 'surface': 'Dirt', '__typename': 'TrackCondition'}",10,Race 10 (B1),1400,3YO+,8660,10,False,,1,1,Ryuno Titan,4,Colt,b,Eskendereya,Empress Soul,,55.75,,Hiroto Yoshihara,Kazuyoshi Kato,19:5-3-0,26,42,294,1,1.83,24,15,,,,,,tcdh,,,0,0,,,,,,
https://www.racenet.com.au/form-guide/horse-racing/kanazawa-jp-20260928/race-10-b1-race-10/overview,Kanazawa,2026-09-28,Kanazawa,"{'eventId': '3439480', 'overall': None, 'rating': None, 'surface': 'Dirt', '__typename': 'TrackCondition'}",10,Race 10 (B1),1400,3YO+,8660,10,False,,2,2,Mcgillis,7,Stallion,b,Lord Kanaloa,Fieramente,,57.25,,Hirohisa Tachi,Masayuki Nakagawa,48:8-6-4,17,38,-48,3,8,11,15,,,,,,dh,,,0,0,,,,,,
https://www.racenet.com.au/form-guide/horse-racing/kanazawa-jp-20260928/race-10-b1-race-10/overview,Kanazawa,2026-09-28,Kanazawa,"{'eventId': '3439480', 'overall': None, 'rating': None, 'surface': 'Dirt', '__typename': 'TrackCondition'}",10,Race 10 (B1),1400,3YO+,8660,10,False,,3,3,Derma Susobarai,7,Mare,b,Victoire Pisa,Derma Spirytus,,52.25,,Asano Toy,Kazuyoshi Kato,53:5-16-4,9,47,-65,3,7,10,13,,,,,,tcdsh,,,0,0,,,,,,
https://www.racenet.com.au/form-guide/horse-racing/kanazawa-jp-20260928/race-10-b1-race-10/overview,Kanazawa,2026-09-28,Kanazawa,"{'eventId': '3439480', 'overall': None, 'rating': None, 'surface': 'Dirt', '__typename': 'TrackCondition'}",10,Race 10 (B1),1400,3YO+,8660,10,False,,4,4,Blast Barows,6,Stallion,b,Henny Hughes,God Phoenix,,57.25,,Masayoshi Aoyagi,Masayuki Nakagawa,31:4-6-3,13,42,-32,8,67,20,15,,,,,,tdh,,,0,0,,,,,,
https://www.racenet.com.au/form-guide/horse-racing/kanazawa-jp-20260928/race-10-b1-race-10/overview,Kanazawa,2026-09-28,Kanazawa,"{'eventId': '3439480', 'overall': None, 'rating': None, 'surface': 'Dirt', '__typename': 'TrackCondition'}",10,Race 10 (B1),1400,3YO+,8660,10,False,,5,5,Zeloso,9,Gelding,b,Furioso,Gift Of Song,,57.25,,Shoma Kato,Seiji Sukita,60:7-5-6,12,30,-33,10,17,15,13,,,,,,tcdho,,,0,0,,,,,,
https://www.racenet.com.au/form-guide/horse-racing/kanazawa-jp-20260928/race-10-b1-race-10/overview,Kanazawa,2026-09-28,Kanazawa,"{'eventId': '3439480', 'overall': None, 'rating': None, 'surface': 'Dirt', '__typename': 'TrackCondition'}",10,Race 10 (B1),1400,3YO+,8660,10,False,,6,6,Shinto Tsubaki,7,Mare,b,Talismanic,Take Warning,,55,,Masaya Matsudo,Atsushi Ikeda,57:9-3-3,16,26,-45,2,6.5,0,15,,,,,,tcdh,,,0,0,,,,,,
https://www.racenet.com.au/form-guide/horse-racing/kanazawa-jp-20260928/race-10-b1-race-10/overview,Kanazawa,2026-09-28,Kanazawa,"{'eventId': '3439480', 'overall': None, 'rating': None, 'surface': 'Dirt', '__typename': 'TrackCondition'}",10,Race 10 (B1),1400,3YO+,8660,10,False,,7,7,Love And Lucky,6,Mare,b,California Chrome,Kawakami Princess,,55,,Yuma Shibata,Masayuki Nakagawa,34:8-3-3,24,41,10,4,34,13,13,,,,,,tcdsh,,,0,0,,,,,,
https://www.racenet.com.au/form-guide/horse-racing/kanazawa-jp-20260928/race-10-b1-race-10/overview,Kanazawa,2026-09-28,Kanazawa,"{'eventId': '3439480', 'overall': None, 'rating': None, 'surface': 'Dirt', '__typename': 'TrackCondition'}",10,Race 10 (B1),1400,3YO+,8660,10,False,,8,8,Uncle Thunder,6,Stallion,b,Thunder Snow,Winkle Salute,,57.25,,Kunihisa Hirase,Yutaka Kuroki,34:4-5-6,12,44,-50,5,101,7,13,,,,,,dh,,,0,0,,,,,,
https://www.racenet.com.au/form-guide/horse-racing/kanazawa-jp-20260928/race-10-b1-race-10/overview,Kanazawa,2026-09-28,Kanazawa,"{'eventId': '3439480', 'overall': None, 'rating': None, 'surface': 'Dirt', '__typename': 'TrackCondition'}",10,Race 10 (B1),1400,3YO+,8660,10,False,,9,9,Thalj,5,Stallion,b,Thunder Snow,Almach,,57.25,,Taiga Kurihara,Kinya Sugawara,28:3-4-6,11,46,-71,4,3,11,15,,,,,,tcdhb,,,0,0,,,,,,
https://www.racenet.com.au/form-guide/horse-racing/kanazawa-jp-20260928/race-10-b1-race-10/overview,Kanazawa,2026-09-28,Kanazawa,"{'eventId': '3439480', 'overall': None, 'rating': None, 'surface': 'Dirt', '__typename': 'TrackCondition'}",10,Race 10 (B1),1400,3YO+,8660,10,False,,10,10,Peace Ocean,5,Mare,b,Mozu Ascot,Great Applause,,55,,Satoshi Yonekura,Kazumasa Kaneda,27:4-3-5,15,44,-38,6,29,12,13,,,,,,tcdh,,,0,0,,,,,,
https://www.racenet.com.au/form-guide/horse-racing/kanazawa-jp-20260928/race-11-a2-race-11/overview,Kanazawa,2026-09-28,Kanazawa,"{'eventId': '3439481', 'overall': None, 'rating': None, 'surface': 'Dirt', '__typename': 'TrackCondition'}",11,Race 11 (A2),1400,3YO+,14178,8,False,,1,1,Emerging Role,9,Gelding,b,Neo Universe,Feeling Tone,,57.25,,Hiroto Yoshihara,Kazuyoshi Kato,35:10-5-2,29,49,-38,8,2.5,24,22,,,,,,dho,,,0,0,,,,,,
https://www.racenet.com.au/form-guide/horse-racing/kanazawa-jp-20260928/race-11-a2-race-11/overview,Kanazawa,2026-09-28,Kanazawa,"{'eventId': '3439481', 'overall': None, 'rating': None, 'surface': 'Dirt', '__typename': 'TrackCondition'}",11,Race 11 (A2),1400,3YO+,14178,8,False,,2,2,Famous Dandy,9,Stallion,b,Danon Legend,Oh Carol,,57.25,,Akihiro Yoshida,Shigeru Sato,47:13-4-5,28,47,44,10,67,19,62,,,,,,tcdho,,,0,0,,,,,,
https://www.racenet.com.au/form-guide/horse-racing/kanazawa-jp-20260928/race-11-a2-race-11/overview,Kanazawa,2026-09-28,Kanazawa,"{'eventId': '3439481', 'overall': None, 'rating': None, 'surface': 'Dirt', '__typename': 'TrackCondition'}",11,Race 11 (A2),1400,3YO+,14178,8,False,,3,3,Francorchamps,7,Gelding,b,Makfi,Madame Girouette,,57.25,,Masaya Matsudo,Kazuya Ibi,35:10-1-5,29,46,55,1,10,12,28,,,,,,tcdsh,,,0,0,,,,,,
https://www.racenet.com.au/form-guide/horse-racing/kanazawa-jp-20260928/race-11-a2-race-11/overview,Kanazawa,2026-09-28,Kanazawa,"{'eventId': '3439481', 'overall': None, 'rating': None, 'surface': 'Dirt', '__typename': 'TrackCondition'}",11,Race 11 (A2),1400,3YO+,14178,8,False,,4,4,Gold Bravo,6,Mare,b,Gold Actor,Hachimandaibosatsu,,55,,Masayoshi Aoyagi,Masayuki Nakagawa,41:10-3-8,24,51,-47,3,13,20,15,,,,,,tcdsh,,,0,0,,,,,,
https://www.racenet.com.au/form-guide/horse-racing/kanazawa-jp-20260928/race-11-a2-race-11/overview,Kanazawa,2026-09-28,Kanazawa,"{'eventId': '3439481', 'overall': None, 'rating': None, 'surface': 'Dirt', '__typename': 'TrackCondition'}",11,Race 11 (A2),1400,3YO+,14178,8,False,,5,5,Teikoku,7,Stallion,b,Espoir City,Rumored Dia,,54,,Asano Toy,Kinya Sugawara,55:7-7-7,13,38,-36,2,6.5,0,42,,,,,,tdh,,,0,0,,,,,,
https://www.racenet.com.au/form-guide/horse-racing/kanazawa-jp-20260928/race-11-a2-race-11/overview,Kanazawa,2026-09-28,Kanazawa,"{'eventId': '3439481', 'overall': None, 'rating': None, 'surface': 'Dirt', '__typename': 'TrackCondition'}",11,Race 11 (A2),1400,3YO+,14178,8,False,,6,6,Seton,14,Gelding,b,Kane Hekili,Midway,,57.25,,Shoma Kato,Kazuyoshi Kato,64:15-11-6,23,50,23,9,13,17,28,,,,,,dh,,,0,0,,,,,,
https://www.racenet.com.au/form-guide/horse-racing/kanazawa-jp-20260928/race-11-a2-race-11/overview,Kanazawa,2026-09-28,Kanazawa,"{'eventId': '3439481', 'overall': None, 'rating': None, 'surface': 'Dirt', '__typename': 'TrackCondition'}",11,Race 11 (A2),1400,3YO+,14178,8,False,,7,7,Sister Act,6,Mare,b,Apollo Kentucky,Every Hope,,55,,Koga Hirotaka,Masayuki Nakagawa,43:4-7-4,9,35,-26,6,41,5,27,,,,,,tdh,,,0,0,,,,,,
https://www.racenet.com.au/form-guide/horse-racing/kanazawa-jp-20260928/race-11-a2-race-11/overview,Kanazawa,2026-09-28,Kanazawa,"{'eventId': '3439481', 'overall': None, 'rating': None, 'surface': 'Dirt', '__typename': 'TrackCondition'}",11,Race 11 (A2),1400,3YO+,14178,8,False,,8,8,Ora Veritas,8,Stallion,b,Lord Kanaloa,Arided,,57.25,,Taiga Kurihara,Shigeru Sato,63:7-8-4,11,30,17,1,21,23,85,,,,,,tcdh,,,0,0,,,,,,
https://www.racenet.com.au/form-guide/horse-racing/kanazawa-jp-20260928/race-2-c2-race-2/overview,Kanazawa,2026-09-28,Kanazawa,"{'eventId': '3439472', 'overall': None, 'rating': None, 'surface': 'Dirt', '__typename': 'TrackCondition'}",2,Race 2 (C2),1400,3YO+,6760,5,False,,1,1,Ossu Eleven,5,Mare,b,Tosen Ra,Wear Lei,,55,,Koga Hirotaka,Yuko Takahashi,24:0-0-0,0,0,-100,11,151,1,15,,,,,,o,,,0,0,,,,,,
https://www.racenet.com.au/form-guide/horse-racing/kanazawa-jp-20260928/race-2-c2-race-2/overview,Kanazawa,2026-09-28,Kanazawa,"{'eventId': '3439472', 'overall': None, 'rating': None, 'surface': 'Dirt', '__typename': 'TrackCondition'}",2,Race 2 (C2),1400,3YO+,6760,5,False,,2,2,Be Specific,4,Colt,b,Harbinger,Get Explicit,,57.25,,Taichi Suzuki,Horiba Hiromitsu,6:0-0-0,0,0,-100,6,101,11,13,,,,,,,,,0,0,,,,,,
https://www.racenet.com.au/form-guide/horse-racing/kanazawa-jp-20260928/race-2-c2-race-2/overview,Kanazawa,2026-09-28,Kanazawa,"{'eventId': '3439472', 'overall': None, 'rating': None, 'surface': 'Dirt', '__typename': 'TrackCondition'}",2,Race 2 (C2),1400,3YO+,6760,5,False,,3,3,Rinoceronte,4,Filly,b,Incantation,For Princess,,55,,Taiga Kurihara,Kinya Sugawara,11:0-0-0,0,0,-100,9,81,11,13,,,,,,,,,0,0,,,,,,
https://www.racenet.com.au/form-guide/horse-racing/kanazawa-jp-20260928/race-2-c2-race-2/overview,Kanazawa,2026-09-28,Kanazawa,"{'eventId': '3439472', 'overall': None, 'rating': None, 'surface': 'Dirt', '__typename': 'TrackCondition'}",2,Race 2 (C2),1400,3YO+,6760,5,False,,4,4,Kutsuwa Eternal,4,Filly,b,Bamboo Ere,Kutsuwa Home Run,,55,,Kenshin Uozumi,Seiji Sukita,1:0-0-0,0,0,-100,8,301,6,50,,,,,,,,,0,0,,,,,,
https://www.racenet.com.au/form-guide/horse-racing/kanazawa-jp-20260928/race-2-c2-race-2/overview,Kanazawa,2026-09-28,Kanazawa,"{'eventId': '3439472', 'overall': None, 'rating': None, 'surface': 'Dirt', '__typename': 'TrackCondition'}",2,Race 2 (C2),1400,3YO+,6760,5,False,,5,5,Refinos,4,Colt,b,Just A Way,Gypsy Highway,,57.25,,Akihiro Yoshida,Hiroyuki Tajima,9:0-0-0,0,0,-100,5,8,6,13,,,,,,,,,0,0,,,,,,
https://www.racenet.com.au/form-guide/horse-racing/kanazawa-jp-20260928/race-3-c2-race-3/overview,Kanazawa,2026-09-28,Kanazawa,"{'eventId': '3439473', 'overall': None, 'rating': None, 'surface': 'Dirt', '__typename': 'TrackCondition'}",3,Race 3 (C2),1501,3YO+,6760,7,False,,1,1,Tamamo Top Hat,4,Colt,b,Orfevre,Tamamo Capeline,,54,,Asano Toy,Yasuhiko Munetsuna,6:0-0-0,0,0,-100,11,7.5,0,13,,,,,,o,,,0,0,,,,,,
https://www.racenet.com.au/form-guide/horse-racing/kanazawa-jp-20260928/race-3-c2-race-3/overview,Kanazawa,2026-09-28,Kanazawa,"{'eventId': '3439473', 'overall': None, 'rating': None, 'surface': 'Dirt', '__typename': 'TrackCondition'}",3,Race 3 (C2),1501,3YO+,6760,7,False,,2,2,Mediator,4,Colt,b,Mind Your Biscuits,Ellenbogen,,57.25,,Koga Hirotaka,Yasuhiko Munetsuna,12:0-0-0,0,0,-100,8,301,1,13,,,,,,,,,0,0,,,,,,
https://www.racenet.com.au/form-guide/horse-racing/kanazawa-jp-20260928/race-3-c2-race-3/overview,Kanazawa,2026-09-28,Kanazawa,"{'eventId': '3439473', 'overall': None, 'rating': None, 'surface': 'Dirt', '__typename': 'TrackCondition'}",3,Race 3 (C2),1501,3YO+,6760,7,False,,3,3,Meisho Barista,4,Colt,b,World Ace,Regina Cafe,,57.25,,Kenshin Uozumi,Kazumasa Kaneda,5:0-0-1,0,20,-100,3,3.25,6,13,,,,,,,,,0,0,,,,,,
https://www.racenet.com.au/form-guide/horse-racing/kanazawa-jp-20260928/race-3-c2-race-3/overview,Kanazawa,2026-09-28,Kanazawa,"{'eventId': '3439473', 'overall': None, 'rating': None, 'surface': 'Dirt', '__typename': 'TrackCondition'}",3,Race 3 (C2),1501,3YO+,6760,7,False,,4,4,Mary Imeru,4,Filly,b,Isla Bonita,Sadamu Fujiko,,55,,Shizuo Oki,Kazuya Ibi,7:0-0-0,0,0,-100,6,6.5,13,13,,,,,,,,,0,0,,,,,,
https://www.racenet.com.au/form-guide/horse-racing/kanazawa-jp-20260928/race-3-c2-race-3/overview,Kanazawa,2026-09-28,Kanazawa,"{'eventId': '3439473', 'overall': None, 'rating': None, 'surface': 'Dirt', '__typename': 'TrackCondition'}",3,Race 3 (C2),1501,3YO+,6760,7,False,,5,5,Joanne's Best,4,Filly,b,Four Wheel Drive,Lady Joanne,,55,,Taiga Kurihara,Shigeru Sato,3:0-0-0,0,0,-100,4,10,23,13,,,,,,,,,0,0,,,,,,
https://www.racenet.com.au/form-guide/horse-racing/kanazawa-jp-20260928/race-3-c2-race-3/overview,Kanazawa,2026-09-28,Kanazawa,"{'eventId': '3439473', 'overall': None, 'rating': None, 'surface': 'Dirt', '__typename': 'TrackCondition'}",3,Race 3 (C2),1501,3YO+,6760,7,False,,6,6,Lustrare,4,Colt,b,Rulership,Soon Shine,,57.25,,Hirohisa Tachi,Kazumasa Kaneda,4:0-0-1,0,25,-100,3,21,10,13,,,,,,,,,0,0,,,,,,
https://www.racenet.com.au/form-guide/horse-racing/kanazawa-jp-20260928/race-3-c2-race-3/overview,Kanazawa,2026-09-28,Kanazawa,"{'eventId': '3439473', 'overall': None, 'rating': None, 'surface': 'Dirt', '__typename': 'TrackCondition'}",3,Race 3 (C2),1501,3YO+,6760,7,False,,7,7,Jasmine Girl,5,Mare,b,Majestic Warrior,Camellia Tesoro,,55,,Hattori Daichi,Akihiro Kawazoe,23:0-0-0,0,0,-100,12,151,2,15,,,,,,o,,,0,0,,,,,,
https://www.racenet.com.au/form-guide/horse-racing/kanazawa-jp-20260928/race-4-c2-race-4/overview,Kanazawa,2026-09-28,Kanazawa,"{'eventId': '3439474', 'overall': None, 'rating': None, 'surface': 'Dirt', '__typename': 'TrackCondition'}",4,Race 4 (C2),1501,3YO,6760,8,False,,1,1,Avant Flight,4,Filly,b,Pas De Trois,Flamingo Flight,,55,,Kenshin Uozumi,Seiji Sukita,9:0-0-1,0,11,-100,3,17,6,13,,,,,,,,,0,0,,,,,,
https://www.racenet.com.au/form-guide/horse-racing/kanazawa-jp-20260928/race-4-c2-race-4/overview,Kanazawa,2026-09-28,Kanazawa,"{'eventId': '3439474', 'overall': None, 'rating': None, 'surface': 'Dirt', '__typename': 'TrackCondition'}",4,Race 4 (C2),1501,3YO,6760,8,False,,2,2,Meiner Schlacht,4,Colt,b,Benbatl,Coup De Vent,,57.25,,Yuma Shibata,Kazuhiro Kato,9:0-0-0,0,0,-100,10,12,3,44,,,,,,o,,,0,0,,,,,,
https://www.racenet.com.au/form-guide/horse-racing/kanazawa-jp-20260928/race-4-c2-race-4/overview,Kanazawa,2026-09-28,Kanazawa,"{'eventId': '3439474', 'overall': None, 'rating': None, 'surface': 'Dirt', '__typename': 'TrackCondition'}",4,Race 4 (C2),1501,3YO,6760,8,False,,3,3,Nac Candle,4,Filly,b,Mr Melody,Zenno Veil Up,,55,,Shoma Kato,Masayuki Nakagawa,4:0-0-1,0,25,-100,3,67,16,13,,,,,,,,,0,0,,,,,,
https://www.racenet.com.au/form-guide/horse-racing/kanazawa-jp-20260928/race-4-c2-race-4/overview,Kanazawa,2026-09-28,Kanazawa,"{'eventId': '3439474', 'overall': None, 'rating': None, 'surface': 'Dirt', '__typename': 'TrackCondition'}",4,Race 4 (C2),1501,3YO,6760,8,False,,4,4,Guardian Star,4,Filly,b,Makfi,Letempsmerveilleux,,55,,Shizuo Oki,Akihiro Kawazoe,10:0-0-1,0,10,-100,10,101,8,13,,,,,,o,,,0,0,,,,,,
https://www.racenet.com.au/form-guide/horse-racing/kanazawa-jp-20260928/race-4-c2-race-4/overview,Kanazawa,2026-09-28,Kanazawa,"{'eventId': '3439474', 'overall': None, 'rating': None, 'surface': 'Dirt', '__typename': 'TrackCondition'}",4,Race 4 (C2),1501,3YO,6760,8,False,,5,5,Squash Boy,4,Colt,b,Al Ain,Grazie Mille,,57.25,,Masaya Matsudo,Kinya Sugawara,23:0-0-0,0,0,-100,8,101,6,13,,,,,,,,,0,0,,,,,,
https://www.racenet.com.au/form-guide/horse-racing/kanazawa-jp-20260928/race-4-c2-race-4/overview,Kanazawa,2026-09-28,Kanazawa,"{'eventId': '3439474', 'overall': None, 'rating': None, 'surface': 'Dirt', '__typename': 'TrackCondition'}",4,Race 4 (C2),1501,3YO,6760,8,False,,6,6,Zephyria,4,Filly,b,Thunder Snow,Iphigenia,,55,,Taiga Kurihara,Kazuhiro Kato,8:0-0-0,0,0,-100,7,19,16,36,,,,,,,,,0,0,,,,,,
https://www.racenet.com.au/form-guide/horse-racing/kanazawa-jp-20260928/race-4-c2-race-4/overview,Kanazawa,2026-09-28,Kanazawa,"{'eventId': '3439474', 'overall': None, 'rating': None, 'surface': 'Dirt', '__typename': 'TrackCondition'}",4,Race 4 (C2),1501,3YO,6760,8,False,,7,7,Jun Orleans,4,Filly,b,Dee Majesty,Junnu D'arc,,52.25,,Asano Toy,Kinya Sugawara,10:0-0-1,0,10,-100,4,6,0,13,,,,,,,,,0,0,,,,,,
https://www.racenet.com.au/form-guide/horse-racing/kanazawa-jp-20260928/race-4-c2-race-4/overview,Kanazawa,2026-09-28,Kanazawa,"{'eventId': '3439474', 'overall': None, 'rating': None, 'surface': 'Dirt', '__typename': 'TrackCondition'}",4,Race 4 (C2),1501,3YO,6760,8,False,,8,8,Haru Kaoru,4,Filly,b,Mischevious Alex,Itokukuri,,55,,Masayoshi Aoyagi,Atsushi Ikeda,7:0-0-0,0,0,-100,6,2.2,15,13,,,,,,,,,0,0,,,,,,
https://www.racenet.com.au/form-guide/horse-racing/kanazawa-jp-20260928/race-5-c2-race-5/overview,Kanazawa,2026-09-28,Kanazawa,"{'eventId': '3439475', 'overall': None, 'rating': None, 'surface': 'Dirt', '__typename': 'TrackCondition'}",5,Race 5 (C2),1400,3YO,6760,9,False,,1,1,Kyoei Chrome,4,Filly,b,California Chrome,Rose Adagio,,55,,Koga Hirotaka,Yuko Takahashi,7:0-0-0,0,0,-100,5,12,1,13,,,,,,,,,0,0,,,,,,
https://www.racenet.com.au/form-guide/horse-racing/kanazawa-jp-20260928/race-5-c2-race-5/overview,Kanazawa,2026-09-28,Kanazawa,"{'eventId': '3439475', 'overall': None, 'rating': None, 'surface': 'Dirt', '__typename': 'TrackCondition'}",5,Race 5 (C2),1400,3YO,6760,9,False,,2,2,Win Blizzard,4,Colt,b,Gold Ship,A Shin Mariposa,,57.25,,Masayoshi Aoyagi,Kazuhiro Kato,7:0-1-0,0,14,-100,2,1.53,23,28,,,,,,b,,,0,0,,,,,,
https://www.racenet.com.au/form-guide/horse-racing/kanazawa-jp-20260928/race-5-c2-race-5/overview,Kanazawa,2026-09-28,Kanazawa,"{'eventId': '3439475', 'overall': None, 'rating': None, 'surface': 'Dirt', '__typename': 'TrackCondition'}",5,Race 5 (C2),1400,3YO,6760,9,False,,3,3,Meisho Bonten,4,Colt,b,Kiseki,Meisho Ichihime,,57.25,,Taiga Kurihara,Kazuya Ibi,9:0-0-1,0,11,-100,4,23,28,13,,,,,,,,,0,0,,,,,,
https://www.racenet.com.au/form-guide/horse-racing/kanazawa-jp-20260928/race-5-c2-race-5/overview,Kanazawa,2026-09-28,Kanazawa,"{'eventId': '3439475', 'overall': None, 'rating': None, 'surface': 'Dirt', '__typename': 'TrackCondition'}",5,Race 5 (C2),1400,3YO,6760,9,False,,4,4,Derma Tokachi,4,Filly,b,Red Falx,Derma Shizukachan,,55,,Taichi Suzuki,Kazuyoshi Kato,4:0-1-0,0,25,-100,2,3,9,13,,,,,,b,,,0,0,,,,,,
https://www.racenet.com.au/form-guide/horse-racing/kanazawa-jp-20260928/race-5-c2-race-5/overview,Kanazawa,2026-09-28,Kanazawa,"{'eventId': '3439475', 'overall': None, 'rating': None, 'surface': 'Dirt', '__typename': 'TrackCondition'}",5,Race 5 (C2),1400,3YO,6760,9,False,,5,5,T Mavera,4,Colt,b,Extra End,Arco Cielo,,57.25,,Kunihisa Hirase,Horiba Hiromitsu,22:0-0-0,0,0,-100,5,126,3,13,,,,,,,,,0,0,,,,,,
https://www.racenet.com.au/form-guide/horse-racing/kanazawa-jp-20260928/race-5-c2-race-5/overview,Kanazawa,2026-09-28,Kanazawa,"{'eventId': '3439475', 'overall': None, 'rating': None, 'surface': 'Dirt', '__typename': 'TrackCondition'}",5,Race 5 (C2),1400,3YO,6760,9,False,,6,6,Grand Foyer,4,Colt,b,Logotype,Go To Travel,,57.25,,Masaya Matsudo,Yasuhiko Munetsuna,10:0-0-0,0,0,-100,10,34,4,13,,,,,,o,,,0,0,,,,,,
https://www.racenet.com.au/form-guide/horse-racing/kanazawa-jp-20260928/race-5-c2-race-5/overview,Kanazawa,2026-09-28,Kanazawa,"{'eventId': '3439475', 'overall': None, 'rating': None, 'surface': 'Dirt', '__typename': 'TrackCondition'}",5,Race 5 (C2),1400,3YO,6760,9,False,,7,7,Queen Mischief,4,Filly,b,Silver State,Cease And Desist,,52.25,,Asano Toy,Yuko Takahashi,9:0-1-0,0,11,-100,7,251,8,13,,,,,,,,,0,0,,,,,,
https://www.racenet.com.au/form-guide/horse-racing/kanazawa-jp-20260928/race-5-c2-race-5/overview,Kanazawa,2026-09-28,Kanazawa,"{'eventId': '3439475', 'overall': None, 'rating': None, 'surface': 'Dirt', '__typename': 'TrackCondition'}",5,Race 5 (C2),1400,3YO,6760,9,False,,8,8,Tawawa,4,Filly,b,Tower Of London,Princess Camellia,,55,,Kenshin Uozumi,Horiba Hiromitsu,6:0-0-0,0,0,-100,11,41,9,13,,,,,,o,,,0,0,,,,,,
https://www.racenet.com.au/form-guide/horse-racing/kanazawa-jp-20260928/race-5-c2-race-5/overview,Kanazawa,2026-09-28,Kanazawa,"{'eventId': '3439475', 'overall': None, 'rating': None, 'surface': 'Dirt', '__typename': 'TrackCondition'}",5,Race 5 (C2),1400,3YO,6760,9,False,,9,9,Loveca New,4,Filly,b,New Year's Day,Toko Nike,,55,,Yuma Shibata,Masayuki Nakagawa,7:0-1-0,0,14,-100,2,11,13,13,,,,,,,,,0,0,,,,,,
https://www.racenet.com.au/form-guide/horse-racing/kanazawa-jp-20260928/race-6-c2-race-6/overview,Kanazawa,2026-09-28,Kanazawa,"{'eventId': '3439476', 'overall': None, 'rating': None, 'surface': 'Dirt', '__typename': 'TrackCondition'}",6,Race 6 (C2),1400,3YO,6760,9,False,,1,1,Namara Menkoi,4,Filly,b,Admire Moon,Aete Ureshii,,52.25,,Asano Toy,Kinya Sugawara,18:0-0-1,0,6,-100,9,201,0,13,,,,,,,,,0,0,,,,,,
https://www.racenet.com.au/form-guide/horse-racing/kanazawa-jp-20260928/race-6-c2-race-6/overview,Kanazawa,2026-09-28,Kanazawa,"{'eventId': '3439476', 'overall': None, 'rating': None, 'surface': 'Dirt', '__typename': 'TrackCondition'}",6,Race 6 (C2),1400,3YO,6760,9,False,,2,2,Heliodor,4,Filly,b,Rey De Oro,Seaneen Girl,,55,,Akihiro Yoshida,Hiroyuki Tajima,9:0-0-1,0,11,-100,7,34,6,13,,,,,,,,,0,0,,,,,,
https://www.racenet.com.au/form-guide/horse-racing/kanazawa-jp-20260928/race-6-c2-race-6/overview,Kanazawa,2026-09-28,Kanazawa,"{'eventId': '3439476', 'overall': None, 'rating': None, 'surface': 'Dirt', '__typename': 'TrackCondition'}",6,Race 6 (C2),1400,3YO,6760,9,False,,3,3,Ho O Mystery,4,Filly,b,Drefong,Ho O Christie,,55,,Masayoshi Aoyagi,Horiba Hiromitsu,8:0-1-0,0,13,-100,7,41,7,13,,,,,,,,,0,0,,,,,,
https://www.racenet.com.au/form-guide/horse-racing/kanazawa-jp-20260928/race-6-c2-race-6/overview,Kanazawa,2026-09-28,Kanazawa,"{'eventId': '3439476', 'overall': None, 'rating': None, 'surface': 'Dirt', '__typename': 'TrackCondition'}",6,Race 6 (C2),1400,3YO,6760,9,False,,4,4,Shadow Cry,4,Filly,b,Admire Mars,Pearl Shadow,,55,,Koga Hirotaka,Mafumi Muroi,9:0-1-0,0,11,-100,4,2.88,2,13,,,,,,,,,0,0,,,,,,
https://www.racenet.com.au/form-guide/horse-racing/kanazawa-jp-20260928/race-6-c2-race-6/overview,Kanazawa,2026-09-28,Kanazawa,"{'eventId': '3439476', 'overall': None, 'rating': None, 'surface': 'Dirt', '__typename': 'TrackCondition'}",6,Race 6 (C2),1400,3YO,6760,9,False,,5,5,Dare To Battle,4,Colt,b,Indy Champ,Alma Curtana,,57.25,,Masaya Matsudo,Kinya Sugawara,10:0-0-0,0,0,-100,10,201,6,13,,,,,,o,,,0,0,,,,,,
https://www.racenet.com.au/form-guide/horse-racing/kanazawa-jp-20260928/race-6-c2-race-6/overview,Kanazawa,2026-09-28,Kanazawa,"{'eventId': '3439476', 'overall': None, 'rating': None, 'surface': 'Dirt', '__typename': 'TrackCondition'}",6,Race 6 (C2),1400,3YO,6760,9,False,,6,6,Purple Wind,4,Filly,b,Satono Aladdin,Lavender Colour,,55,,Taichi Suzuki,Horiba Hiromitsu,7:0-1-0,0,14,-100,2,3.5,11,28,,,,,,,,,0,0,,,,,,
https://www.racenet.com.au/form-guide/horse-racing/kanazawa-jp-20260928/race-6-c2-race-6/overview,Kanazawa,2026-09-28,Kanazawa,"{'eventId': '3439476', 'overall': None, 'rating': None, 'surface': 'Dirt', '__typename': 'TrackCondition'}",6,Race 6 (C2),1400,3YO,6760,9,False,,7,7,Saimon Southern,4,Colt,b,Beach Patrol,Romera,,57.25,,Hattori Daichi,Hiroyuki Tajima,15:0-1-0,0,7,-100,8,126,1,13,,,,,,,,,0,0,,,,,,
https://www.racenet.com.au/form-guide/horse-racing/kanazawa-jp-20260928/race-6-c2-race-6/overview,Kanazawa,2026-09-28,Kanazawa,"{'eventId': '3439476', 'overall': None, 'rating': None, 'surface': 'Dirt', '__typename': 'TrackCondition'}",6,Race 6 (C2),1400,3YO,6760,9,False,,8,8,Feine Krone,4,Filly,b,Satono Crown,Erin's Romane,,55,,Taiga Kurihara,Horiba Hiromitsu,4:0-0-0,0,0,-100,14,17,15,107,,,,,,o,,,0,0,,,,,,
https://www.racenet.com.au/form-guide/horse-racing/kanazawa-jp-20260928/race-6-c2-race-6/overview,Kanazawa,2026-09-28,Kanazawa,"{'eventId': '3439476', 'overall': None, 'rating': None, 'surface': 'Dirt', '__typename': 'TrackCondition'}",6,Race 6 (C2),1400,3YO,6760,9,False,,9,9,Susan Barows,4,Filly,b,Kiseki,Rock The Boat,,55,,Shoma Kato,Seiji Sukita,11:0-0-0,0,0,-100,4,4,15,13,,,,,,,,,0,0,,,,,,
https://www.racenet.com.au/form-guide/horse-racing/kanazawa-jp-20260928/race-7-c2-race-7/overview,Kanazawa,2026-09-28,Kanazawa,"{'eventId': '3439477', 'overall': None, 'rating': None, 'surface': 'Dirt', '__typename': 'TrackCondition'}",7,Race 7 (C2),1501,3YO+,6760,9,False,,1,1,Daihyo Kirk,4,Colt,b,Dunkirk,Queen Palette,,57.25,,Taiga Kurihara,Kinya Sugawara,4:0-0-0,0,0,-100,10,51,11,30,,,,,,o,,,0,0,,,,,,
https://www.racenet.com.au/form-guide/horse-racing/kanazawa-jp-20260928/race-7-c2-race-7/overview,Kanazawa,2026-09-28,Kanazawa,"{'eventId': '3439477', 'overall': None, 'rating': None, 'surface': 'Dirt', '__typename': 'TrackCondition'}",7,Race 7 (C2),1501,3YO+,6760,9,False,,2,2,Lady Aggressor,4,Filly,b,Indy Champ,Night Drive,,55,,Yuma Shibata,Kazumasa Kaneda,7:0-1-2,0,43,-100,3,9,14,13,,,,,,,,,0,0,,,,,,
https://www.racenet.com.au/form-guide/horse-racing/kanazawa-jp-20260928/race-7-c2-race-7/overview,Kanazawa,2026-09-28,Kanazawa,"{'eventId': '3439477', 'overall': None, 'rating': None, 'surface': 'Dirt', '__typename': 'TrackCondition'}",7,Race 7 (C2),1501,3YO+,6760,9,False,,3,3,Sicilian Kiss,4,Filly,b,Isla Bonita,Shisei Iwai,,55,,Chihiro Kaneko,Akihiro Kawazoe,12:0-1-0,0,8,-100,9,15,1,13,,,,,,,,,0,0,,,,,,
https://www.racenet.com.au/form-guide/horse-racing/kanazawa-jp-20260928/race-7-c2-race-7/overview,Kanazawa,2026-09-28,Kanazawa,"{'eventId': '3439477', 'overall': None, 'rating': None, 'surface': 'Dirt', '__typename': 'TrackCondition'}",7,Race 7 (C2),1501,3YO+,6760,9,False,,4,4,Morono Diamante,4,Colt,b,Satono Diamond,Air Radieux,,57.25,,Koga Hirotaka,Fujita Koji,7:0-1-0,0,14,-100,5,51,6,13,,,,,,,,,0,0,,,,,,
https://www.racenet.com.au/form-guide/horse-racing/kanazawa-jp-20260928/race-7-c2-race-7/overview,Kanazawa,2026-09-28,Kanazawa,"{'eventId': '3439477', 'overall': None, 'rating': None, 'surface': 'Dirt', '__typename': 'TrackCondition'}",7,Race 7 (C2),1501,3YO+,6760,9,False,,5,5,Kiyosumi,4,Filly,b,Le Vent Se Leve,Meine Respect,,55,,Kenshin Uozumi,Yuko Takahashi,23:0-0-2,0,9,-100,7,51,3,13,,,,,,,,,0,0,,,,,,
https://www.racenet.com.au/form-guide/horse-racing/kanazawa-jp-20260928/race-7-c2-race-7/overview,Kanazawa,2026-09-28,Kanazawa,"{'eventId': '3439477', 'overall': None, 'rating': None, 'surface': 'Dirt', '__typename': 'TrackCondition'}",7,Race 7 (C2),1501,3YO+,6760,9,False,,6,6,Selandia,4,Filly,b,Benbatl,Fado,,55,,Hirohisa Tachi,Kazumasa Kaneda,7:0-1-1,0,29,-100,7,51,10,13,,,,,,,,,0,0,,,,,,
https://www.racenet.com.au/form-guide/horse-racing/kanazawa-jp-20260928/race-7-c2-race-7/overview,Kanazawa,2026-09-28,Kanazawa,"{'eventId': '3439477', 'overall': None, 'rating': None, 'surface': 'Dirt', '__typename': 'TrackCondition'}",7,Race 7 (C2),1501,3YO+,6760,9,False,,7,7,Nac Regina,4,Filly,b,Saturnalia,Acti Beauty,,55,,Shoma Kato,Masayuki Nakagawa,4:0-1-1,0,50,-100,2,19,16,13,,,,,,,,,0,0,,,,,,
https://www.racenet.com.au/form-guide/horse-racing/kanazawa-jp-20260928/race-7-c2-race-7/overview,Kanazawa,2026-09-28,Kanazawa,"{'eventId': '3439477', 'overall': None, 'rating': None, 'surface': 'Dirt', '__typename': 'TrackCondition'}",7,Race 7 (C2),1501,3YO+,6760,9,False,,8,8,Peace Nail,4,Colt,b,Al Ain,Admire Joy,,57.25,,Masaya Matsudo,Kazuyoshi Yoshii,20:0-1-2,0,15,-100,6,19,0,13,,,,,,,,,0,0,,,,,,
https://www.racenet.com.au/form-guide/horse-racing/kanazawa-jp-20260928/race-7-c2-race-7/overview,Kanazawa,2026-09-28,Kanazawa,"{'eventId': '3439477', 'overall': None, 'rating': None, 'surface': 'Dirt', '__typename': 'TrackCondition'}",7,Race 7 (C2),1501,3YO+,6760,9,False,,9,9,Anzan Takahiro,10,Gelding,b,Civil War,Power Of Love,,57.25,,Taichi Suzuki,Kazuyoshi Yoshii,89:3-5-5,3,15,-19,7,101,0,15,,,,,,tcd,,,0,0,,,,,,
https://www.racenet.com.au/form-guide/horse-racing/kanazawa-jp-20260928/race-8-c2-race-8/overview,Kanazawa,2026-09-28,Kanazawa,"{'eventId': '3439478', 'overall': None, 'rating': None, 'surface': 'Dirt', '__typename': 'TrackCondition'}",8,Race 8 (C2),1501,3YO+,6760,8,False,,1,1,Maharaja,4,Colt,b,Aldebaran,Denier,,57.25,,Shizuo Oki,Akihiro Kawazoe,9:0-1-0,0,11,-100,9,41,8,32,,,,,,,,,0,0,,,,,,
https://www.racenet.com.au/form-guide/horse-racing/kanazawa-jp-20260928/race-8-c2-race-8/overview,Kanazawa,2026-09-28,Kanazawa,"{'eventId': '3439478', 'overall': None, 'rating': None, 'surface': 'Dirt', '__typename': 'TrackCondition'}",8,Race 8 (C2),1501,3YO+,6760,8,False,,2,2,Cheerful Manon,7,Mare,b,Danon Shark,Dream Rainbow,,55,,Hirohisa Tachi,Kazuyoshi Yoshii,75:1-0-4,1,7,-98,9,126,2,15,,,,,,d,,,0,0,,,,,,
https://www.racenet.com.au/form-guide/horse-racing/kanazawa-jp-20260928/race-8-c2-race-8/overview,Kanazawa,2026-09-28,Kanazawa,"{'eventId': '3439478', 'overall': None, 'rating': None, 'surface': 'Dirt', '__typename': 'TrackCondition'}",8,Race 8 (C2),1501,3YO+,6760,8,False,,3,3,Laurel Martini,4,Filly,b,Satono Crown,Ricoliano,,55,,Taiga Kurihara,Yasuhiko Munetsuna,11:0-0-2,0,18,-100,3,151,14,28,,,,,,,,,0,0,,,,,,
https://www.racenet.com.au/form-guide/horse-racing/kanazawa-jp-20260928/race-8-c2-race-8/overview,Kanazawa,2026-09-28,Kanazawa,"{'eventId': '3439478', 'overall': None, 'rating': None, 'surface': 'Dirt', '__typename': 'TrackCondition'}",8,Race 8 (C2),1501,3YO+,6760,8,False,,4,4,Mjuk Gold,4,Colt,b,Eskendereya,Nebulosa,,57.25,,Masayoshi Aoyagi,Horiba Hiromitsu,9:0-2-0,0,22,-100,2,11,7,13,,,,,,,,,0,0,,,,,,
https://www.racenet.com.au/form-guide/horse-racing/kanazawa-jp-20260928/race-8-c2-race-8/overview,Kanazawa,2026-09-28,Kanazawa,"{'eventId': '3439478', 'overall': None, 'rating': None, 'surface': 'Dirt', '__typename': 'TrackCondition'}",8,Race 8 (C2),1501,3YO+,6760,8,False,,5,5,Gray Imeru,4,Colt,b,Silver State,Darling Bird,,57.25,,Hiroto Yoshihara,Kazuyoshi Kato,9:0-1-0,0,11,-100,8,4.5,24,13,,,,,,,,,0,0,,,,,,
https://www.racenet.com.au/form-guide/horse-racing/kanazawa-jp-20260928/race-8-c2-race-8/overview,Kanazawa,2026-09-28,Kanazawa,"{'eventId': '3439478', 'overall': None, 'rating': None, 'surface': 'Dirt', '__typename': 'TrackCondition'}",8,Race 8 (C2),1501,3YO+,6760,8,False,,6,6,Hakusan Suono,4,Colt,b,Hakusan Moon,Sound Wave,,57.25,,Taichi Suzuki,Kazuyoshi Kato,6:1-0-0,17,17,183,1,17,9,13,,,,,,th,,,0,0,,,,,,
https://www.racenet.com.au/form-guide/horse-racing/kanazawa-jp-20260928/race-8-c2-race-8/overview,Kanazawa,2026-09-28,Kanazawa,"{'eventId': '3439478', 'overall': None, 'rating': None, 'surface': 'Dirt', '__typename': 'TrackCondition'}",8,Race 8 (C2),1501,3YO+,6760,8,False,,7,7,Kuroshio Current,5,Stallion,b,Bricks And Mortar,Red Sakuya,,57.25,,Hattori Daichi,Yasuhiko Munetsuna,30:0-0-0,0,0,-100,5,51,1,15,,,,,,,,,0,0,,,,,,
https://www.racenet.com.au/form-guide/horse-racing/kanazawa-jp-20260928/race-8-c2-race-8/overview,Kanazawa,2026-09-28,Kanazawa,"{'eventId': '3439478', 'overall': None, 'rating': None, 'surface': 'Dirt', '__typename': 'TrackCondition'}",8,Race 8 (C2),1501,3YO+,6760,8,False,,8,8,My Fight,4,Filly,b,Deep Brillante,Tokino Nice,,55,,Akihiro Yoshida,Hiroyuki Tajima,25:0-0-4,0,16,-100,11,81,6,13,,,,,,o,,,0,0,,,,,,
https://www.racenet.com.au/form-guide/horse-racing/kanazawa-jp-20260928/race-9-b1-race-9/overview,Kanazawa,2026-09-28,Kanazawa,"{'eventId': '3439479', 'overall': None, 'rating': None, 'surface': 'Dirt', '__typename': 'TrackCondition'}",9,Race 9 (B1),1400,3YO+,8660,9,False,,1,1,Chaldea,6,Stallion,b,Bricks And Mortar,Sarafina,,57.25,,Taichi Suzuki,Kazuya Ibi,33:4-5-2,12,33,-63,5,67,5,15,,,,,,d,,,0,0,,,,,,
https://www.racenet.com.au/form-guide/horse-racing/kanazawa-jp-20260928/race-9-b1-race-9/overview,Kanazawa,2026-09-28,Kanazawa,"{'eventId': '3439479', 'overall': None, 'rating': None, 'surface': 'Dirt', '__typename': 'TrackCondition'}",9,Race 9 (B1),1400,3YO+,8660,9,False,,2,2,K Ballade,6,Stallion,b,Danon Ballade,Blue Polaris,,57.25,,Koga Hirotaka,Mafumi Muroi,64:4-9-7,6,31,-45,6,9,2,15,,,,,,th,,,0,0,,,,,,
https://www.racenet.com.au/form-guide/horse-racing/kanazawa-jp-20260928/race-9-b1-race-9/overview,Kanazawa,2026-09-28,Kanazawa,"{'eventId': '3439479', 'overall': None, 'rating': None, 'surface': 'Dirt', '__typename': 'TrackCondition'}",9,Race 9 (B1),1400,3YO+,8660,9,False,,3,3,Donryu Star,6,Stallion,b,Moanin,Beauty Blonde,,57.25,,Kenshin Uozumi,Seiji Sukita,56:6-8-7,11,38,-43,2,26,6,15,,,,,,tcdh,,,0,0,,,,,,
https://www.racenet.com.au/form-guide/horse-racing/kanazawa-jp-20260928/race-9-b1-race-9/overview,Kanazawa,2026-09-28,Kanazawa,"{'eventId': '3439479', 'overall': None, 'rating': None, 'surface': 'Dirt', '__typename': 'TrackCondition'}",9,Race 9 (B1),1400,3YO+,8660,9,False,,4,4,Ho O Venus,7,Mare,b,Isla Bonita,Brumaire,,55,,Akihiro Yoshida,Seiji Sukita,42:4-10-2,10,38,-77,7,101,7,15,,,,,,sh,,,0,0,,,,,,
https://www.racenet.com.au/form-guide/horse-racing/kanazawa-jp-20260928/race-9-b1-race-9/overview,Kanazawa,2026-09-28,Kanazawa,"{'eventId': '3439479', 'overall': None, 'rating': None, 'surface': 'Dirt', '__typename': 'TrackCondition'}",9,Race 9 (B1),1400,3YO+,8660,9,False,,5,5,Highest Point,9,Stallion,b,Symboli Kris S,Ciel Et Mer,,57.25,,Yuma Shibata,Kazumasa Kaneda,59:7-12-9,12,47,-27,3,4.33,14,27,,,,,,tdsh,,,0,0,,,,,,
https://www.racenet.com.au/form-guide/horse-racing/kanazawa-jp-20260928/race-9-b1-race-9/overview,Kanazawa,2026-09-28,Kanazawa,"{'eventId': '3439479', 'overall': None, 'rating': None, 'surface': 'Dirt', '__typename': 'TrackCondition'}",9,Race 9 (B1),1400,3YO+,8660,9,False,,6,6,Rise Taiga,6,Stallion,b,Greater London,Nobo Mirionnu,,57.25,,Taiga Kurihara,Shigeru Sato,34:7-5-3,21,44,8,9,34,23,15,,,,,,tcdh,,,0,0,,,,,,
https://www.racenet.com.au/form-guide/horse-racing/kanazawa-jp-20260928/race-9-b1-race-9/overview,Kanazawa,2026-09-28,Kanazawa,"{'eventId': '3439479', 'overall': None, 'rating': None, 'surface': 'Dirt', '__typename': 'TrackCondition'}",9,Race 9 (B1),1400,3YO+,8660,9,False,,7,7,Song For You,8,Mare,b,Kitasan Black,Daydream,,55,,Masayoshi Aoyagi,Kazuhiro Kato,54:9-8-6,17,43,-54,4,51,23,15,,,,,,tcdh,,,0,0,,,,,,
https://www.racenet.com.au/form-guide/horse-racing/kanazawa-jp-20260928/race-9-b1-race-9/overview,Kanazawa,2026-09-28,Kanazawa,"{'eventId': '3439479', 'overall': None, 'rating': None, 'surface': 'Dirt', '__typename': 'TrackCondition'}",9,Race 9 (B1),1400,3YO+,8660,9,False,,8,8,Tamahagane,6,Stallion,b,Fine Needle,Flecha Blanca,,57.25,,Masaya Matsudo,Atsushi Ikeda,41:6-8-4,15,44,5,7,41,0,15,,,,,,tcdh,,,0,0,,,,,,
https://www.racenet.com.au/form-guide/horse-racing/kanazawa-jp-20260928/race-9-b1-race-9/overview,Kanazawa,2026-09-28,Kanazawa,"{'eventId': '3439479', 'overall': None, 'rating': None, 'surface': 'Dirt', '__typename': 'TrackCondition'}",9,Race 9 (B1),1400,3YO+,8660,9,False,,9,9,Seven Make Happy,7,Stallion,b,Hokko Tarumae,Win Gaia,,57.25,,Satoshi Yonekura,Kazumasa Kaneda,41:4-7-7,10,44,-10,1,26,12,20,,,,,,tcdh,,,0,0,,,,,,
https://www.racenet.com.au/form-guide/horse-racing/kilmore-20260928/bet365-bet-boost-3yo-maiden-plate-race-1/overview,Kilmore,2026-09-28,Kilmore,"{'eventId': '3436485', 'overall': 'Good', 'rating': '4', 'surface': 'Turf', '__typename': 'TrackCondition'}",1,Bet365 Bet Boost 3yo Maiden Plate,1450,"3-Y-O, Maiden, Set Weights",32000,10,True,RESULTED,1,2,Bloomin' Rich,3,Gelding,BAY,Rich Enuff,Molly Blooms,RESULTED,58,52,Jake Duffy,Craig Weeding,1:0-0-0,0,0,-100,4,9,12,13,0.04,-0.05,0.27,0.21,-0.1,,19.0,,19,19,9.5,17,78.9,4,,0
https://www.racenet.com.au/form-guide/horse-racing/kilmore-20260928/bet365-bet-boost-3yo-maiden-plate-race-1/overview,Kilmore,2026-09-28,Kilmore,"{'eventId': '3436485', 'overall': 'Good', 'rating': '4', 'surface': 'Turf', '__typename': 'TrackCondition'}",1,Bet365 Bet Boost 3yo Maiden Plate,1450,"3-Y-O, Maiden, Set Weights",32000,10,True,RESULTED,4,8,Got Bingo,3,Gelding,BAY,So You Think,Bright Idea,RESULTED,58,56,Dylan Dunn,Edward Cummings,0:0-0-0,0,0,0,,,0,,,,,,,,31.0,,19,19,23,26,13.0,8,,0
https://www.racenet.com.au/form-guide/horse-racing/kilmore-20260928/bet365-bet-boost-3yo-maiden-plate-race-1/overview,Kilmore,2026-09-28,Kilmore,"{'eventId': '3436485', 'overall': 'Good', 'rating': '4', 'surface': 'Turf', '__typename': 'TrackCondition'}",1,Bet365 Bet Boost 3yo Maiden Plate,1450,"3-Y-O, Maiden, Set Weights",32000,10,True,RESULTED,6,5,Musical Journey,3,Gelding,BAY,Russian Camelot,Annadeel,RESULTED,58,54,Cian MacRedmond,Matt Cumani,1:0-1-0,0,100,-100,2,26,10,16,-0.66,-1.51,-2.3,-2,1.11,,11.0,,19,29,9,10,11.1,9,,0
https://www.racenet.com.au/form-guide/horse-racing/kilmore-20260928/bet365-bet-boost-3yo-maiden-plate-race-1/overview,Kilmore,2026-09-28,Kilmore,"{'eventId': '3436485', 'overall': 'Good', 'rating': '4', 'surface': 'Turf', '__typename': 'TrackCondition'}",1,Bet365 Bet Boost 3yo Maiden Plate,1450,"3-Y-O, Maiden, Set Weights",32000,10,True,RESULTED,9,6,Refuse To Curtsy,3,Filly,BROWN,Royal Meeting,Tivoli Lass,RESULTED,56,56,John Allen,Thomas Carberry,3:0-0-0,0,0,-100,4,15,16,18,-0.04,-0.52,-0.9,-1.24,-0.2,,2.15,,19,40,4.2,1.95,-53.6,1,,1
https://www.racenet.com.au/form-guide/horse-racing/kilmore-20260928/bet365-bet-boost-3yo-maiden-plate-race-1/overview,Kilmore,2026-09-28,Kilmore,"{'eventId': '3436485', 'overall': 'Good', 'rating': '4', 'surface': 'Turf', '__typename': 'TrackCondition'}",1,Bet365 Bet Boost 3yo Maiden Plate,1450,"3-Y-O, Maiden, Set Weights",32000,10,True,RESULTED,10,7,Regal Banter,3,Filly,BAY,King's Legacy,Chit Chat,RESULTED,56,54,Lachlan Neindorf,Mark Walker,1:0-1-0,0,100,-100,2,5,17,279,0.8,1.06,1.3,1.54,3.12,,9.5,,19,25,5.5,8.5,54.5,7,,0
https://www.racenet.com.au/form-guide/horse-racing/kilmore-20260928/bet365-bet-boost-3yo-maiden-plate-race-1/overview,Kilmore,2026-09-28,Kilmore,"{'eventId': '3436485', 'overall': 'Good', 'rating': '4', 'surface': 'Turf', '__typename': 'TrackCondition'}",1,Bet365 Bet Boost 3yo Maiden Plate,1450,"3-Y-O, Maiden, Set Weights",32000,10,True,RESULTED,11,9,Magnum,3,Gelding,CHESTNUT,Dirty Work,The Huntress,RESULTED,58,54,Ryan Hurdle,Lindsey Smith,2:0-0-1,0,50,-100,3,15,21,14,0.05,-0.46,-0.4,-0.45,0.52,,7.0,,19,17,5,6.25,25.0,5,,0
https://www.racenet.com.au/form-guide/horse-racing/kilmore-20260928/bet365-bet-boost-3yo-maiden-plate-race-1/overview,Kilmore,2026-09-28,Kilmore,"{'eventId': '3436485', 'overall': 'Good', 'rating': '4', 'surface': 'Turf', '__typename': 'TrackCondition'}",1,Bet365 Bet Boost 3yo Maiden Plate,1450,"3-Y-O, Maiden, Set Weights",32000,10,True,RESULTED,12,10,Golden Rainbow,3,Gelding,CHESTNUT,Rubick,Rainbow Girl,RESULTED,58,54,Jake Noonan,Matt Laurie,1:0-0-0,0,0,-100,6,31,12,14,-0.15,-0.77,-0.88,-1.39,0.76,,81.0,,19,22,26,61,134.6,3,,0
https://www.racenet.com.au/form-guide/horse-racing/kilmore-20260928/bet365-bet-boost-3yo-maiden-plate-race-1/overview,Kilmore,2026-09-28,Kilmore,"{'eventId': '3436485', 'overall': 'Good', 'rating': '4', 'surface': 'Turf', '__typename': 'TrackCondition'}",1,Bet365 Bet Boost 3yo Maiden Plate,1450,"3-Y-O, Maiden, Set Weights",32000,10,True,RESULTED,13,1,Levent,3,Gelding,BAY,Levendi,Miss Chang'e,RESULTED,58,54,Daniel Stackhouse,Amy & Ash Yargi,1:0-0-0,0,0,-100,5,12,4,15,0.3,-0.69,-0.87,-0.67,1.33,,7.5,,19,20,12,7,-41.7,2,,0
https://www.racenet.com.au/form-guide/horse-racing/kilmore-20260928/bet365-bet-boost-3yo-maiden-plate-race-1/overview,Kilmore,2026-09-28,Kilmore,"{'eventId': '3436485', 'overall': 'Good', 'rating': '4', 'surface': 'Turf', '__typename': 'TrackCondition'}",1,Bet365 Bet Boost 3yo Maiden Plate,1450,"3-Y-O, Maiden, Set Weights",32000,10,True,RESULTED,15,3,A Rus In Grinzing,3,Filly,BAY,Russian Camelot,Avila,RESULTED,56,50,Damien Thornton,Ben Brisbourne,1:0-0-0,0,0,-100,7,19,0,10,-0.06,-0.22,-0.66,-0.1,2.96,,16.0,,19,25,26,15,-42.3,6,,0
https://www.racenet.com.au/form-guide/horse-racing/kilmore-20260928/bet365-bet-boost-3yo-maiden-plate-race-1/overview,Kilmore,2026-09-28,Kilmore,"{'eventId': '3436485', 'overall': 'Good', 'rating': '4', 'surface': 'Turf', '__typename': 'TrackCondition'}",1,Bet365 Bet Boost 3yo Maiden Plate,1450,"3-Y-O, Maiden, Set Weights",32000,10,True,RESULTED,16,4,Chilly Sav,3,Filly,BAY,Churchill,Savannabeel,RESULTED,56,51,Luke Cartwright,Peter Moody & Katherine Coleman,1:0-0-0,0,0,-100,11,71,11,18,,-0.99,-1.27,-1.5,-0.1,o,20.0,,19,26,51,18,-64.7,10,,0
https://www.racenet.com.au/form-guide/horse-racing/kilmore-20260928/bet365-bet-boost-3yo-maiden-plate-race-1/overview,Kilmore,2026-09-28,Kilmore,"{'eventId': '3436485', 'overall': 'Good', 'rating': '4', 'surface': 'Turf', '__typename': 'TrackCondition'}",1,Bet365 Bet Boost 3yo Maiden Plate,1450,"3-Y-O, Maiden, Set Weights",32000,10,True,SCRATCHED,2,6,Circus Moon,3,Gelding,BAY,Circus Maximus,Mawhooba,SCRATCHED,58,50,Patrick Moloney,Matt Laurie,3:0-0-1,0,33,-100,5,15,13,3,-0.1,-1.11,-1.52,-1.95,1.25,,1.01,,3,0,,,,-1,,0
https://www.racenet.com.au/form-guide/horse-racing/kilmore-20260928/bet365-bet-boost-3yo-maiden-plate-race-1/overview,Kilmore,2026-09-28,Kilmore,"{'eventId': '3436485', 'overall': 'Good', 'rating': '4', 'surface': 'Turf', '__typename': 'TrackCondition'}",1,Bet365 Bet Boost 3yo Maiden Plate,1450,"3-Y-O, Maiden, Set Weights",32000,10,True,SCRATCHED,3,13,Dispatches,3,Colt,CHESTNUT,Gun Runner,Grantland,SCRATCHED,58,53,Billy Egan,Dominic Sutton,1:0-0-0,0,0,-100,4,17,14,19,-0.55,-1.48,-1.96,-0.81,2.4,,7.0,,19,4,7,5.5,-21.4,-1,,0
https://www.racenet.com.au/form-guide/horse-racing/kilmore-20260928/bet365-bet-boost-3yo-maiden-plate-race-1/overview,Kilmore,2026-09-28,Kilmore,"{'eventId': '3436485', 'overall': 'Good', 'rating': '4', 'surface': 'Turf', '__typename': 'TrackCondition'}",1,Bet365 Bet Boost 3yo Maiden Plate,1450,"3-Y-O, Maiden, Set Weights",32000,10,True,SCRATCHED,5,10,Levens Hall,3,Gelding,GREY-BROWN,Too Darn Hot,Leven Lass,SCRATCHED,58,54,Daniel Stackhouse,"Ben, Will & Jd Hayes",4:0-2-0,0,50,-100,2,1.75,15,14,-0.7,-1.26,-1.32,-1.2,0.71,b,4.2,,19,6,4.2,3.3,-21.4,-1,,0
https://www.racenet.com.au/form-guide/horse-racing/kilmore-20260928/bet365-bet-boost-3yo-maiden-plate-race-1/overview,Kilmore,2026-09-28,Kilmore,"{'eventId': '3436485', 'overall': 'Good', 'rating': '4', 'surface': 'Turf', '__typename': 'TrackCondition'}",1,Bet365 Bet Boost 3yo Maiden Plate,1450,"3-Y-O, Maiden, Set Weights",32000,10,True,SCRATCHED,7,15,Savfield,3,Gelding,BAY,Savabeel,Hoity Toity,SCRATCHED,58,50,Jye McNeil,Chris Waller,0:0-0-0,0,0,0,,,9,,,,,,,,1.01,,3,0,,,,-1,,0
https://www.racenet.com.au/form-guide/horse-racing/kilmore-20260928/bet365-bet-boost-3yo-maiden-plate-race-1/overview,Kilmore,2026-09-28,Kilmore,"{'eventId': '3436485', 'overall': 'Good', 'rating': '4', 'surface': 'Turf', '__typename': 'TrackCondition'}",1,Bet365 Bet Boost 3yo Maiden Plate,1450,"3-Y-O, Maiden, Set Weights",32000,10,True,SCRATCHED,14,8,The Pallet Man,3,Gelding,BAY OR BROWN,Admire Mars,Jennio,SCRATCHED,58,50,Jett Stanley,Brent Stanley,1:0-0-0,0,0,-100,11,6.5,6,95,0.48,-0.18,-0.42,-0.63,0.18,o,11.0,,19,11,19,1.01,-94.7,-1,,0
https://www.racenet.com.au/form-guide/horse-racing/kilmore-20260928/bet365-bet-boost-3yo-maiden-plate-race-1/overview,Kilmore,2026-09-28,Kilmore,"{'eventId': '3436485', 'overall': 'Good', 'rating': '4', 'surface': 'Turf', '__typename': 'TrackCondition'}",1,Bet365 Bet Boost 3yo Maiden Plate,1450,"3-Y-O, Maiden, Set Weights",32000,10,True,SCRATCHED,8,11,Victor's Pavilion,3,Gelding,CHESTNUT,Victor Ludorum,Pavillion,SCRATCHED,58,51,Luke Cartwright,Peter Moody & Katherine Coleman,2:0-1-1,0,100,-100,3,41,11,15,-0.22,-0.92,-1.02,-1.23,0.68,,1.01,,3,0,,,,-1,,0
https://www.racenet.com.au/form-guide/horse-racing/kilmore-20260928/box-hill-rsl-class-1-handicap-race-5/overview,Kilmore,2026-09-28,Kilmore,"{'eventId': '3436490', 'overall': 'Good', 'rating': '4', 'surface': 'Turf', '__typename': 'TrackCondition'}",5,Box Hill Rsl Class 1 Handicap,1100,"3-Y-O & Up, Class 1, Handicap",27000,9,False,,1,1,Cattle Camp,4,Gelding,BAY,Per Incanto,Shanina,,60,51,Luke Cartwright,Peter Moody & Katherine Coleman,3:1-0-1,33,67,23,6,2.3,11,24,-0.47,-0.98,-0.92,-1.03,0.02,b,5.5,,19,15,5.5,5,-9.1,,,
https://www.racenet.com.au/form-guide/horse-racing/kilmore-20260928/box-hill-rsl-class-1-handicap-race-5/overview,Kilmore,2026-09-28,Kilmore,"{'eventId': '3436490', 'overall': 'Good', 'rating': '4', 'surface': 'Turf', '__typename': 'TrackCondition'}",5,Box Hill Rsl Class 1 Handicap,1100,"3-Y-O & Up, Class 1, Handicap",27000,9,False,,2,7,Royal Rendezvous,4,Gelding,BAY,Royal Meeting,Alana's Party,,60,54,Lachlan Neindorf,Mark Walker,6:1-1-0,17,33,167,5,4,17,38,-0.53,-1.05,-1.41,-1.59,-0.54,s,3.5,,19,19,4,3.3,-17.5,,,
https://www.racenet.com.au/form-guide/horse-racing/kilmore-20260928/box-hill-rsl-class-1-handicap-race-5/overview,Kilmore,2026-09-28,Kilmore,"{'eventId': '3436490', 'overall': 'Good', 'rating': '4', 'surface': 'Turf', '__typename': 'TrackCondition'}",5,Box Hill Rsl Class 1 Handicap,1100,"3-Y-O & Up, Class 1, Handicap",27000,9,False,,4,12,Frosted In Time,5,Gelding,BAY,Frosted,Ringing Bell,,59.5,53,Cory Parish,Alicia MacPherson,10:1-4-1,10,60,-83,2,7.5,7,52,0.18,-0.17,-0.32,-0.43,0.15,tcd(HT),4.2,,19,12,8,3.8,-52.5,,,
https://www.racenet.com.au/form-guide/horse-racing/kilmore-20260928/box-hill-rsl-class-1-handicap-race-5/overview,Kilmore,2026-09-28,Kilmore,"{'eventId': '3436490', 'overall': 'Good', 'rating': '4', 'surface': 'Turf', '__typename': 'TrackCondition'}",5,Box Hill Rsl Class 1 Handicap,1100,"3-Y-O & Up, Class 1, Handicap",27000,9,False,,5,4,Adieu Grasse,4,Gelding,CHESTNUT,Omaha Beach,Grasse,,59,54,Ryan Hurdle,Rhys Archard,4:1-0-0,25,25,10,1,4.4,33,21,1.01,1.04,0.98,0.83,1.72,s,41.0,,19,8,29,34,17.2,,,
https://www.racenet.com.au/form-guide/horse-racing/kilmore-20260928/box-hill-rsl-class-1-handicap-race-5/overview,Kilmore,2026-09-28,Kilmore,"{'eventId': '3436490', 'overall': 'Good', 'rating': '4', 'surface': 'Turf', '__typename': 'TrackCondition'}",5,Box Hill Rsl Class 1 Handicap,1100,"3-Y-O & Up, Class 1, Handicap",27000,9,False,,6,3,Our Yonglee,4,Mare,BROWN,Tassort,Abbey Rosa,,58,54,Daniel Stackhouse,Cliff Brown,1:1-0-0,100,100,600,1,7,9,188,-0.48,-0.93,-0.7,-0.85,0.84,s,6.0,,19,19,4.6,5,8.7,,,
https://www.racenet.com.au/form-guide/horse-racing/kilmore-20260928/box-hill-rsl-class-1-handicap-race-5/overview,Kilmore,2026-09-28,Kilmore,"{'eventId': '3436490', 'overall': 'Good', 'rating': '4', 'surface': 'Turf', '__typename': 'TrackCondition'}",5,Box Hill Rsl Class 1 Handicap,1100,"3-Y-O & Up, Class 1, Handicap",27000,9,False,,8,8,Knurl,3,Gelding,BROWN,Brazen Beau,Mollycoddle,,57.5,56,Dylan Dunn,Rory Hunter,7:1-0-1,14,29,-80,8,201,20,16,0.01,-0.17,-0.43,-0.49,0.48,,17.0,,19,14,11,15,36.4,,,
https://www.racenet.com.au/form-guide/horse-racing/kilmore-20260928/box-hill-rsl-class-1-handicap-race-5/overview,Kilmore,2026-09-28,Kilmore,"{'eventId': '3436490', 'overall': 'Good', 'rating': '4', 'surface': 'Turf', '__typename': 'TrackCondition'}",5,Box Hill Rsl Class 1 Handicap,1100,"3-Y-O & Up, Class 1, Handicap",27000,9,False,,11,2,Fondled,5,Mare,BAY,Puissance de Lune,Amphlett,,56.5,53.5,Neil Farley,Andrew Noblet,9:1-4-0,11,56,-78,10,15,11,22,0.01,-0.2,-0.2,-0.15,1.41,so,51.0,,19,12,34,31,-8.8,,,
https://www.racenet.com.au/form-guide/horse-racing/kilmore-20260928/box-hill-rsl-class-1-handicap-race-5/overview,Kilmore,2026-09-28,Kilmore,"{'eventId': '3436490', 'overall': 'Good', 'rating': '4', 'surface': 'Turf', '__typename': 'TrackCondition'}",5,Box Hill Rsl Class 1 Handicap,1100,"3-Y-O & Up, Class 1, Handicap",27000,9,False,,12,9,Lagunanini,3,Filly,BAY,I Am Immortal,Niki Piki Milo,,55.5,55,Blake Shinn,Trent Busuttin & Natalie Young,3:1-0-0,33,33,0,9,17,23,170,0.5,-0.28,-0.63,-1.58,-1.53,dho,4.4,,19,15,8,4,-50.0,,,
https://www.racenet.com.au/form-guide/horse-racing/kilmore-20260928/box-hill-rsl-class-1-handicap-race-5/overview,Kilmore,2026-09-28,Kilmore,"{'eventId': '3436490', 'overall': 'Good', 'rating': '4', 'surface': 'Turf', '__typename': 'TrackCondition'}",5,Box Hill Rsl Class 1 Handicap,1100,"3-Y-O & Up, Class 1, Handicap",27000,9,False,,13,5,Pure Rain,6,Mare,BAY,Stratum Star,New York Rain,,54,51,Chelsea Thompson,Sergio Beani,30:1-3-3,3,23,-88,13,20,0,15,0.14,-0.04,-0.18,-0.29,1.09,o,201.0,,19,8,151,126,-16.6,,,
https://www.racenet.com.au/form-guide/horse-racing/kilmore-20260928/box-hill-rsl-class-1-handicap-race-5/overview,Kilmore,2026-09-28,Kilmore,"{'eventId': '3436490', 'overall': 'Good', 'rating': '4', 'surface': 'Turf', '__typename': 'TrackCondition'}",5,Box Hill Rsl Class 1 Handicap,1100,"3-Y-O & Up, Class 1, Handicap",27000,9,False,SCRATCHED,3,11,Share The Music,4,Gelding,BROWN OR BLACK,Overshare,Lady Music,SCRATCHED,60,,Will Gordon,Taige Weir,1:1-0-0,100,100,800,1,9,21,28,-0.65,-1.17,-1.29,-1.33,0.62,,9.5,,19,8,7.5,7.5,0.0,-1,,0
https://www.racenet.com.au/form-guide/horse-racing/kilmore-20260928/box-hill-rsl-class-1-handicap-race-5/overview,Kilmore,2026-09-28,Kilmore,"{'eventId': '3436490', 'overall': 'Good', 'rating': '4', 'surface': 'Turf', '__typename': 'TrackCondition'}",5,Box Hill Rsl Class 1 Handicap,1100,"3-Y-O & Up, Class 1, Handicap",27000,9,False,SCRATCHED,7,10,Flying Mean,6,Gelding,BAY OR BROWN,Lean Mean Machine,I'm a Flying Star,SCRATCHED,57.5,54,Jake Noonan,David & Coral Feek,16:1-5-4,6,63,-88,7,6,10,35,-0.01,-0.58,-0.8,-0.82,0.36,(D/A),31.0,,19,7,29,21,-27.6,-1,,0
https://www.racenet.com.au/form-guide/horse-racing/kilmore-20260928/box-hill-rsl-class-1-handicap-race-5/overview,Kilmore,2026-09-28,Kilmore,"{'eventId': '3436490', 'overall': 'Good', 'rating': '4', 'surface': 'Turf', '__typename': 'TrackCondition'}",5,Box Hill Rsl Class 1 Handicap,1100,"3-Y-O & Up, Class 1, Handicap",27000,9,False,SCRATCHED,9,6,Bliss Bomb,4,Mare,BAY OR BROWN,Tassort,Ready Cuz,SCRATCHED,57,53,Billy Egan,Lloyd Kennewell,6:1-1-2,17,67,-27,6,12,29,28,0.27,-0.13,0.05,0.12,1.69,d,15.0,,19,6,14,12,-14.3,-1,,0
https://www.racenet.com.au/form-guide/horse-racing/kilmore-20260928/box-hill-rsl-class-1-handicap-race-5/overview,Kilmore,2026-09-28,Kilmore,"{'eventId': '3436490', 'overall': 'Good', 'rating': '4', 'surface': 'Turf', '__typename': 'TrackCondition'}",5,Box Hill Rsl Class 1 Handicap,1100,"3-Y-O & Up, Class 1, Handicap",27000,9,False,SCRATCHED,10,13,Tallingas Avanti,3,Gelding,CHESTNUT,Prince of Caviar,Dinkum Star,SCRATCHED,57,,,Ashleigh Smith,2:1-0-1,50,100,60,1,3.2,0,22,-0.03,-0.19,-0.6,-0.53,0.73,h,27.0,,18,3,26,23,-11.5,-1,,0
https://www.racenet.com.au/form-guide/horse-racing/kilmore-20260928/cm-build-group-bm62-handicap-race-8/overview,Kilmore,2026-09-28,Kilmore,"{'eventId': '3436497', 'overall': 'Good', 'rating': '4', 'surface': 'Turf', '__typename': 'TrackCondition'}",8,C&m Build Group Bm62 Handicap,1200,"3-Y-O & Up, BM62, Handicap",27000,12,False,,2,16,Bancoora,6,Gelding,BAY OR BROWN,Bel Esprit,Jungle Dance,,61,51,Alana Kelly,Daryl Cannon,22:4-3-2,18,41,22,1,4.2,7,38,0.04,-0.31,-0.61,-0.66,1.02,dsh,17.0,,19,13,15,16,6.7,,,
https://www.racenet.com.au/form-guide/horse-racing/kilmore-20260928/cm-build-group-bm62-handicap-race-8/overview,Kilmore,2026-09-28,Kilmore,"{'eventId': '3436497', 'overall': 'Good', 'rating': '4', 'surface': 'Turf', '__typename': 'TrackCondition'}",8,C&m Build Group Bm62 Handicap,1200,"3-Y-O & Up, BM62, Handicap",27000,12,False,,4,8,Tango Jewel,7,Mare,BAY OR BROWN,Winning Rupert,Modern Etiquette,,61,51,Chelsea Thompson,Jamie Edwards,27:5-4-4,19,48,46,4,19,33,17,0.39,0.09,-0.19,-0.32,0.52,tdh,10.0,,19,15,11,9,-18.2,,,
https://www.racenet.com.au/form-guide/horse-racing/kilmore-20260928/cm-build-group-bm62-handicap-race-8/overview,Kilmore,2026-09-28,Kilmore,"{'eventId': '3436497', 'overall': 'Good', 'rating': '4', 'surface': 'Turf', '__typename': 'TrackCondition'}",8,C&m Build Group Bm62 Handicap,1200,"3-Y-O & Up, BM62, Handicap",27000,12,False,,5,9,Stolen Art,6,Gelding,BROWN,Flying Artie,Dawn Almighty,,60.5,49,Teo Nugent,Simon Zahra,19:3-2-2,16,37,7,3,12,22,24,0.22,-0.14,-0.4,-0.52,0.27,ds,23.0,,19,13,19,21,10.5,,,
https://www.racenet.com.au/form-guide/horse-racing/kilmore-20260928/cm-build-group-bm62-handicap-race-8/overview,Kilmore,2026-09-28,Kilmore,"{'eventId': '3436497', 'overall': 'Good', 'rating': '4', 'surface': 'Turf', '__typename': 'TrackCondition'}",8,C&m Build Group Bm62 Handicap,1200,"3-Y-O & Up, BM62, Handicap",27000,12,False,,6,14,Seeyou Raider,6,Gelding,BAY,Rebel Raider,Amodini,,60,53,Luke Currie,Jody Thompson,12:2-2-1,17,42,100,3,31,67,18,0.52,0.15,0.09,-0.14,0.36,tcd(HT),61.0,,19,7,51,41,-19.6,,,
https://www.racenet.com.au/form-guide/horse-racing/kilmore-20260928/cm-build-group-bm62-handicap-race-8/overview,Kilmore,2026-09-28,Kilmore,"{'eventId': '3436497', 'overall': 'Good', 'rating': '4', 'surface': 'Turf', '__typename': 'TrackCondition'}",8,C&m Build Group Bm62 Handicap,1200,"3-Y-O & Up, BM62, Handicap",27000,12,False,,8,13,Winter Nights,4,Gelding,BAY,The Autumn Sun,Onedayclosertoyou,,59.5,,Will Gordon,"Ben, Will & Jd Hayes",3:1-0-0,33,33,150,7,9.5,10,150,-0.44,-1.33,-2.12,-2.4,-0.22,,18.0,,19,15,13,17,30.8,,,
https://www.racenet.com.au/form-guide/horse-racing/kilmore-20260928/cm-build-group-bm62-handicap-race-8/overview,Kilmore,2026-09-28,Kilmore,"{'eventId': '3436497', 'overall': 'Good', 'rating': '4', 'surface': 'Turf', '__typename': 'TrackCondition'}",8,C&m Build Group Bm62 Handicap,1200,"3-Y-O & Up, BM62, Handicap",27000,12,False,,9,4,Mr Butt's Boats,5,Gelding,BAY,Hallowed Crown,Pas de Retraite,,59,53.5,Neil Farley,Nigel Blackiston,14:2-2-1,14,36,-7,6,14,13,18,-0.21,-0.93,-1.44,-1.24,0.43,d,23.0,,19,9,19,18,-5.3,,,
https://www.racenet.com.au/form-guide/horse-racing/kilmore-20260928/cm-build-group-bm62-handicap-race-8/overview,Kilmore,2026-09-28,Kilmore,"{'eventId': '3436497', 'overall': 'Good', 'rating': '4', 'surface': 'Turf', '__typename': 'TrackCondition'}",8,C&m Build Group Bm62 Handicap,1200,"3-Y-O & Up, BM62, Handicap",27000,12,False,,11,12,Swift Circle,5,Gelding,BAY,Alpine Eagle,Hollymont,,59,56,John Allen,Rhys Archard,20:2-4-2,10,40,-63,5,16,4,22,-0.3,-0.94,-1.26,-1.18,1.05,ds,18.0,,19,13,23,15,-34.8,,,
https://www.racenet.com.au/form-guide/horse-racing/kilmore-20260928/cm-build-group-bm62-handicap-race-8/overview,Kilmore,2026-09-28,Kilmore,"{'eventId': '3436497', 'overall': 'Good', 'rating': '4', 'surface': 'Turf', '__typename': 'TrackCondition'}",8,C&m Build Group Bm62 Handicap,1200,"3-Y-O & Up, BM62, Handicap",27000,12,False,,12,2,Hell's Diamond,4,Mare,BAY OR BROWN,Hellbent,Diamond Pedrille,,58.5,54,Daniel Stackhouse,"Ben, Will & Jd Hayes",2:1-0-1,50,100,40,3,4.6,15,13,-0.42,-0.32,-0.34,-0.7,-0.34,tcds,3.8,,19,15,4.2,3.7,-11.9,,,
https://www.racenet.com.au/form-guide/horse-racing/kilmore-20260928/cm-build-group-bm62-handicap-race-8/overview,Kilmore,2026-09-28,Kilmore,"{'eventId': '3436497', 'overall': 'Good', 'rating': '4', 'surface': 'Turf', '__typename': 'TrackCondition'}",8,C&m Build Group Bm62 Handicap,1200,"3-Y-O & Up, BM62, Handicap",27000,12,False,,13,10,Bajaria,4,Mare,BAY,I Am Invincible,Oregon's Day,,57.5,56,Ben Allen,Peter Gelagotis,10:1-3-2,10,60,-60,4,2.6,19,17,-0.08,-0.73,-1.34,-1.7,-0.44,b,2.5,,19,19,4,2.4,-40.0,,,
https://www.racenet.com.au/form-guide/horse-racing/kilmore-20260928/cm-build-group-bm62-handicap-race-8/overview,Kilmore,2026-09-28,Kilmore,"{'eventId': '3436497', 'overall': 'Good', 'rating': '4', 'surface': 'Turf', '__typename': 'TrackCondition'}",8,C&m Build Group Bm62 Handicap,1200,"3-Y-O & Up, BM62, Handicap",27000,12,False,,14,3,Whimsy Smile,3,Colt,BAY,Wootton Bassett,Lorna May,,57.5,50,Jye McNeil,"Ben, Will & Jd Hayes",5:1-1-1,20,60,-67,5,4.6,10,17,,-0.84,-1.06,-1.09,0.42,dh,7.0,,19,11,5,5.75,15.0,,,
https://www.racenet.com.au/form-guide/horse-racing/kilmore-20260928/cm-build-group-bm62-handicap-race-8/overview,Kilmore,2026-09-28,Kilmore,"{'eventId': '3436497', 'overall': 'Good', 'rating': '4', 'surface': 'Turf', '__typename': 'TrackCondition'}",8,C&m Build Group Bm62 Handicap,1200,"3-Y-O & Up, BM62, Handicap",27000,12,False,,15,5,Swing Your Magic,5,Gelding,BAY,Per Incanto,Swing A Deel,,59,53,Billy Egan,Dominic Sutton,11:2-0-1,18,27,-5,1,4.4,14,135,-0.1,-0.45,-0.62,-0.61,0.53,,29.0,,19,13,21,26,23.8,,,
https://www.racenet.com.au/form-guide/horse-racing/kilmore-20260928/cm-build-group-bm62-handicap-race-8/overview,Kilmore,2026-09-28,Kilmore,"{'eventId': '3436497', 'overall': 'Good', 'rating': '4', 'surface': 'Turf', '__typename': 'TrackCondition'}",8,C&m Build Group Bm62 Handicap,1200,"3-Y-O & Up, BM62, Handicap",27000,12,False,,16,6,Sophast,6,Gelding,BAY,So You Think,This Lady Rocks,,59,56,Jason Maskiell,John Keane,14:2-4-2,14,57,6,5,31,0,21,0.34,0.26,0.33,0.49,1.11,h,61.0,,19,16,61,51,-16.4,,,
https://www.racenet.com.au/form-guide/horse-racing/kilmore-20260928/cm-build-group-bm62-handicap-race-8/overview,Kilmore,2026-09-28,Kilmore,"{'eventId': '3436497', 'overall': 'Good', 'rating': '4', 'surface': 'Turf', '__typename': 'TrackCondition'}",8,C&m Build Group Bm62 Handicap,1200,"3-Y-O & Up, BM62, Handicap",27000,12,False,SCRATCHED,1,17,King West,5,Gelding,BAY,Kingman,Omneeya,SCRATCHED,62.5,50,Caitlin Hollowood,Enver Jusufovic,11:3-2-1,27,55,-17,1,3.8,33,20,-0.07,-0.61,-0.66,-0.89,0.06,dh,9.5,,19,8,7.5,7,-6.7,-1,,0
https://www.racenet.com.au/form-guide/horse-racing/kilmore-20260928/cm-build-group-bm62-handicap-race-8/overview,Kilmore,2026-09-28,Kilmore,"{'eventId': '3436497', 'overall': 'Good', 'rating': '4', 'surface': 'Turf', '__typename': 'TrackCondition'}",8,C&m Build Group Bm62 Handicap,1200,"3-Y-O & Up, BM62, Handicap",27000,12,False,SCRATCHED,3,18,Brandjam,5,Gelding,BAY,Alabama Express,Falling Waters,SCRATCHED,61,53.5,Bailey Kinninmont,Glen Thompson,19:3-6-1,16,53,-45,8,41,0,40,0.14,-0.06,-0.22,-0.22,0.51,d,14.0,,18,3,12,11,-8.3,-1,,0
https://www.racenet.com.au/form-guide/horse-racing/kilmore-20260928/cm-build-group-bm62-handicap-race-8/overview,Kilmore,2026-09-28,Kilmore,"{'eventId': '3436497', 'overall': 'Good', 'rating': '4', 'surface': 'Turf', '__typename': 'TrackCondition'}",8,C&m Build Group Bm62 Handicap,1200,"3-Y-O & Up, BM62, Handicap",27000,12,False,SCRATCHED,7,15,The Flying Popov,4,Gelding,BAY,Russian Camelot,Coutances,SCRATCHED,60,50,Jye McNeil,Chris Waller,7:1-1-0,14,29,-76,6,8,9,17,-0.41,-1.04,-1.5,-1.53,-0.03,,,,0,0,,,,-1,,0
https://www.racenet.com.au/form-guide/horse-racing/kilmore-20260928/cm-build-group-bm62-handicap-race-8/overview,Kilmore,2026-09-28,Kilmore,"{'eventId': '3436497', 'overall': 'Good', 'rating': '4', 'surface': 'Turf', '__typename': 'TrackCondition'}",8,C&m Build Group Bm62 Handicap,1200,"3-Y-O & Up, BM62, Handicap",27000,12,False,SCRATCHED,10,11,Paparazzo,5,Gelding,BAY OR BROWN,Holler,Shutter Bug,SCRATCHED,59,50,Jett Stanley,Craig Weeding,18:2-8-1,11,61,-67,2,9,14,13,0.09,-0.3,-0.64,-0.8,0.23,d,17.0,,18,11,16,13,-18.8,-1,,0
https://www.racenet.com.au/form-guide/horse-racing/kilmore-20260928/cm-build-group-bm62-handicap-race-8/overview,Kilmore,2026-09-28,Kilmore,"{'eventId': '3436497', 'overall': 'Good', 'rating': '4', 'surface': 'Turf', '__typename': 'TrackCondition'}",8,C&m Build Group Bm62 Handicap,1200,"3-Y-O & Up, BM62, Handicap",27000,12,False,SCRATCHED,17,1,So You Excel,4,Mare,BAY,D'argento,Good Times Roll,SCRATCHED,56,52,Valentin Le Boeuf,Tim Hughes,7:1-1-0,14,29,-57,10,61,0,15,0.29,0.1,-0.22,-0.43,1.13,o,21.0,,18,7,21,1.01,-95.2,-1,,0
https://www.racenet.com.au/form-guide/horse-racing/kilmore-20260928/cm-build-group-bm62-handicap-race-8/overview,Kilmore,2026-09-28,Kilmore,"{'eventId': '3436497', 'overall': 'Good', 'rating': '4', 'surface': 'Turf', '__typename': 'TrackCondition'}",8,C&m Build Group Bm62 Handicap,1200,"3-Y-O & Up, BM62, Handicap",27000,12,False,SCRATCHED,18,7,Brroosha,4,Mare,BAY OR BROWN,Too Darn Hot,Excellent Magic,SCRATCHED,55.5,54,Celine Gaudray,Ciaron Maher,8:1-0-0,13,13,125,7,11,13,14,0.19,-0.01,0.26,0.02,0.79,tcds,23.0,,19,11,26,1.01,-96.1,-1,,0
https://www.racenet.com.au/form-guide/horse-racing/kilmore-20260928/darebin-rsl-bm56-handicap-race-6/overview,Kilmore,2026-09-28,Kilmore,"{'eventId': '3436493', 'overall': 'Good', 'rating': '4', 'surface': 'Turf', '__typename': 'TrackCondition'}",6,Darebin Rsl Bm56 Handicap,2000,"3-Y-O & Up, BM56, Handicap",22000,12,False,,1,1,Crown Of Russia,4,Gelding,GREY-BROWN,Russian Camelot,Triple Tiara,,62.5,50,Damien Thornton,Danny O'Brien,10:1-1-1,10,30,40,2,9.5,15,21,0.1,-0.03,-0.34,-0.43,1.49,h,5.0,,19,42,4.4,4.8,9.1,,,
https://www.racenet.com.au/form-guide/horse-racing/kilmore-20260928/darebin-rsl-bm56-handicap-race-6/overview,Kilmore,2026-09-28,Kilmore,"{'eventId': '3436493', 'overall': 'Good', 'rating': '4', 'surface': 'Turf', '__typename': 'TrackCondition'}",6,Darebin Rsl Bm56 Handicap,2000,"3-Y-O & Up, BM56, Handicap",22000,12,False,,2,3,Murgasty,5,Gelding,BAY,Pierro,Deedra,,62.5,53,Stephanie Hateley,Cheryl Weller,9:1-2-0,11,33,-58,4,31,0,13,-0.21,-0.86,-1.35,-1.54,1.71,,29.0,,19,35,13,26,100.0,,,
https://www.racenet.com.au/form-guide/horse-racing/kilmore-20260928/darebin-rsl-bm56-handicap-race-6/overview,Kilmore,2026-09-28,Kilmore,"{'eventId': '3436493', 'overall': 'Good', 'rating': '4', 'surface': 'Turf', '__typename': 'TrackCondition'}",6,Darebin Rsl Bm56 Handicap,2000,"3-Y-O & Up, BM56, Handicap",22000,12,False,,3,11,Earthly Crown,4,Gelding,BAY OR BROWN,Royal Meeting,Sister Earth,,62,50,Caitlin Hollowood,Rhys Archard,5:1-0-0,20,20,1120,1,61,13,15,0.18,-0.08,-0.3,-0.42,1.65,ts,61.0,,19,8,31,41,32.3,,,
https://www.racenet.com.au/form-guide/horse-racing/kilmore-20260928/darebin-rsl-bm56-handicap-race-6/overview,Kilmore,2026-09-28,Kilmore,"{'eventId': '3436493', 'overall': 'Good', 'rating': '4', 'surface': 'Turf', '__typename': 'TrackCondition'}",6,Darebin Rsl Bm56 Handicap,2000,"3-Y-O & Up, BM56, Handicap",22000,12,False,,4,12,Fierce Fiasco,4,Gelding,BAY,Fierce Impact,Lotta Sugar,,62,53,Billy Egan,Andrew Noblet,7:1-1-1,14,43,7,1,7.5,22,32,-0.12,-0.61,-0.99,-1.13,0.51,dh,9.0,,19,16,6,8,33.3,,,
https://www.racenet.com.au/form-guide/horse-racing/kilmore-20260928/darebin-rsl-bm56-handicap-race-6/overview,Kilmore,2026-09-28,Kilmore,"{'eventId': '3436493', 'overall': 'Good', 'rating': '4', 'surface': 'Turf', '__typename': 'TrackCondition'}",6,Darebin Rsl Bm56 Handicap,2000,"3-Y-O & Up, BM56, Handicap",22000,12,False,,5,13,Devine Grunt,5,Gelding,BAY,Grunt,Divine Pins,,61,50,Jett Stanley,Aaron Laing,9:1-0-2,11,33,356,8,17,0,15,0.79,0.85,0.6,0.43,2.49,,34.0,,19,17,14,26,85.7,,,
https://www.racenet.com.au/form-guide/horse-racing/kilmore-20260928/darebin-rsl-bm56-handicap-race-6/overview,Kilmore,2026-09-28,Kilmore,"{'eventId': '3436493', 'overall': 'Good', 'rating': '4', 'surface': 'Turf', '__typename': 'TrackCondition'}",6,Darebin Rsl Bm56 Handicap,2000,"3-Y-O & Up, BM56, Handicap",22000,12,False,,6,2,Up And Under,7,Gelding,BAY,Lope de Vega,Hibiscus,,60.5,55,Logan McNeil,David Noonan,36:2-4-4,6,28,-91,7,26,2,15,0.17,-0.34,-0.86,-1.23,-0.16,ds,20.0,,19,10,11,17,54.5,,,
https://www.racenet.com.au/form-guide/horse-racing/kilmore-20260928/darebin-rsl-bm56-handicap-race-6/overview,Kilmore,2026-09-28,Kilmore,"{'eventId': '3436493', 'overall': 'Good', 'rating': '4', 'surface': 'Turf', '__typename': 'TrackCondition'}",6,Darebin Rsl Bm56 Handicap,2000,"3-Y-O & Up, BM56, Handicap",22000,12,False,,7,9,Azeola,6,Mare,BAY,Inference,Cannubi,,60,53,Alice Kennedy,Ben Brisbourne,28:5-1-5,18,39,53,9,51,9,19,0.14,-0.35,-0.87,-1.26,1.84,tcdsho,29.0,,19,34,20,23,15.0,,,
https://www.racenet.com.au/form-guide/horse-racing/kilmore-20260928/darebin-rsl-bm56-handicap-race-6/overview,Kilmore,2026-09-28,Kilmore,"{'eventId': '3436493', 'overall': 'Good', 'rating': '4', 'surface': 'Turf', '__typename': 'TrackCondition'}",6,Darebin Rsl Bm56 Handicap,2000,"3-Y-O & Up, BM56, Handicap",22000,12,False,,8,4,Razanne,4,Mare,BAY,Deep Field,Xandretta,,60,54,Lachlan Neindorf,Mick Price & Michael Kent Jnr,7:1-1-2,14,57,-63,4,7.5,17,24,0.35,0.02,-0.17,-0.29,1.21,h,4.2,,19,12,4.6,4,-13.0,,,
https://www.racenet.com.au/form-guide/horse-racing/kilmore-20260928/darebin-rsl-bm56-handicap-race-6/overview,Kilmore,2026-09-28,Kilmore,"{'eventId': '3436493', 'overall': 'Good', 'rating': '4', 'surface': 'Turf', '__typename': 'TrackCondition'}",6,Darebin Rsl Bm56 Handicap,2000,"3-Y-O & Up, BM56, Handicap",22000,12,False,,9,7,Jonquil,5,Mare,CHESTNUT,Highland Reel,La Fleurette,,59,56,Dylan Dunn,Brett Scott,10:1-1-1,10,30,-52,1,4.8,11,20,0.17,-0.17,-0.16,-0.08,1.95,h,29.0,,19,16,16,26,62.5,,,
https://www.racenet.com.au/form-guide/horse-racing/kilmore-20260928/darebin-rsl-bm56-handicap-race-6/overview,Kilmore,2026-09-28,Kilmore,"{'eventId': '3436493', 'overall': 'Good', 'rating': '4', 'surface': 'Turf', '__typename': 'TrackCondition'}",6,Darebin Rsl Bm56 Handicap,2000,"3-Y-O & Up, BM56, Handicap",22000,12,False,,11,8,Kawa,6,Mare,BAY,Real Steel,Treasuring,,59,50,Jye McNeil,Matt Cumani,25:2-1-2,8,20,-62,4,4,15,16,-0.05,-0.63,-1.32,-1.64,0.22,s,5.25,,19,13,6,4.8,-20.0,,,
https://www.racenet.com.au/form-guide/horse-racing/kilmore-20260928/darebin-rsl-bm56-handicap-race-6/overview,Kilmore,2026-09-28,Kilmore,"{'eventId': '3436493', 'overall': 'Good', 'rating': '4', 'surface': 'Turf', '__typename': 'TrackCondition'}",6,Darebin Rsl Bm56 Handicap,2000,"3-Y-O & Up, BM56, Handicap",22000,12,False,,13,5,Valda Warrior,4,Mare,BAY,Saxon Warrior,Hidden Away,,58,49,Teo Nugent,Rod Symons,14:1-2-1,7,29,0,5,61,13,10,-0.2,-0.7,-1.22,-1.27,1.34,h,6.0,,19,19,12,6,-50.0,,,
https://www.racenet.com.au/form-guide/horse-racing/kilmore-20260928/darebin-rsl-bm56-handicap-race-6/overview,Kilmore,2026-09-28,Kilmore,"{'eventId': '3436493', 'overall': 'Good', 'rating': '4', 'surface': 'Turf', '__typename': 'TrackCondition'}",6,Darebin Rsl Bm56 Handicap,2000,"3-Y-O & Up, BM56, Handicap",22000,12,False,,14,15,Stole Him,4,Gelding,BROWN,Alpine Eagle,Request,,60,53,Lachlan King,Jason Warren,8:1-0-0,13,13,-45,7,8.5,24,17,0.1,-0.03,-0.53,-0.71,0.79,,8.0,,19,14,13,7.5,-42.3,,,
https://www.racenet.com.au/form-guide/horse-racing/kilmore-20260928/darebin-rsl-bm56-handicap-race-6/overview,Kilmore,2026-09-28,Kilmore,"{'eventId': '3436493', 'overall': 'Good', 'rating': '4', 'surface': 'Turf', '__typename': 'TrackCondition'}",6,Darebin Rsl Bm56 Handicap,2000,"3-Y-O & Up, BM56, Handicap",22000,12,False,SCRATCHED,15,16,Charlecote Mill,4,Mare,BROWN,Lonhro,Avon River,SCRATCHED,56.5,51,Chelsea Thompson,Paul Koumis,15:1-3-0,7,27,-72,7,7.5,14,16,0.07,-0.35,-0.63,-0.8,1.16,s,27.0,,19,7,17,1.01,-94.1,-1,,0
https://www.racenet.com.au/form-guide/horse-racing/kilmore-20260928/darebin-rsl-bm56-handicap-race-6/overview,Kilmore,2026-09-28,Kilmore,"{'eventId': '3436493', 'overall': 'Good', 'rating': '4', 'surface': 'Turf', '__typename': 'TrackCondition'}",6,Darebin Rsl Bm56 Handicap,2000,"3-Y-O & Up, BM56, Handicap",22000,12,False,SCRATCHED,16,6,I Could Do Better,11,Gelding,BAY,Canford Cliffs,Shebelia,SCRATCHED,57,52,Jake Duffy,Clint Marshall,71:8-5-8,11,30,11,4,13,0,15,0.07,-0.26,-0.52,-0.72,0.98,dsh,27.0,,19,9,18,1.01,-94.4,-1,,0
https://www.racenet.com.au/form-guide/horse-racing/kilmore-20260928/darebin-rsl-bm56-handicap-race-6/overview,Kilmore,2026-09-28,Kilmore,"{'eventId': '3436493', 'overall': 'Good', 'rating': '4', 'surface': 'Turf', '__typename': 'TrackCondition'}",6,Darebin Rsl Bm56 Handicap,2000,"3-Y-O & Up, BM56, Handicap",22000,12,False,SCRATCHED,10,14,Just Swift,5,Mare,BAY,Justify,Swift Lady,SCRATCHED,59,56,John Allen,Mitchell Freedman,14:1-3-2,7,43,-80,3,15,14,16,0.09,-0.48,-0.64,-0.58,1.11,,6.5,,19,8,8.5,5.75,-32.4,-1,,0
https://www.racenet.com.au/form-guide/horse-racing/kilmore-20260928/darebin-rsl-bm56-handicap-race-6/overview,Kilmore,2026-09-28,Kilmore,"{'eventId': '3436493', 'overall': 'Good', 'rating': '4', 'surface': 'Turf', '__typename': 'TrackCondition'}",6,Darebin Rsl Bm56 Handicap,2000,"3-Y-O & Up, BM56, Handicap",22000,12,False,SCRATCHED,12,10,Women In Uniform,7,Mare,BAY,Epaulette,Albakoor,SCRATCHED,59,52,Nadia Daniels,Bill Papazaharoudakis,22:2-5-2,9,41,-63,8,11,13,11,0.21,-0.27,-0.52,-0.58,1.15,d,21.0,,18,5,21,17,-19.0,-1,,0
https://www.racenet.com.au/form-guide/horse-racing/kilmore-20260928/mc-labour-maiden-plate-race-4/overview,Kilmore,2026-09-28,Kilmore,"{'eventId': '3436488', 'overall': 'Good', 'rating': '4', 'surface': 'Turf', '__typename': 'TrackCondition'}",4,Mc Labour Maiden Plate,1100,"3-Y-O & Up, Maiden, Set Weights",32000,10,False,,3,13,Prestige Erick,4,Gelding,BAY,Lucky Vega,Mirfa,,59.5,56,Ben Allen,Matt Jenkins,4:0-2-0,0,50,-100,2,2.5,25,177,-0.59,-1.16,-1.49,-1.39,-0.24,,6.0,,19,14,6.5,5,-23.1,,,
https://www.racenet.com.au/form-guide/horse-racing/kilmore-20260928/mc-labour-maiden-plate-race-4/overview,Kilmore,2026-09-28,Kilmore,"{'eventId': '3436488', 'overall': 'Good', 'rating': '4', 'surface': 'Turf', '__typename': 'TrackCondition'}",4,Mc Labour Maiden Plate,1100,"3-Y-O & Up, Maiden, Set Weights",32000,10,False,,4,11,Set Boom,5,Gelding,BAY,Spirit of Boom,Riverset,,59.5,51,Alana Kelly,Daryl Cannon,4:0-0-0,0,0,-100,4,151,7,15,0.44,0.46,0.41,0.35,1.5,,41.0,,19,8,51,31,-39.2,,,
https://www.racenet.com.au/form-guide/horse-racing/kilmore-20260928/mc-labour-maiden-plate-race-4/overview,Kilmore,2026-09-28,Kilmore,"{'eventId': '3436488', 'overall': 'Good', 'rating': '4', 'surface': 'Turf', '__typename': 'TrackCondition'}",4,Mc Labour Maiden Plate,1100,"3-Y-O & Up, Maiden, Set Weights",32000,10,False,,6,7,Weasel Sea,4,Gelding,BAY,Rubick,Aqueous,,59.5,54,Daniel Stackhouse,Jason Warren,5:0-2-3,0,100,-100,2,2.6,13,14,0.16,-0.12,0.28,0.14,1.01,b,4.5,,19,10,6.5,4.4,-32.3,,,
https://www.racenet.com.au/form-guide/horse-racing/kilmore-20260928/mc-labour-maiden-plate-race-4/overview,Kilmore,2026-09-28,Kilmore,"{'eventId': '3436488', 'overall': 'Good', 'rating': '4', 'surface': 'Turf', '__typename': 'TrackCondition'}",4,Mc Labour Maiden Plate,1100,"3-Y-O & Up, Maiden, Set Weights",32000,10,False,,7,3,Emerald Evie,4,Mare,BROWN,Yes Yes Yes,Emerald Earth,,57.5,56,Dylan Dunn,Edward Cummings,1:0-0-0,0,0,-100,9,101,0,137,0.39,0.32,0.48,0.5,1.26,,81.0,,19,10,81,61,-24.7,,,
https://www.racenet.com.au/form-guide/horse-racing/kilmore-20260928/mc-labour-maiden-plate-race-4/overview,Kilmore,2026-09-28,Kilmore,"{'eventId': '3436488', 'overall': 'Good', 'rating': '4', 'surface': 'Turf', '__typename': 'TrackCondition'}",4,Mc Labour Maiden Plate,1100,"3-Y-O & Up, Maiden, Set Weights",32000,10,False,,8,4,Wunderlust,4,Mare,CHESTNUT,Hanseatic,Special Fragrance,,57.5,53.5,Neil Farley,Mick Sell,4:0-0-0,0,0,-100,7,101,9,32,0.56,0.36,0.21,0.01,1.54,(D/A),91.0,,19,12,101,71,-29.7,,,
https://www.racenet.com.au/form-guide/horse-racing/kilmore-20260928/mc-labour-maiden-plate-race-4/overview,Kilmore,2026-09-28,Kilmore,"{'eventId': '3436488', 'overall': 'Good', 'rating': '4', 'surface': 'Turf', '__typename': 'TrackCondition'}",4,Mc Labour Maiden Plate,1100,"3-Y-O & Up, Maiden, Set Weights",32000,10,False,,9,5,Zephartie,4,Mare,BAY,Artie Schiller,Zepherine,,57.5,50,Caitlin Hollowood,David Dean,9:0-0-1,0,11,-100,8,101,23,130,0.23,-0.2,-0.35,-0.1,3.04,o(HT),126.0,,19,11,101,91,-9.9,,,
https://www.racenet.com.au/form-guide/horse-racing/kilmore-20260928/mc-labour-maiden-plate-race-4/overview,Kilmore,2026-09-28,Kilmore,"{'eventId': '3436488', 'overall': 'Good', 'rating': '4', 'surface': 'Turf', '__typename': 'TrackCondition'}",4,Mc Labour Maiden Plate,1100,"3-Y-O & Up, Maiden, Set Weights",32000,10,False,,11,2,Bohemian Blitz,3,Gelding,BAY,Prague,High Specs,,57,54,Sam Kennedy,John McArdle,1:0-0-1,0,100,-100,3,2.15,18,20,-0.47,-1.64,-1.54,-1.32,0.55,b,5.75,,19,9,7.5,5,-33.3,,,
https://www.racenet.com.au/form-guide/horse-racing/kilmore-20260928/mc-labour-maiden-plate-race-4/overview,Kilmore,2026-09-28,Kilmore,"{'eventId': '3436488', 'overall': 'Good', 'rating': '4', 'surface': 'Turf', '__typename': 'TrackCondition'}",4,Mc Labour Maiden Plate,1100,"3-Y-O & Up, Maiden, Set Weights",32000,10,False,,12,1,He's On Point,3,Colt,BROWN,Blue Point,Cool Trade,,57,56,John Allen,Lindsey Smith,0:0-0-0,0,0,0,,,18,,,,,,,,2.9,,19,19,6.5,2.7,-58.5,,,
https://www.racenet.com.au/form-guide/horse-racing/kilmore-20260928/mc-labour-maiden-plate-race-4/overview,Kilmore,2026-09-28,Kilmore,"{'eventId': '3436488', 'overall': 'Good', 'rating': '4', 'surface': 'Turf', '__typename': 'TrackCondition'}",4,Mc Labour Maiden Plate,1100,"3-Y-O & Up, Maiden, Set Weights",32000,10,False,,14,10,Soho Miss,3,Filly,CHESTNUT,Dirty Work,Island Pago,,55,54,Lachlan Neindorf,Mick Price & Michael Kent Jnr,0:0-0-0,0,0,0,,,17,,,,,,,,4.0,,19,11,6.5,3.9,-40.0,,,
https://www.racenet.com.au/form-guide/horse-racing/kilmore-20260928/mc-labour-maiden-plate-race-4/overview,Kilmore,2026-09-28,Kilmore,"{'eventId': '3436488', 'overall': 'Good', 'rating': '4', 'surface': 'Turf', '__typename': 'TrackCondition'}",4,Mc Labour Maiden Plate,1100,"3-Y-O & Up, Maiden, Set Weights",32000,10,False,,15,9,Maristela,5,Mare,BROWN,Ocean Park,Miss Motown,,57.5,50,Melea Castle,Brooke Verwey-mitchell,21:0-7-1,0,38,-100,2,3.1,8,163,0.82,0.78,0.79,1.12,2,,201.0,,19,11,81,126,55.6,,,
https://www.racenet.com.au/form-guide/horse-racing/kilmore-20260928/mc-labour-maiden-plate-race-4/overview,Kilmore,2026-09-28,Kilmore,"{'eventId': '3436488', 'overall': 'Good', 'rating': '4', 'surface': 'Turf', '__typename': 'TrackCondition'}",4,Mc Labour Maiden Plate,1100,"3-Y-O & Up, Maiden, Set Weights",32000,10,False,SCRATCHED,1,15,Beast Fighter,4,Gelding,CHESTNUT,Nicconi,Sora,SCRATCHED,59.5,54,Celine Gaudray,"Ben, Will & Jd Hayes",1:0-0-0,0,0,-100,4,5,18,237,0.06,-0.76,-1.21,-1.22,-0.88,,4.8,,19,5,4.2,4.2,0.0,-1,,0
https://www.racenet.com.au/form-guide/horse-racing/kilmore-20260928/mc-labour-maiden-plate-race-4/overview,Kilmore,2026-09-28,Kilmore,"{'eventId': '3436488', 'overall': 'Good', 'rating': '4', 'surface': 'Turf', '__typename': 'TrackCondition'}",4,Mc Labour Maiden Plate,1100,"3-Y-O & Up, Maiden, Set Weights",32000,10,False,SCRATCHED,2,14,He's A Dandy,5,Gelding,BROWN,Dandy Man,Red Larkspur,SCRATCHED,59.5,53,Luke Currie,"Ben, Will & Jd Hayes",3:0-0-0,0,0,-100,14,,16,239,,,,,,o(G),4.8,,19,10,4.5,4.4,-2.2,-1,,0
https://www.racenet.com.au/form-guide/horse-racing/kilmore-20260928/mc-labour-maiden-plate-race-4/overview,Kilmore,2026-09-28,Kilmore,"{'eventId': '3436488', 'overall': 'Good', 'rating': '4', 'surface': 'Turf', '__typename': 'TrackCondition'}",4,Mc Labour Maiden Plate,1100,"3-Y-O & Up, Maiden, Set Weights",32000,10,False,SCRATCHED,13,6,Plinian,3,Gelding,BROWN,Pinatubo,Shalfah,SCRATCHED,57,54,Jake Noonan,David & Coral Feek,1:0-0-0,0,0,-100,11,6,10,52,1.22,0.56,0.8,0.28,1.46,o(D/A),26.0,,19,5,26,19,-26.9,-1,,0
https://www.racenet.com.au/form-guide/horse-racing/kilmore-20260928/mc-labour-maiden-plate-race-4/overview,Kilmore,2026-09-28,Kilmore,"{'eventId': '3436488', 'overall': 'Good', 'rating': '4', 'surface': 'Turf', '__typename': 'TrackCondition'}",4,Mc Labour Maiden Plate,1100,"3-Y-O & Up, Maiden, Set Weights",32000,10,False,SCRATCHED,5,12,Silver Snow,5,Gelding,GREY-CHESTNUT,Frosted,Antarctic Missile,SCRATCHED,59.5,54,Adam McCabe,Daniel Williams,14:0-2-2,0,29,-100,5,51,15,11,0.12,-0.5,-0.59,-0.39,1.2,,61.0,,17,6,41,41,0.0,-1,,0
https://www.racenet.com.au/form-guide/horse-racing/kilmore-20260928/mc-labour-maiden-plate-race-4/overview,Kilmore,2026-09-28,Kilmore,"{'eventId': '3436488', 'overall': 'Good', 'rating': '4', 'surface': 'Turf', '__typename': 'TrackCondition'}",4,Mc Labour Maiden Plate,1100,"3-Y-O & Up, Maiden, Set Weights",32000,10,False,SCRATCHED,10,8,Zukuro,4,Mare,BAY,Bivouac,Pursuits,SCRATCHED,57.5,,Toby Atkinson,Patrick Payne,3:0-0-0,0,0,-100,7,8.5,33,23,1.12,0.97,0.97,1.3,2.03,(D/A),23.0,,19,10,31,19,-38.7,-1,,0
https://www.racenet.com.au/form-guide/horse-racing/kilmore-20260928/taylors-hill-retirement-village-fillies-mares-maiden-plate-race-2/overview,Kilmore,2026-09-28,Kilmore,"{'eventId': '3436486', 'overall': 'Good', 'rating': '4', 'surface': 'Turf', '__typename': 'TrackCondition'}",2,Taylors Hill Retirement Village Fillies & Mares Maiden Plate,1450,"3-Y-O & Up, Fillies & Mares, Maiden, Set Weights",32000,10,True,,4,3,Galactic Girl,4,Mare,BAY OR BROWN,Lucky Vega,Miss Barley,,58,53,Billy Egan,Robbie Griffiths,6:0-0-1,0,17,-100,8,14,18,15,0.23,-0.27,-0.33,-0.34,1.39,,18.0,,19,13,10,15,50.0,,,
https://www.racenet.com.au/form-guide/horse-racing/kilmore-20260928/taylors-hill-retirement-village-fillies-mares-maiden-plate-race-2/overview,Kilmore,2026-09-28,Kilmore,"{'eventId': '3436486', 'overall': 'Good', 'rating': '4', 'surface': 'Turf', '__typename': 'TrackCondition'}",2,Taylors Hill Retirement Village Fillies & Mares Maiden Plate,1450,"3-Y-O & Up, Fillies & Mares, Maiden, Set Weights",32000,10,True,RESULTED,5,6,Girt By Sea,4,Mare,BAY OR BROWN,Ocean Park,Baggy Green,RESULTED,58,54,Lachlan Neindorf,Mark Walker,0:0-0-0,0,0,0,,,17,,,,,,,,10.0,,19,19,8.5,8.5,0.0,2,,0
https://www.racenet.com.au/form-guide/horse-racing/kilmore-20260928/taylors-hill-retirement-village-fillies-mares-maiden-plate-race-2/overview,Kilmore,2026-09-28,Kilmore,"{'eventId': '3436486', 'overall': 'Good', 'rating': '4', 'surface': 'Turf', '__typename': 'TrackCondition'}",2,Taylors Hill Retirement Village Fillies & Mares Maiden Plate,1450,"3-Y-O & Up, Fillies & Mares, Maiden, Set Weights",32000,10,True,,7,8,My Rosalie,4,Mare,CHESTNUT,Tagaloa,Our Daisy,,58,53.5,Neil Farley,Paul Koumis,6:0-1-2,0,50,-100,3,1.45,12,160,0.14,-0.18,-0.55,-1.24,2.25,b,26.0,,19,19,9.5,21,121.1,,,
https://www.racenet.com.au/form-guide/horse-racing/kilmore-20260928/taylors-hill-retirement-village-fillies-mares-maiden-plate-race-2/overview,Kilmore,2026-09-28,Kilmore,"{'eventId': '3436486', 'overall': 'Good', 'rating': '4', 'surface': 'Turf', '__typename': 'TrackCondition'}",2,Taylors Hill Retirement Village Fillies & Mares Maiden Plate,1450,"3-Y-O & Up, Fillies & Mares, Maiden, Set Weights",32000,10,True,RESULTED,8,1,Skydream,4,Mare,BAY,All Too Hard,Dream Genie,RESULTED,58,56,John Allen,Mitchell Freedman,8:0-2-1,0,38,-100,6,3.9,14,29,0.15,-0.65,-1.42,-1.53,0.52,,3.1,,19,26,2.8,2.8,0.0,1,,1
https://www.racenet.com.au/form-guide/horse-racing/kilmore-20260928/taylors-hill-retirement-village-fillies-mares-maiden-plate-race-2/overview,Kilmore,2026-09-28,Kilmore,"{'eventId': '3436486', 'overall': 'Good', 'rating': '4', 'surface': 'Turf', '__typename': 'TrackCondition'}",2,Taylors Hill Retirement Village Fillies & Mares Maiden Plate,1450,"3-Y-O & Up, Fillies & Mares, Maiden, Set Weights",32000,10,True,RESULTED,9,7,Anglais,3,Filly,BROWN,Zousain,Promada,RESULTED,55.5,54,Daniel Stackhouse,Nick Ryan,2:0-0-1,0,50,-100,3,3.1,10,18,-0.48,-1.68,-1.94,-1.93,0.94,,1.75,,19,37,2.25,1.62,-28.0,3,,0
https://www.racenet.com.au/form-guide/horse-racing/kilmore-20260928/taylors-hill-retirement-village-fillies-mares-maiden-plate-race-2/overview,Kilmore,2026-09-28,Kilmore,"{'eventId': '3436486', 'overall': 'Good', 'rating': '4', 'surface': 'Turf', '__typename': 'TrackCondition'}",2,Taylors Hill Retirement Village Fillies & Mares Maiden Plate,1450,"3-Y-O & Up, Fillies & Mares, Maiden, Set Weights",32000,10,True,,10,12,Kermalina,3,Filly,BROWN OR BLACK,Kermadec,Lerichi,,55.5,50,Damien Thornton,Jamie Edwards,0:0-0-0,0,0,0,,,7,,,,,,,,81.0,,19,25,41,61,48.8,,,
https://www.racenet.com.au/form-guide/horse-racing/kilmore-20260928/taylors-hill-retirement-village-fillies-mares-maiden-plate-race-2/overview,Kilmore,2026-09-28,Kilmore,"{'eventId': '3436486', 'overall': 'Good', 'rating': '4', 'surface': 'Turf', '__typename': 'TrackCondition'}",2,Taylors Hill Retirement Village Fillies & Mares Maiden Plate,1450,"3-Y-O & Up, Fillies & Mares, Maiden, Set Weights",32000,10,True,RESULTED,12,9,Mystic Rapture,6,Mare,BROWN OR BLACK,Impending,Red Rapture,RESULTED,58,53,Luke Currie,Mark & Levi Kavanagh,13:0-1-2,0,23,-100,5,20,3,22,0.25,-0.17,-0.5,-0.4,1.08,,26.0,,19,18,11,21,90.9,4,,0
https://www.racenet.com.au/form-guide/horse-racing/kilmore-20260928/taylors-hill-retirement-village-fillies-mares-maiden-plate-race-2/overview,Kilmore,2026-09-28,Kilmore,"{'eventId': '3436486', 'overall': 'Good', 'rating': '4', 'surface': 'Turf', '__typename': 'TrackCondition'}",2,Taylors Hill Retirement Village Fillies & Mares Maiden Plate,1450,"3-Y-O & Up, Fillies & Mares, Maiden, Set Weights",32000,10,True,,13,10,Deelamour,4,Mare,BAY,Dundeel,Joyfilly Ours,,58,,Will Gordon,Jamie Edwards,3:0-0-0,0,0,-100,11,71,14,133,1.41,1.32,1.51,1.72,3.74,o,201.0,,19,24,41,101,146.3,,,
https://www.racenet.com.au/form-guide/horse-racing/kilmore-20260928/taylors-hill-retirement-village-fillies-mares-maiden-plate-race-2/overview,Kilmore,2026-09-28,Kilmore,"{'eventId': '3436486', 'overall': 'Good', 'rating': '4', 'surface': 'Turf', '__typename': 'TrackCondition'}",2,Taylors Hill Retirement Village Fillies & Mares Maiden Plate,1450,"3-Y-O & Up, Fillies & Mares, Maiden, Set Weights",32000,10,True,,14,11,Immortal Diva,5,Mare,BAY,I Am Immortal,Perfect Love,,58,54,Adam McCabe,Shane Bottomley,16:0-0-0,0,0,-100,4,151,10,10,1.05,1.13,1.16,0.95,3,,201.0,,19,21,71,126,77.5,,,
https://www.racenet.com.au/form-guide/horse-racing/kilmore-20260928/taylors-hill-retirement-village-fillies-mares-maiden-plate-race-2/overview,Kilmore,2026-09-28,Kilmore,"{'eventId': '3436486', 'overall': 'Good', 'rating': '4', 'surface': 'Turf', '__typename': 'TrackCondition'}",2,Taylors Hill Retirement Village Fillies & Mares Maiden Plate,1450,"3-Y-O & Up, Fillies & Mares, Maiden, Set Weights",32000,10,True,,15,13,Roll With It,5,Mare,BAY,Tosen Stardom,New Sensation,,58,54,Ryan Hurdle,Barry Crofts,7:0-0-0,0,0,-100,4,7.5,0,8,0.74,0.51,0.27,0.27,2.55,,251.0,,19,21,81,126,55.6,,,
https://www.racenet.com.au/form-guide/horse-racing/kilmore-20260928/taylors-hill-retirement-village-fillies-mares-maiden-plate-race-2/overview,Kilmore,2026-09-28,Kilmore,"{'eventId': '3436486', 'overall': 'Good', 'rating': '4', 'surface': 'Turf', '__typename': 'TrackCondition'}",2,Taylors Hill Retirement Village Fillies & Mares Maiden Plate,1450,"3-Y-O & Up, Fillies & Mares, Maiden, Set Weights",32000,10,True,SCRATCHED,2,14,Cool Aza Breeze,4,Mare,BAY,Cool Aza Beel,Windrunner,SCRATCHED,58,56,Ben Allen,Ciaron Maher,5:0-0-3,0,60,-100,3,14,15,14,0.31,0.11,0.47,0.73,1.56,,17.0,,19,38,14,13,-7.1,-1,,0
https://www.racenet.com.au/form-guide/horse-racing/kilmore-20260928/taylors-hill-retirement-village-fillies-mares-maiden-plate-race-2/overview,Kilmore,2026-09-28,Kilmore,"{'eventId': '3436486', 'overall': 'Good', 'rating': '4', 'surface': 'Turf', '__typename': 'TrackCondition'}",2,Taylors Hill Retirement Village Fillies & Mares Maiden Plate,1450,"3-Y-O & Up, Fillies & Mares, Maiden, Set Weights",32000,10,True,SCRATCHED,6,4,Gypsy Moon,6,Mare,BAY OR BROWN,Puissance de Lune,Miss Pavlova,SCRATCHED,58,52,Liana Wood,Ian Pankhurst,10:0-1-1,0,20,-100,9,101,0,8,0.32,-0.04,0.02,0.12,1.7,,81.0,,18,15,71,61,-14.1,-1,,0
https://www.racenet.com.au/form-guide/horse-racing/kilmore-20260928/taylors-hill-retirement-village-fillies-mares-maiden-plate-race-2/overview,Kilmore,2026-09-28,Kilmore,"{'eventId': '3436486', 'overall': 'Good', 'rating': '4', 'surface': 'Turf', '__typename': 'TrackCondition'}",2,Taylors Hill Retirement Village Fillies & Mares Maiden Plate,1450,"3-Y-O & Up, Fillies & Mares, Maiden, Set Weights",32000,10,True,SCRATCHED,1,16,Belle Flamme,4,Mare,CHESTNUT,Rubick,Champagne Ruby,SCRATCHED,58,,,Henry Dwyer,6:0-0-3,0,50,-100,3,3.8,0,16,-0.35,-0.96,-1.23,-1.32,0.78,,,,0,0,,,,-1,,0
https://www.racenet.com.au/form-guide/horse-racing/kilmore-20260928/taylors-hill-retirement-village-fillies-mares-maiden-plate-race-2/overview,Kilmore,2026-09-28,Kilmore,"{'eventId': '3436486', 'overall': 'Good', 'rating': '4', 'surface': 'Turf', '__typename': 'TrackCondition'}",2,Taylors Hill Retirement Village Fillies & Mares Maiden Plate,1450,"3-Y-O & Up, Fillies & Mares, Maiden, Set Weights",32000,10,True,SCRATCHED,3,15,Dundiva,4,Mare,BAY,Dundeel,Sacred Goddess,SCRATCHED,58,50,Damien Thornton,Richard Laming,0:0-0-0,0,0,0,,,13,,,,,,,,13.0,,19,6,14,11,-21.4,-1,,0
https://www.racenet.com.au/form-guide/horse-racing/kilmore-20260928/taylors-hill-retirement-village-fillies-mares-maiden-plate-race-2/overview,Kilmore,2026-09-28,Kilmore,"{'eventId': '3436486', 'overall': 'Good', 'rating': '4', 'surface': 'Turf', '__typename': 'TrackCondition'}",2,Taylors Hill Retirement Village Fillies & Mares Maiden Plate,1450,"3-Y-O & Up, Fillies & Mares, Maiden, Set Weights",32000,10,True,SCRATCHED,11,5,Angelotti,4,Mare,BAY,Yes Yes Yes,Botticelli Angel,SCRATCHED,58,50,Melea Castle,Jack Laing,12:0-0-1,0,8,-100,5,6.5,0,32,0.22,0.16,0.14,0.39,1.34,,21.0,,11,3,21,1.01,-95.2,-1,,0
https://www.racenet.com.au/form-guide/horse-racing/kilmore-20260928/taylors-hill-retirement-village-fillies-mares-maiden-plate-race-2/overview,Kilmore,2026-09-28,Kilmore,"{'eventId': '3436486', 'overall': 'Good', 'rating': '4', 'surface': 'Turf', '__typename': 'TrackCondition'}",2,Taylors Hill Retirement Village Fillies & Mares Maiden Plate,1450,"3-Y-O & Up, Fillies & Mares, Maiden, Set Weights",32000,10,True,SCRATCHED,16,2,Smashing Success,3,Filly,BAY,Savabeel,Smashing,SCRATCHED,55.5,55,Blake Shinn,Trent Busuttin & Natalie Young,1:0-0-0,0,0,-100,9,10,23,18,-0.12,-1.23,-1.71,-2.04,-0.58,,8.5,,19,10,7,1.01,-85.6,-1,,0
https://www.racenet.com.au/form-guide/horse-racing/kilmore-20260928/vale-brian-byrne-bm56-handicap-race-7/overview,Kilmore,2026-09-28,Kilmore,"{'eventId': '3436495', 'overall': 'Good', 'rating': '4', 'surface': 'Turf', '__typename': 'TrackCondition'}",7,Vale Brian Byrne Bm56 Handicap,1600,"3-Y-O & Up, BM56, Handicap",22000,14,False,,2,16,Gymkhana,7,Gelding,CHESTNUT,Tosen Stardom,Kind Heart,,62,54,Adam McCabe,Angus Townley,26:3-1-4,12,31,-16,7,31,13,11,-0.07,-0.38,-0.62,-0.69,1.36,ds,18.0,,19,12,14,16,14.3,,,
https://www.racenet.com.au/form-guide/horse-racing/kilmore-20260928/vale-brian-byrne-bm56-handicap-race-7/overview,Kilmore,2026-09-28,Kilmore,"{'eventId': '3436495', 'overall': 'Good', 'rating': '4', 'surface': 'Turf', '__typename': 'TrackCondition'}",7,Vale Brian Byrne Bm56 Handicap,1600,"3-Y-O & Up, BM56, Handicap",22000,14,False,,3,12,Sensational Ruler,5,Gelding,BAY OR BROWN,Jungle Ruler,Sensational Jewel,,62,54.5,Brad Rawiller,Richard Laming,11:2-0-1,18,27,64,1,3,50,15,0.25,0.09,0.08,0.1,1.77,tds,7.5,,19,27,7.5,6.5,-13.3,,,
https://www.racenet.com.au/form-guide/horse-racing/kilmore-20260928/vale-brian-byrne-bm56-handicap-race-7/overview,Kilmore,2026-09-28,Kilmore,"{'eventId': '3436495', 'overall': 'Good', 'rating': '4', 'surface': 'Turf', '__typename': 'TrackCondition'}",7,Vale Brian Byrne Bm56 Handicap,1600,"3-Y-O & Up, BM56, Handicap",22000,14,False,,4,1,Switch Hit,6,Gelding,BAY OR BROWN,Ambidexter,Red Duchez,,61.5,56,Jason Maskiell,Mitchell Freedman,19:3-3-2,16,42,54,2,6,13,17,0.61,0.27,0.08,-0.23,0.97,ds,5.0,,19,14,4.8,4.5,-6.2,,,
https://www.racenet.com.au/form-guide/horse-racing/kilmore-20260928/vale-brian-byrne-bm56-handicap-race-7/overview,Kilmore,2026-09-28,Kilmore,"{'eventId': '3436495', 'overall': 'Good', 'rating': '4', 'surface': 'Turf', '__typename': 'TrackCondition'}",7,Vale Brian Byrne Bm56 Handicap,1600,"3-Y-O & Up, BM56, Handicap",22000,14,False,,5,10,Determinato,4,Gelding,BAY,Hellbent,Sognani,,61,50,Damien Thornton,Cathleen Wilson,10:1-3-3,10,70,-52,1,4.8,0,36,-0.26,-0.59,-0.97,-1.15,0.68,ds(HT),17.0,,19,31,9.5,14,47.4,,,
https://www.racenet.com.au/form-guide/horse-racing/kilmore-20260928/vale-brian-byrne-bm56-handicap-race-7/overview,Kilmore,2026-09-28,Kilmore,"{'eventId': '3436495', 'overall': 'Good', 'rating': '4', 'surface': 'Turf', '__typename': 'TrackCondition'}",7,Vale Brian Byrne Bm56 Handicap,1600,"3-Y-O & Up, BM56, Handicap",22000,14,False,,6,2,Egerton Reef,5,Gelding,GREY,Puissance de Lune,Hotel Sierra,,61,56,John Allen,William Morrissey,9:1-1-2,11,44,-60,3,11,11,28,-0.12,-0.56,-0.72,-0.34,1.44,,8.0,,19,11,7,8,14.3,,,
https://www.racenet.com.au/form-guide/horse-racing/kilmore-20260928/vale-brian-byrne-bm56-handicap-race-7/overview,Kilmore,2026-09-28,Kilmore,"{'eventId': '3436495', 'overall': 'Good', 'rating': '4', 'surface': 'Turf', '__typename': 'TrackCondition'}",7,Vale Brian Byrne Bm56 Handicap,1600,"3-Y-O & Up, BM56, Handicap",22000,14,False,,7,7,Spietata,5,Gelding,BAY OR BROWN,Tivaci,Bellazeel,,61,53,Lachlan King,Hanna Powell,9:1-1-3,11,56,33,2,18,0,13,0.2,-0.01,-0.04,-0.51,1.29,dh,10.0,,19,8,8.5,9,5.9,,,
https://www.racenet.com.au/form-guide/horse-racing/kilmore-20260928/vale-brian-byrne-bm56-handicap-race-7/overview,Kilmore,2026-09-28,Kilmore,"{'eventId': '3436495', 'overall': 'Good', 'rating': '4', 'surface': 'Turf', '__typename': 'TrackCondition'}",7,Vale Brian Byrne Bm56 Handicap,1600,"3-Y-O & Up, BM56, Handicap",22000,14,False,,9,17,Nama Dude,10,Gelding,BROWN,Rebel Raider,Abassi Queen,,60.5,51,Alana Kelly,Daniel P Kelly,31:3-3-5,10,35,-35,10,41,6,23,0.17,-0.26,-0.58,-0.61,1.79,so,126.0,,18,7,101,91,-9.9,,,
https://www.racenet.com.au/form-guide/horse-racing/kilmore-20260928/vale-brian-byrne-bm56-handicap-race-7/overview,Kilmore,2026-09-28,Kilmore,"{'eventId': '3436495', 'overall': 'Good', 'rating': '4', 'surface': 'Turf', '__typename': 'TrackCondition'}",7,Vale Brian Byrne Bm56 Handicap,1600,"3-Y-O & Up, BM56, Handicap",22000,14,False,,10,5,Real Alliance,7,Mare,CHESTNUT,Real Impact,French Alliance,,60.5,53.5,Bailey Kinninmont,Luke Oliver,36:7-2-3,19,33,5,4,6,12,21,-0.29,-0.83,-1.25,-1.46,0.94,tcds,12.0,,19,9,11,11,0.0,,,
https://www.racenet.com.au/form-guide/horse-racing/kilmore-20260928/vale-brian-byrne-bm56-handicap-race-7/overview,Kilmore,2026-09-28,Kilmore,"{'eventId': '3436495', 'overall': 'Good', 'rating': '4', 'surface': 'Turf', '__typename': 'TrackCondition'}",7,Vale Brian Byrne Bm56 Handicap,1600,"3-Y-O & Up, BM56, Handicap",22000,14,False,,11,11,Kiwiesque,5,Mare,BAY,Derryn,Shezakiwi,,59,,Will Gordon,Toby Lake,8:1-0-1,13,25,-25,10,20,25,319,-0.14,-0.7,-1.25,-1.39,1.59,tho,23.0,,19,13,23,21,-8.7,,,
https://www.racenet.com.au/form-guide/horse-racing/kilmore-20260928/vale-brian-byrne-bm56-handicap-race-7/overview,Kilmore,2026-09-28,Kilmore,"{'eventId': '3436495', 'overall': 'Good', 'rating': '4', 'surface': 'Turf', '__typename': 'TrackCondition'}",7,Vale Brian Byrne Bm56 Handicap,1600,"3-Y-O & Up, BM56, Handicap",22000,14,False,,12,3,Frostration,4,Mare,GREY-CHESTNUT,Frosted,Indiscretion,,58.5,50,Caitlin Hollowood,David Dean,21:5-1-2,24,38,10,3,26,23,18,0.3,-0.2,-0.47,-0.77,0.96,dsh(HT),4.2,,19,13,6,3.9,-35.0,,,
https://www.racenet.com.au/form-guide/horse-racing/kilmore-20260928/vale-brian-byrne-bm56-handicap-race-7/overview,Kilmore,2026-09-28,Kilmore,"{'eventId': '3436495', 'overall': 'Good', 'rating': '4', 'surface': 'Turf', '__typename': 'TrackCondition'}",7,Vale Brian Byrne Bm56 Handicap,1600,"3-Y-O & Up, BM56, Handicap",22000,14,False,,13,8,Brookers Turbo,6,Mare,BAY OR BROWN,Pariah,Jamil,,58,50,Jett Stanley,Jody Thompson,18:1-0-3,6,22,-47,7,91,9,21,0.89,0.78,0.51,0.12,2.23,(HT),151.0,,18,12,81,101,24.7,,,
https://www.racenet.com.au/form-guide/horse-racing/kilmore-20260928/vale-brian-byrne-bm56-handicap-race-7/overview,Kilmore,2026-09-28,Kilmore,"{'eventId': '3436495', 'overall': 'Good', 'rating': '4', 'surface': 'Turf', '__typename': 'TrackCondition'}",7,Vale Brian Byrne Bm56 Handicap,1600,"3-Y-O & Up, BM56, Handicap",22000,14,False,,14,13,New York Scandal,7,Mare,BAY,Manhattan Rain,Scandimania,,57.5,51,Luke Cartwright,Aaron Laing,58:3-10-10,5,40,-84,12,101,25,26,-0.06,-0.11,-0.07,0.06,0.96,do,12.0,,19,12,11,10,-9.1,,,
https://www.racenet.com.au/form-guide/horse-racing/kilmore-20260928/vale-brian-byrne-bm56-handicap-race-7/overview,Kilmore,2026-09-28,Kilmore,"{'eventId': '3436495', 'overall': 'Good', 'rating': '4', 'surface': 'Turf', '__typename': 'TrackCondition'}",7,Vale Brian Byrne Bm56 Handicap,1600,"3-Y-O & Up, BM56, Handicap",22000,14,False,,15,6,Spirit Angel,7,Mare,BAY,Dundeel,Trinity House,,57,48,Nathan Punch,Brian McGrath,30:2-5-6,7,43,81,6,41,13,35,-0.04,0.38,0.79,2.86,1.38,d,26.0,,19,14,19,21,10.5,,,
https://www.racenet.com.au/form-guide/horse-racing/kilmore-20260928/vale-brian-byrne-bm56-handicap-race-7/overview,Kilmore,2026-09-28,Kilmore,"{'eventId': '3436495', 'overall': 'Good', 'rating': '4', 'surface': 'Turf', '__typename': 'TrackCondition'}",7,Vale Brian Byrne Bm56 Handicap,1600,"3-Y-O & Up, BM56, Handicap",22000,14,False,,16,4,Slate Ripper,6,Gelding,CHESTNUT,Divine Prophet,Liming,,58.5,53.5,Neil Farley,Colin McGillivray,38:4-2-5,11,29,-41,4,3.2,0,15,-0.05,-0.39,-0.65,-0.86,1.08,s,29.0,,19,13,17,21,23.5,,,
https://www.racenet.com.au/form-guide/horse-racing/kilmore-20260928/vale-brian-byrne-bm56-handicap-race-7/overview,Kilmore,2026-09-28,Kilmore,"{'eventId': '3436495', 'overall': 'Good', 'rating': '4', 'surface': 'Turf', '__typename': 'TrackCondition'}",7,Vale Brian Byrne Bm56 Handicap,1600,"3-Y-O & Up, BM56, Handicap",22000,14,False,SCRATCHED,1,14,Sheer Lunacy,8,Gelding,BAY,Puissance de Lune,Beats Workin',SCRATCHED,62.5,,,Ben Brisbourne,50:7-3-4,14,28,66,4,7,0,27,0.16,-0.21,-0.57,-0.79,1.11,tdsh,23.0,,15,4,17,19,11.8,-1,,0
https://www.racenet.com.au/form-guide/horse-racing/kilmore-20260928/vale-brian-byrne-bm56-handicap-race-7/overview,Kilmore,2026-09-28,Kilmore,"{'eventId': '3436495', 'overall': 'Good', 'rating': '4', 'surface': 'Turf', '__typename': 'TrackCondition'}",7,Vale Brian Byrne Bm56 Handicap,1600,"3-Y-O & Up, BM56, Handicap",22000,14,False,SCRATCHED,8,15,Ataegina,7,Mare,BROWN OR BLACK,Kermadec,Unicaja,SCRATCHED,60.5,53,Billy Egan,Luke Oliver,33:4-7-1,12,36,-46,2,7,12,32,-0.04,-0.52,-0.76,-1.03,0.62,dsh,5.5,,19,5,5.5,4.8,-12.7,-1,,0
https://www.racenet.com.au/form-guide/horse-racing/kilmore-20260928/vale-brian-byrne-bm56-handicap-race-7/overview,Kilmore,2026-09-28,Kilmore,"{'eventId': '3436495', 'overall': 'Good', 'rating': '4', 'surface': 'Turf', '__typename': 'TrackCondition'}",7,Vale Brian Byrne Bm56 Handicap,1600,"3-Y-O & Up, BM56, Handicap",22000,14,False,SCRATCHED,17,9,Toronova,8,Gelding,BAY,Toronado,Miss Pavlova,SCRATCHED,55,49,Teo Nugent,Ian Pankhurst,79:4-6-3,5,16,-13,6,15,0,20,0.39,0.17,-0.15,-0.18,1.94,ds,34.0,,19,9,41,1.01,-97.5,-1,,0
https://www.racenet.com.au/form-guide/horse-racing/kilmore-20260928/wollert-lifestyle-village-maiden-plate-race-3/overview,Kilmore,2026-09-28,Kilmore,"{'eventId': '3436487', 'overall': 'Good', 'rating': '4', 'surface': 'Turf', '__typename': 'TrackCondition'}",3,Wollert Lifestyle Village Maiden Plate,1200,"3-Y-O & Up, Maiden, Set Weights",32000,11,False,,2,16,Brutal Tempo,4,Gelding,BAY,Brutal,Perfect Tempo,,59.5,54.5,Brad Rawiller,Mark & Levi Kavanagh,2:0-0-1,0,50,-100,8,5.5,8,180,-0.01,-0.18,0.16,0.12,1.48,,41.0,,19,10,34,31,-8.8,,,
https://www.racenet.com.au/form-guide/horse-racing/kilmore-20260928/wollert-lifestyle-village-maiden-plate-race-3/overview,Kilmore,2026-09-28,Kilmore,"{'eventId': '3436487', 'overall': 'Good', 'rating': '4', 'surface': 'Turf', '__typename': 'TrackCondition'}",3,Wollert Lifestyle Village Maiden Plate,1200,"3-Y-O & Up, Maiden, Set Weights",32000,11,False,,3,6,Interrogate,4,Gelding,BAY OR BROWN,Toronado,Shine On Anna,,59.5,54,Daniel Stackhouse,Anthony & Sam Freedman,5:0-1-2,0,60,-100,4,4.4,20,137,-0.61,-1.06,-0.92,-0.79,1.66,,14.0,,19,12,8,11,37.5,,,
https://www.racenet.com.au/form-guide/horse-racing/kilmore-20260928/wollert-lifestyle-village-maiden-plate-race-3/overview,Kilmore,2026-09-28,Kilmore,"{'eventId': '3436487', 'overall': 'Good', 'rating': '4', 'surface': 'Turf', '__typename': 'TrackCondition'}",3,Wollert Lifestyle Village Maiden Plate,1200,"3-Y-O & Up, Maiden, Set Weights",32000,11,False,,4,9,See Me No More,4,Gelding,BAY,Nicconi,Disturbingthepeace,,59.5,51,Luke Cartwright,Peter Moody & Katherine Coleman,0:0-0-0,0,0,0,,,11,,,,,,,,34.0,,19,16,19,26,36.8,,,
https://www.racenet.com.au/form-guide/horse-racing/kilmore-20260928/wollert-lifestyle-village-maiden-plate-race-3/overview,Kilmore,2026-09-28,Kilmore,"{'eventId': '3436487', 'overall': 'Good', 'rating': '4', 'surface': 'Turf', '__typename': 'TrackCondition'}",3,Wollert Lifestyle Village Maiden Plate,1200,"3-Y-O & Up, Maiden, Set Weights",32000,11,False,,7,1,She's Loaded,4,Mare,CHESTNUT,Capitalist,Royal Missile,,57.5,56,John Allen,Mitchell Freedman,9:0-1-3,0,44,-100,3,7,14,16,0.09,-0.25,-0.18,-0.14,0.85,,13.0,,19,16,12,11,-8.3,,,
https://www.racenet.com.au/form-guide/horse-racing/kilmore-20260928/wollert-lifestyle-village-maiden-plate-race-3/overview,Kilmore,2026-09-28,Kilmore,"{'eventId': '3436487', 'overall': 'Good', 'rating': '4', 'surface': 'Turf', '__typename': 'TrackCondition'}",3,Wollert Lifestyle Village Maiden Plate,1200,"3-Y-O & Up, Maiden, Set Weights",32000,11,False,,11,11,Jourama,3,Gelding,BAY OR BROWN,Frosted,Spring Waterfall,,57,53,Billy Egan,Anthony & Sam Freedman,4:0-2-0,0,50,-100,2,6,20,20,-0.3,-0.98,-0.57,-0.55,0.49,,5.5,,19,13,5.5,4.6,-16.4,,,
https://www.racenet.com.au/form-guide/horse-racing/kilmore-20260928/wollert-lifestyle-village-maiden-plate-race-3/overview,Kilmore,2026-09-28,Kilmore,"{'eventId': '3436487', 'overall': 'Good', 'rating': '4', 'surface': 'Turf', '__typename': 'TrackCondition'}",3,Wollert Lifestyle Village Maiden Plate,1200,"3-Y-O & Up, Maiden, Set Weights",32000,11,False,,12,7,March On By,3,Gelding,BAY,Strasbourg,Celestial Choice,,57,50,Damien Thornton,Simon Zahra,4:0-0-1,0,25,-100,3,101,6,22,0.07,-0.44,-0.68,-0.86,0.64,,61.0,,19,7,61,41,-32.8,,,
https://www.racenet.com.au/form-guide/horse-racing/kilmore-20260928/wollert-lifestyle-village-maiden-plate-race-3/overview,Kilmore,2026-09-28,Kilmore,"{'eventId': '3436487', 'overall': 'Good', 'rating': '4', 'surface': 'Turf', '__typename': 'TrackCondition'}",3,Wollert Lifestyle Village Maiden Plate,1200,"3-Y-O & Up, Maiden, Set Weights",32000,11,False,,13,3,Method Man,3,Gelding,BROWN,Lucky Vega,Married in a Fever,,57,54,Jake Noonan,Tony Noonan,0:0-0-0,0,0,0,,,9,,,,,,,,26.0,,19,21,19,19,0.0,,,
https://www.racenet.com.au/form-guide/horse-racing/kilmore-20260928/wollert-lifestyle-village-maiden-plate-race-3/overview,Kilmore,2026-09-28,Kilmore,"{'eventId': '3436487', 'overall': 'Good', 'rating': '4', 'surface': 'Turf', '__typename': 'TrackCondition'}",3,Wollert Lifestyle Village Maiden Plate,1200,"3-Y-O & Up, Maiden, Set Weights",32000,11,False,,14,19,Star Of Macedon,3,Colt,BAY,Zoustar,Construe,,57,55,Blake Shinn,John Symons & Sheila Laxon,4:0-2-2,0,100,-100,2,2.7,0,86,-0.45,-1.13,-1.82,-2.03,-0.78,b,1.55,,19,14,1.8,1.45,-19.4,,,
https://www.racenet.com.au/form-guide/horse-racing/kilmore-20260928/wollert-lifestyle-village-maiden-plate-race-3/overview,Kilmore,2026-09-28,Kilmore,"{'eventId': '3436487', 'overall': 'Good', 'rating': '4', 'surface': 'Turf', '__typename': 'TrackCondition'}",3,Wollert Lifestyle Village Maiden Plate,1200,"3-Y-O & Up, Maiden, Set Weights",32000,11,False,,15,17,Who'llstoplorraine,4,Mare,BAY,Shamus Award,More Than Ameira,,57.5,52,Nadia Daniels,Pat Carey & Harris Walker,6:0-1-0,0,17,-100,7,14,9,102,2.62,2.72,3.02,3.24,4.85,,81.0,,19,13,34,61,79.4,,,
https://www.racenet.com.au/form-guide/horse-racing/kilmore-20260928/wollert-lifestyle-village-maiden-plate-race-3/overview,Kilmore,2026-09-28,Kilmore,"{'eventId': '3436487', 'overall': 'Good', 'rating': '4', 'surface': 'Turf', '__typename': 'TrackCondition'}",3,Wollert Lifestyle Village Maiden Plate,1200,"3-Y-O & Up, Maiden, Set Weights",32000,11,False,,16,8,Angelista,4,Mare,BAY,Snitzel,Quilista,,57.5,54,Lachlan Neindorf,Mick Price & Michael Kent Jnr,1:0-0-0,0,0,-100,8,6,17,270,0.24,0.1,-0.02,0.22,1.28,,10.0,,19,18,17,8,-52.9,,,
https://www.racenet.com.au/form-guide/horse-racing/kilmore-20260928/wollert-lifestyle-village-maiden-plate-race-3/overview,Kilmore,2026-09-28,Kilmore,"{'eventId': '3436487', 'overall': 'Good', 'rating': '4', 'surface': 'Turf', '__typename': 'TrackCondition'}",3,Wollert Lifestyle Village Maiden Plate,1200,"3-Y-O & Up, Maiden, Set Weights",32000,11,False,,20,12,Native Spirit,5,Gelding,BAY,Palentino,Bluetrice,,59.5,56,Jason Maskiell,Ray Besanko,9:0-0-0,0,0,-100,8,26,8,20,0.24,-0.08,-0.1,0.05,1.7,,201.0,,19,4,126,126,0.0,,,
https://www.racenet.com.au/form-guide/horse-racing/kilmore-20260928/wollert-lifestyle-village-maiden-plate-race-3/overview,Kilmore,2026-09-28,Kilmore,"{'eventId': '3436487', 'overall': 'Good', 'rating': '4', 'surface': 'Turf', '__typename': 'TrackCondition'}",3,Wollert Lifestyle Village Maiden Plate,1200,"3-Y-O & Up, Maiden, Set Weights",32000,11,False,SCRATCHED,1,4,Amarillo Sky,4,Gelding,BAY,Zoustar,Goddess,SCRATCHED,59.5,56,Ben Allen,Matt Jenkins,4:0-0-0,0,0,-100,4,6.5,25,21,0.24,-0.18,-0.33,-0.21,-0.06,,41.0,,12,3,41,26,-36.6,-1,,0
https://www.racenet.com.au/form-guide/horse-racing/kilmore-20260928/wollert-lifestyle-village-maiden-plate-race-3/overview,Kilmore,2026-09-28,Kilmore,"{'eventId': '3436487', 'overall': 'Good', 'rating': '4', 'surface': 'Turf', '__typename': 'TrackCondition'}",3,Wollert Lifestyle Village Maiden Plate,1200,"3-Y-O & Up, Maiden, Set Weights",32000,11,False,SCRATCHED,5,20,Trouble'n Paradise,4,Gelding,BAY OR BROWN,Hellbent,Viva La Romance,SCRATCHED,59.5,50,Jye McNeil,"Ben, Will & Jd Hayes",4:0-1-1,0,50,-100,4,18,10,15,-0.51,-1.38,-1.3,-0.99,0.44,,15.0,,19,10,18,12,-33.3,-1,,0
https://www.racenet.com.au/form-guide/horse-racing/kilmore-20260928/wollert-lifestyle-village-maiden-plate-race-3/overview,Kilmore,2026-09-28,Kilmore,"{'eventId': '3436487', 'overall': 'Good', 'rating': '4', 'surface': 'Turf', '__typename': 'TrackCondition'}",3,Wollert Lifestyle Village Maiden Plate,1200,"3-Y-O & Up, Maiden, Set Weights",32000,11,False,SCRATCHED,6,18,Celestra,4,Mare,BAY,I Am Invincible,Dream in Colour,SCRATCHED,57.5,54,Lachlan Neindorf,Mark Walker,6:0-0-3,0,50,-100,9,8,17,186,0.01,-0.41,-0.67,-0.66,1.81,,1.01,,3,0,,,,-1,,0
https://www.racenet.com.au/form-guide/horse-racing/kilmore-20260928/wollert-lifestyle-village-maiden-plate-race-3/overview,Kilmore,2026-09-28,Kilmore,"{'eventId': '3436487', 'overall': 'Good', 'rating': '4', 'surface': 'Turf', '__typename': 'TrackCondition'}",3,Wollert Lifestyle Village Maiden Plate,1200,"3-Y-O & Up, Maiden, Set Weights",32000,11,False,SCRATCHED,8,10,Sihaya,4,Mare,BROWN,Per Incanto,Isstoora,SCRATCHED,57.5,53,Luke Currie,"Ben, Will & Jd Hayes",0:0-0-0,0,0,0,,,16,,,,,,,,14.0,,19,7,13,12,-7.7,-1,,0
https://www.racenet.com.au/form-guide/horse-racing/kilmore-20260928/wollert-lifestyle-village-maiden-plate-race-3/overview,Kilmore,2026-09-28,Kilmore,"{'eventId': '3436487', 'overall': 'Good', 'rating': '4', 'surface': 'Turf', '__typename': 'TrackCondition'}",3,Wollert Lifestyle Village Maiden Plate,1200,"3-Y-O & Up, Maiden, Set Weights",32000,11,False,SCRATCHED,9,5,Around The Marx,3,Gelding,CHESTNUT,Russian Revolution,Consistency,SCRATCHED,57,54,Celine Gaudray,David & Coral Feek,3:0-0-1,0,33,-100,5,17,6,185,0.17,-0.26,-0.58,-0.47,0.54,(G)(D/A),41.0,,19,5,41,34,-17.1,-1,,0
https://www.racenet.com.au/form-guide/horse-racing/kilmore-20260928/wollert-lifestyle-village-maiden-plate-race-3/overview,Kilmore,2026-09-28,Kilmore,"{'eventId': '3436487', 'overall': 'Good', 'rating': '4', 'surface': 'Turf', '__typename': 'TrackCondition'}",3,Wollert Lifestyle Village Maiden Plate,1200,"3-Y-O & Up, Maiden, Set Weights",32000,11,False,SCRATCHED,10,15,Home And A Bay,3,Gelding,BAY,Home Affairs,Gwader Bay,SCRATCHED,57,56,Ben Allen,Leon & Troy Corstens & Will Larkin,1:0-0-0,0,0,-100,4,6,19,17,-0.17,-0.6,-1.04,-0.67,0.5,,17.0,,19,5,15,13,-13.3,-1,,0
https://www.racenet.com.au/form-guide/horse-racing/kilmore-20260928/wollert-lifestyle-village-maiden-plate-race-3/overview,Kilmore,2026-09-28,Kilmore,"{'eventId': '3436487', 'overall': 'Good', 'rating': '4', 'surface': 'Turf', '__typename': 'TrackCondition'}",3,Wollert Lifestyle Village Maiden Plate,1200,"3-Y-O & Up, Maiden, Set Weights",32000,11,False,SCRATCHED,17,2,Princess Geisha,4,Mare,CHESTNUT,Prince of Caviar,Mineko,SCRATCHED,57.5,55,Jack Martin,Patrick Payne,1:0-0-0,0,0,-100,8,7,9,203,-0.29,-0.68,-0.3,-0.41,1.76,(D/A),26.0,,19,8,41,1.01,-97.5,-1,,0
https://www.racenet.com.au/form-guide/horse-racing/kilmore-20260928/wollert-lifestyle-village-maiden-plate-race-3/overview,Kilmore,2026-09-28,Kilmore,"{'eventId': '3436487', 'overall': 'Good', 'rating': '4', 'surface': 'Turf', '__typename': 'TrackCondition'}",3,Wollert Lifestyle Village Maiden Plate,1200,"3-Y-O & Up, Maiden, Set Weights",32000,11,False,SCRATCHED,18,13,Mardyke,4,Mare,BAY,So You Think,Smart Company,SCRATCHED,57.5,49,Teo Nugent,Edward Cummings,1:0-0-0,0,0,-100,6,31,0,131,1.32,1.7,1.92,0.95,2.69,o,81.0,,18,7,81,1.01,-98.8,-1,,0
https://www.racenet.com.au/form-guide/horse-racing/kilmore-20260928/wollert-lifestyle-village-maiden-plate-race-3/overview,Kilmore,2026-09-28,Kilmore,"{'eventId': '3436487', 'overall': 'Good', 'rating': '4', 'surface': 'Turf', '__typename': 'TrackCondition'}",3,Wollert Lifestyle Village Maiden Plate,1200,"3-Y-O & Up, Maiden, Set Weights",32000,11,False,SCRATCHED,19,14,Hansard,4,Gelding,CHESTNUT,Hanseatic,Annalova,SCRATCHED,59.5,,,Ian Pankhurst,3:0-0-0,0,0,-100,6,71,0,143,0.93,0.71,1.07,1.48,3.42,o,151.0,,18,4,126,1.01,-99.2,-1,,0
https://www.racenet.com.au/form-guide/horse-racing/laurel-park-us-20260928/race-1-claiming-race-1/overview,Laurel Park,2026-09-28,Laurel Park,"{'eventId': '3438941', 'overall': 'Soft', 'rating': None, 'surface': 'Turf', '__typename': 'TrackCondition'}",1,Race 1 - Claiming,1106,"3YO+, Claiming",34159,3,True,RESULTED,1,1,Stone Cold Jones,3,Gelding,dk b/br,Mor Spirit,Instrumental,RESULTED,55.25,,Carlos Eduardo Lopez,Emanuel J. Geralis,11:2-1-3,18,55,81,1,17,17,16,,,,,,tcdn,2.1,,16,18,1.01,1.85,83.2,3,,0
https://www.racenet.com.au/form-guide/horse-racing/laurel-park-us-20260928/race-1-claiming-race-1/overview,Laurel Park,2026-09-28,Laurel Park,"{'eventId': '3438941', 'overall': 'Soft', 'rating': None, 'surface': 'Turf', '__typename': 'TrackCondition'}",1,Race 1 - Claiming,1106,"3YO+, Claiming",34159,3,True,RESULTED,7,7,Borletti,6,Gelding,b,Kodiac,Planchart,RESULTED,57.25,,Brittany Scampton,Christine F. Clagett,37:2-6-8,5,43,-75,3,12,4,23,,,,,,n,3.0,,16,8,1.01,2.8,177.2,2,,0
https://www.racenet.com.au/form-guide/horse-racing/laurel-park-us-20260928/race-1-claiming-race-1/overview,Laurel Park,2026-09-28,Laurel Park,"{'eventId': '3438941', 'overall': 'Soft', 'rating': None, 'surface': 'Turf', '__typename': 'TrackCondition'}",1,Race 1 - Claiming,1106,"3YO+, Claiming",34159,3,True,RESULTED,10,10,Benny Havens,9,Gelding,dk b/br,Outflanker,Saucy Countess,RESULTED,57.25,,Jaime Rodriguez,"Anthony Aguirre, Jr.",47:2-3-5,4,21,-63,9,41,17,112,,,,,,tn,3.2,,16,13,1.01,2.8,177.2,1,,1
https://www.racenet.com.au/form-guide/horse-racing/laurel-park-us-20260928/race-1-claiming-race-1/overview,Laurel Park,2026-09-28,Laurel Park,"{'eventId': '3438941', 'overall': 'Soft', 'rating': None, 'surface': 'Turf', '__typename': 'TrackCondition'}",1,Race 1 - Claiming,1106,"3YO+, Claiming",34159,3,True,SCRATCHED,2,2,Transactional,7,Gelding,b,Kingman,Go White Lightning,SCRATCHED,55.25,,Jean Gregor Briceno,Lawrence M. Smith,23:2-1-0,9,13,-100,7,17,0,16,,,,,,on,1.01,,6,0,,,,-1,,0
https://www.racenet.com.au/form-guide/horse-racing/laurel-park-us-20260928/race-1-claiming-race-1/overview,Laurel Park,2026-09-28,Laurel Park,"{'eventId': '3438941', 'overall': 'Soft', 'rating': None, 'surface': 'Turf', '__typename': 'TrackCondition'}",1,Race 1 - Claiming,1106,"3YO+, Claiming",34159,3,True,SCRATCHED,3,3,Bonsai Warrior,3,Gelding,dk b/br,Yaupon,Burdeos,SCRATCHED,55.25,,Jeiron Barbosa,Anthony Farrior,12:2-3-1,17,50,-16,2,3.5,24,1,,,,,,bn,1.01,,8,0,,,,-1,,0
https://www.racenet.com.au/form-guide/horse-racing/laurel-park-us-20260928/race-1-claiming-race-1/overview,Laurel Park,2026-09-28,Laurel Park,"{'eventId': '3438941', 'overall': 'Soft', 'rating': None, 'surface': 'Turf', '__typename': 'TrackCondition'}",1,Race 1 - Claiming,1106,"3YO+, Claiming",34159,3,True,SCRATCHED,4,4,Korrongo,5,Gelding,ch,Lord Nelson,Intensified,SCRATCHED,57.25,,Angel Cruz,Juan G. Bernardini,18:2-3-2,11,39,-61,2,3,0,28,,,,,,bn,1.01,,8,0,,,,-1,,0
https://www.racenet.com.au/form-guide/horse-racing/laurel-park-us-20260928/race-1-claiming-race-1/overview,Laurel Park,2026-09-28,Laurel Park,"{'eventId': '3438941', 'overall': 'Soft', 'rating': None, 'surface': 'Turf', '__typename': 'TrackCondition'}",1,Race 1 - Claiming,1106,"3YO+, Claiming",34159,3,True,SCRATCHED,5,5,Let Fly,4,Gelding,b,Sky Mesa,Agitate,SCRATCHED,55.25,,Jose E. Vargas,A. Ferris Allen Iii,18:2-0-4,11,33,-14,7,26,0,22,,,,,,tcdn,1.01,,9,0,,,,-1,,0
https://www.racenet.com.au/form-guide/horse-racing/laurel-park-us-20260928/race-1-claiming-race-1/overview,Laurel Park,2026-09-28,Laurel Park,"{'eventId': '3438941', 'overall': 'Soft', 'rating': None, 'surface': 'Turf', '__typename': 'TrackCondition'}",1,Race 1 - Claiming,1106,"3YO+, Claiming",34159,3,True,SCRATCHED,6,6,Copernium,3,Gelding,ch,Charlatan,Hang A Star,SCRATCHED,53.5,,Jorge Ruiz,Kieron Magee,10:5-1-0,50,60,73,6,3.25,14,7,,,,,,don,1.01,,8,0,,,,-1,,0
https://www.racenet.com.au/form-guide/horse-racing/laurel-park-us-20260928/race-1-claiming-race-1/overview,Laurel Park,2026-09-28,Laurel Park,"{'eventId': '3438941', 'overall': 'Soft', 'rating': None, 'surface': 'Turf', '__typename': 'TrackCondition'}",1,Race 1 - Claiming,1106,"3YO+, Claiming",34159,3,True,SCRATCHED,8,8,Sinetic,4,Gelding,ch,Tom's D'etat,Sharons In Charge,SCRATCHED,57.25,,Leandro M. Briceno,Antonio Machado,18:2-0-4,11,33,-43,11,21,0,22,,,,,,tcdon,1.01,,5,0,,,,-1,,0
https://www.racenet.com.au/form-guide/horse-racing/laurel-park-us-20260928/race-1-claiming-race-1/overview,Laurel Park,2026-09-28,Laurel Park,"{'eventId': '3438941', 'overall': 'Soft', 'rating': None, 'surface': 'Turf', '__typename': 'TrackCondition'}",1,Race 1 - Claiming,1106,"3YO+, Claiming",34159,3,True,SCRATCHED,9,9,Wheneveruremember,4,Gelding,b,Gun Runner,A Great Time,SCRATCHED,57.25,,Horacio Karamanos,Michael J. Trombetta,13:2-0-3,15,38,40,7,11,15,30,,,,,,dn,1.01,,5,0,,,,-1,,0
https://www.racenet.com.au/form-guide/horse-racing/laurel-park-us-20260928/race-1-claiming-race-1/overview,Laurel Park,2026-09-28,Laurel Park,"{'eventId': '3438941', 'overall': 'Soft', 'rating': None, 'surface': 'Turf', '__typename': 'TrackCondition'}",1,Race 1 - Claiming,1106,"3YO+, Claiming",34159,3,True,SCRATCHED,11,11,Archimedes,3,Colt,dk b/br,Caravaggio,Partylicious,SCRATCHED,55.25,,Jevian Toledo,Anthony Farrior,14:2-3-1,14,43,-38,1,1.73,15,44,,,,,,dn,1.01,,8,0,,,,-1,,0
https://www.racenet.com.au/form-guide/horse-racing/laurel-park-us-20260928/race-1-claiming-race-1/overview,Laurel Park,2026-09-28,Laurel Park,"{'eventId': '3438941', 'overall': 'Soft', 'rating': None, 'surface': 'Turf', '__typename': 'TrackCondition'}",1,Race 1 - Claiming,1106,"3YO+, Claiming",34159,3,True,SCRATCHED,12,12,Twirling Express,6,Gelding,b,Twirling Candy,Ruthville,SCRATCHED,55.25,,Luis M. Ocasio,Elliott Soto- Martinez,31:2-4-2,6,26,-78,8,13,0,49,,,,,,tcdon,1.01,,5,0,,,,-1,,0
https://www.racenet.com.au/form-guide/horse-racing/laurel-park-us-20260928/race-10-maiden-claiming-race-10/overview,Laurel Park,2026-09-28,Laurel Park,"{'eventId': '3438950', 'overall': 'Soft', 'rating': None, 'surface': 'Dirt', '__typename': 'TrackCondition'}",10,Race 10 - Maiden Claiming,1609,"3YO, Maiden, Claiming",31313,7,True,RESULTED,2,2,Five Minutes More,3,Gelding,ch,Long River,Last Love,RESULTED,55.25,,Leandro M. Briceno,Miguel Vera,5:0-0-0,0,0,-100,9,11,0,52,,,,,,o,5.5,,11,3,1.01,4,296.0,5,,0
https://www.racenet.com.au/form-guide/horse-racing/laurel-park-us-20260928/race-10-maiden-claiming-race-10/overview,Laurel Park,2026-09-28,Laurel Park,"{'eventId': '3438950', 'overall': 'Soft', 'rating': None, 'surface': 'Dirt', '__typename': 'TrackCondition'}",10,Race 10 - Maiden Claiming,1609,"3YO, Maiden, Claiming",31313,7,True,RESULTED,3,3,My Friend Lou,4,Gelding,ch,Street Magician,Irish Gal,RESULTED,57.25,,Kevin Gomez,Carlos A. Mancilla,6:0-0-1,0,17,-100,8,21,8,16,,,,,,,15.0,,11,5,1.01,8.5,741.6,4,,0
https://www.racenet.com.au/form-guide/horse-racing/laurel-park-us-20260928/race-10-maiden-claiming-race-10/overview,Laurel Park,2026-09-28,Laurel Park,"{'eventId': '3438950', 'overall': 'Soft', 'rating': None, 'surface': 'Dirt', '__typename': 'TrackCondition'}",10,Race 10 - Maiden Claiming,1609,"3YO, Maiden, Claiming",31313,7,True,RESULTED,4,4,Mr Skinny,3,Gelding,b,Fog Of War,Fey,RESULTED,53.5,,Ronaldo Rodriguez,Mario Roberto Lopez,6:0-1-0,0,17,-100,2,3.5,13,37,,,,,,,8.5,,11,16,1.01,6,494.1,1,,1
https://www.racenet.com.au/form-guide/horse-racing/laurel-park-us-20260928/race-10-maiden-claiming-race-10/overview,Laurel Park,2026-09-28,Laurel Park,"{'eventId': '3438950', 'overall': 'Soft', 'rating': None, 'surface': 'Dirt', '__typename': 'TrackCondition'}",10,Race 10 - Maiden Claiming,1609,"3YO, Maiden, Claiming",31313,7,True,RESULTED,5,5,Seven's Good,3,Colt,dk b/br,Good Samaritan,Senorita Siete,RESULTED,55.25,,Jevian Toledo,Carlos A. Mancilla,4:0-0-0,0,0,-100,10,26,16,16,,,,,,o,34.0,,11,4,1.01,17,1583.2,7,,0
https://www.racenet.com.au/form-guide/horse-racing/laurel-park-us-20260928/race-10-maiden-claiming-race-10/overview,Laurel Park,2026-09-28,Laurel Park,"{'eventId': '3438950', 'overall': 'Soft', 'rating': None, 'surface': 'Dirt', '__typename': 'TrackCondition'}",10,Race 10 - Maiden Claiming,1609,"3YO, Maiden, Claiming",31313,7,True,RESULTED,6,6,Divine Swagger,4,Gelding,b,Divining Rod,Bode'S Brienne,RESULTED,57.25,,Taylor Kingsley,"Anthony Aguirre, Jr.",13:0-3-3,0,46,-100,7,10,0,38,,,,,,,7.5,,11,3,1.01,4.33,328.7,2,,0
https://www.racenet.com.au/form-guide/horse-racing/laurel-park-us-20260928/race-10-maiden-claiming-race-10/overview,Laurel Park,2026-09-28,Laurel Park,"{'eventId': '3438950', 'overall': 'Soft', 'rating': None, 'surface': 'Dirt', '__typename': 'TrackCondition'}",10,Race 10 - Maiden Claiming,1609,"3YO, Maiden, Claiming",31313,7,True,RESULTED,7,7,Senor Money,4,Gelding,b,Mr. Money,Slamsational,RESULTED,57.25,,Xavier Perez,Keith W. Harris,21:0-5-7,0,57,-100,8,41,0,23,,,,,,,10.0,,11,4,1.01,6,494.1,3,,0
https://www.racenet.com.au/form-guide/horse-racing/laurel-park-us-20260928/race-10-maiden-claiming-race-10/overview,Laurel Park,2026-09-28,Laurel Park,"{'eventId': '3438950', 'overall': 'Soft', 'rating': None, 'surface': 'Dirt', '__typename': 'TrackCondition'}",10,Race 10 - Maiden Claiming,1609,"3YO, Maiden, Claiming",31313,7,True,RESULTED,8,8,Midas Factor,3,Gelding,b,The Factor,Silver Sides,RESULTED,55.25,,Mychel J. Sanchez,Brittany T. Russell,3:0-0-0,0,0,-100,7,8,32,20,,,,,,,2.5,,11,7,1.01,1.8,78.2,6,,0
https://www.racenet.com.au/form-guide/horse-racing/laurel-park-us-20260928/race-10-maiden-claiming-race-10/overview,Laurel Park,2026-09-28,Laurel Park,"{'eventId': '3438950', 'overall': 'Soft', 'rating': None, 'surface': 'Dirt', '__typename': 'TrackCondition'}",10,Race 10 - Maiden Claiming,1609,"3YO, Maiden, Claiming",31313,7,True,SCRATCHED,1,1,Hard Swing,3,Gelding,dk b/br,Hard Spun,Elevated Vision,SCRATCHED,55.25,,Jean Gregor Briceno,Samuel G. Davis,6:0-0-1,0,17,-100,11,26,5,92,,,,,,o,1.01,,4,0,,,,-1,,0
https://www.racenet.com.au/form-guide/horse-racing/laurel-park-us-20260928/race-2-claiming-race-2/overview,Laurel Park,2026-09-28,Laurel Park,"{'eventId': '3438942', 'overall': 'Soft', 'rating': None, 'surface': 'Dirt', '__typename': 'TrackCondition'}",2,Race 2 - Claiming,1609,"3YO+, Claiming",25619,6,True,RESULTED,1,1,Magnificent Rags,5,Gelding,dk b/br,Union Rags,Magnificent Song,RESULTED,57.25,,Jeiron Barbosa,"Michael E. Jones, Jr.",16:1-4-1,6,38,-66,5,14,13,24,,,,,,n,4.5,,16,13,1.01,4,296.0,6,,0
https://www.racenet.com.au/form-guide/horse-racing/laurel-park-us-20260928/race-2-claiming-race-2/overview,Laurel Park,2026-09-28,Laurel Park,"{'eventId': '3438942', 'overall': 'Soft', 'rating': None, 'surface': 'Dirt', '__typename': 'TrackCondition'}",2,Race 2 - Claiming,1609,"3YO+, Claiming",25619,6,True,RESULTED,2,2,Veneto,4,Gelding,dk b/br,Unified,Bambola Di Pezza,RESULTED,57.25,,Leandro M. Briceno,Jose Corrales,15:1-4-5,7,67,-78,3,2.63,0,16,,,,,,n,2.3,,16,12,1.01,2.15,112.9,1,,1
https://www.racenet.com.au/form-guide/horse-racing/laurel-park-us-20260928/race-2-claiming-race-2/overview,Laurel Park,2026-09-28,Laurel Park,"{'eventId': '3438942', 'overall': 'Soft', 'rating': None, 'surface': 'Dirt', '__typename': 'TrackCondition'}",2,Race 2 - Claiming,1609,"3YO+, Claiming",25619,6,True,RESULTED,3,3,Uncle Grey,5,Gelding,gr/ro,Biblical,Eleanor'S Empress,RESULTED,55.25,,Leonardo Corujo,Timothy M. Vick,27:1-1-2,4,15,-69,2,5.5,9,22,,,,,,tn,14.0,,16,10,1.01,12,1088.1,5,,0
https://www.racenet.com.au/form-guide/horse-racing/laurel-park-us-20260928/race-2-claiming-race-2/overview,Laurel Park,2026-09-28,Laurel Park,"{'eventId': '3438942', 'overall': 'Soft', 'rating': None, 'surface': 'Dirt', '__typename': 'TrackCondition'}",2,Race 2 - Claiming,1609,"3YO+, Claiming",25619,6,True,RESULTED,4,4,Paynted Lion,3,Gelding,dk b/br,Paynter,Lionheart Champion,RESULTED,53.5,,Jose A. Batista,Nesvil Hernan Bailon,15:1-2-4,7,47,-47,3,11,18,10,,,,,,tcdn,7.0,,16,7,1.01,6,494.1,4,,0
https://www.racenet.com.au/form-guide/horse-racing/laurel-park-us-20260928/race-2-claiming-race-2/overview,Laurel Park,2026-09-28,Laurel Park,"{'eventId': '3438942', 'overall': 'Soft', 'rating': None, 'surface': 'Dirt', '__typename': 'TrackCondition'}",2,Race 2 - Claiming,1609,"3YO+, Claiming",25619,6,True,RESULTED,5,5,Furious George,4,Gelding,dk b/br,Holy Boss,Betty'S Storm,RESULTED,55.25,,Matilda Burnham,Damon R. Dilodovico,21:1-3-1,5,24,-91,1,1.8,9,21,,,,,,,8.0,,16,12,1.01,7,593.1,2,,0
https://www.racenet.com.au/form-guide/horse-racing/laurel-park-us-20260928/race-2-claiming-race-2/overview,Laurel Park,2026-09-28,Laurel Park,"{'eventId': '3438942', 'overall': 'Soft', 'rating': None, 'surface': 'Dirt', '__typename': 'TrackCondition'}",2,Race 2 - Claiming,1609,"3YO+, Claiming",25619,6,True,RESULTED,7,7,Coco No Loco,3,Gelding,dk b/br,Global Campaign,Classy Coco,RESULTED,53.5,,Taylor Kingsley,Gerard Galligan,9:1-0-1,11,22,-56,6,26,0,20,,,,,,n,6.0,,16,11,1.01,3.8,276.2,3,,0
https://www.racenet.com.au/form-guide/horse-racing/laurel-park-us-20260928/race-2-claiming-race-2/overview,Laurel Park,2026-09-28,Laurel Park,"{'eventId': '3438942', 'overall': 'Soft', 'rating': None, 'surface': 'Dirt', '__typename': 'TrackCondition'}",2,Race 2 - Claiming,1609,"3YO+, Claiming",25619,6,True,SCRATCHED,6,6,Feisty Notion,3,Gelding,b,Great Notion,My Little Josie,SCRATCHED,55.25,,Warren Ebow Iii,"Gary L. Williams, Jr.",7:1-0-0,14,14,-36,8,11,0,50,,,,,,n,1.01,,7,0,,,,-1,,0
https://www.racenet.com.au/form-guide/horse-racing/laurel-park-us-20260928/race-3-claiming-race-3/overview,Laurel Park,2026-09-28,Laurel Park,"{'eventId': '3438943', 'overall': 'Soft', 'rating': None, 'surface': 'Turf', '__typename': 'TrackCondition'}",3,Race 3 - Claiming,1710,"3YO+, Claiming",34159,5,True,RESULTED,3,3,Tyson's Delivery,4,Gelding,b,Accelerate,Outrank,RESULTED,57.25,,Jean Gregor Briceno,Sergio H. Pradenas,17:2-3-1,12,35,-44,9,34,33,38,,,,,,tn,10.0,,15,15,1.01,9,791.1,4,,0
https://www.racenet.com.au/form-guide/horse-racing/laurel-park-us-20260928/race-3-claiming-race-3/overview,Laurel Park,2026-09-28,Laurel Park,"{'eventId': '3438943', 'overall': 'Soft', 'rating': None, 'surface': 'Turf', '__typename': 'TrackCondition'}",3,Race 3 - Claiming,1710,"3YO+, Claiming",34159,5,True,RESULTED,6,6,West Mountain,3,Colt,dk b/br,Mo Town,Sea Level Drive,RESULTED,55.25,,Kevin Gomez,Caitlin Keil,6:2-0-0,33,33,600,6,21,14,14,,,,,,tcdn,10.0,,15,5,1.01,7.5,642.6,3,,0
https://www.racenet.com.au/form-guide/horse-racing/laurel-park-us-20260928/race-3-claiming-race-3/overview,Laurel Park,2026-09-28,Laurel Park,"{'eventId': '3438943', 'overall': 'Soft', 'rating': None, 'surface': 'Turf', '__typename': 'TrackCondition'}",3,Race 3 - Claiming,1710,"3YO+, Claiming",34159,5,True,RESULTED,8,8,Latin Rebel,4,Gelding,dk b/br,Holy Boss,Misssavannah'Sbabe,RESULTED,57.25,,Carlos Eduardo Lopez,Mark Shuman,23:2-3-2,9,30,-50,4,10,4,17,,,,,,tcdn,5.0,,15,8,1.01,3.3,226.7,5,,0
https://www.racenet.com.au/form-guide/horse-racing/laurel-park-us-20260928/race-3-claiming-race-3/overview,Laurel Park,2026-09-28,Laurel Park,"{'eventId': '3438943', 'overall': 'Soft', 'rating': None, 'surface': 'Turf', '__typename': 'TrackCondition'}",3,Race 3 - Claiming,1710,"3YO+, Claiming",34159,5,True,RESULTED,9,9,Sneaking Suspicion,6,Gelding,b,Great Notion,Emerald Song,RESULTED,57.25,,Taylor Kingsley,"Anthony Aguirre, Jr.",39:2-1-8,5,28,-83,7,26,0,38,,,,,,tn,8.0,,15,4,1.01,7,593.1,2,,0
https://www.racenet.com.au/form-guide/horse-racing/laurel-park-us-20260928/race-3-claiming-race-3/overview,Laurel Park,2026-09-28,Laurel Park,"{'eventId': '3438943', 'overall': 'Soft', 'rating': None, 'surface': 'Turf', '__typename': 'TrackCondition'}",3,Race 3 - Claiming,1710,"3YO+, Claiming",34159,5,True,RESULTED,11,11,Keen Talent,4,Gelding,gr/ro,Keen Ice,Native Talent,RESULTED,57.25,,Jeiron Barbosa,Anthony Farrior,13:2-2-3,15,54,-45,1,5,24,15,,,,,,dn,1.55,,15,12,1.01,1.5,48.5,1,,1
https://www.racenet.com.au/form-guide/horse-racing/laurel-park-us-20260928/race-3-claiming-race-3/overview,Laurel Park,2026-09-28,Laurel Park,"{'eventId': '3438943', 'overall': 'Soft', 'rating': None, 'surface': 'Turf', '__typename': 'TrackCondition'}",3,Race 3 - Claiming,1710,"3YO+, Claiming",34159,5,True,SCRATCHED,1,1,Italiano Kid,4,Gelding,b,Holy Boss,Nekia'S Promise,SCRATCHED,57.25,,Gavin Ashton,Irvin G. Flores,14:2-1-2,14,36,-41,10,11,14,38,,,,,,ton,1.01,,7,0,,,,-1,,0
https://www.racenet.com.au/form-guide/horse-racing/laurel-park-us-20260928/race-3-claiming-race-3/overview,Laurel Park,2026-09-28,Laurel Park,"{'eventId': '3438943', 'overall': 'Soft', 'rating': None, 'surface': 'Turf', '__typename': 'TrackCondition'}",3,Race 3 - Claiming,1710,"3YO+, Claiming",34159,5,True,SCRATCHED,2,2,Owhatanite,5,Gelding,dk b/br,Imagining,Underneath It All,SCRATCHED,57.25,,Jeiron Barbosa,Suzanne Stettinius,23:2-3-3,9,35,-16,3,26,21,38,,,,,,tcdn,1.01,,6,0,,,,-1,,0
https://www.racenet.com.au/form-guide/horse-racing/laurel-park-us-20260928/race-3-claiming-race-3/overview,Laurel Park,2026-09-28,Laurel Park,"{'eventId': '3438943', 'overall': 'Soft', 'rating': None, 'surface': 'Turf', '__typename': 'TrackCondition'}",3,Race 3 - Claiming,1710,"3YO+, Claiming",34159,5,True,SCRATCHED,4,4,Mr Flowers,6,Gelding,dk b/br,Nyquist,Missouria,SCRATCHED,57.25,,Mychel J. Sanchez,Jamie Ness,21:2-4-7,10,62,-89,4,2.5,21,23,,,,,,dbn,1.01,,7,0,,,,-1,,0
https://www.racenet.com.au/form-guide/horse-racing/laurel-park-us-20260928/race-3-claiming-race-3/overview,Laurel Park,2026-09-28,Laurel Park,"{'eventId': '3438943', 'overall': 'Soft', 'rating': None, 'surface': 'Turf', '__typename': 'TrackCondition'}",3,Race 3 - Claiming,1710,"3YO+, Claiming",34159,5,True,SCRATCHED,5,5,Flamenco Star,5,Gelding,dk b/br,Force The Pass,Seville'S Princess,SCRATCHED,57.25,,Johan Rosado,"Jorge Duarte, Jr.",11:2-3-1,18,55,-49,12,4,20,2,,,,,,bon,1.01,,7,0,,,,-1,,0
https://www.racenet.com.au/form-guide/horse-racing/laurel-park-us-20260928/race-3-claiming-race-3/overview,Laurel Park,2026-09-28,Laurel Park,"{'eventId': '3438943', 'overall': 'Soft', 'rating': None, 'surface': 'Turf', '__typename': 'TrackCondition'}",3,Race 3 - Claiming,1710,"3YO+, Claiming",34159,5,True,SCRATCHED,7,7,Villain,5,Gelding,dk b/br,Lookin At Lucky,Honor Your Gift,SCRATCHED,57.25,,Jaime Rodriguez,Jamie Ness,14:2-0-1,14,21,-100,7,2.38,29,106,,,,,,dbn,1.01,,6,0,,,,-1,,0
https://www.racenet.com.au/form-guide/horse-racing/laurel-park-us-20260928/race-3-claiming-race-3/overview,Laurel Park,2026-09-28,Laurel Park,"{'eventId': '3438943', 'overall': 'Soft', 'rating': None, 'surface': 'Turf', '__typename': 'TrackCondition'}",3,Race 3 - Claiming,1710,"3YO+, Claiming",34159,5,True,SCRATCHED,10,10,Atomico,5,Gelding,b,Cross Traffic,Tiz Maie'S Day,SCRATCHED,55.25,,Angel Cruz,"Robert A. Wolfe, Jr.",23:2-2-6,9,43,-23,4,15,0,24,,,,,,n,1.01,,6,0,,,,-1,,0
https://www.racenet.com.au/form-guide/horse-racing/laurel-park-us-20260928/race-3-claiming-race-3/overview,Laurel Park,2026-09-28,Laurel Park,"{'eventId': '3438943', 'overall': 'Soft', 'rating': None, 'surface': 'Turf', '__typename': 'TrackCondition'}",3,Race 3 - Claiming,1710,"3YO+, Claiming",34159,5,True,SCRATCHED,12,12,Red Sky Morning,4,Gelding,dk b/br,Summer Front,Celtic Sunrise,SCRATCHED,57.25,,Julio A. Hernandez,Michael Dini,15:2-4-4,13,67,-63,3,13,8,2,,,,,,dn,1.01,,6,0,,,,-1,,0
https://www.racenet.com.au/form-guide/horse-racing/laurel-park-us-20260928/race-4-maiden-claiming-race-4/overview,Laurel Park,2026-09-28,Laurel Park,"{'eventId': '3438944', 'overall': 'Soft', 'rating': None, 'surface': 'Turf', '__typename': 'TrackCondition'}",4,Race 4 - Maiden Claiming,1710,"3YO+, Maiden, Claiming",34159,8,True,RESULTED,2,2,Classic Martini,4,Gelding,b,Classic Empire,Conquest War Miss,RESULTED,57.25,,Warren Ebow Iii,Alberto Delgado,12:0-2-0,0,17,-100,8,34,0,30,,,,,,,12.0,,15,17,1.01,10,890.1,5,,0
https://www.racenet.com.au/form-guide/horse-racing/laurel-park-us-20260928/race-4-maiden-claiming-race-4/overview,Laurel Park,2026-09-28,Laurel Park,"{'eventId': '3438944', 'overall': 'Soft', 'rating': None, 'surface': 'Turf', '__typename': 'TrackCondition'}",4,Race 4 - Maiden Claiming,1710,"3YO+, Maiden, Claiming",34159,8,True,RESULTED,4,4,Beautiful Quality,3,Gelding,gr/ro,Essential Quality,Stowe White,RESULTED,55.25,,Mychel J. Sanchez,Susan S. Cooney,6:0-1-0,0,17,-100,8,4,8,21,,,,,,,5.5,,15,2,1.01,4.4,335.6,2,,0
https://www.racenet.com.au/form-guide/horse-racing/laurel-park-us-20260928/race-4-maiden-claiming-race-4/overview,Laurel Park,2026-09-28,Laurel Park,"{'eventId': '3438944', 'overall': 'Soft', 'rating': None, 'surface': 'Turf', '__typename': 'TrackCondition'}",4,Race 4 - Maiden Claiming,1710,"3YO+, Maiden, Claiming",34159,8,True,RESULTED,5,5,Teddy P,4,Gelding,dk b/br,Mor Spirit,Why Lucy Why,RESULTED,55.25,,Kevin Gomez,Hamilton A. Smith,3:0-0-0,0,0,-100,6,26,8,23,,,,,,,5.0,,15,7,1.01,4.6,355.4,6,,0
https://www.racenet.com.au/form-guide/horse-racing/laurel-park-us-20260928/race-4-maiden-claiming-race-4/overview,Laurel Park,2026-09-28,Laurel Park,"{'eventId': '3438944', 'overall': 'Soft', 'rating': None, 'surface': 'Turf', '__typename': 'TrackCondition'}",4,Race 4 - Maiden Claiming,1710,"3YO+, Maiden, Claiming",34159,8,True,RESULTED,6,6,Phantom Gold,3,Gelding,dk b/br,Golden Lad,Phantom Shot,RESULTED,55.25,,Leandro M. Briceno,Milan Milosevic,1:0-0-0,0,0,-100,7,13,0,247,,,,,,o,11.0,,15,15,1.01,9.5,840.6,7,,0
https://www.racenet.com.au/form-guide/horse-racing/laurel-park-us-20260928/race-4-maiden-claiming-race-4/overview,Laurel Park,2026-09-28,Laurel Park,"{'eventId': '3438944', 'overall': 'Soft', 'rating': None, 'surface': 'Turf', '__typename': 'TrackCondition'}",4,Race 4 - Maiden Claiming,1710,"3YO+, Maiden, Claiming",34159,8,True,RESULTED,9,9,Big Boy Luka,3,Gelding,b,Aldrin,Braefield,RESULTED,53.5,,Ismerio Villalobos,Anthony Aguirre,2:0-0-0,0,0,-100,4,17,0,21,,,,,,,5.0,,15,16,1.01,4.8,375.2,4,,0
https://www.racenet.com.au/form-guide/horse-racing/laurel-park-us-20260928/race-4-maiden-claiming-race-4/overview,Laurel Park,2026-09-28,Laurel Park,"{'eventId': '3438944', 'overall': 'Soft', 'rating': None, 'surface': 'Turf', '__typename': 'TrackCondition'}",4,Race 4 - Maiden Claiming,1710,"3YO+, Maiden, Claiming",34159,8,True,RESULTED,11,11,River Revival,3,Gelding,dk b/br,Long River,Prepare The Way,RESULTED,55.25,,Magglio Sanchez,Susan S. Cooney,2:0-0-0,0,0,-100,7,26,0,21,,,,,,,34.0,,15,15,1.01,23,2177.2,8,,0
https://www.racenet.com.au/form-guide/horse-racing/laurel-park-us-20260928/race-4-maiden-claiming-race-4/overview,Laurel Park,2026-09-28,Laurel Park,"{'eventId': '3438944', 'overall': 'Soft', 'rating': None, 'surface': 'Turf', '__typename': 'TrackCondition'}",4,Race 4 - Maiden Claiming,1710,"3YO+, Maiden, Claiming",34159,8,True,RESULTED,13,13,Long Straw,4,Gelding,ch,Madefromlucky,Bravucona,RESULTED,57.25,,Leonardo Corujo,Timothy M. Vick,11:0-0-0,0,0,-100,7,13,9,16,,,,,,,7.5,,15,3,1.01,6,494.1,3,,0
https://www.racenet.com.au/form-guide/horse-racing/laurel-park-us-20260928/race-4-maiden-claiming-race-4/overview,Laurel Park,2026-09-28,Laurel Park,"{'eventId': '3438944', 'overall': 'Soft', 'rating': None, 'surface': 'Turf', '__typename': 'TrackCondition'}",4,Race 4 - Maiden Claiming,1710,"3YO+, Maiden, Claiming",34159,8,True,RESULTED,14,14,All Fruits Ripe,6,Gelding,dk b/br,Bourbon Courage,Broken Treaty,RESULTED,55.25,,Jose E. Vargas,Valrie Smith,27:0-3-6,0,33,-100,2,13,0,16,,,,,,,3.75,,15,22,1.01,3.6,256.4,1,,1
https://www.racenet.com.au/form-guide/horse-racing/laurel-park-us-20260928/race-4-maiden-claiming-race-4/overview,Laurel Park,2026-09-28,Laurel Park,"{'eventId': '3438944', 'overall': 'Soft', 'rating': None, 'surface': 'Turf', '__typename': 'TrackCondition'}",4,Race 4 - Maiden Claiming,1710,"3YO+, Maiden, Claiming",34159,8,True,SCRATCHED,1,1,Fiery Debut,4,Gelding,b,Friesan Fire,Annie Boo Boo,SCRATCHED,57.25,,Brittany Scampton,Elizabeth Mccue,12:0-2-0,0,17,-100,2,13,0,21,,,,,,,1.01,,6,0,,,,-1,,0
https://www.racenet.com.au/form-guide/horse-racing/laurel-park-us-20260928/race-4-maiden-claiming-race-4/overview,Laurel Park,2026-09-28,Laurel Park,"{'eventId': '3438944', 'overall': 'Soft', 'rating': None, 'surface': 'Turf', '__typename': 'TrackCondition'}",4,Race 4 - Maiden Claiming,1710,"3YO+, Maiden, Claiming",34159,8,True,SCRATCHED,3,3,Target Market,3,Gelding,b,Quality Road,Gioia Stella,SCRATCHED,55.25,,Jorge Ruiz,"Jorge Duarte, Jr.",2:0-0-0,0,0,-100,4,11,18,77,,,,,,,1.01,,6,0,,,,-1,,0
https://www.racenet.com.au/form-guide/horse-racing/laurel-park-us-20260928/race-4-maiden-claiming-race-4/overview,Laurel Park,2026-09-28,Laurel Park,"{'eventId': '3438944', 'overall': 'Soft', 'rating': None, 'surface': 'Turf', '__typename': 'TrackCondition'}",4,Race 4 - Maiden Claiming,1710,"3YO+, Maiden, Claiming",34159,8,True,SCRATCHED,7,7,Nostromo,4,Gelding,dk b/br,Boisterous,Marching On,SCRATCHED,57.25,,Taylor Kingsley,Danielle Hodsdon,5:0-1-0,0,20,-100,8,34,0,20,,,,,,,1.01,,5,0,,,,-1,,0
https://www.racenet.com.au/form-guide/horse-racing/laurel-park-us-20260928/race-4-maiden-claiming-race-4/overview,Laurel Park,2026-09-28,Laurel Park,"{'eventId': '3438944', 'overall': 'Soft', 'rating': None, 'surface': 'Turf', '__typename': 'TrackCondition'}",4,Race 4 - Maiden Claiming,1710,"3YO+, Maiden, Claiming",34159,8,True,SCRATCHED,8,8,Moonlit Frost,4,Gelding,gr/ro,Frosted,Anjorie,SCRATCHED,57.25,,Jaime Rodriguez,Damon R. Dilodovico,18:0-0-2,0,11,-100,10,26,0,23,,,,,,o,1.01,,5,0,,,,-1,,0
https://www.racenet.com.au/form-guide/horse-racing/laurel-park-us-20260928/race-4-maiden-claiming-race-4/overview,Laurel Park,2026-09-28,Laurel Park,"{'eventId': '3438944', 'overall': 'Soft', 'rating': None, 'surface': 'Turf', '__typename': 'TrackCondition'}",4,Race 4 - Maiden Claiming,1710,"3YO+, Maiden, Claiming",34159,8,True,SCRATCHED,10,10,Rattlejack,3,Gelding,dk b/br,Enticed,Whipsnade,SCRATCHED,55.25,,Gavin Ashton,Fenneka T. Bentley,0:0-0-0,0,0,0,,,0,,,,,,,,1.01,,5,0,,,,-1,,0
https://www.racenet.com.au/form-guide/horse-racing/laurel-park-us-20260928/race-4-maiden-claiming-race-4/overview,Laurel Park,2026-09-28,Laurel Park,"{'eventId': '3438944', 'overall': 'Soft', 'rating': None, 'surface': 'Turf', '__typename': 'TrackCondition'}",4,Race 4 - Maiden Claiming,1710,"3YO+, Maiden, Claiming",34159,8,True,SCRATCHED,12,12,Call Me A Taxi,3,Gelding,gr/ro,Audible,Taperge,SCRATCHED,55.25,,Carlos Eduardo Lopez,Phillip Capuano,4:0-0-2,0,50,-100,4,7,12,15,,,,,,,1.01,,6,0,,,,-1,,0
https://www.racenet.com.au/form-guide/horse-racing/laurel-park-us-20260928/race-4-maiden-claiming-race-4/overview,Laurel Park,2026-09-28,Laurel Park,"{'eventId': '3438944', 'overall': 'Soft', 'rating': None, 'surface': 'Turf', '__typename': 'TrackCondition'}",4,Race 4 - Maiden Claiming,1710,"3YO+, Maiden, Claiming",34159,8,True,SCRATCHED,15,15,Red Sea,4,Gelding,ch,English Channel,Fear No Evil,SCRATCHED,57.25,,Horacio Karamanos,A. Ferris Allen Iii,8:0-2-0,0,25,-100,5,3.5,9,16,,,,,,b,1.01,,6,0,,,,-1,,0
https://www.racenet.com.au/form-guide/horse-racing/laurel-park-us-20260928/race-4-maiden-claiming-race-4/overview,Laurel Park,2026-09-28,Laurel Park,"{'eventId': '3438944', 'overall': 'Soft', 'rating': None, 'surface': 'Turf', '__typename': 'TrackCondition'}",4,Race 4 - Maiden Claiming,1710,"3YO+, Maiden, Claiming",34159,8,True,SCRATCHED,16,16,Plenty On Tap,3,Gelding,ch,Tapiture,Participate,SCRATCHED,55.25,,Jorge Ruiz,Tim Woolley,14:0-5-2,0,50,-100,3,4.33,14,16,,,,,,,1.01,,5,0,,,,-1,,0
https://www.racenet.com.au/form-guide/horse-racing/laurel-park-us-20260928/race-5-maiden-claiming-race-5/overview,Laurel Park,2026-09-28,Laurel Park,"{'eventId': '3438945', 'overall': 'Soft', 'rating': None, 'surface': 'Dirt', '__typename': 'TrackCondition'}",5,Race 5 - Maiden Claiming,1408,"2YO, Fillies, Maiden, Claiming",42699,9,True,RESULTED,1,1,Think Pink,2,Filly,gr/ro,Blofeld,Pink Tights,RESULTED,55.25,,Julio A. Hernandez,Michael R. Matz,2:0-1-0,0,50,-100,2,3.75,31,24,,,,,,,4.0,,15,15,1.01,3.7,266.3,2,,0
https://www.racenet.com.au/form-guide/horse-racing/laurel-park-us-20260928/race-5-maiden-claiming-race-5/overview,Laurel Park,2026-09-28,Laurel Park,"{'eventId': '3438945', 'overall': 'Soft', 'rating': None, 'surface': 'Dirt', '__typename': 'TrackCondition'}",5,Race 5 - Maiden Claiming,1408,"2YO, Fillies, Maiden, Claiming",42699,9,True,RESULTED,2,2,Stoic Reserve,2,Filly,gr/ro,Frosted,Aroma De Mujer,RESULTED,55.25,,Jose E. Vargas,Hamilton A. Smith,3:0-1-0,0,33,-100,8,34,19,31,,,,,,o,6.5,,15,13,1.01,6,494.1,3,,0
https://www.racenet.com.au/form-guide/horse-racing/laurel-park-us-20260928/race-5-maiden-claiming-race-5/overview,Laurel Park,2026-09-28,Laurel Park,"{'eventId': '3438945', 'overall': 'Soft', 'rating': None, 'surface': 'Dirt', '__typename': 'TrackCondition'}",5,Race 5 - Maiden Claiming,1408,"2YO, Fillies, Maiden, Claiming",42699,9,True,RESULTED,3,3,Doe's Lemonade,2,Filly,ch,Improbable,Lemon Avocado,RESULTED,53.5,,Leandro M. Briceno,Jonathan Maldonado,3:0-0-0,0,0,-100,5,17,0,30,,,,,,,26.0,,15,7,1.01,21,1979.2,8,,0
https://www.racenet.com.au/form-guide/horse-racing/laurel-park-us-20260928/race-5-maiden-claiming-race-5/overview,Laurel Park,2026-09-28,Laurel Park,"{'eventId': '3438945', 'overall': 'Soft', 'rating': None, 'surface': 'Dirt', '__typename': 'TrackCondition'}",5,Race 5 - Maiden Claiming,1408,"2YO, Fillies, Maiden, Claiming",42699,9,True,RESULTED,4,4,Bangkok Blaze,2,Filly,ch,Bustin Stones,Lightning Lilly,RESULTED,55.25,,Jean Gregor Briceno,Jose Corrales,6:0-0-0,0,0,-100,6,16,7,21,,,,,,,34.0,,15,12,1.01,21,1979.2,6,,0
https://www.racenet.com.au/form-guide/horse-racing/laurel-park-us-20260928/race-5-maiden-claiming-race-5/overview,Laurel Park,2026-09-28,Laurel Park,"{'eventId': '3438945', 'overall': 'Soft', 'rating': None, 'surface': 'Dirt', '__typename': 'TrackCondition'}",5,Race 5 - Maiden Claiming,1408,"2YO, Fillies, Maiden, Claiming",42699,9,True,RESULTED,5,5,Silver Strings,2,Filly,gr/ro,Nashville,Silver Sides,RESULTED,55.25,,Mychel J. Sanchez,Brittany T. Russell,2:0-0-0,0,0,-100,6,4.5,32,28,,,,,,,3.75,,15,17,1.01,3.1,206.9,1,,1
https://www.racenet.com.au/form-guide/horse-racing/laurel-park-us-20260928/race-5-maiden-claiming-race-5/overview,Laurel Park,2026-09-28,Laurel Park,"{'eventId': '3438945', 'overall': 'Soft', 'rating': None, 'surface': 'Dirt', '__typename': 'TrackCondition'}",5,Race 5 - Maiden Claiming,1408,"2YO, Fillies, Maiden, Claiming",42699,9,True,RESULTED,6,6,Whacky Witch,2,Filly,ch,Flameaway,Witch Alert,RESULTED,55.25,,Jevian Toledo,Anthony Farrior,3:0-0-1,0,33,-100,4,7.5,15,21,,,,,,,7.0,,15,12,1.01,6.5,543.6,7,,0
https://www.racenet.com.au/form-guide/horse-racing/laurel-park-us-20260928/race-5-maiden-claiming-race-5/overview,Laurel Park,2026-09-28,Laurel Park,"{'eventId': '3438945', 'overall': 'Soft', 'rating': None, 'surface': 'Dirt', '__typename': 'TrackCondition'}",5,Race 5 - Maiden Claiming,1408,"2YO, Fillies, Maiden, Claiming",42699,9,True,RESULTED,7,7,A. P. Class,2,Filly,b,Honor A. P.,Shear Class,RESULTED,55.25,,Taylor Kingsley,Kevin C. Boniface,0:0-0-0,0,0,0,,,5,,,,,,,,10.0,,13,10,1.01,9.5,840.6,5,,0
https://www.racenet.com.au/form-guide/horse-racing/laurel-park-us-20260928/race-5-maiden-claiming-race-5/overview,Laurel Park,2026-09-28,Laurel Park,"{'eventId': '3438945', 'overall': 'Soft', 'rating': None, 'surface': 'Dirt', '__typename': 'TrackCondition'}",5,Race 5 - Maiden Claiming,1408,"2YO, Fillies, Maiden, Claiming",42699,9,True,RESULTED,8,8,Sense The Moon,2,Filly,dk b/br,Street Sense,Moon Virginia,RESULTED,55.25,,Horacio Karamanos,A. Ferris Allen Iii,2:0-0-0,0,0,-100,7,41,9,21,,,,,,,17.0,,15,10,1.01,13,1187.1,9,,0
https://www.racenet.com.au/form-guide/horse-racing/laurel-park-us-20260928/race-5-maiden-claiming-race-5/overview,Laurel Park,2026-09-28,Laurel Park,"{'eventId': '3438945', 'overall': 'Soft', 'rating': None, 'surface': 'Dirt', '__typename': 'TrackCondition'}",5,Race 5 - Maiden Claiming,1408,"2YO, Fillies, Maiden, Claiming",42699,9,True,RESULTED,9,9,Ashley H,2,Filly,b,Mitole,Awesome Ashley,RESULTED,55.25,,Jeiron Barbosa,Anthony Farrior,2:0-0-1,0,50,-100,3,6.5,24,21,,,,,,,6.5,,15,8,1.01,5.5,444.6,4,,0
https://www.racenet.com.au/form-guide/horse-racing/laurel-park-us-20260928/race-6-allowance-optional-claiming-race-6/overview,Laurel Park,2026-09-28,Laurel Park,"{'eventId': '3438946', 'overall': 'Soft', 'rating': None, 'surface': 'Turf', '__typename': 'TrackCondition'}",6,Race 6 - Allowance Optional Claiming,1106,"3YO+, Allowance",75435,3,True,RESULTED,6,5,Jessica's Eyes,3,Gelding,dk b/br,Mosler,Miracle Mischief,RESULTED,55.25,,Xavier Perez,John J. Robb,9:3-1-0,33,44,264,1,3.25,23,25,,,,,,tcdn,11.0,,11,16,1.01,6,494.1,2,,0
https://www.racenet.com.au/form-guide/horse-racing/laurel-park-us-20260928/race-6-allowance-optional-claiming-race-6/overview,Laurel Park,2026-09-28,Laurel Park,"{'eventId': '3438946', 'overall': 'Soft', 'rating': None, 'surface': 'Turf', '__typename': 'TrackCondition'}",6,Race 6 - Allowance Optional Claiming,1106,"3YO+, Allowance",75435,3,True,RESULTED,7,7,Twisted Filigree,5,Gelding,b,Distorted Humor,Saturn Lace,RESULTED,55.75,,Vincent Cheminaud,Horacio De Paz,19:3-4-3,16,53,-43,5,4.5,19,35,,,,,,dn,5.0,,11,20,1.01,3.5,246.5,3,,0
https://www.racenet.com.au/form-guide/horse-racing/laurel-park-us-20260928/race-6-allowance-optional-claiming-race-6/overview,Laurel Park,2026-09-28,Laurel Park,"{'eventId': '3438946', 'overall': 'Soft', 'rating': None, 'surface': 'Turf', '__typename': 'TrackCondition'}",6,Race 6 - Allowance Optional Claiming,1106,"3YO+, Allowance",75435,3,True,RESULTED,10,8,Mizner,3,Gelding,gr/ro,Munnings,Welcoming,RESULTED,54,,Mychel J. Sanchez,Brittany T. Russell,5:2-0-1,40,60,-15,4,7.5,32,77,,,,,,tcdn,1.2,,11,19,1.01,1.15,13.9,1,,1
https://www.racenet.com.au/form-guide/horse-racing/laurel-park-us-20260928/race-6-allowance-optional-claiming-race-6/overview,Laurel Park,2026-09-28,Laurel Park,"{'eventId': '3438946', 'overall': 'Soft', 'rating': None, 'surface': 'Turf', '__typename': 'TrackCondition'}",6,Race 6 - Allowance Optional Claiming,1106,"3YO+, Allowance",75435,3,True,SCRATCHED,1,6,Petcoff,6,Gelding,dk b/br,Munnings,Mylitta,SCRATCHED,57.25,,Sheldon Russell,Brittany T. Russell,24:6-3-4,25,54,35,1,5.5,30,49,,,,,,dn,1.01,,5,0,,,,-1,,0
https://www.racenet.com.au/form-guide/horse-racing/laurel-park-us-20260928/race-6-allowance-optional-claiming-race-6/overview,Laurel Park,2026-09-28,Laurel Park,"{'eventId': '3438946', 'overall': 'Soft', 'rating': None, 'surface': 'Turf', '__typename': 'TrackCondition'}",6,Race 6 - Allowance Optional Claiming,1106,"3YO+, Allowance",75435,3,True,SCRATCHED,2,1,Normandy Hero,5,Stallion,dk b/br,Omaha Beach,Swan Of The Nile,SCRATCHED,57.25,,Mychel J. Sanchez,Jamie Ness,33:8-4-9,24,64,-7,4,3,21,22,,,,,,tcdbn,1.01,,5,0,,,,-1,,0
https://www.racenet.com.au/form-guide/horse-racing/laurel-park-us-20260928/race-6-allowance-optional-claiming-race-6/overview,Laurel Park,2026-09-28,Laurel Park,"{'eventId': '3438946', 'overall': 'Soft', 'rating': None, 'surface': 'Turf', '__typename': 'TrackCondition'}",6,Race 6 - Allowance Optional Claiming,1106,"3YO+, Allowance",75435,3,True,SCRATCHED,3,2,War Humor,4,Gelding,b,Mosler,Holywood Humor,SCRATCHED,55.75,,Jose E. Vargas,W. Robert Bailes,20:4-3-4,20,55,36,3,7,16,78,,,,,,tcdn,15.0,,7,1,1.01,1.01,0.0,-1,,0
https://www.racenet.com.au/form-guide/horse-racing/laurel-park-us-20260928/race-6-allowance-optional-claiming-race-6/overview,Laurel Park,2026-09-28,Laurel Park,"{'eventId': '3438946', 'overall': 'Soft', 'rating': None, 'surface': 'Turf', '__typename': 'TrackCondition'}",6,Race 6 - Allowance Optional Claiming,1106,"3YO+, Allowance",75435,3,True,SCRATCHED,4,3,Neonate,4,Gelding,gr/ro,Neolithic,Imperial Secret,SCRATCHED,57.25,,Jaime Rodriguez,Steve Klesaris,9:2-1-1,22,44,189,1,9,29,59,,,,,,dn,1.01,,4,0,,,,-1,,0
https://www.racenet.com.au/form-guide/horse-racing/laurel-park-us-20260928/race-6-allowance-optional-claiming-race-6/overview,Laurel Park,2026-09-28,Laurel Park,"{'eventId': '3438946', 'overall': 'Soft', 'rating': None, 'surface': 'Turf', '__typename': 'TrackCondition'}",6,Race 6 - Allowance Optional Claiming,1106,"3YO+, Allowance",75435,3,True,SCRATCHED,5,4,Knockanara,5,Gelding,ch,Gun Runner,Queen Del Valle,SCRATCHED,57.25,,Jeiron Barbosa,Sarah Nagle,14:4-2-3,29,64,2,3,4,0,38,,,,,,tcdbn,1.01,,5,0,,,,-1,,0
https://www.racenet.com.au/form-guide/horse-racing/laurel-park-us-20260928/race-6-allowance-optional-claiming-race-6/overview,Laurel Park,2026-09-28,Laurel Park,"{'eventId': '3438946', 'overall': 'Soft', 'rating': None, 'surface': 'Turf', '__typename': 'TrackCondition'}",6,Race 6 - Allowance Optional Claiming,1106,"3YO+, Allowance",75435,3,True,SCRATCHED,8,9,Antisocial,4,Colt,dk b/br,Not This Time,Sociable,SCRATCHED,55.75,,Jorge Ruiz,"Jorge Duarte, Jr.",12:2-1-4,17,58,-26,5,5.5,18,49,,,,,,n,1.01,,5,0,,,,-1,,0
https://www.racenet.com.au/form-guide/horse-racing/laurel-park-us-20260928/race-6-allowance-optional-claiming-race-6/overview,Laurel Park,2026-09-28,Laurel Park,"{'eventId': '3438946', 'overall': 'Soft', 'rating': None, 'surface': 'Turf', '__typename': 'TrackCondition'}",6,Race 6 - Allowance Optional Claiming,1106,"3YO+, Allowance",75435,3,True,SCRATCHED,9,10,Firmantown,4,Colt,b,War Front,No Sweat,SCRATCHED,57.25,,Angel Cruz,Carlos A. Mancilla,18:4-5-1,22,56,30,1,13,18,38,,,,,,tdn,1.01,,5,0,,,,-1,,0
